ISO-10303-21;
HEADER;
FILE_DESCRIPTION((''),'2;1');
FILE_NAME('_7604126402-0001','2019-06-18T18:04:45',('Administrator'),(''),
'CREO PARAMETRIC BY PTC INC, 2018050','CREO PARAMETRIC BY PTC INC, 2018050','');
FILE_SCHEMA(('CONFIG_CONTROL_DESIGN'));
ENDSEC;
DATA;
#1=CARTESIAN_POINT('',(-1.284999959970E2,7.700000005170E1,-8.999999955812E0));
#2=CARTESIAN_POINT('',(-1.284999952774E2,7.966667196128E1,-6.499994995098E0));
#3=CARTESIAN_POINT('',(-1.284999798808E2,8.099783006055E1,-3.833047040556E0));
#4=CARTESIAN_POINT('',(-1.284999798802E2,8.100000673336E1,-9.999801752458E-1));
#6=CARTESIAN_POINT('',(-1.284999959970E2,7.700000005170E1,-8.999999955812E0));
#7=CARTESIAN_POINT('',(-1.292498599253E2,7.700000026550E1,-8.999999955812E0));
#8=CARTESIAN_POINT('',(-1.306560148706E2,7.691025654187E1,-8.999999843621E0));
#9=CARTESIAN_POINT('',(-1.321009253483E2,7.660305231988E1,-8.999999884301E0));
#10=CARTESIAN_POINT('',(-1.330347048635E2,7.626123715839E1,-8.999999878949E0));
#11=CARTESIAN_POINT('',(-1.336414740598E2,7.596338226507E1,-8.999999880071E0));
#12=CARTESIAN_POINT('',(-1.341622700355E2,7.562569377233E1,-8.999999879593E0));
#13=CARTESIAN_POINT('',(-1.346008639635E2,7.525680308718E1,-8.999999880382E0));
#14=CARTESIAN_POINT('',(-1.349862274276E2,7.484232824366E1,-8.999999877710E0));
#15=CARTESIAN_POINT('',(-1.354557541051E2,7.418245498585E1,-8.999999890914E0));
#16=CARTESIAN_POINT('',(-1.359553254359E2,7.312042137712E1,-8.999999790302E0));
#17=CARTESIAN_POINT('',(-1.363897447946E2,7.133921298976E1,-9.000000206583E0));
#18=CARTESIAN_POINT('',(-1.365000027044E2,6.983224608065E1,-8.999999176992E0));
#19=CARTESIAN_POINT('',(-1.365000027102E2,6.900000010300E1,-8.999999176992E0));
#21=CARTESIAN_POINT('',(-1.365000159714E2,-3.694596669367E1,-9.000008750323E0));
#22=CARTESIAN_POINT('',(-1.365000185896E2,-3.704487452621E1,-9.000008750323E0));
#23=CARTESIAN_POINT('',(-1.365092994354E2,-3.723175281141E1,-8.999995938988E0));
#24=CARTESIAN_POINT('',(-1.365538536460E2,-3.748272610811E1,-9.000001088056E0));
#25=CARTESIAN_POINT('',(-1.366306628987E2,-3.769396526521E1,-8.999999708789E0));
#26=CARTESIAN_POINT('',(-1.367362997682E2,-3.785900035209E1,-9.000000076790E0));
#27=CARTESIAN_POINT('',(-1.368665323860E2,-3.798068850479E1,-8.999999984053E0));
#28=CARTESIAN_POINT('',(-1.370277406119E2,-3.806565070229E1,-8.999999986999E0));
#29=CARTESIAN_POINT('',(-1.372161664110E2,-3.811076805863E1,-9.000000067950E0));
#30=CARTESIAN_POINT('',(-1.373667032399E2,-3.811423213962E1,-8.999999850118E0));
#31=CARTESIAN_POINT('',(-1.374475841699E2,-3.810847677715E1,-8.999999850118E0));
#33=CARTESIAN_POINT('',(-1.405E2,-8.1E1,-9.E0));
#34=DIRECTION('',(0.E0,0.E0,1.E0));
#35=DIRECTION('',(7.098630773572E-2,9.974772900242E-1,0.E0));
#36=AXIS2_PLACEMENT_3D('',#33,#34,#35);
#38=CARTESIAN_POINT('',(-1.405E2,-8.1E1,-9.E0));
#39=DIRECTION('',(0.E0,0.E0,1.E0));
#40=DIRECTION('',(-9.999999992928E-1,3.760922731536E-5,0.E0));
#41=AXIS2_PLACEMENT_3D('',#38,#39,#40);
#43=CARTESIAN_POINT('',(-1.405E2,-8.1E1,-9.E0));
#44=DIRECTION('',(0.E0,0.E0,1.E0));
#45=DIRECTION('',(9.999999995244E-1,-3.084211985769E-5,0.E0));
#46=AXIS2_PLACEMENT_3D('',#43,#44,#45);
#48=CARTESIAN_POINT('',(1.284999218581E2,-7.700000602760E1,-8.999998244747E0));
#49=CARTESIAN_POINT('',(1.292497987941E2,-7.700000762457E1,-8.999998244747E0));
#50=CARTESIAN_POINT('',(1.306560247783E2,-7.691025592490E1,-9.000000344724E0));
#51=CARTESIAN_POINT('',(1.321009230761E2,-7.660305287912E1,-8.999999583434E0));
#52=CARTESIAN_POINT('',(1.330347053911E2,-7.626123730350E1,-8.999999683310E0));
#53=CARTESIAN_POINT('',(1.336414740535E2,-7.596338248012E1,-8.999999663225E0));
#54=CARTESIAN_POINT('',(1.341622702006E2,-7.562569395113E1,-8.999999668659E0));
#55=CARTESIAN_POINT('',(1.346008641138E2,-7.525680325302E1,-8.999999667009E0));
#56=CARTESIAN_POINT('',(1.349862275981E2,-7.484232838678E1,-8.999999668174E0));
#57=CARTESIAN_POINT('',(1.354557543462E2,-7.418245509467E1,-8.999999664159E0));
#58=CARTESIAN_POINT('',(1.359553252981E2,-7.312042147454E1,-8.999999693867E0));
#59=CARTESIAN_POINT('',(1.363897463131E2,-7.133921293907E1,-8.999999571185E0));
#60=CARTESIAN_POINT('',(1.365000001426E2,-6.983224631477E1,-8.999999874573E0));
#61=CARTESIAN_POINT('',(1.365000001504E2,-6.900000034398E1,-8.999999874573E0));
#63=CARTESIAN_POINT('',(1.365000000325E2,6.899999402632E1,-8.999999985064E0));
#64=CARTESIAN_POINT('',(1.365000002823E2,6.974985828844E1,-8.999999985064E0));
#65=CARTESIAN_POINT('',(1.364102564132E2,7.115601513103E1,-9.000000005563E0));
#66=CARTESIAN_POINT('',(1.361030522032E2,7.260092525215E1,-8.999999998131E0));
#67=CARTESIAN_POINT('',(1.357612370399E2,7.353470482571E1,-8.999999999107E0));
#68=CARTESIAN_POINT('',(1.354633821544E2,7.414147399427E1,-8.999999998912E0));
#69=CARTESIAN_POINT('',(1.351256936695E2,7.466226996054E1,-8.999999998964E0));
#70=CARTESIAN_POINT('',(1.347568029949E2,7.510086387743E1,-8.999999998949E0));
#71=CARTESIAN_POINT('',(1.343423281635E2,7.548622732095E1,-8.999999998952E0));
#72=CARTESIAN_POINT('',(1.336824549234E2,7.595575403460E1,-8.999999998945E0));
#73=CARTESIAN_POINT('',(1.326204213359E2,7.645532498573E1,-8.999999999005E0));
#74=CARTESIAN_POINT('',(1.308392129756E2,7.688974586844E1,-8.999999998757E0));
#75=CARTESIAN_POINT('',(1.293322460722E2,7.699999999490E1,-8.999999999401E0));
#76=CARTESIAN_POINT('',(1.285000001019E2,7.700000000097E1,-8.999999999391E0));
#78=DIRECTION('',(-7.071067813407E-1,7.071067810324E-1,0.E0));
#79=VECTOR('',#78,1.414213563206E0);
#80=CARTESIAN_POINT('',(1.093000000111E2,-6.739958448293E1,-9.E0));
#81=LINE('',#80,#79);
#82=DIRECTION('',(-7.071067813404E-1,-7.071067810327E-1,0.E0));
#83=VECTOR('',#82,1.414213563197E0);
#84=CARTESIAN_POINT('',(1.213000000103E2,-6.639958448256E1,-9.E0));
#85=LINE('',#84,#83);
#86=DIRECTION('',(-1.E0,-5.736017722247E-13,0.E0));
#87=VECTOR('',#86,1.099999999839E1);
#88=CARTESIAN_POINT('',(1.203000000095E2,-6.739958448292E1,-9.E0));
#89=LINE('',#88,#87);
#90=CARTESIAN_POINT('',(-1.1692E2,4.98E1,-9.E0));
#91=DIRECTION('',(0.E0,0.E0,-1.E0));
#92=DIRECTION('',(-1.E0,0.E0,0.E0));
#93=AXIS2_PLACEMENT_3D('',#90,#91,#92);
#95=CARTESIAN_POINT('',(-1.1692E2,4.98E1,-9.E0));
#96=DIRECTION('',(0.E0,0.E0,-1.E0));
#97=DIRECTION('',(1.E0,0.E0,0.E0));
#98=AXIS2_PLACEMENT_3D('',#95,#96,#97);
#100=CARTESIAN_POINT('',(-1.599366164655E2,-1.161888894450E2,-9.E0));
#101=CARTESIAN_POINT('',(-1.600102650660E2,-1.161482095707E2,-9.E0));
#102=CARTESIAN_POINT('',(-1.601217680253E2,-1.160422219271E2,-9.E0));
#103=CARTESIAN_POINT('',(-1.602092918711E2,-1.158226806753E2,-9.E0));
#104=CARTESIAN_POINT('',(-1.601817968810E2,-1.155857713243E2,-9.E0));
#105=CARTESIAN_POINT('',(-1.601132538738E2,-1.154577427168E2,-9.E0));
#106=CARTESIAN_POINT('',(-1.600401742514E2,-1.153853404962E2,-9.E0));
#108=CARTESIAN_POINT('',(-1.405E2,-8.1E1,-9.E0));
#109=DIRECTION('',(0.E0,0.E0,-1.E0));
#110=DIRECTION('',(-4.943604676280E-1,-8.692569976978E-1,0.E0));
#111=AXIS2_PLACEMENT_3D('',#108,#109,#110);
#113=CARTESIAN_POINT('',(-1.748849622278E2,-1.005379714543E2,-9.E0));
#114=CARTESIAN_POINT('',(-1.749515852241E2,-1.006070260027E2,-9.E0));
#115=CARTESIAN_POINT('',(-1.750819538825E2,-1.006818766730E2,-9.E0));
#116=CARTESIAN_POINT('',(-1.753193584079E2,-1.007095892443E2,-9.E0));
#117=CARTESIAN_POINT('',(-1.755410479250E2,-1.006229690451E2,-9.E0));
#118=CARTESIAN_POINT('',(-1.756479001490E2,-1.005108252563E2,-9.E0));
#119=CARTESIAN_POINT('',(-1.756888894449E2,-1.004366164657E2,-9.E0));
#121=CARTESIAN_POINT('',(-1.405E2,-8.1E1,-9.E0));
#122=DIRECTION('',(0.E0,0.E0,-1.E0));
#123=DIRECTION('',(-8.753455085780E-1,-4.834979220351E-1,0.E0));
#124=AXIS2_PLACEMENT_3D('',#121,#122,#123);
#126=CARTESIAN_POINT('',(-1.756888894450E2,-6.156338353446E1,-9.E0));
#127=CARTESIAN_POINT('',(-1.756479001490E2,-6.148917474375E1,-9.E0));
#128=CARTESIAN_POINT('',(-1.755410897620E2,-6.137690880509E1,-9.E0));
#129=CARTESIAN_POINT('',(-1.753192119786E2,-6.129083828067E1,-9.E0));
#130=CARTESIAN_POINT('',(-1.750824977627E2,-6.131653537734E1,-9.E0));
#131=CARTESIAN_POINT('',(-1.749504137899E2,-6.139639419683E1,-9.E0));
#132=CARTESIAN_POINT('',(-1.748904782274E2,-6.145851723885E1,-9.E0));
#134=DIRECTION('',(6.961883761773E-1,-7.178591399958E-1,3.117430102475E-14));
#135=VECTOR('',#134,5.698144885397E-2);
#136=CARTESIAN_POINT('',(-1.748904782274E2,-6.145851723885E1,-9.E0));
#137=LINE('',#136,#135);
#138=CARTESIAN_POINT('',(-1.405E2,-8.1E1,-9.E0));
#139=DIRECTION('',(0.E0,0.E0,-1.E0));
#140=DIRECTION('',(-8.696498666941E-1,4.936690281544E-1,0.E0));
#141=AXIS2_PLACEMENT_3D('',#138,#139,#140);
#143=CARTESIAN_POINT('',(-1.600403083300E2,-4.661444381228E1,-9.E0));
#144=CARTESIAN_POINT('',(-1.601131210516E2,-4.654230601839E1,-9.E0));
#145=CARTESIAN_POINT('',(-1.601818585486E2,-4.641420604869E1,-9.E0));
#146=CARTESIAN_POINT('',(-1.602092752684E2,-4.617732541662E1,-9.E0));
#147=CARTESIAN_POINT('',(-1.601217727691E2,-4.595777633241E1,-9.E0));
#148=CARTESIAN_POINT('',(-1.600102650660E2,-4.585179042936E1,-9.E0));
#149=CARTESIAN_POINT('',(-1.599366164656E2,-4.581111055505E1,-9.E0));
#151=CARTESIAN_POINT('',(-1.405E2,-8.1E1,-9.E0));
#152=DIRECTION('',(0.E0,0.E0,-1.E0));
#153=DIRECTION('',(-4.834979220307E-1,8.753455085805E-1,0.E0));
#154=AXIS2_PLACEMENT_3D('',#151,#152,#153);
#156=CARTESIAN_POINT('',(-1.210633835345E2,-4.581111055499E1,-9.E0));
#157=CARTESIAN_POINT('',(-1.209897349341E2,-4.585179042932E1,-9.E0));
#158=CARTESIAN_POINT('',(-1.208782189397E2,-4.595776010607E1,-9.E0));
#159=CARTESIAN_POINT('',(-1.207907537515E2,-4.617738220858E1,-9.E0));
#160=CARTESIAN_POINT('',(-1.208180336637E2,-4.641399510693E1,-9.E0));
#161=CARTESIAN_POINT('',(-1.208871111069E2,-4.654276035439E1,-9.E0));
#162=CARTESIAN_POINT('',(-1.209602707227E2,-4.661510725195E1,-9.E0));
#164=CARTESIAN_POINT('',(-1.405E2,-8.1E1,-9.E0));
#165=DIRECTION('',(0.E0,0.E0,-1.E0));
#166=DIRECTION('',(4.943599554843E-1,8.692572889620E-1,0.E0));
#167=AXIS2_PLACEMENT_3D('',#164,#165,#166);
#169=CARTESIAN_POINT('',(-1.061150491027E2,-6.146203575834E1,-9.E0));
#170=CARTESIAN_POINT('',(-1.060484123440E2,-6.139296694525E1,-9.E0));
#171=CARTESIAN_POINT('',(-1.059180472466E2,-6.131812660125E1,-9.E0));
#172=CARTESIAN_POINT('',(-1.056806412882E2,-6.129040987418E1,-9.E0));
#173=CARTESIAN_POINT('',(-1.054589521619E2,-6.137703120678E1,-9.E0));
#174=CARTESIAN_POINT('',(-1.053520998510E2,-6.148917474368E1,-9.E0));
#175=CARTESIAN_POINT('',(-1.053111105551E2,-6.156338353434E1,-9.E0));
#177=CARTESIAN_POINT('',(-1.405E2,-8.1E1,-9.E0));
#178=DIRECTION('',(0.E0,0.E0,-1.E0));
#179=DIRECTION('',(8.753455085784E-1,4.834979220344E-1,0.E0));
#180=AXIS2_PLACEMENT_3D('',#177,#178,#179);
#182=CARTESIAN_POINT('',(-1.053111105550E2,-1.004366164655E2,-9.E0));
#183=CARTESIAN_POINT('',(-1.053520998509E2,-1.005108252562E2,-9.E0));
#184=CARTESIAN_POINT('',(-1.054589102380E2,-1.006230911948E2,-9.E0));
#185=CARTESIAN_POINT('',(-1.056807880213E2,-1.007091617193E2,-9.E0));
#186=CARTESIAN_POINT('',(-1.059175022372E2,-1.006834646226E2,-9.E0));
#187=CARTESIAN_POINT('',(-1.060495862101E2,-1.006036058032E2,-9.E0));
#188=CARTESIAN_POINT('',(-1.061095217726E2,-1.005414827611E2,-9.E0));
#190=DIRECTION('',(-6.961883764926E-1,7.178591396901E-1,3.117430104350E-14));
#191=VECTOR('',#190,5.698144881970E-2);
#192=CARTESIAN_POINT('',(-1.061095217726E2,-1.005414827611E2,-9.E0));
#193=LINE('',#192,#191);
#194=CARTESIAN_POINT('',(-1.405E2,-8.1E1,-9.E0));
#195=DIRECTION('',(0.E0,0.E0,-1.E0));
#196=DIRECTION('',(8.696498666937E-1,-4.936690281551E-1,0.E0));
#197=AXIS2_PLACEMENT_3D('',#194,#195,#196);
#199=CARTESIAN_POINT('',(-1.209596916700E2,-1.153855561877E2,-9.E0));
#200=CARTESIAN_POINT('',(-1.208868789484E2,-1.154576939816E2,-9.E0));
#201=CARTESIAN_POINT('',(-1.208181414515E2,-1.155857939513E2,-9.E0));
#202=CARTESIAN_POINT('',(-1.207907247316E2,-1.158226745833E2,-9.E0));
#203=CARTESIAN_POINT('',(-1.208782272309E2,-1.160422236675E2,-9.E0));
#204=CARTESIAN_POINT('',(-1.209897349339E2,-1.161482095706E2,-9.E0));
#205=CARTESIAN_POINT('',(-1.210633835343E2,-1.161888894449E2,-9.E0));
#207=CARTESIAN_POINT('',(-1.405E2,-8.1E1,-9.E0));
#208=DIRECTION('',(0.E0,0.E0,-1.E0));
#209=DIRECTION('',(4.834979220351E-1,-8.753455085780E-1,0.E0));
#210=AXIS2_PLACEMENT_3D('',#207,#208,#209);
#212=CARTESIAN_POINT('',(-1.037999999897E2,1.51E1,-9.E0));
#213=DIRECTION('',(0.E0,0.E0,-1.E0));
#214=DIRECTION('',(-6.536993168993E-13,1.E0,0.E0));
#215=AXIS2_PLACEMENT_3D('',#212,#213,#214);
#217=DIRECTION('',(0.E0,1.E0,0.E0));
#218=VECTOR('',#217,1.9E0);
#219=CARTESIAN_POINT('',(-7.829999998973E1,1.26E1,-9.E0));
#220=LINE('',#219,#218);
#221=DIRECTION('',(-1.E0,0.E0,0.E0));
#222=VECTOR('',#221,1.781000001027E1);
#223=CARTESIAN_POINT('',(-7.829999998973E1,1.26E1,-9.E0));
#224=LINE('',#223,#222);
#225=CARTESIAN_POINT('',(-9.661E1,-4.59E1,-9.E0));
#226=DIRECTION('',(0.E0,0.E0,-1.E0));
#227=DIRECTION('',(1.E0,0.E0,0.E0));
#228=AXIS2_PLACEMENT_3D('',#225,#226,#227);
#230=DIRECTION('',(-1.E0,0.E0,0.E0));
#231=VECTOR('',#230,1.218999998170E1);
#232=CARTESIAN_POINT('',(-9.661E1,-4.64E1,-9.E0));
#233=LINE('',#232,#231);
#234=CARTESIAN_POINT('',(-1.087999999897E2,-4.59E1,-9.E0));
#235=DIRECTION('',(0.E0,0.E0,-1.E0));
#236=DIRECTION('',(0.E0,-1.E0,0.E0));
#237=AXIS2_PLACEMENT_3D('',#234,#235,#236);
#239=DIRECTION('',(0.E0,1.E0,0.E0));
#240=VECTOR('',#239,1.999999998775E0);
#241=CARTESIAN_POINT('',(-1.092999999897E2,-4.589999999878E1,-9.E0));
#242=LINE('',#241,#240);
#243=CARTESIAN_POINT('',(-1.087999999897E2,-4.39E1,-9.E0));
#244=DIRECTION('',(0.E0,0.E0,-1.E0));
#245=DIRECTION('',(-1.E0,0.E0,0.E0));
#246=AXIS2_PLACEMENT_3D('',#243,#244,#245);
#248=DIRECTION('',(-7.071067808720E-1,7.071067815011E-1,0.E0));
#249=VECTOR('',#248,1.414213562589E0);
#250=CARTESIAN_POINT('',(-1.081999999904E2,-4.339999999976E1,-9.E0));
#251=LINE('',#250,#249);
#252=DIRECTION('',(5.795799570308E-14,1.E0,0.E0));
#253=VECTOR('',#252,5.099999999836E1);
#254=CARTESIAN_POINT('',(-1.091999999901E2,-4.239999999916E1,-9.E0));
#255=LINE('',#254,#253);
#256=DIRECTION('',(7.071067807222E-1,7.071067816508E-1,0.E0));
#257=VECTOR('',#256,1.414213561899E0);
#258=CARTESIAN_POINT('',(-1.091999999901E2,8.599999999193E0,-9.E0));
#259=LINE('',#258,#257);
#260=CARTESIAN_POINT('',(-1.087999999897E2,1.01E1,-9.E0));
#261=DIRECTION('',(0.E0,0.E0,-1.E0));
#262=DIRECTION('',(8.125823569571E-9,-1.E0,0.E0));
#263=AXIS2_PLACEMENT_3D('',#260,#261,#262);
#265=DIRECTION('',(0.E0,1.E0,0.E0));
#266=VECTOR('',#265,3.199999996411E0);
#267=CARTESIAN_POINT('',(-1.092999999897E2,1.009999999924E1,-9.E0));
#268=LINE('',#267,#266);
#269=CARTESIAN_POINT('',(-1.069999999897E2,1.33E1,-9.E0));
#270=DIRECTION('',(0.E0,0.E0,-1.E0));
#271=DIRECTION('',(-1.E0,2.340157053645E-13,0.E0));
#272=AXIS2_PLACEMENT_3D('',#269,#270,#271);
#274=DIRECTION('',(1.E0,0.E0,0.E0));
#275=VECTOR('',#274,3.200000006647E0);
#276=CARTESIAN_POINT('',(-1.069999999963E2,1.56E1,-9.E0));
#277=LINE('',#276,#275);
#278=DIRECTION('',(1.E0,0.E0,0.E0));
#279=VECTOR('',#278,1.9E0);
#280=CARTESIAN_POINT('',(-6.619999998973E1,2.66E1,-9.E0));
#281=LINE('',#280,#279);
#282=DIRECTION('',(0.E0,1.E0,0.E0));
#283=VECTOR('',#282,2.67E1);
#284=CARTESIAN_POINT('',(-6.719999998973E1,2.76E1,-9.E0));
#285=LINE('',#284,#283);
#286=DIRECTION('',(-1.E0,0.E0,0.E0));
#287=VECTOR('',#286,1.9E0);
#288=CARTESIAN_POINT('',(-6.429999998973E1,5.53E1,-9.E0));
#289=LINE('',#288,#287);
#290=DIRECTION('',(0.E0,-1.E0,0.E0));
#291=VECTOR('',#290,1.9E0);
#292=CARTESIAN_POINT('',(-5.629999998973E1,6.52E1,-9.E0));
#293=LINE('',#292,#291);
#294=DIRECTION('',(1.E0,1.946628128252E-12,0.E0));
#295=VECTOR('',#294,1.755999999992E2);
#296=CARTESIAN_POINT('',(-5.529999998973E1,6.62E1,-9.E0));
#297=LINE('',#296,#295);
#298=DIRECTION('',(7.071067813406E-1,-7.071067810325E-1,0.E0));
#299=VECTOR('',#298,1.414213563207E0);
#300=CARTESIAN_POINT('',(1.203000000095E2,6.620000000034E1,-9.E0));
#301=LINE('',#300,#299);
#302=DIRECTION('',(0.E0,-1.E0,0.E0));
#303=VECTOR('',#302,1.097995844826E2);
#304=CARTESIAN_POINT('',(1.272000000103E2,5.43E1,-9.E0));
#305=LINE('',#304,#303);
#306=DIRECTION('',(1.E0,0.E0,0.E0));
#307=VECTOR('',#306,1.9E0);
#308=CARTESIAN_POINT('',(1.243000000103E2,-5.649958448259E1,-9.E0));
#309=LINE('',#308,#307);
#310=DIRECTION('',(-1.E0,0.E0,0.E0));
#311=VECTOR('',#310,1.9E0);
#312=CARTESIAN_POINT('',(1.262000000103E2,5.53E1,-9.E0));
#313=LINE('',#312,#311);
#314=DIRECTION('',(0.E0,-1.E0,0.E0));
#315=VECTOR('',#314,1.819999999999E1);
#316=CARTESIAN_POINT('',(1.08E2,-4.849958448259E1,-9.E0));
#317=LINE('',#316,#315);
#318=DIRECTION('',(-1.E0,0.E0,0.E0));
#319=VECTOR('',#318,8.7E1);
#320=CARTESIAN_POINT('',(1.07E2,-6.769958448258E1,-9.E0));
#321=LINE('',#320,#319);
#322=DIRECTION('',(0.E0,1.E0,0.E0));
#323=VECTOR('',#322,1.819999999999E1);
#324=CARTESIAN_POINT('',(1.9E1,-6.669958448258E1,-9.E0));
#325=LINE('',#324,#323);
#326=DIRECTION('',(1.E0,0.E0,0.E0));
#327=VECTOR('',#326,8.3E1);
#328=CARTESIAN_POINT('',(2.2E1,-4.549958448259E1,-9.E0));
#329=LINE('',#328,#327);
#330=DIRECTION('',(0.E0,-1.E0,0.E0));
#331=VECTOR('',#330,2.1E1);
#332=CARTESIAN_POINT('',(-1.25E0,-4.249958448259E1,-9.E0));
#333=LINE('',#332,#331);
#334=DIRECTION('',(1.E0,0.E0,0.E0));
#335=VECTOR('',#334,1.405E1);
#336=CARTESIAN_POINT('',(-2.25E0,-6.449958448259E1,-9.E0));
#337=LINE('',#336,#335);
#338=DIRECTION('',(-7.071067813485E-1,-7.071067810246E-1,0.E0));
#339=VECTOR('',#338,1.414213563137E0);
#340=CARTESIAN_POINT('',(1.18E1,-6.639958448259E1,-9.E0));
#341=LINE('',#340,#339);
#342=DIRECTION('',(-1.E0,8.589672183519E-13,0.E0));
#343=VECTOR('',#342,9.899999999875E1);
#344=CARTESIAN_POINT('',(1.079999999923E1,-6.739958448290E1,-9.E0));
#345=LINE('',#344,#343);
#346=DIRECTION('',(-7.071067813483E-1,7.071067810248E-1,0.E0));
#347=VECTOR('',#346,1.414213562538E0);
#348=CARTESIAN_POINT('',(-8.819999999952E1,-6.739958448282E1,-9.E0));
#349=LINE('',#348,#347);
#350=DIRECTION('',(1.E0,0.E0,0.E0));
#351=VECTOR('',#350,1.894999999999E1);
#352=CARTESIAN_POINT('',(-8.919999999999E1,-6.449958448259E1,-9.E0));
#353=LINE('',#352,#351);
#354=DIRECTION('',(0.E0,1.E0,0.E0));
#355=VECTOR('',#354,2.1E1);
#356=CARTESIAN_POINT('',(-7.125E1,-6.349958448259E1,-9.E0));
#357=LINE('',#356,#355);
#358=DIRECTION('',(1.E0,0.E0,0.E0));
#359=VECTOR('',#358,6.4E1);
#360=CARTESIAN_POINT('',(-6.825E1,-3.949958448259E1,-9.E0));
#361=LINE('',#360,#359);
#362=CARTESIAN_POINT('',(0.E0,7.700000000711E1,-8.999999995617E0));
#363=CARTESIAN_POINT('',(0.E0,7.966666974288E1,-6.499997113669E0));
#364=CARTESIAN_POINT('',(0.E0,8.100000256484E1,-3.833332908197E0));
#365=CARTESIAN_POINT('',(0.E0,8.099999948694E1,-9.999959245423E-1));
#367=DIRECTION('',(-1.E0,5.639233214210E-8,1.225626375609E-7));
#368=VECTOR('',#367,1.284999798802E2);
#369=CARTESIAN_POINT('',(0.E0,8.099999948694E1,-9.999959245423E-1));
#370=LINE('',#369,#368);
#371=DIRECTION('',(1.E0,-3.470114990961E-10,-3.097678198419E-10));
#372=VECTOR('',#371,1.284999959970E2);
#373=CARTESIAN_POINT('',(-1.284999959970E2,7.700000005170E1,-8.999999955812E0));
#374=LINE('',#373,#372);
#375=DIRECTION('',(1.E0,-4.772845495930E-11,-2.936862510473E-11));
#376=VECTOR('',#375,1.285000001019E2);
#377=CARTESIAN_POINT('',(0.E0,7.700000000711E1,-8.999999995617E0));
#378=LINE('',#377,#376);
#379=CARTESIAN_POINT('',(1.285000001019E2,7.700000000097E1,-8.999999999391E0));
#380=CARTESIAN_POINT('',(1.285000001019E2,7.966666708002E1,-6.499999612499E0));
#381=CARTESIAN_POINT('',(1.285000002778E2,8.099999929478E1,-3.833333093590E0));
#382=CARTESIAN_POINT('',(1.285000002778E2,8.099999888187E1,-9.999992702046E-1));
#384=DIRECTION('',(-1.E0,4.708766810293E-9,2.603628253233E-8));
#385=VECTOR('',#384,1.285000002778E2);
#386=CARTESIAN_POINT('',(1.285000002778E2,8.099999888187E1,-9.999992702046E-1));
#387=LINE('',#386,#385);
#388=CARTESIAN_POINT('',(1.365000000325E2,6.899999402632E1,-8.999999985064E0));
#389=CARTESIAN_POINT('',(1.391666819404E2,6.899999318550E1,-6.499985695988E0));
#390=CARTESIAN_POINT('',(1.404978547853E2,6.899999219858E1,-3.833022024781E0));
#391=CARTESIAN_POINT('',(1.405000215850E2,6.899999219790E1,-9.999433471884E-1));
#393=DIRECTION('',(8.541533433143E-10,-1.E0,8.006619076273E-10));
#394=VECTOR('',#393,1.379999943703E2);
#395=CARTESIAN_POINT('',(1.365000000325E2,6.899999402632E1,-8.999999985064E0));
#396=LINE('',#395,#394);
#397=CARTESIAN_POINT('',(1.365000001504E2,-6.900000034398E1,-8.999999874573E0));
#398=CARTESIAN_POINT('',(1.391666752225E2,-6.900000034398E1,-6.499991977851E0));
#399=CARTESIAN_POINT('',(1.405000057239E2,-6.900000029869E1,-3.833333931984E0));
#400=CARTESIAN_POINT('',(1.404999972874E2,-6.900000029869E1,
-9.999905966507E-1));
#402=DIRECTION('',(1.760696258127E-7,9.999999999999E-1,3.423874263964E-7));
#403=VECTOR('',#402,1.379999924966E2);
#404=CARTESIAN_POINT('',(1.404999972874E2,-6.900000029869E1,
-9.999905966507E-1));
#405=LINE('',#404,#403);
#406=CARTESIAN_POINT('',(1.284999218581E2,-7.700000602760E1,-8.999998244747E0));
#407=CARTESIAN_POINT('',(1.284999164833E2,-7.966667230534E1,-6.499998483536E0));
#408=CARTESIAN_POINT('',(1.284999683295E2,-8.099781756064E1,-3.833060449493E0));
#409=CARTESIAN_POINT('',(1.284999683251E2,-8.099999969166E1,-1.000000169942E0));
#411=CARTESIAN_POINT('',(1.284999683251E2,-8.099999969166E1,-1.000000169942E0));
#412=CARTESIAN_POINT('',(1.292088305887E2,-8.100000112049E1,-1.000011776914E0));
#413=CARTESIAN_POINT('',(1.305426439395E2,-8.093605072155E1,
-9.995138631906E-1));
#414=CARTESIAN_POINT('',(1.322782056034E2,-8.067535777787E1,
-9.996908267365E-1));
#415=CARTESIAN_POINT('',(1.337789273963E2,-8.027239923822E1,-1.000172207851E0));
#416=CARTESIAN_POINT('',(1.350564562705E2,-7.975132373674E1,
-9.994530670075E-1));
#417=CARTESIAN_POINT('',(1.361397392487E2,-7.913743009090E1,
-9.993287265265E-1));
#418=CARTESIAN_POINT('',(1.370758735528E2,-7.843073901460E1,-1.000266349758E0));
#419=CARTESIAN_POINT('',(1.378872189625E2,-7.762466323337E1,
-9.996133859953E-1));
#420=CARTESIAN_POINT('',(1.386018988755E2,-7.668656302429E1,
-9.963610027649E-1));
#421=CARTESIAN_POINT('',(1.392191806689E2,-7.560352073638E1,
-9.934152506113E-1));
#422=CARTESIAN_POINT('',(1.397454191478E2,-7.432727764229E1,
-9.925985097921E-1));
#423=CARTESIAN_POINT('',(1.401611224850E2,-7.281533840113E1,
-9.944983126290E-1));
#424=CARTESIAN_POINT('',(1.404330483234E2,-7.106055946307E1,
-9.981829634660E-1));
#425=CARTESIAN_POINT('',(1.404999972725E2,-6.971773991307E1,-1.000002013482E0));
#426=CARTESIAN_POINT('',(1.404999972874E2,-6.900000029869E1,
-9.999905966507E-1));
#428=DIRECTION('',(1.E0,2.798698871435E-8,-6.078149750621E-9));
#429=VECTOR('',#428,2.248064145086E2);
#430=CARTESIAN_POINT('',(-9.630644618347E1,-8.100000598331E1,
-9.999988035352E-1));
#431=LINE('',#430,#429);
#432=DIRECTION('',(-1.E0,-5.901182151862E-8,-3.908804226221E-8));
#433=VECTOR('',#432,2.249458882773E2);
#434=CARTESIAN_POINT('',(1.284999218581E2,-7.700000602760E1,-8.999998244747E0));
#435=LINE('',#434,#433);
#436=CARTESIAN_POINT('',(-9.644596641922E1,-7.700001930207E1,
-9.000007037441E0));
#437=CARTESIAN_POINT('',(-9.638399209905E1,-7.788951139546E1,
-8.166107578188E0));
#438=CARTESIAN_POINT('',(-9.629172551146E1,-7.938347969417E1,
-6.461510800526E0));
#439=CARTESIAN_POINT('',(-9.630310312523E1,-8.075079452334E1,
-3.663689046154E0));
#440=CARTESIAN_POINT('',(-9.630107667557E1,-8.099996686975E1,
-1.884404714423E0));
#441=CARTESIAN_POINT('',(-9.630644618347E1,-8.100000598331E1,
-9.999988035352E-1));
#443=DIRECTION('',(8.137356536539E-1,1.849003479626E-7,-5.812351382810E-1));
#444=VECTOR('',#443,1.615396770784E0);
#445=CARTESIAN_POINT('',(1.391854913402E2,-6.900000059737E1,
-6.106523120574E-2));
#446=LINE('',#445,#444);
#447=DIRECTION('',(1.599806354235E-5,8.137333539467E-1,5.812383576629E-1));
#448=VECTOR('',#447,1.615401025733E0);
#449=CARTESIAN_POINT('',(1.284999683251E2,-8.099999969166E1,-1.000000169942E0));
#450=LINE('',#449,#448);
#451=CARTESIAN_POINT('',(1.284999941684E2,-7.968549399702E1,
-6.106713077811E-2));
#452=CARTESIAN_POINT('',(1.299347523769E2,-7.968701876613E1,
-6.217297073818E-2));
#453=CARTESIAN_POINT('',(1.324552664249E2,-7.934900991172E1,
-6.284864070837E-2));
#454=CARTESIAN_POINT('',(1.342955906559E2,-7.875380906476E1,
-6.656351673622E-2));
#455=CARTESIAN_POINT('',(1.369169507940E2,-7.705096944316E1,
-5.127512934843E-2));
#456=CARTESIAN_POINT('',(1.383545373542E2,-7.448081463306E1,
-6.415529001422E-2));
#457=CARTESIAN_POINT('',(1.388801494865E2,-7.278182870724E1,
-6.247998675002E-2));
#458=CARTESIAN_POINT('',(1.391867894276E2,-7.036966928030E1,
-6.200937985618E-2));
#459=CARTESIAN_POINT('',(1.391854913402E2,-6.900000059737E1,
-6.106523120574E-2));
#461=DIRECTION('',(-1.993197148003E-7,8.137334476070E-1,-5.812382267587E-1));
#462=VECTOR('',#461,1.615399190492E0);
#463=CARTESIAN_POINT('',(1.285000005998E2,7.968549452933E1,-6.106750921580E-2));
#464=LINE('',#463,#462);
#465=CARTESIAN_POINT('',(1.285000002778E2,8.099999888187E1,-9.999992702046E-1));
#466=CARTESIAN_POINT('',(1.292324207189E2,8.099999886813E1,-1.000010921619E0));
#467=CARTESIAN_POINT('',(1.306059980315E2,8.092998494405E1,-9.980985736913E-1));
#468=CARTESIAN_POINT('',(1.323879915081E2,8.064647649687E1,-9.943513438454E-1));
#469=CARTESIAN_POINT('',(1.339044990278E2,8.021906164193E1,-9.925676035937E-1));
#470=CARTESIAN_POINT('',(1.351759442789E2,7.968413882485E1,-9.935353200455E-1));
#471=CARTESIAN_POINT('',(1.362596748209E2,7.905290654785E1,-9.966344603499E-1));
#472=CARTESIAN_POINT('',(1.371526405293E2,7.835702700325E1,-9.996088869540E-1));
#473=CARTESIAN_POINT('',(1.378488892409E2,7.765507397533E1,-1.000246225170E0));
#474=CARTESIAN_POINT('',(1.383888742257E2,7.697571369194E1,-9.995779003073E-1));
#475=CARTESIAN_POINT('',(1.388102047354E2,7.633295181936E1,-9.994215950976E-1));
#476=CARTESIAN_POINT('',(1.391403800356E2,7.573280875157E1,-9.994742307569E-1));
#477=CARTESIAN_POINT('',(1.394009104075E2,7.517649692424E1,-9.996655072604E-1));
#478=CARTESIAN_POINT('',(1.396078092411E2,7.466300846757E1,-9.998647824990E-1));
#479=CARTESIAN_POINT('',(1.397731158744E2,7.419011039710E1,-1.000003238559E0));
#480=CARTESIAN_POINT('',(1.399059161845E2,7.375490687682E1,-1.000004629842E0));
#481=CARTESIAN_POINT('',(1.400131547299E2,7.335468675120E1,-9.998976010926E-1));
#482=CARTESIAN_POINT('',(1.401002576454E2,7.298651049855E1,-9.997850989287E-1));
#483=CARTESIAN_POINT('',(1.401713137625E2,7.264773886805E1,-9.997253123505E-1));
#484=CARTESIAN_POINT('',(1.402295040129E2,7.233587339663E1,-9.996743518237E-1));
#485=CARTESIAN_POINT('',(1.402773079160E2,7.204863199176E1,-9.996258381532E-1));
#486=CARTESIAN_POINT('',(1.403166814086E2,7.178392576902E1,-9.996084435422E-1));
#487=CARTESIAN_POINT('',(1.403491783119E2,7.153985382785E1,-9.996152811226E-1));
#488=CARTESIAN_POINT('',(1.403760421220E2,7.131468828523E1,-9.996352401755E-1));
#489=CARTESIAN_POINT('',(1.403982742862E2,7.110685865387E1,-9.996542404723E-1));
#490=CARTESIAN_POINT('',(1.404166861439E2,7.091493773610E1,-9.996777861575E-1));
#491=CARTESIAN_POINT('',(1.404319383596E2,7.073762726904E1,-9.997066370052E-1));
#492=CARTESIAN_POINT('',(1.404445713266E2,7.057374544604E1,-9.997392959418E-1));
#493=CARTESIAN_POINT('',(1.404550288382E2,7.042221528331E1,-9.997734412876E-1));
#494=CARTESIAN_POINT('',(1.404636766485E2,7.028205428081E1,-9.998066956324E-1));
#495=CARTESIAN_POINT('',(1.404708171425E2,7.015236514327E1,-9.998369899354E-1));
#496=CARTESIAN_POINT('',(1.404767010063E2,7.003232748725E1,-9.998627712754E-1));
#497=CARTESIAN_POINT('',(1.404815365684E2,6.992119048053E1,-9.998851827178E-1));
#498=CARTESIAN_POINT('',(1.404854973238E2,6.981826622239E1,-9.999048410715E-1));
#499=CARTESIAN_POINT('',(1.404887280271E2,6.972292387862E1,-9.999221291350E-1));
#500=CARTESIAN_POINT('',(1.404913496211E2,6.963458440657E1,-9.999372905987E-1));
#501=CARTESIAN_POINT('',(1.404934633610E2,6.955271587592E1,-9.999504920032E-1));
#502=CARTESIAN_POINT('',(1.404951538296E2,6.947682913952E1,-9.999618296976E-1));
#503=CARTESIAN_POINT('',(1.404964927856E2,6.940647443454E1,-9.999712557728E-1));
#504=CARTESIAN_POINT('',(1.404975372378E2,6.934123650301E1,-9.999789796048E-1));
#505=CARTESIAN_POINT('',(1.404983469059E2,6.928073698051E1,-9.999854204773E-1));
#506=CARTESIAN_POINT('',(1.404989275685E2,6.922461125118E1,-9.999909423698E-1));
#507=CARTESIAN_POINT('',(1.404994495711E2,6.917258185558E1,-9.999925254069E-1));
#508=CARTESIAN_POINT('',(1.404994382306E2,6.912417322581E1,-9.999978370219E-1));
#509=CARTESIAN_POINT('',(1.405008001941E2,6.907976443762E1,-9.999995867312E-1));
#510=CARTESIAN_POINT('',(1.404965330840E2,6.903665379316E1,-9.999715427203E-1));
#511=CARTESIAN_POINT('',(1.405074210394E2,6.901471946239E1,-1.000004093414E0));
#512=CARTESIAN_POINT('',(1.405000215850E2,6.899999219790E1,-9.999433471884E-1));
#514=DIRECTION('',(-8.137977538750E-1,4.928106371287E-5,5.811481853704E-1));
#515=VECTOR('',#514,1.615464637967E0);
#516=CARTESIAN_POINT('',(1.405000215850E2,6.899999219790E1,-9.999433471884E-1));
#517=LINE('',#516,#515);
#518=CARTESIAN_POINT('',(1.391853600912E2,6.900007180972E1,-6.111900430367E-2));
#519=CARTESIAN_POINT('',(1.391716642031E2,6.901930750058E1,-6.019045551964E-2));
#520=CARTESIAN_POINT('',(1.391886593082E2,6.903240876868E1,-5.921123168156E-2));
#521=CARTESIAN_POINT('',(1.391854108966E2,6.907565372129E1,-6.220492117954E-2));
#522=CARTESIAN_POINT('',(1.391850655297E2,6.911759226125E1,-6.066808731328E-2));
#523=CARTESIAN_POINT('',(1.391849790766E2,6.916441572328E1,-6.119923808567E-2));
#524=CARTESIAN_POINT('',(1.391843206405E2,6.921468460505E1,-6.092511247769E-2));
#525=CARTESIAN_POINT('',(1.391836892282E2,6.926900226099E1,-6.092058564060E-2));
#526=CARTESIAN_POINT('',(1.391827889274E2,6.932762031495E1,-6.082940616945E-2));
#527=CARTESIAN_POINT('',(1.391816694966E2,6.939082227679E1,-6.076100616787E-2));
#528=CARTESIAN_POINT('',(1.391802521102E2,6.945900559400E1,-6.068381021137E-2));
#529=CARTESIAN_POINT('',(1.391784858106E2,6.953256141604E1,-6.060709511091E-2));
#530=CARTESIAN_POINT('',(1.391762991465E2,6.961193026673E1,-6.052953778558E-2));
#531=CARTESIAN_POINT('',(1.391736088352E2,6.969758425970E1,-6.045253937821E-2));
#532=CARTESIAN_POINT('',(1.391703149309E2,6.979004014733E1,-6.037727772416E-2));
#533=CARTESIAN_POINT('',(1.391662983403E2,6.988985493040E1,-6.030542445272E-2));
#534=CARTESIAN_POINT('',(1.391614154079E2,6.999765000838E1,-6.023874825842E-2));
#535=CARTESIAN_POINT('',(1.391554981713E2,7.011405477634E1,-6.018043824805E-2));
#536=CARTESIAN_POINT('',(1.391483343470E2,7.023988550006E1,-6.013231002117E-2));
#537=CARTESIAN_POINT('',(1.391396733243E2,7.037595111948E1,-6.010036931126E-2));
#538=CARTESIAN_POINT('',(1.391292263037E2,7.052305437595E1,-6.009744555835E-2));
#539=CARTESIAN_POINT('',(1.391166258100E2,7.068216495233E1,-6.013089149238E-2));
#540=CARTESIAN_POINT('',(1.391014186145E2,7.085432615187E1,-6.020395419798E-2));
#541=CARTESIAN_POINT('',(1.390830467654E2,7.104068272163E1,-6.031689057322E-2));
#542=CARTESIAN_POINT('',(1.390608427661E2,7.124250302372E1,-6.047890413932E-2));
#543=CARTESIAN_POINT('',(1.390339178926E2,7.146117506941E1,-6.065932523103E-2));
#544=CARTESIAN_POINT('',(1.390012815263E2,7.169817410269E1,-6.090593666281E-2));
#545=CARTESIAN_POINT('',(1.389617515216E2,7.195516380303E1,-6.131255547906E-2));
#546=CARTESIAN_POINT('',(1.389135916052E2,7.223403414109E1,-6.181690971480E-2));
#547=CARTESIAN_POINT('',(1.388543772712E2,7.253725450741E1,-6.222475873933E-2));
#548=CARTESIAN_POINT('',(1.387809503187E2,7.286713379341E1,-6.228475106556E-2));
#549=CARTESIAN_POINT('',(1.386898353213E2,7.322570248797E1,-6.198743286369E-2));
#550=CARTESIAN_POINT('',(1.385769431811E2,7.361560906802E1,-6.163027114366E-2));
#551=CARTESIAN_POINT('',(1.384362274699E2,7.403954249147E1,-6.124449543850E-2));
#552=CARTESIAN_POINT('',(1.382595045578E2,7.449994646553E1,-6.074345003458E-2));
#553=CARTESIAN_POINT('',(1.380364899389E2,7.499981770949E1,-6.076011487990E-2));
#554=CARTESIAN_POINT('',(1.377517694315E2,7.553984545675E1,-6.085450148557E-2));
#555=CARTESIAN_POINT('',(1.373848956889E2,7.611867809880E1,-6.082813243950E-2));
#556=CARTESIAN_POINT('',(1.369100988917E2,7.673010974744E1,-6.096553436846E-2));
#557=CARTESIAN_POINT('',(1.362935922964E2,7.736090027760E1,-6.122237049635E-2));
#558=CARTESIAN_POINT('',(1.354966434031E2,7.798336448798E1,-5.914085354151E-2));
#559=CARTESIAN_POINT('',(1.344965012441E2,7.855887882764E1,-5.882595405880E-2));
#560=CARTESIAN_POINT('',(1.333361131562E2,7.903502248970E1,-6.356713622813E-2));
#561=CARTESIAN_POINT('',(1.319734625615E2,7.939608598289E1,-6.271255082119E-2));
#562=CARTESIAN_POINT('',(1.303740671086E2,7.962667311149E1,-5.915155839528E-2));
#563=CARTESIAN_POINT('',(1.291513581103E2,7.968421179548E1,-6.015932833288E-2));
#564=CARTESIAN_POINT('',(1.285000005998E2,7.968549452933E1,-6.106750921580E-2));
#566=DIRECTION('',(-8.137332987227E-1,-1.827423841238E-7,-5.812384351967E-1));
#567=VECTOR('',#566,1.615381153939E0);
#568=CARTESIAN_POINT('',(-1.391855104175E2,6.900000055789E1,
-6.107885557427E-2));
#569=LINE('',#568,#567);
#570=CARTESIAN_POINT('',(-1.404999998526E2,6.900000026270E1,-1.000000469736E0));
#571=CARTESIAN_POINT('',(-1.404999998389E2,6.974453822405E1,-1.000012313542E0));
#572=CARTESIAN_POINT('',(-1.404276436230E2,7.113935607128E1,
-9.980372550749E-1));
#573=CARTESIAN_POINT('',(-1.401351832797E2,7.294401436957E1,
-9.942377908011E-1));
#574=CARTESIAN_POINT('',(-1.396953615374E2,7.447447654469E1,
-9.925362634391E-1));
#575=CARTESIAN_POINT('',(-1.391456821478E2,7.575431831530E1,
-9.936756699778E-1));
#576=CARTESIAN_POINT('',(-1.384973394604E2,7.684225661952E1,
-9.969302011799E-1));
#577=CARTESIAN_POINT('',(-1.377864404679E2,7.773173132536E1,
-9.998059781453E-1));
#578=CARTESIAN_POINT('',(-1.370734432495E2,7.842061236676E1,-1.000180374104E0));
#579=CARTESIAN_POINT('',(-1.363858124185E2,7.895308091357E1,
-9.995273378385E-1));
#580=CARTESIAN_POINT('',(-1.357375514742E2,7.936683522125E1,
-9.994188575272E-1));
#581=CARTESIAN_POINT('',(-1.351336772819E2,7.969008183772E1,
-9.994985621426E-1));
#582=CARTESIAN_POINT('',(-1.345752076851E2,7.994434117171E1,
-9.997072745490E-1));
#583=CARTESIAN_POINT('',(-1.340606933666E2,8.014568744379E1,
-9.998992638441E-1));
#584=CARTESIAN_POINT('',(-1.335876066494E2,8.030611700034E1,-1.000018911369E0));
#585=CARTESIAN_POINT('',(-1.331529735672E2,8.043461994593E1,
-9.999879855581E-1));
#586=CARTESIAN_POINT('',(-1.327537834478E2,8.053816303933E1,
-9.998623387365E-1));
#587=CARTESIAN_POINT('',(-1.323870767951E2,8.062204678199E1,
-9.997634139465E-1));
#588=CARTESIAN_POINT('',(-1.320500856196E2,8.069030548269E1,
-9.997118215188E-1));
#589=CARTESIAN_POINT('',(-1.317402482928E2,8.074605759157E1,
-9.996556460942E-1));
#590=CARTESIAN_POINT('',(-1.314552207087E2,8.079173432143E1,
-9.996164015213E-1));
#591=CARTESIAN_POINT('',(-1.311928678142E2,8.082924928367E1,
-9.996083625039E-1));
#592=CARTESIAN_POINT('',(-1.309512502871E2,8.086012067035E1,
-9.996223475929E-1));
#593=CARTESIAN_POINT('',(-1.307286083942E2,8.088556141618E1,
-9.996429356012E-1));
#594=CARTESIAN_POINT('',(-1.305233456146E2,8.090654692220E1,
-9.996634314235E-1));
#595=CARTESIAN_POINT('',(-1.303340128810E2,8.092386613653E1,
-9.996900509998E-1));
#596=CARTESIAN_POINT('',(-1.301592938984E2,8.093816038392E1,
-9.997215385411E-1));
#597=CARTESIAN_POINT('',(-1.299979918013E2,8.094995331403E1,
-9.997559752627E-1));
#598=CARTESIAN_POINT('',(-1.298490171215E2,8.095967417612E1,
-9.997907132031E-1));
#599=CARTESIAN_POINT('',(-1.297113770256E2,8.096767606093E1,
-9.998234402217E-1));
#600=CARTESIAN_POINT('',(-1.295841657130E2,8.097425030250E1,
-9.998519179990E-1));
#601=CARTESIAN_POINT('',(-1.294665558661E2,8.097963792333E1,
-9.998762017998E-1));
#602=CARTESIAN_POINT('',(-1.293577910383E2,8.098403878986E1,
-9.998974276396E-1));
#603=CARTESIAN_POINT('',(-1.292571788728E2,8.098761897654E1,
-9.999159972869E-1));
#604=CARTESIAN_POINT('',(-1.291640850580E2,8.099051671742E1,
-9.999322925061E-1));
#605=CARTESIAN_POINT('',(-1.290779279260E2,8.099284724083E1,
-9.999465081840E-1));
#606=CARTESIAN_POINT('',(-1.289981736405E2,8.099470671253E1,
-9.999588641514E-1));
#607=CARTESIAN_POINT('',(-1.289243318130E2,8.099617546719E1,
-9.999689103886E-1));
#608=CARTESIAN_POINT('',(-1.288559518434E2,8.099732065585E1,
-9.999774454638E-1));
#609=CARTESIAN_POINT('',(-1.287926186030E2,8.099819845726E1,
-9.999826422960E-1));
#610=CARTESIAN_POINT('',(-1.287339523781E2,8.099885580172E1,
-9.999959348266E-1));
#611=CARTESIAN_POINT('',(-1.286795943325E2,8.099933220220E1,
-9.999727754434E-1));
#612=CARTESIAN_POINT('',(-1.286292478715E2,8.099965977052E1,-1.000063737498E0));
#613=CARTESIAN_POINT('',(-1.285825127589E2,8.099986878705E1,
-9.997607527221E-1));
#614=CARTESIAN_POINT('',(-1.285394921970E2,8.099997186717E1,-1.000826380285E0));
#615=CARTESIAN_POINT('',(-1.285123258896E2,8.100000802596E1,
-9.983021375289E-1));
#616=CARTESIAN_POINT('',(-1.284999798802E2,8.100000673336E1,
-9.999801752458E-1));
#618=DIRECTION('',(4.630081457154E-5,-8.137308122866E-1,5.812419143452E-1));
#619=VECTOR('',#618,1.615450861691E0);
#620=CARTESIAN_POINT('',(-1.284999798802E2,8.100000673336E1,
-9.999801752458E-1));
#621=LINE('',#620,#619);
#622=CARTESIAN_POINT('',(-1.284999050835E2,7.968546459146E1,
-6.101242386626E-2));
#623=CARTESIAN_POINT('',(-1.285070107383E2,7.969407239175E1,
-6.104151947299E-2));
#624=CARTESIAN_POINT('',(-1.285852645667E2,7.968113960671E1,
-6.084693478055E-2));
#625=CARTESIAN_POINT('',(-1.286590703651E2,7.968554097964E1,
-6.069899252739E-2));
#626=CARTESIAN_POINT('',(-1.287702409491E2,7.968298297127E1,
-6.057675132590E-2));
#627=CARTESIAN_POINT('',(-1.288761905482E2,7.968173437718E1,
-6.051385677164E-2));
#628=CARTESIAN_POINT('',(-1.289935099753E2,7.967910222798E1,
-6.041270444971E-2));
#629=CARTESIAN_POINT('',(-1.290767202817E2,7.967718721237E1,
-6.035915863088E-2));
#630=CARTESIAN_POINT('',(-1.292819094165E2,7.967059719444E1,
-6.025289063538E-2));
#631=CARTESIAN_POINT('',(-1.293767612781E2,7.966667218266E1,
-6.021353312936E-2));
#632=CARTESIAN_POINT('',(-1.294774866926E2,7.966221842229E1,
-6.017803564930E-2));
#633=CARTESIAN_POINT('',(-1.295054405194E2,7.966084479830E1,
-6.017006543851E-2));
#634=CARTESIAN_POINT('',(-1.295652961990E2,7.965791861727E1,
-6.015322775010E-2));
#635=CARTESIAN_POINT('',(-1.296371853964E2,7.965409747483E1,
-6.013736353323E-2));
#636=CARTESIAN_POINT('',(-1.297364139184E2,7.964858432888E1,
-6.012048910350E-2));
#637=CARTESIAN_POINT('',(-1.298976607768E2,7.963810363325E1,
-6.011276361239E-2));
#638=CARTESIAN_POINT('',(-1.301255492370E2,7.962269182305E1,
-6.013311814131E-2));
#639=CARTESIAN_POINT('',(-1.307239848423E2,7.956707351406E1,
-6.039342549861E-2));
#640=CARTESIAN_POINT('',(-1.313026035641E2,7.948653483095E1,
-6.108840663357E-2));
#641=CARTESIAN_POINT('',(-1.314411402997E2,7.946311650688E1,
-6.108097827085E-2));
#642=CARTESIAN_POINT('',(-1.317671284830E2,7.940793971510E1,
-6.159088995824E-2));
#643=CARTESIAN_POINT('',(-1.321400691087E2,7.933473228319E1,
-6.386164673254E-2));
#644=CARTESIAN_POINT('',(-1.325891328295E2,7.922982943068E1,
-6.154552563939E-2));
#645=CARTESIAN_POINT('',(-1.333118562968E2,7.901158581580E1,
-5.798437249905E-2));
#646=CARTESIAN_POINT('',(-1.336244490824E2,7.890609225220E1,
-6.317942385122E-2));
#647=CARTESIAN_POINT('',(-1.340640983089E2,7.875411920903E1,
-7.459605541559E-2));
#648=CARTESIAN_POINT('',(-1.346672060336E2,7.846184540393E1,
-6.127216166781E-2));
#649=CARTESIAN_POINT('',(-1.355573808249E2,7.791248391044E1,
-3.802997112799E-2));
#650=CARTESIAN_POINT('',(-1.364491428916E2,7.721559618639E1,
-6.192314573907E-2));
#651=CARTESIAN_POINT('',(-1.368112775850E2,7.684984477856E1,
-7.744951734808E-2));
#652=CARTESIAN_POINT('',(-1.370117312432E2,7.658473622242E1,
-5.083446020106E-2));
#653=CARTESIAN_POINT('',(-1.376649636454E2,7.572899218939E1,
-6.213838464004E-2));
#654=CARTESIAN_POINT('',(-1.382136253415E2,7.466943771840E1,
-5.918378724528E-2));
#655=CARTESIAN_POINT('',(-1.386551352303E2,7.341914123904E1,
-6.466195948144E-2));
#656=CARTESIAN_POINT('',(-1.388600896438E2,7.257555229096E1,
-6.279300289110E-2));
#657=CARTESIAN_POINT('',(-1.391049332317E2,7.111508722679E1,
-5.891294142846E-2));
#658=CARTESIAN_POINT('',(-1.391840255042E2,6.977110485247E1,
-6.002774148853E-2));
#659=CARTESIAN_POINT('',(-1.391855104175E2,6.900000055789E1,
-6.107885557427E-2));
#661=DIRECTION('',(1.442202378689E-5,1.724311558340E-4,-9.999999850298E-1));
#662=VECTOR('',#661,5.498079120584E-1);
#663=CARTESIAN_POINT('',(-1.410837104038E2,-3.800405671295E1,
-1.414213588504E-1));
#664=LINE('',#663,#662);
#665=DIRECTION('',(4.552706083513E-7,3.638989735538E-9,-9.999999999999E-1));
#666=VECTOR('',#665,3.183099849180E-1);
#667=CARTESIAN_POINT('',(-1.410837024745E2,-3.800396190894E1,
-6.912292626781E-1));
#668=LINE('',#667,#666);
#669=CARTESIAN_POINT('',(-1.410837023296E2,-3.800396190778E1,
-1.009539247596E0));
#670=CARTESIAN_POINT('',(-1.410877387356E2,-3.800401717856E1,
-9.978492205822E-1));
#671=CARTESIAN_POINT('',(-1.410910869827E2,-3.800396063512E1,
-9.756577611433E-1));
#672=CARTESIAN_POINT('',(-1.410963368461E2,-3.800415229902E1,
-9.321946763374E-1));
#673=CARTESIAN_POINT('',(-1.410560707449E2,-3.800347147176E1,
-9.196373057511E-1));
#674=CARTESIAN_POINT('',(-1.410151499969E2,-3.799924326960E1,
-9.288573643738E-1));
#675=CARTESIAN_POINT('',(-1.409736797907E2,-3.799153314254E1,
-9.497102387574E-1));
#676=CARTESIAN_POINT('',(-1.409270244777E2,-3.797794976123E1,
-9.682426613582E-1));
#677=CARTESIAN_POINT('',(-1.408757647419E2,-3.795616714322E1,
-9.839335555036E-1));
#678=CARTESIAN_POINT('',(-1.408211548456E2,-3.792308930338E1,
-9.959511666692E-1));
#679=CARTESIAN_POINT('',(-1.407655354478E2,-3.787611432464E1,
-9.994139195206E-1));
#680=CARTESIAN_POINT('',(-1.407124756063E2,-3.781479354018E1,
-1.000818025686E0));
#681=CARTESIAN_POINT('',(-1.406638711748E2,-3.773885858252E1,
-1.000691570522E0));
#682=CARTESIAN_POINT('',(-1.406208123248E2,-3.764843241710E1,
-1.000486524412E0));
#683=CARTESIAN_POINT('',(-1.405839902546E2,-3.754387311124E1,
-9.999618411889E-1));
#684=CARTESIAN_POINT('',(-1.405536574585E2,-3.742539082401E1,
-1.000294727752E0));
#685=CARTESIAN_POINT('',(-1.405299034874E2,-3.729298322071E1,
-1.001178444785E0));
#686=CARTESIAN_POINT('',(-1.405128397489E2,-3.714645307974E1,
-1.001188625976E0));
#687=CARTESIAN_POINT('',(-1.405023398343E2,-3.698508227168E1,
-1.000405592931E0));
#688=CARTESIAN_POINT('',(-1.405002169400E2,-3.686780169508E1,
-1.000137611723E0));
#689=CARTESIAN_POINT('',(-1.405000064400E2,-3.680634405926E1,
-9.999995181937E-1));
#691=DIRECTION('',(8.137340471516E-1,-1.247767567239E-3,5.812360480754E-1));
#692=VECTOR('',#691,1.615387894347E0);
#693=CARTESIAN_POINT('',(-1.405000064400E2,-3.680634405926E1,
-9.999995181937E-1));
#694=LINE('',#693,#692);
#695=CARTESIAN_POINT('',(-1.391855103110E2,-3.680835968788E1,
-6.107784237467E-2));
#696=CARTESIAN_POINT('',(-1.391867337963E2,-3.703780322937E1,
-6.213189377509E-2));
#697=CARTESIAN_POINT('',(-1.392739394701E2,-3.744070553953E1,
-6.723650853050E-2));
#698=CARTESIAN_POINT('',(-1.393896292999E2,-3.769467256829E1,
-5.718490329386E-2));
#699=CARTESIAN_POINT('',(-1.399108460061E2,-3.797718239547E1,
-1.097429780963E-1));
#700=CARTESIAN_POINT('',(-1.404080833516E2,-3.796940261447E1,
-1.235364126567E-1));
#701=CARTESIAN_POINT('',(-1.408449252861E2,-3.800078497015E1,
-1.364790958184E-1));
#702=CARTESIAN_POINT('',(-1.410837104038E2,-3.800405671295E1,
-1.414213588504E-1));
#704=CARTESIAN_POINT('',(-1.374475841699E2,-3.810847677715E1,
-8.999999850118E0));
#705=CARTESIAN_POINT('',(-1.374716109291E2,-3.810676692372E1,
-8.975284598523E0));
#706=CARTESIAN_POINT('',(-1.377973080059E2,-3.808386421710E1,
-8.638302245803E0));
#707=CARTESIAN_POINT('',(-1.383991091861E2,-3.804868049583E1,
-7.965082336114E0));
#708=CARTESIAN_POINT('',(-1.390549042245E2,-3.802306778821E1,
-7.094781917785E0));
#709=CARTESIAN_POINT('',(-1.395323151529E2,-3.801043261540E1,
-6.352566440309E0));
#710=CARTESIAN_POINT('',(-1.399669250751E2,-3.800242194188E1,
-5.590666716471E0));
#711=CARTESIAN_POINT('',(-1.403349606445E2,-3.799977952767E1,
-4.797570498228E0));
#712=CARTESIAN_POINT('',(-1.406280062023E2,-3.800001202579E1,
-3.970718394480E0));
#713=CARTESIAN_POINT('',(-1.408087127019E2,-3.800101939768E1,
-3.330837822650E0));
#714=CARTESIAN_POINT('',(-1.409460584467E2,-3.800225188601E1,
-2.678596886920E0));
#715=CARTESIAN_POINT('',(-1.410225360779E2,-3.800316752471E1,
-2.131730245094E0));
#716=CARTESIAN_POINT('',(-1.410612846820E2,-3.800366037432E1,
-1.691025958453E0));
#717=CARTESIAN_POINT('',(-1.410762993563E2,-3.800386192616E1,
-1.410201280018E0));
#718=CARTESIAN_POINT('',(-1.410825608530E2,-3.800394632488E1,
-1.182867538740E0));
#719=CARTESIAN_POINT('',(-1.410835841494E2,-3.800396029906E1,
-1.066295861459E0));
#720=CARTESIAN_POINT('',(-1.410837023296E2,-3.800396190778E1,
-1.009539247596E0));
#722=DIRECTION('',(-1.498478595864E-5,5.784644755466E-5,-9.999999982146E-1));
#723=VECTOR('',#722,8.858578659638E0);
#724=CARTESIAN_POINT('',(-1.834998737493E2,-8.099974722046E1,
-1.414213561778E-1));
#725=LINE('',#724,#723);
#726=DIRECTION('',(1.251697535092E-7,1.E0,9.036051236560E-8));
#727=VECTOR('',#726,1.059459667967E2);
#728=CARTESIAN_POINT('',(-1.365000159714E2,-3.694596669367E1,
-9.000008750323E0));
#729=LINE('',#728,#727);
#730=CARTESIAN_POINT('',(-1.365000027102E2,6.900000010300E1,-8.999999176992E0));
#731=CARTESIAN_POINT('',(-1.391666677184E2,6.900000010300E1,-6.499999844329E0));
#732=CARTESIAN_POINT('',(-1.404998743980E2,6.900000026270E1,-3.833317246601E0));
#733=CARTESIAN_POINT('',(-1.404999998526E2,6.900000026270E1,-1.000000469736E0));
#735=DIRECTION('',(-6.225883778838E-8,-1.E0,8.993246525317E-9));
#736=VECTOR('',#735,1.058063443220E2);
#737=CARTESIAN_POINT('',(-1.404999998526E2,6.900000026270E1,-1.000000469736E0));
#738=LINE('',#737,#736);
#739=CARTESIAN_POINT('',(-1.405000064400E2,-3.680634405926E1,
-9.999995181937E-1));
#740=CARTESIAN_POINT('',(-1.404999783327E2,-3.680378888019E1,
-1.634786573907E0));
#741=CARTESIAN_POINT('',(-1.403967298575E2,-3.680111997696E1,
-2.939102829645E0));
#742=CARTESIAN_POINT('',(-1.394665378091E2,-3.679890472546E1,
-5.380601604633E0));
#743=CARTESIAN_POINT('',(-1.383430223034E2,-3.682113586114E1,
-7.062804445873E0));
#744=CARTESIAN_POINT('',(-1.371786158092E2,-3.689670153468E1,
-8.363821176558E0));
#745=CARTESIAN_POINT('',(-1.365000159714E2,-3.694596669367E1,
-9.000008750323E0));
#747=CARTESIAN_POINT('',(-1.405E2,-8.1E1,-1.414213560612E-1));
#748=DIRECTION('',(0.E0,0.E0,-1.E0));
#749=DIRECTION('',(9.999079098613E-1,-1.357099100090E-2,0.E0));
#750=AXIS2_PLACEMENT_3D('',#747,#748,#749);
#752=CARTESIAN_POINT('',(-1.405E2,-8.1E1,-1.414213560612E-1));
#753=DIRECTION('',(0.E0,0.E0,-1.E0));
#754=DIRECTION('',(1.357466063469E-2,-9.999078600494E-1,0.E0));
#755=AXIS2_PLACEMENT_3D('',#752,#753,#754);
#757=CARTESIAN_POINT('',(-1.405E2,-8.1E1,-1.414213562944E-1));
#758=DIRECTION('',(0.E0,0.E0,-1.E0));
#759=DIRECTION('',(-9.999999999689E-1,7.888988738084E-6,0.E0));
#760=AXIS2_PLACEMENT_3D('',#757,#758,#759);
#762=CARTESIAN_POINT('',(-9.750405482953E1,-8.158357222647E1,
-1.414213721808E-1));
#763=CARTESIAN_POINT('',(-9.750405195372E1,-8.158336154070E1,
-1.115019335174E-1));
#764=CARTESIAN_POINT('',(-9.751170395176E1,-8.157948638270E1,
-5.829438701661E-2));
#765=CARTESIAN_POINT('',(-9.757124551587E1,-8.157817681038E1,
-4.820240713588E-3));
#766=CARTESIAN_POINT('',(-9.762012966098E1,-8.155019232373E1,
-3.838990392163E-5));
#767=CARTESIAN_POINT('',(-9.764444342440E1,-8.153830044683E1,
-1.901134600933E-7));
#769=CARTESIAN_POINT('',(-9.747538866309E1,-8.086863241932E1,
-1.223649273542E-1));
#770=CARTESIAN_POINT('',(-9.748167590852E1,-8.086826116887E1,
-9.586123429400E-2));
#771=CARTESIAN_POINT('',(-9.750052414633E1,-8.086715527788E1,
-5.005523428171E-2));
#772=CARTESIAN_POINT('',(-9.755915832417E1,-8.086376002070E1,
-6.209822242991E-3));
#773=CARTESIAN_POINT('',(-9.760673320538E1,-8.086097088724E1,
1.260770164566E-4));
#774=CARTESIAN_POINT('',(-9.763210669699E1,-8.085948161079E1,
-2.247683824250E-6));
#776=CARTESIAN_POINT('',(-9.763210669699E1,-8.085948161079E1,
-2.247683824250E-6));
#777=CARTESIAN_POINT('',(-9.763587948093E1,-8.093839863048E1,
-2.247683824250E-6));
#778=CARTESIAN_POINT('',(-9.764176906897E1,-8.109485037523E1,
1.023570656638E-6));
#779=CARTESIAN_POINT('',(-9.763875220161E1,-8.132604224312E1,
-2.109715618565E-7));
#780=CARTESIAN_POINT('',(-9.764260669820E1,-8.147652405361E1,
-1.901134600933E-7));
#781=CARTESIAN_POINT('',(-9.764444342440E1,-8.153830044683E1,
-1.901134600933E-7));
#783=CARTESIAN_POINT('',(-1.405E2,-8.1E1,-2.275083893916E-7));
#784=DIRECTION('',(0.E0,0.E0,-1.E0));
#785=DIRECTION('',(9.999247908418E-1,-1.226428391446E-2,0.E0));
#786=AXIS2_PLACEMENT_3D('',#783,#784,#785);
#788=CARTESIAN_POINT('',(-1.405E2,-8.1E1,-2.275083894193E-7));
#789=DIRECTION('',(0.E0,0.E0,-1.E0));
#790=DIRECTION('',(1.357466063456E-2,-9.999078600494E-1,0.E0));
#791=AXIS2_PLACEMENT_3D('',#788,#789,#790);
#793=CARTESIAN_POINT('',(-1.410817485589E2,-3.814538484438E1,
-7.593789024671E-8));
#794=CARTESIAN_POINT('',(-1.410228957017E2,-3.814458551290E1,
-7.593789024590E-8));
#795=CARTESIAN_POINT('',(-1.409048653397E2,-3.814250048436E1,
3.531983874945E-8));
#796=CARTESIAN_POINT('',(-1.407268261296E2,-3.813861199313E1,
-9.675135490057E-9));
#797=CARTESIAN_POINT('',(-1.405774143133E2,-3.813516801387E1,
1.200629621949E-9));
#798=CARTESIAN_POINT('',(-1.404571916152E2,-3.813261437339E1,
-2.261101508707E-10));
#799=CARTESIAN_POINT('',(-1.403666281116E2,-3.813081185475E1,
6.048763834380E-11));
#800=CARTESIAN_POINT('',(-1.402757469513E2,-3.812943887816E1,
-1.584855327912E-11));
#801=CARTESIAN_POINT('',(-1.401545905968E2,-3.812696514825E1,
9.148119088425E-12));
#802=CARTESIAN_POINT('',(-1.400035991382E2,-3.811965513568E1,
-3.109623030582E-12));
#803=CARTESIAN_POINT('',(-1.398252528213E2,-3.809486842341E1,
8.318090634924E-13));
#804=CARTESIAN_POINT('',(-1.396503598658E2,-3.804514840793E1,
-2.239936175141E-13));
#805=CARTESIAN_POINT('',(-1.394849471112E2,-3.796010689899E1,
5.889789165442E-14));
#806=CARTESIAN_POINT('',(-1.393385904472E2,-3.784381421468E1,
-1.690303165534E-14));
#807=CARTESIAN_POINT('',(-1.392360390361E2,-3.772544522441E1,0.E0));
#808=CARTESIAN_POINT('',(-1.391683785682E2,-3.762051970469E1,0.E0));
#809=CARTESIAN_POINT('',(-1.391257170353E2,-3.753717577333E1,0.E0));
#810=CARTESIAN_POINT('',(-1.390907783842E2,-3.745062963009E1,
2.042939689673E-14));
#811=CARTESIAN_POINT('',(-1.390524156753E2,-3.733263077095E1,
-1.127491318928E-13));
#812=CARTESIAN_POINT('',(-1.390059311873E2,-3.712020080160E1,
1.308884523496E-12));
#813=CARTESIAN_POINT('',(-1.389949728459E2,-3.693359543718E1,
-5.603065729882E-12));
#814=CARTESIAN_POINT('',(-1.389949906086E2,-3.681198857621E1,
-5.603044998727E-12));
#816=CARTESIAN_POINT('',(-1.389949906003E2,6.899999911722E1,
-5.602535717344E-12));
#817=CARTESIAN_POINT('',(-1.389949791651E2,6.971024815282E1,
-5.602559549887E-12));
#818=CARTESIAN_POINT('',(-1.389296954111E2,7.114501516840E1,
2.666493232225E-12));
#819=CARTESIAN_POINT('',(-1.386106233933E2,7.290905882031E1,
-3.302776697239E-13));
#820=CARTESIAN_POINT('',(-1.381694594653E2,7.425493784855E1,
6.088414072540E-14));
#821=CARTESIAN_POINT('',(-1.375842388164E2,7.553991105961E1,
-3.579088664042E-14));
#822=CARTESIAN_POINT('',(-1.367340972697E2,7.671860301392E1,0.E0));
#823=CARTESIAN_POINT('',(-1.356513193820E2,7.764016234181E1,0.E0));
#824=CARTESIAN_POINT('',(-1.347408536190E2,7.821097460041E1,0.E0));
#825=CARTESIAN_POINT('',(-1.337611034189E2,7.866474746420E1,0.E0));
#826=CARTESIAN_POINT('',(-1.327386946795E2,7.900301290355E1,0.E0));
#827=CARTESIAN_POINT('',(-1.316989792613E2,7.923933761068E1,
-1.690955095761E-14));
#828=CARTESIAN_POINT('',(-1.302918744684E2,7.944684745789E1,
8.908334312895E-14));
#829=CARTESIAN_POINT('',(-1.292188190296E2,7.949497956078E1,
-3.958284655810E-13));
#830=CARTESIAN_POINT('',(-1.284999977561E2,7.949499058312E1,
-3.958250624513E-13));
#832=CARTESIAN_POINT('',(1.284999992372E2,7.949499058238E1,
-3.958101162726E-13));
#833=CARTESIAN_POINT('',(1.292102482495E2,7.949497914502E1,
-3.958439712920E-13));
#834=CARTESIAN_POINT('',(1.306450151685E2,7.942969541211E1,1.883246339271E-13));
#835=CARTESIAN_POINT('',(1.324090588227E2,7.911062339020E1,
-2.336912519740E-14));
#836=CARTESIAN_POINT('',(1.337549378472E2,7.866945946345E1,0.E0));
#837=CARTESIAN_POINT('',(1.350399110587E2,7.808423881450E1,0.E0));
#838=CARTESIAN_POINT('',(1.362186030125E2,7.723409726798E1,0.E0));
#839=CARTESIAN_POINT('',(1.371401623400E2,7.615131938063E1,0.E0));
#840=CARTESIAN_POINT('',(1.377109745985E2,7.524085361785E1,0.E0));
#841=CARTESIAN_POINT('',(1.381647474621E2,7.426110341799E1,0.E0));
#842=CARTESIAN_POINT('',(1.385030129014E2,7.323869467882E1,0.E0));
#843=CARTESIAN_POINT('',(1.387393376086E2,7.219897926088E1,
-1.663194422493E-14));
#844=CARTESIAN_POINT('',(1.389468474555E2,7.079187446857E1,8.791029609320E-14));
#845=CARTESIAN_POINT('',(1.389949795600E2,6.971881902797E1,
-3.902979746395E-13));
#846=CARTESIAN_POINT('',(1.389949905823E2,6.899999775448E1,
-3.902893791391E-13));
#848=CARTESIAN_POINT('',(1.389949905824E2,-6.899999922782E1,
-3.903084498036E-13));
#849=CARTESIAN_POINT('',(1.389949791457E2,-6.971024824650E1,
-3.903154178827E-13));
#850=CARTESIAN_POINT('',(1.389296954142E2,-7.114501515729E1,
1.856848873217E-13));
#851=CARTESIAN_POINT('',(1.386106233908E2,-7.290905882341E1,
-2.308672766925E-14));
#852=CARTESIAN_POINT('',(1.381694594639E2,-7.425493784734E1,0.E0));
#853=CARTESIAN_POINT('',(1.375842388151E2,-7.553991105918E1,0.E0));
#854=CARTESIAN_POINT('',(1.367340972685E2,-7.671860301276E1,0.E0));
#855=CARTESIAN_POINT('',(1.356513193810E2,-7.764016234054E1,0.E0));
#856=CARTESIAN_POINT('',(1.347408536181E2,-7.821097459903E1,0.E0));
#857=CARTESIAN_POINT('',(1.337611034181E2,-7.866474746273E1,0.E0));
#858=CARTESIAN_POINT('',(1.327386946788E2,-7.900301290200E1,0.E0));
#859=CARTESIAN_POINT('',(1.316989792616E2,-7.923933760911E1,
-1.132038543791E-14));
#860=CARTESIAN_POINT('',(1.302918747932E2,-7.944684740782E1,
5.992132272184E-14));
#861=CARTESIAN_POINT('',(1.292188197083E2,-7.949497952983E1,
-2.660987839639E-13));
#862=CARTESIAN_POINT('',(1.284999987729E2,-7.949499058203E1,
-2.661311654991E-13));
#864=CARTESIAN_POINT('',(-9.631055313866E1,-7.949499057996E1,
-4.373228847919E-13));
#865=CARTESIAN_POINT('',(-9.653544314028E1,-7.950479434887E1,
-4.373228847919E-13));
#866=CARTESIAN_POINT('',(-9.692290331011E1,-7.955938859481E1,
-2.150873314919E-8));
#867=CARTESIAN_POINT('',(-9.717077333341E1,-7.966229876492E1,
7.528122200648E-8));
#868=CARTESIAN_POINT('',(-9.752440524846E1,-8.003805170127E1,
-2.796161548767E-7));
#869=CARTESIAN_POINT('',(-9.761008071441E1,-8.036595914125E1,
1.043183397500E-6));
#870=CARTESIAN_POINT('',(-9.763793988105E1,-8.068552796889E1,
-2.247683824250E-6));
#871=CARTESIAN_POINT('',(-9.763210669699E1,-8.085948161079E1,
-2.247683824250E-6));
#873=CARTESIAN_POINT('',(-1.405E2,-8.1E1,-1.456612608308E-13));
#874=DIRECTION('',(0.E0,0.E0,1.E0));
#875=DIRECTION('',(-1.E0,0.E0,0.E0));
#876=AXIS2_PLACEMENT_3D('',#873,#874,#875);
#878=CARTESIAN_POINT('',(-1.405E2,-8.1E1,-1.456612608308E-13));
#879=DIRECTION('',(0.E0,0.E0,1.E0));
#880=DIRECTION('',(1.E0,0.E0,0.E0));
#881=AXIS2_PLACEMENT_3D('',#878,#879,#880);
#883=CARTESIAN_POINT('',(-1.405E2,-8.1E1,0.E0));
#884=DIRECTION('',(0.E0,0.E0,-1.E0));
#885=DIRECTION('',(6.392694064003E-2,9.979545812613E-1,0.E0));
#886=AXIS2_PLACEMENT_3D('',#883,#884,#885);
#888=CARTESIAN_POINT('',(-9.678958934075E1,-7.82E1,0.E0));
#889=DIRECTION('',(0.E0,0.E0,1.E0));
#890=DIRECTION('',(-9.979545812719E-1,-6.392694047396E-2,0.E0));
#891=AXIS2_PLACEMENT_3D('',#888,#889,#890);
#893=CARTESIAN_POINT('',(1.284997967290E2,-7.900000000123E1,0.E0));
#894=CARTESIAN_POINT('',(1.291827600508E2,-7.899999349487E1,0.E0));
#895=CARTESIAN_POINT('',(1.305403802877E2,-7.893683430636E1,0.E0));
#896=CARTESIAN_POINT('',(1.322099871092E2,-7.864824983252E1,0.E0));
#897=CARTESIAN_POINT('',(1.335211170978E2,-7.822844843831E1,0.E0));
#898=CARTESIAN_POINT('',(1.344489815553E2,-7.781233886251E1,0.E0));
#899=CARTESIAN_POINT('',(1.353289870668E2,-7.726739294906E1,0.E0));
#900=CARTESIAN_POINT('',(1.361042414559E2,-7.660485070987E1,0.E0));
#901=CARTESIAN_POINT('',(1.367661196153E2,-7.583056780956E1,0.E0));
#902=CARTESIAN_POINT('',(1.374923567747E2,-7.465910209328E1,0.E0));
#903=CARTESIAN_POINT('',(1.380855036285E2,-7.305985146429E1,0.E0));
#904=CARTESIAN_POINT('',(1.384378316426E2,-7.103955028238E1,0.E0));
#905=CARTESIAN_POINT('',(1.385000071755E2,-6.968327718479E1,0.E0));
#906=CARTESIAN_POINT('',(1.385000000018E2,-6.900022762577E1,0.E0));
#908=CARTESIAN_POINT('',(1.385000000015E2,6.899979672078E1,0.E0));
#909=CARTESIAN_POINT('',(1.384999934954E2,6.968276004430E1,0.E0));
#910=CARTESIAN_POINT('',(1.384368343066E2,7.104038028726E1,0.E0));
#911=CARTESIAN_POINT('',(1.381482498326E2,7.270998710896E1,0.E0));
#912=CARTESIAN_POINT('',(1.377284484384E2,7.402111709790E1,0.E0));
#913=CARTESIAN_POINT('',(1.373123388625E2,7.494898155518E1,0.E0));
#914=CARTESIAN_POINT('',(1.367673929491E2,7.582898706681E1,0.E0));
#915=CARTESIAN_POINT('',(1.361048507099E2,7.660424145583E1,0.E0));
#916=CARTESIAN_POINT('',(1.353305678096E2,7.726611961528E1,0.E0));
#917=CARTESIAN_POINT('',(1.341591020933E2,7.799235677461E1,0.E0));
#918=CARTESIAN_POINT('',(1.325598514643E2,7.858550362842E1,0.E0));
#919=CARTESIAN_POINT('',(1.305395502824E2,7.893783164243E1,0.E0));
#920=CARTESIAN_POINT('',(1.291832771847E2,7.900000717548E1,0.E0));
#921=CARTESIAN_POINT('',(1.285002276258E2,7.900000000179E1,0.E0));
#923=CARTESIAN_POINT('',(-1.284997967204E2,7.900000000151E1,0.E0));
#924=CARTESIAN_POINT('',(-1.291827600440E2,7.899999349532E1,0.E0));
#925=CARTESIAN_POINT('',(-1.305403802872E2,7.893683430664E1,0.E0));
#926=CARTESIAN_POINT('',(-1.322099871089E2,7.864824983257E1,0.E0));
#927=CARTESIAN_POINT('',(-1.335211170978E2,7.822844843835E1,0.E0));
#928=CARTESIAN_POINT('',(-1.344489815553E2,7.781233886248E1,0.E0));
#929=CARTESIAN_POINT('',(-1.353289870668E2,7.726739294908E1,0.E0));
#930=CARTESIAN_POINT('',(-1.361042414558E2,7.660485070987E1,0.E0));
#931=CARTESIAN_POINT('',(-1.367661196153E2,7.583056780955E1,0.E0));
#932=CARTESIAN_POINT('',(-1.374923567746E2,7.465910209321E1,0.E0));
#933=CARTESIAN_POINT('',(-1.380855036283E2,7.305985146451E1,0.E0));
#934=CARTESIAN_POINT('',(-1.384378316422E2,7.103955028298E1,0.E0));
#935=CARTESIAN_POINT('',(-1.385000071750E2,6.968327718984E1,0.E0));
#936=CARTESIAN_POINT('',(-1.385000000015E2,6.900022763242E1,0.E0));
#938=CARTESIAN_POINT('',(-1.377E2,-3.728958934075E1,0.E0));
#939=DIRECTION('',(0.E0,0.E0,1.E0));
#940=DIRECTION('',(-1.E0,9.118750199377E-9,0.E0));
#941=AXIS2_PLACEMENT_3D('',#938,#939,#940);
#943=CARTESIAN_POINT('',(-1.410817485589E2,-3.814538484438E1,
-7.593789024671E-8));
#944=CARTESIAN_POINT('',(-1.410830251344E2,-3.805135244531E1,
-1.195060275038E-4));
#945=CARTESIAN_POINT('',(-1.410837104039E2,-3.800405671295E1,
-4.726003641598E-2));
#946=CARTESIAN_POINT('',(-1.410837104038E2,-3.800405671295E1,
-1.414213588504E-1));
#948=CARTESIAN_POINT('',(-1.391855103110E2,-3.680835968788E1,
-6.107784237467E-2));
#949=CARTESIAN_POINT('',(-1.391668219121E2,-3.680978268953E1,
-4.773456464971E-2));
#950=CARTESIAN_POINT('',(-1.391268957949E2,-3.681239516819E1,
-2.529053481173E-2));
#951=CARTESIAN_POINT('',(-1.390639067656E2,-3.681175152497E1,
-5.031795090749E-3));
#952=CARTESIAN_POINT('',(-1.390180996029E2,-3.681200291433E1,
-1.404490469453E-5));
#953=CARTESIAN_POINT('',(-1.389949906086E2,-3.681198857621E1,
-5.603044998727E-12));
#955=DIRECTION('',(-1.006696647202E-9,1.E0,-9.575799053E-9));
#956=VECTOR('',#955,1.058083602458E2);
#957=CARTESIAN_POINT('',(-1.391855103110E2,-3.680835968788E1,
-6.107784237467E-2));
#958=LINE('',#957,#956);
#959=DIRECTION('',(-7.828192564511E-11,-1.E0,0.E0));
#960=VECTOR('',#959,1.058119876934E2);
#961=CARTESIAN_POINT('',(-1.389949906003E2,6.899999911722E1,
-5.602535717344E-12));
#962=LINE('',#961,#960);
#963=CARTESIAN_POINT('',(-1.389947910762E2,6.899999992497E1,
-3.283007475987E-1));
#964=DIRECTION('',(0.E0,-1.E0,0.E0));
#965=DIRECTION('',(-6.077675331215E-4,0.E0,9.999998153093E-1));
#966=AXIS2_PLACEMENT_3D('',#963,#964,#965);
#968=CARTESIAN_POINT('',(-1.284999985860E2,7.949479108901E1,
-3.283006636901E-1));
#969=DIRECTION('',(1.E0,0.E0,0.E0));
#970=DIRECTION('',(0.E0,5.810600540845E-1,8.138606843602E-1));
#971=AXIS2_PLACEMENT_3D('',#968,#969,#970);
#973=DIRECTION('',(1.E0,1.164897783636E-7,-2.143399601307E-7));
#974=VECTOR('',#973,2.569999056833E2);
#975=CARTESIAN_POINT('',(-1.284999050835E2,7.968546459146E1,
-6.101242386626E-2));
#976=LINE('',#975,#974);
#977=DIRECTION('',(-1.E0,2.871366818227E-12,0.E0));
#978=VECTOR('',#977,2.569999969933E2);
#979=CARTESIAN_POINT('',(1.284999992372E2,7.949499058238E1,
-3.958101162726E-13));
#980=LINE('',#979,#978);
#981=CARTESIAN_POINT('',(1.284999999888E2,7.949479108901E1,-3.283006636901E-1));
#982=DIRECTION('',(-1.E0,0.E0,0.E0));
#983=DIRECTION('',(0.E0,6.076502231825E-4,9.999998153806E-1));
#984=AXIS2_PLACEMENT_3D('',#981,#982,#983);
#986=CARTESIAN_POINT('',(1.389947910890E2,6.899999858601E1,-3.283006636262E-1));
#987=DIRECTION('',(0.E0,-1.E0,0.E0));
#988=DIRECTION('',(5.810600551059E-1,0.E0,8.138606836310E-1));
#989=AXIS2_PLACEMENT_3D('',#986,#987,#988);
#991=DIRECTION('',(9.510795840477E-7,-9.999999999995E-1,3.896599254855E-7));
#992=VECTOR('',#991,1.380000724072E2);
#993=CARTESIAN_POINT('',(1.391853600912E2,6.900007180972E1,-6.111900430367E-2));
#994=LINE('',#993,#992);
#995=DIRECTION('',(-1.162612704660E-12,1.E0,0.E0));
#996=VECTOR('',#995,1.379999969823E2);
#997=CARTESIAN_POINT('',(1.389949905824E2,-6.899999922782E1,
-3.903084498036E-13));
#998=LINE('',#997,#996);
#999=CARTESIAN_POINT('',(1.389947910890E2,-6.899999998551E1,
-3.283006636262E-1));
#1000=DIRECTION('',(0.E0,1.E0,0.E0));
#1001=DIRECTION('',(6.076496397179E-4,0.E0,9.999998153809E-1));
#1002=AXIS2_PLACEMENT_3D('',#999,#1000,#1001);
#1004=CARTESIAN_POINT('',(1.284999995953E2,-7.949479109559E1,
-3.283006207478E-1));
#1005=DIRECTION('',(-1.E0,0.E0,0.E0));
#1006=DIRECTION('',(0.E0,-5.810345423134E-1,8.138788980178E-1));
#1007=AXIS2_PLACEMENT_3D('',#1004,#1005,#1006);
#1009=DIRECTION('',(-1.E0,-6.709155272997E-9,-6.773916490472E-10));
#1010=VECTOR('',#1009,2.248084576439E2);
#1011=CARTESIAN_POINT('',(1.284999941684E2,-7.968549399702E1,
-6.106713077811E-2));
#1012=LINE('',#1011,#1010);
#1013=CARTESIAN_POINT('',(-9.630846347549E1,-7.968549550529E1,
-6.106728306148E-2));
#1014=CARTESIAN_POINT('',(-9.630953907252E1,-7.966679758438E1,
-4.771869035895E-2));
#1015=CARTESIAN_POINT('',(-9.631157549370E1,-7.962685791216E1,
-2.527516125683E-2));
#1016=CARTESIAN_POINT('',(-9.631039839500E1,-7.956389870105E1,
-5.031942719079E-3));
#1017=CARTESIAN_POINT('',(-9.631055382681E1,-7.951809700698E1,
-1.404010953648E-5));
#1018=CARTESIAN_POINT('',(-9.631055313866E1,-7.949499057996E1,
-4.373228847919E-13));
#1020=DIRECTION('',(1.E0,-9.200843686512E-12,0.E0));
#1021=VECTOR('',#1020,2.248105519115E2);
#1022=CARTESIAN_POINT('',(-9.631055313866E1,-7.949499057996E1,
-4.373228847919E-13));
#1023=LINE('',#1022,#1021);
#1024=CARTESIAN_POINT('',(-1.405E2,-8.1E1,-2.625E0));
#1025=DIRECTION('',(0.E0,0.E0,1.E0));
#1026=DIRECTION('',(-1.E0,0.E0,0.E0));
#1027=AXIS2_PLACEMENT_3D('',#1024,#1025,#1026);
#1029=DIRECTION('',(8.479983040051E-1,0.E0,-5.299989400031E-1));
#1030=VECTOR('',#1029,4.952840094330E0);
#1031=CARTESIAN_POINT('',(-1.825E2,-8.1E1,-1.018444587923E-13));
#1032=LINE('',#1031,#1030);
#1033=DIRECTION('',(4.089953308278E-13,-2.530225351731E-13,1.E0));
#1034=VECTOR('',#1033,8.2E0);
#1035=CARTESIAN_POINT('',(-1.590222131779E2,-1.139509881338E2,-1.32E1));
#1036=LINE('',#1035,#1034);
#1037=DIRECTION('',(-4.540541384613E-13,-1.299773297122E-13,-1.E0));
#1038=VECTOR('',#1037,8.2E0);
#1039=CARTESIAN_POINT('',(-1.219777868221E2,-1.139509881338E2,-5.E0));
#1040=LINE('',#1039,#1038);
#1041=DIRECTION('',(-7.105427357601E-14,-2.894161874925E-13,1.E0));
#1042=VECTOR('',#1041,8.2E0);
#1043=CARTESIAN_POINT('',(-1.075490118662E2,-9.952221317792E1,-1.32E1));
#1044=LINE('',#1043,#1042);
#1045=DIRECTION('',(-1.196703554964E-14,2.393407109929E-14,-1.E0));
#1046=VECTOR('',#1045,2.375E0);
#1047=CARTESIAN_POINT('',(-1.783E2,-8.1E1,-2.625E0));
#1048=LINE('',#1047,#1046);
#1049=DIRECTION('',(-2.772849700527E-14,2.356922245448E-13,-1.E0));
#1050=VECTOR('',#1049,8.2E0);
#1051=CARTESIAN_POINT('',(-1.734509881338E2,-9.952221317792E1,-5.E0));
#1052=LINE('',#1051,#1050);
#1053=DIRECTION('',(0.E0,0.E0,1.E0));
#1054=VECTOR('',#1053,2.2E0);
#1055=CARTESIAN_POINT('',(-1.590222131779E2,-1.009364267403E2,-1.54E1));
#1056=LINE('',#1055,#1054);
#1057=DIRECTION('',(-3.772812421003E-13,-1.E0,0.E0));
#1058=VECTOR('',#1057,1.280660171778E1);
#1059=CARTESIAN_POINT('',(-1.590222131779E2,-1.009364267403E2,-1.54E1));
#1060=LINE('',#1059,#1058);
#1061=DIRECTION('',(-3.907985046753E-13,-1.928531408678E-12,1.E0));
#1062=VECTOR('',#1061,2.399999999955E1);
#1063=CARTESIAN_POINT('',(-1.590222131779E2,-1.143714555828E2,
-2.899999999955E1));
#1064=LINE('',#1063,#1062);
#1065=DIRECTION('',(-1.485010660627E-13,1.E0,0.E0));
#1066=VECTOR('',#1065,1.301456139346E1);
#1067=CARTESIAN_POINT('',(-1.590222131779E2,-1.139509881338E2,-1.32E1));
#1068=LINE('',#1067,#1066);
#1069=CARTESIAN_POINT('',(-1.618546247925E2,-1.023546247900E2,-1.32E1));
#1070=DIRECTION('',(0.E0,0.E0,1.E0));
#1071=DIRECTION('',(1.E0,0.E0,0.E0));
#1072=AXIS2_PLACEMENT_3D('',#1069,#1070,#1071);
#1074=CARTESIAN_POINT('',(-1.618546247925E2,-1.023546247900E2,-1.32E1));
#1075=DIRECTION('',(0.E0,0.E0,1.E0));
#1076=DIRECTION('',(-1.E0,0.E0,0.E0));
#1077=AXIS2_PLACEMENT_3D('',#1074,#1075,#1076);
#1079=DIRECTION('',(7.071067812014E-1,-7.071067811717E-1,0.E0));
#1080=VECTOR('',#1079,2.000000000076E0);
#1081=CARTESIAN_POINT('',(-1.604364267404E2,-9.952221317793E1,-1.32E1));
#1082=LINE('',#1081,#1080);
#1083=CARTESIAN_POINT('',(-1.405E2,-8.1E1,-1.32E1));
#1084=DIRECTION('',(0.E0,0.E0,-1.E0));
#1085=DIRECTION('',(-4.900056396270E-1,-8.717192627984E-1,0.E0));
#1086=AXIS2_PLACEMENT_3D('',#1083,#1084,#1085);
#1088=DIRECTION('',(0.E0,0.E0,-1.E0));
#1089=VECTOR('',#1088,2.2E0);
#1090=CARTESIAN_POINT('',(-1.607546247925E2,-1.023546247900E2,-1.32E1));
#1091=LINE('',#1090,#1089);
#1092=CARTESIAN_POINT('',(-1.618546247925E2,-1.023546247900E2,-1.54E1));
#1093=DIRECTION('',(0.E0,0.E0,-1.E0));
#1094=DIRECTION('',(-1.E0,0.E0,0.E0));
#1095=AXIS2_PLACEMENT_3D('',#1092,#1093,#1094);
#1097=CARTESIAN_POINT('',(-1.618546247925E2,-1.023546247900E2,-1.54E1));
#1098=DIRECTION('',(0.E0,0.E0,-1.E0));
#1099=DIRECTION('',(1.E0,0.E0,0.E0));
#1100=AXIS2_PLACEMENT_3D('',#1097,#1098,#1099);
#1102=DIRECTION('',(7.071067812014E-1,-7.071067811717E-1,0.E0));
#1103=VECTOR('',#1102,2.000000000076E0);
#1104=CARTESIAN_POINT('',(-1.604364267404E2,-9.952221317793E1,-1.54E1));
#1105=LINE('',#1104,#1103);
#1106=DIRECTION('',(7.071067811870E-1,-7.071067811861E-1,0.E0));
#1107=VECTOR('',#1106,2.011126983725E1);
#1108=CARTESIAN_POINT('',(-1.732430284581E2,-9.952221317793E1,-1.54E1));
#1109=LINE('',#1108,#1107);
#1110=DIRECTION('',(0.E0,0.E0,-1.E0));
#1111=VECTOR('',#1110,2.2E0);
#1112=CARTESIAN_POINT('',(-1.629546247925E2,-1.023546247900E2,-1.32E1));
#1113=LINE('',#1112,#1111);
#1114=DIRECTION('',(0.E0,0.E0,1.E0));
#1115=VECTOR('',#1114,2.2E0);
#1116=CARTESIAN_POINT('',(-1.604364267404E2,-9.952221317793E1,-1.54E1));
#1117=LINE('',#1116,#1115);
#1118=DIRECTION('',(-1.E0,8.222154613643E-13,0.E0));
#1119=VECTOR('',#1118,1.301456139342E1);
#1120=CARTESIAN_POINT('',(-1.604364267404E2,-9.952221317793E1,-1.32E1));
#1121=LINE('',#1120,#1119);
#1122=CARTESIAN_POINT('',(-1.738714555828E2,-9.952221317793E1,
-2.899999999864E1));
#1123=CARTESIAN_POINT('',(-1.738714555835E2,-9.952221317793E1,
-2.917958921516E1));
#1124=CARTESIAN_POINT('',(-1.736894497898E2,-9.952221317793E1,
-2.937060196413E1));
#1125=CARTESIAN_POINT('',(-1.734220574658E2,-9.952221317793E1,
-2.948272115768E1));
#1126=CARTESIAN_POINT('',(-1.732430284581E2,-9.952221317793E1,
-2.949689511552E1));
#1128=DIRECTION('',(1.911327304292E-12,-1.915359640377E-14,1.E0));
#1129=VECTOR('',#1128,1.409689511552E1);
#1130=CARTESIAN_POINT('',(-1.732430284581E2,-9.952221317793E1,
-2.949689511552E1));
#1131=LINE('',#1130,#1129);
#1132=DIRECTION('',(1.E0,-2.052853817316E-13,0.E0));
#1133=VECTOR('',#1132,1.280660171775E1);
#1134=CARTESIAN_POINT('',(-1.732430284581E2,-9.952221317793E1,-1.54E1));
#1135=LINE('',#1134,#1133);
#1136=CARTESIAN_POINT('',(-1.752512166907E2,-1.001948675046E2,-5.E0));
#1137=DIRECTION('',(0.E0,0.E0,1.E0));
#1138=DIRECTION('',(-8.753455082933E-1,-4.834979225506E-1,0.E0));
#1139=AXIS2_PLACEMENT_3D('',#1136,#1137,#1138);
#1141=DIRECTION('',(7.071067811771E-1,7.071067811960E-1,0.E0));
#1142=VECTOR('',#1141,1.451276871521E0);
#1143=CARTESIAN_POINT('',(-1.748976633001E2,-1.005484208952E2,-5.E0));
#1144=LINE('',#1143,#1142);
#1145=DIRECTION('',(1.E0,4.924332517190E-11,0.E0));
#1146=VECTOR('',#1145,4.204674490963E-1);
#1147=CARTESIAN_POINT('',(-1.738714555829E2,-9.952221317794E1,-5.E0));
#1148=LINE('',#1147,#1146);
#1149=CARTESIAN_POINT('',(-1.405E2,-8.1E1,-5.E0));
#1150=DIRECTION('',(0.E0,0.E0,-1.E0));
#1151=DIRECTION('',(-8.717192627979E-1,-4.900056396278E-1,0.E0));
#1152=AXIS2_PLACEMENT_3D('',#1149,#1150,#1151);
#1154=CARTESIAN_POINT('',(-1.405E2,-8.1E1,-5.E0));
#1155=DIRECTION('',(0.E0,0.E0,-1.E0));
#1156=DIRECTION('',(-1.E0,0.E0,0.E0));
#1157=AXIS2_PLACEMENT_3D('',#1154,#1155,#1156);
#1159=DIRECTION('',(-1.E0,3.354426920479E-11,0.E0));
#1160=VECTOR('',#1159,4.204674491112E-1);
#1161=CARTESIAN_POINT('',(-1.734509881338E2,-6.247778682208E1,-5.E0));
#1162=LINE('',#1161,#1160);
#1163=DIRECTION('',(-7.071067812013E-1,7.071067811718E-1,0.E0));
#1164=VECTOR('',#1163,1.451276871509E0);
#1165=CARTESIAN_POINT('',(-1.738714555829E2,-6.247778682207E1,-5.E0));
#1166=LINE('',#1165,#1164);
#1167=CARTESIAN_POINT('',(-1.752512166907E2,-6.180513249548E1,-5.E0));
#1168=DIRECTION('',(0.E0,0.E0,1.E0));
#1169=DIRECTION('',(7.071067810946E-1,7.071067812785E-1,0.E0));
#1170=AXIS2_PLACEMENT_3D('',#1167,#1168,#1169);
#1172=CARTESIAN_POINT('',(-1.405E2,-8.1E1,-5.E0));
#1173=DIRECTION('',(0.E0,0.E0,1.E0));
#1174=DIRECTION('',(-8.753455085819E-1,4.834979220281E-1,0.E0));
#1175=AXIS2_PLACEMENT_3D('',#1172,#1173,#1174);
#1177=CARTESIAN_POINT('',(-1.405E2,-8.1E1,-5.E0));
#1178=DIRECTION('',(0.E0,0.E0,1.E0));
#1179=DIRECTION('',(-1.E0,0.E0,0.E0));
#1180=AXIS2_PLACEMENT_3D('',#1177,#1178,#1179);
#1182=DIRECTION('',(-3.175241220541E-3,-2.612338131657E-3,9.999915467306E-1));
#1183=VECTOR('',#1182,4.000033813363E0);
#1184=CARTESIAN_POINT('',(-1.748849622278E2,-1.005379714543E2,-9.E0));
#1185=LINE('',#1184,#1183);
#1186=DIRECTION('',(-1.506350599811E-12,3.907985046681E-12,-1.E0));
#1187=VECTOR('',#1186,4.E0);
#1188=CARTESIAN_POINT('',(-1.756888894449E2,-1.004366164657E2,-5.E0));
#1189=LINE('',#1188,#1187);
#1190=DIRECTION('',(-1.534772309276E-12,-4.624448972010E-13,1.E0));
#1191=VECTOR('',#1190,2.399999999946E1);
#1192=CARTESIAN_POINT('',(-1.738714555828E2,-9.952221317793E1,
-2.899999999946E1));
#1193=LINE('',#1192,#1191);
#1194=DIRECTION('',(4.362011361972E-1,8.998491922430E-1,-1.811467584276E-13));
#1195=VECTOR('',#1194,5.883705084716E-2);
#1196=CARTESIAN_POINT('',(-1.748849622278E2,-1.005379714543E2,-9.E0));
#1197=LINE('',#1196,#1195);
#1198=DIRECTION('',(1.579767375175E-3,-1.009620856752E-3,-9.999982424988E-1));
#1199=VECTOR('',#1198,6.400011248027E0);
#1200=CARTESIAN_POINT('',(-1.600116450692E2,-1.153442834265E2,-9.E0));
#1201=LINE('',#1200,#1199);
#1202=CARTESIAN_POINT('',(-1.748499029564E2,-1.005006109229E2,-1.54E1));
#1203=CARTESIAN_POINT('',(-1.748499029564E2,-1.005006109229E2,
-1.468888622191E1));
#1204=CARTESIAN_POINT('',(-1.748496375821E2,-1.004970812635E2,
-1.326666044372E1));
#1205=CARTESIAN_POINT('',(-1.748440008923E2,-1.005064316282E2,
-1.113332711039E1));
#1206=CARTESIAN_POINT('',(-1.748592974394E2,-1.004850269817E2,
-9.711108444133E0));
#1207=CARTESIAN_POINT('',(-1.748592974394E2,-1.004850269817E2,-9.E0));
#1209=DIRECTION('',(-5.706296152324E-1,-8.212075512437E-1,-3.552999909863E-14));
#1210=VECTOR('',#1209,4.999597198045E-2);
#1211=CARTESIAN_POINT('',(-1.600116450692E2,-1.153442834265E2,-9.E0));
#1212=LINE('',#1211,#1210);
#1213=DIRECTION('',(1.588271997603E-12,3.584061152485E-13,1.E0));
#1214=VECTOR('',#1213,1.359999999982E1);
#1215=CARTESIAN_POINT('',(-1.599012059049E2,-1.152504483099E2,
-2.899999999982E1));
#1216=LINE('',#1215,#1214);
#1217=DIRECTION('',(1.952182380975E-3,2.971241335509E-3,-9.999936803345E-1));
#1218=VECTOR('',#1217,4.000025278822E0);
#1219=CARTESIAN_POINT('',(-1.600479830303E2,-1.153972255367E2,-5.E0));
#1220=LINE('',#1219,#1218);
#1221=DIRECTION('',(-8.526512829121E-13,1.563194018672E-13,1.E0));
#1222=VECTOR('',#1221,4.E0);
#1223=CARTESIAN_POINT('',(-1.599366164655E2,-1.161888894450E2,-9.E0));
#1224=LINE('',#1223,#1222);
#1225=DIRECTION('',(1.891285279339E-3,-2.889941462449E-3,9.999940356214E-1));
#1226=VECTOR('',#1225,4.000023857657E0);
#1227=CARTESIAN_POINT('',(-1.209596916700E2,-1.153855561877E2,-9.E0));
#1228=LINE('',#1227,#1226);
#1229=DIRECTION('',(-3.939959469790E-12,-1.570299446030E-12,-1.E0));
#1230=VECTOR('',#1229,4.E0);
#1231=CARTESIAN_POINT('',(-1.210633835343E2,-1.161888894449E2,-5.E0));
#1232=LINE('',#1231,#1230);
#1233=DIRECTION('',(6.027770875160E-13,-2.772893026363E-12,1.E0));
#1234=VECTOR('',#1233,2.399999999949E1);
#1235=CARTESIAN_POINT('',(-1.219777868221E2,-1.143714555828E2,
-2.899999999949E1));
#1236=LINE('',#1235,#1234);
#1237=DIRECTION('',(-5.644477597438E-1,8.254687919723E-1,-2.125131594740E-13));
#1238=VECTOR('',#1237,5.015285200588E-2);
#1239=CARTESIAN_POINT('',(-1.209596916700E2,-1.153855561877E2,-9.E0));
#1240=LINE('',#1239,#1238);
#1241=DIRECTION('',(-2.153000061182E-5,-5.651764235159E-5,-9.999999981711E-1));
#1242=VECTOR('',#1241,6.400000011705E0);
#1243=CARTESIAN_POINT('',(-1.061491915950E2,-1.005005781073E2,-9.E0));
#1244=LINE('',#1243,#1242);
#1245=DIRECTION('',(1.630805412187E-3,1.033424549847E-3,9.999981362520E-1));
#1246=VECTOR('',#1245,6.400011928010E0);
#1247=CARTESIAN_POINT('',(-1.209984375091E2,-1.153507705030E2,-1.54E1));
#1248=LINE('',#1247,#1246);
#1249=DIRECTION('',(9.759513458912E-13,4.764815992788E-13,1.E0));
#1250=VECTOR('',#1249,1.359999999988E1);
#1251=CARTESIAN_POINT('',(-1.062495516901E2,-1.004012059049E2,
-2.899999999988E1));
#1252=LINE('',#1251,#1250);
#1253=DIRECTION('',(-1.796262579909E-3,1.734528083797E-3,-9.999968824217E-1));
#1254=VECTOR('',#1253,4.000012470352E0);
#1255=CARTESIAN_POINT('',(-1.061023366999E2,-1.005484208951E2,-5.E0));
#1256=LINE('',#1255,#1254);
#1257=DIRECTION('',(-1.705302565824E-13,-8.917311333789E-13,1.E0));
#1258=VECTOR('',#1257,4.E0);
#1259=CARTESIAN_POINT('',(-1.053111105550E2,-1.004366164655E2,-9.E0));
#1260=LINE('',#1259,#1258);
#1261=DIRECTION('',(3.178073791780E-3,2.614141242904E-3,9.999915330204E-1));
#1262=VECTOR('',#1261,4.000033868205E0);
#1263=CARTESIAN_POINT('',(-1.061150491027E2,-6.146203575834E1,-9.E0));
#1264=LINE('',#1263,#1262);
#1265=DIRECTION('',(-2.664535259100E-12,3.717914864865E-12,-1.E0));
#1266=VECTOR('',#1265,4.E0);
#1267=CARTESIAN_POINT('',(-1.053111105551E2,-6.156338353436E1,-5.E0));
#1268=LINE('',#1267,#1266);
#1269=DIRECTION('',(-2.295599607840E-13,-1.878838964750E-13,1.E0));
#1270=VECTOR('',#1269,1.04E1);
#1271=CARTESIAN_POINT('',(-1.071285444171E2,-6.247778682205E1,-1.54E1));
#1272=LINE('',#1271,#1270);
#1273=DIRECTION('',(-4.398225777834E-1,-8.980846842431E-1,-1.788713258679E-13));
#1274=VECTOR('',#1273,5.958552039959E-2);
#1275=CARTESIAN_POINT('',(-1.061150491027E2,-6.146203575834E1,-9.E0));
#1276=LINE('',#1275,#1274);
#1277=DIRECTION('',(-1.656117671663E-3,9.315770204453E-4,-9.999981947176E-1));
#1278=VECTOR('',#1277,6.400011553828E0);
#1279=CARTESIAN_POINT('',(-1.209881138091E2,-4.665546461388E1,-9.E0));
#1280=LINE('',#1279,#1278);
#1281=CARTESIAN_POINT('',(-1.061495547619E2,-6.149879716678E1,-1.54E1));
#1282=CARTESIAN_POINT('',(-1.061495547619E2,-6.149879716678E1,
-1.468888076178E1));
#1283=CARTESIAN_POINT('',(-1.061506892924E2,-6.150327170224E1,
-1.326665061818E1));
#1284=CARTESIAN_POINT('',(-1.061556684536E2,-6.149322084134E1,
-1.113331622746E1));
#1285=CARTESIAN_POINT('',(-1.061412561599E2,-6.151554860162E1,
-9.711105029233E0));
#1286=CARTESIAN_POINT('',(-1.061412561599E2,-6.151554860162E1,-9.E0));
#1288=DIRECTION('',(5.678770110027E-1,8.231134189008E-1,-3.622989911220E-14));
#1289=VECTOR('',#1288,4.903013485904E-2);
#1290=CARTESIAN_POINT('',(-1.209881138091E2,-4.665546461388E1,-9.E0));
#1291=LINE('',#1290,#1289);
#1292=DIRECTION('',(-2.172888245535E-3,-3.192614210193E-3,-9.999925428578E-1));
#1293=VECTOR('',#1292,4.000029828791E0);
#1294=CARTESIAN_POINT('',(-1.209515791049E2,-4.660233669988E1,-5.E0));
#1295=LINE('',#1294,#1293);
#1296=DIRECTION('',(8.171241461241E-13,-2.131628207280E-13,1.E0));
#1297=VECTOR('',#1296,4.E0);
#1298=CARTESIAN_POINT('',(-1.210633835345E2,-4.581111055499E1,-9.E0));
#1299=LINE('',#1298,#1297);
#1300=DIRECTION('',(-1.891285259125E-3,2.889941435555E-3,9.999940356215E-1));
#1301=VECTOR('',#1300,4.000023857656E0);
#1302=CARTESIAN_POINT('',(-1.600403083300E2,-4.661444381228E1,-9.E0));
#1303=LINE('',#1302,#1301);
#1304=DIRECTION('',(3.893774191965E-12,1.735500632094E-12,-1.E0));
#1305=VECTOR('',#1304,4.E0);
#1306=CARTESIAN_POINT('',(-1.599366164656E2,-4.581111055506E1,-5.E0));
#1307=LINE('',#1306,#1305);
#1308=DIRECTION('',(-4.843532982204E-13,1.528259000864E-12,1.E0));
#1309=VECTOR('',#1308,2.399999999948E1);
#1310=CARTESIAN_POINT('',(-1.590222131779E2,-4.762854441721E1,
-2.899999999948E1));
#1311=LINE('',#1310,#1309);
#1312=DIRECTION('',(5.644477597430E-1,-8.254687919729E-1,-2.125131595384E-13));
#1313=VECTOR('',#1312,5.015285199067E-2);
#1314=CARTESIAN_POINT('',(-1.600403083300E2,-4.661444381228E1,-9.E0));
#1315=LINE('',#1314,#1313);
#1316=DIRECTION('',(2.153000081832E-5,5.651764269576E-5,-9.999999981711E-1));
#1317=VECTOR('',#1316,6.400000011705E0);
#1318=CARTESIAN_POINT('',(-1.748508084050E2,-6.149942189272E1,-9.E0));
#1319=LINE('',#1318,#1317);
#1320=DIRECTION('',(-1.630805414960E-3,-1.033424551410E-3,9.999981362520E-1));
#1321=VECTOR('',#1320,6.400011928010E0);
#1322=CARTESIAN_POINT('',(-1.600015624909E2,-4.664922949697E1,-1.54E1));
#1323=LINE('',#1322,#1321);
#1324=DIRECTION('',(1.839051786678E-13,6.818075515952E-13,1.E0));
#1325=VECTOR('',#1324,1.359999999996E1);
#1326=CARTESIAN_POINT('',(-1.747504483099E2,-6.159879409508E1,
-2.899999999996E1));
#1327=LINE('',#1326,#1325);
#1328=DIRECTION('',(1.796262584201E-3,-1.734528087767E-3,-9.999968824217E-1));
#1329=VECTOR('',#1328,4.000012470352E0);
#1330=CARTESIAN_POINT('',(-1.748976633001E2,-6.145157910486E1,-5.E0));
#1331=LINE('',#1330,#1329);
#1332=DIRECTION('',(-7.673861546209E-13,-1.460165321987E-12,1.E0));
#1333=VECTOR('',#1332,4.E0);
#1334=CARTESIAN_POINT('',(-1.756888894450E2,-6.156338353446E1,-9.E0));
#1335=LINE('',#1334,#1333);
#1336=DIRECTION('',(0.E0,0.E0,1.E0));
#1337=VECTOR('',#1336,2.2E0);
#1338=CARTESIAN_POINT('',(-1.604364267403E2,-6.247778682207E1,-1.54E1));
#1339=LINE('',#1338,#1337);
#1340=DIRECTION('',(-1.E0,-9.254486938570E-13,0.E0));
#1341=VECTOR('',#1340,1.280660171779E1);
#1342=CARTESIAN_POINT('',(-1.604364267403E2,-6.247778682207E1,-1.54E1));
#1343=LINE('',#1342,#1341);
#1344=DIRECTION('',(-1.657933050107E-13,-4.488261614217E-13,1.E0));
#1345=VECTOR('',#1344,2.4E1);
#1346=CARTESIAN_POINT('',(-1.738714555829E2,-6.247778682206E1,-2.9E1));
#1347=LINE('',#1346,#1345);
#1348=DIRECTION('',(1.E0,7.741709988110E-13,0.E0));
#1349=VECTOR('',#1348,1.301456139348E1);
#1350=CARTESIAN_POINT('',(-1.734509881338E2,-6.247778682208E1,-1.32E1));
#1351=LINE('',#1350,#1349);
#1352=CARTESIAN_POINT('',(-1.618546247910E2,-5.964537520754E1,-1.32E1));
#1353=DIRECTION('',(0.E0,0.E0,1.E0));
#1354=DIRECTION('',(1.E0,0.E0,0.E0));
#1355=AXIS2_PLACEMENT_3D('',#1352,#1353,#1354);
#1357=CARTESIAN_POINT('',(-1.618546247910E2,-5.964537520754E1,-1.32E1));
#1358=DIRECTION('',(0.E0,0.E0,1.E0));
#1359=DIRECTION('',(-1.E0,0.E0,0.E0));
#1360=AXIS2_PLACEMENT_3D('',#1357,#1358,#1359);
#1362=DIRECTION('',(-7.071067812E-1,-7.071067811731E-1,0.E0));
#1363=VECTOR('',#1362,1.999999999999E0);
#1364=CARTESIAN_POINT('',(-1.590222131779E2,-6.106357325972E1,-1.32E1));
#1365=LINE('',#1364,#1363);
#1366=CARTESIAN_POINT('',(-1.405E2,-8.1E1,-1.32E1));
#1367=DIRECTION('',(0.E0,0.E0,-1.E0));
#1368=DIRECTION('',(-8.717192627980E-1,4.900056396276E-1,0.E0));
#1369=AXIS2_PLACEMENT_3D('',#1366,#1367,#1368);
#1371=DIRECTION('',(0.E0,0.E0,-1.E0));
#1372=VECTOR('',#1371,2.2E0);
#1373=CARTESIAN_POINT('',(-1.607546247910E2,-5.964537520754E1,-1.32E1));
#1374=LINE('',#1373,#1372);
#1375=CARTESIAN_POINT('',(-1.618546247910E2,-5.964537520754E1,-1.54E1));
#1376=DIRECTION('',(0.E0,0.E0,-1.E0));
#1377=DIRECTION('',(-1.E0,0.E0,0.E0));
#1378=AXIS2_PLACEMENT_3D('',#1375,#1376,#1377);
#1380=CARTESIAN_POINT('',(-1.618546247910E2,-5.964537520754E1,-1.54E1));
#1381=DIRECTION('',(0.E0,0.E0,-1.E0));
#1382=DIRECTION('',(1.E0,0.E0,0.E0));
#1383=AXIS2_PLACEMENT_3D('',#1380,#1381,#1382);
#1385=DIRECTION('',(-7.071067812E-1,-7.071067811731E-1,0.E0));
#1386=VECTOR('',#1385,1.999999999999E0);
#1387=CARTESIAN_POINT('',(-1.590222131779E2,-6.106357325972E1,-1.54E1));
#1388=LINE('',#1387,#1386);
#1389=DIRECTION('',(-7.071067811870E-1,-7.071067811861E-1,0.E0));
#1390=VECTOR('',#1389,2.011126983724E1);
#1391=CARTESIAN_POINT('',(-1.590222131779E2,-4.825697154191E1,-1.54E1));
#1392=LINE('',#1391,#1390);
#1393=DIRECTION('',(0.E0,0.E0,-1.E0));
#1394=VECTOR('',#1393,2.2E0);
#1395=CARTESIAN_POINT('',(-1.629546247910E2,-5.964537520754E1,-1.32E1));
#1396=LINE('',#1395,#1394);
#1397=DIRECTION('',(0.E0,0.E0,1.E0));
#1398=VECTOR('',#1397,2.2E0);
#1399=CARTESIAN_POINT('',(-1.590222131779E2,-6.106357325972E1,-1.54E1));
#1400=LINE('',#1399,#1398);
#1401=DIRECTION('',(7.861821144470E-14,1.E0,0.E0));
#1402=VECTOR('',#1401,1.301456139350E1);
#1403=CARTESIAN_POINT('',(-1.590222131779E2,-6.106357325972E1,-1.32E1));
#1404=LINE('',#1403,#1402);
#1405=CARTESIAN_POINT('',(-1.590222131779E2,-4.762854441726E1,
-2.899999999872E1));
#1406=CARTESIAN_POINT('',(-1.590222131779E2,-4.762854441660E1,
-2.917958921520E1));
#1407=CARTESIAN_POINT('',(-1.590222131779E2,-4.781055021026E1,
-2.937060196415E1));
#1408=CARTESIAN_POINT('',(-1.590222131779E2,-4.807794253421E1,
-2.948272115768E1));
#1409=CARTESIAN_POINT('',(-1.590222131779E2,-4.825697154191E1,
-2.949689511552E1));
#1411=DIRECTION('',(0.E0,-1.181978514917E-12,1.E0));
#1412=VECTOR('',#1411,1.409689511552E1);
#1413=CARTESIAN_POINT('',(-1.590222131779E2,-4.825697154189E1,
-2.949689511552E1));
#1414=LINE('',#1413,#1412);
#1415=DIRECTION('',(-1.420352911433E-13,-1.E0,0.E0));
#1416=VECTOR('',#1415,1.280660171782E1);
#1417=CARTESIAN_POINT('',(-1.590222131779E2,-4.825697154191E1,-1.54E1));
#1418=LINE('',#1417,#1416);
#1419=DIRECTION('',(-8.318549101582E-14,-3.899319891366E-14,1.E0));
#1420=VECTOR('',#1419,8.2E0);
#1421=CARTESIAN_POINT('',(-1.734509881338E2,-6.247778682208E1,-1.32E1));
#1422=LINE('',#1421,#1420);
#1423=DIRECTION('',(1.196703554964E-14,0.E0,-1.E0));
#1424=VECTOR('',#1423,2.375E0);
#1425=CARTESIAN_POINT('',(-1.027E2,-8.1E1,-2.625E0));
#1426=LINE('',#1425,#1424);
#1427=DIRECTION('',(3.466062125659E-14,-2.460904109218E-13,-1.E0));
#1428=VECTOR('',#1427,8.2E0);
#1429=CARTESIAN_POINT('',(-1.075490118662E2,-6.247778682208E1,-5.E0));
#1430=LINE('',#1429,#1428);
#1431=DIRECTION('',(-1.247782365237E-13,3.292759019376E-14,1.E0));
#1432=VECTOR('',#1431,8.2E0);
#1433=CARTESIAN_POINT('',(-1.219777868221E2,-4.804901186622E1,-1.32E1));
#1434=LINE('',#1433,#1432);
#1435=DIRECTION('',(-6.238911826186E-14,-3.639365231942E-14,-1.E0));
#1436=VECTOR('',#1435,8.2E0);
#1437=CARTESIAN_POINT('',(-1.590222131779E2,-4.804901186622E1,-5.E0));
#1438=LINE('',#1437,#1436);
#1439=DIRECTION('',(-8.479983040051E-1,0.E0,-5.299989400031E-1));
#1440=VECTOR('',#1439,4.952840094330E0);
#1441=CARTESIAN_POINT('',(-9.85E1,-8.1E1,-1.018444587923E-13));
#1442=LINE('',#1441,#1440);
#1443=CARTESIAN_POINT('',(-1.405E2,-8.1E1,-2.625E0));
#1444=DIRECTION('',(0.E0,0.E0,1.E0));
#1445=DIRECTION('',(1.E0,0.E0,0.E0));
#1446=AXIS2_PLACEMENT_3D('',#1443,#1444,#1445);
#1448=CARTESIAN_POINT('',(-1.057487833093E2,-6.180513249543E1,-5.E0));
#1449=DIRECTION('',(0.E0,0.E0,1.E0));
#1450=DIRECTION('',(8.753455084039E-1,4.834979223505E-1,0.E0));
#1451=AXIS2_PLACEMENT_3D('',#1448,#1449,#1450);
#1453=DIRECTION('',(-7.071067811802E-1,-7.071067811929E-1,0.E0));
#1454=VECTOR('',#1453,1.451276871488E0);
#1455=CARTESIAN_POINT('',(-1.061023366999E2,-6.145157910484E1,-5.E0));
#1456=LINE('',#1455,#1454);
#1457=DIRECTION('',(-1.E0,-5.906157222750E-11,0.E0));
#1458=VECTOR('',#1457,4.204674491082E-1);
#1459=CARTESIAN_POINT('',(-1.071285444171E2,-6.247778682205E1,-5.E0));
#1460=LINE('',#1459,#1458);
#1461=CARTESIAN_POINT('',(-1.405E2,-8.1E1,-5.E0));
#1462=DIRECTION('',(0.E0,0.E0,-1.E0));
#1463=DIRECTION('',(8.717192627979E-1,4.900056396278E-1,0.E0));
#1464=AXIS2_PLACEMENT_3D('',#1461,#1462,#1463);
#1466=CARTESIAN_POINT('',(-1.405E2,-8.1E1,-5.E0));
#1467=DIRECTION('',(0.E0,0.E0,-1.E0));
#1468=DIRECTION('',(1.E0,0.E0,0.E0));
#1469=AXIS2_PLACEMENT_3D('',#1466,#1467,#1468);
#1471=DIRECTION('',(1.E0,-3.095874115063E-11,0.E0));
#1472=VECTOR('',#1471,4.204674491055E-1);
#1473=CARTESIAN_POINT('',(-1.075490118662E2,-9.952221317792E1,-5.E0));
#1474=LINE('',#1473,#1472);
#1475=DIRECTION('',(7.071067812060E-1,-7.071067811671E-1,0.E0));
#1476=VECTOR('',#1475,1.451276871470E0);
#1477=CARTESIAN_POINT('',(-1.071285444171E2,-9.952221317794E1,-5.E0));
#1478=LINE('',#1477,#1476);
#1479=CARTESIAN_POINT('',(-1.057487833093E2,-1.001948675045E2,-5.E0));
#1480=DIRECTION('',(0.E0,0.E0,1.E0));
#1481=DIRECTION('',(-7.071067812544E-1,-7.071067811187E-1,0.E0));
#1482=AXIS2_PLACEMENT_3D('',#1479,#1480,#1481);
#1484=CARTESIAN_POINT('',(-1.405E2,-8.1E1,-5.E0));
#1485=DIRECTION('',(0.E0,0.E0,1.E0));
#1486=DIRECTION('',(8.753455085827E-1,-4.834979220267E-1,0.E0));
#1487=AXIS2_PLACEMENT_3D('',#1484,#1485,#1486);
#1489=CARTESIAN_POINT('',(-1.405E2,-8.1E1,-5.E0));
#1490=DIRECTION('',(0.E0,0.E0,1.E0));
#1491=DIRECTION('',(1.E0,0.E0,0.E0));
#1492=AXIS2_PLACEMENT_3D('',#1489,#1490,#1491);
#1494=DIRECTION('',(0.E0,0.E0,1.E0));
#1495=VECTOR('',#1494,2.2E0);
#1496=CARTESIAN_POINT('',(-1.205635732596E2,-6.247778682207E1,-1.54E1));
#1497=LINE('',#1496,#1495);
#1498=DIRECTION('',(1.E0,-8.189397025541E-13,0.E0));
#1499=VECTOR('',#1498,1.301456139342E1);
#1500=CARTESIAN_POINT('',(-1.205635732596E2,-6.247778682207E1,-1.32E1));
#1501=LINE('',#1500,#1499);
#1502=DIRECTION('',(-1.E0,-1.351271151812E-12,0.E0));
#1503=VECTOR('',#1502,1.343502884253E1);
#1504=CARTESIAN_POINT('',(-1.071285444171E2,-6.247778682205E1,-1.54E1));
#1505=LINE('',#1504,#1503);
#1506=DIRECTION('',(0.E0,0.E0,1.E0));
#1507=VECTOR('',#1506,2.2E0);
#1508=CARTESIAN_POINT('',(-1.219777868221E2,-6.106357325967E1,-1.54E1));
#1509=LINE('',#1508,#1507);
#1510=DIRECTION('',(3.638647954786E-13,1.E0,0.E0));
#1511=VECTOR('',#1510,1.343502884251E1);
#1512=CARTESIAN_POINT('',(-1.219777868221E2,-6.106357325967E1,-1.54E1));
#1513=LINE('',#1512,#1511);
#1514=DIRECTION('',(2.186285340800E-14,-1.134135520540E-13,1.E0));
#1515=VECTOR('',#1514,1.04E1);
#1516=CARTESIAN_POINT('',(-1.219777868221E2,-4.762854441716E1,-1.54E1));
#1517=LINE('',#1516,#1515);
#1518=DIRECTION('',(-9.062932708248E-14,-1.E0,0.E0));
#1519=VECTOR('',#1518,1.301456139345E1);
#1520=CARTESIAN_POINT('',(-1.219777868221E2,-4.804901186622E1,-1.32E1));
#1521=LINE('',#1520,#1519);
#1522=CARTESIAN_POINT('',(-1.191453752086E2,-5.964537520896E1,-1.54E1));
#1523=DIRECTION('',(0.E0,0.E0,-1.E0));
#1524=DIRECTION('',(-1.E0,0.E0,0.E0));
#1525=AXIS2_PLACEMENT_3D('',#1522,#1523,#1524);
#1527=CARTESIAN_POINT('',(-1.191453752086E2,-5.964537520896E1,-1.54E1));
#1528=DIRECTION('',(0.E0,0.E0,-1.E0));
#1529=DIRECTION('',(1.E0,0.E0,0.E0));
#1530=AXIS2_PLACEMENT_3D('',#1527,#1528,#1529);
#1532=DIRECTION('',(-7.071067812014E-1,7.071067811717E-1,0.E0));
#1533=VECTOR('',#1532,2.000000000076E0);
#1534=CARTESIAN_POINT('',(-1.205635732596E2,-6.247778682207E1,-1.54E1));
#1535=LINE('',#1534,#1533);
#1536=DIRECTION('',(7.071067811707E-1,7.071067812024E-1,0.E0));
#1537=VECTOR('',#1536,1.384500447878E0);
#1538=CARTESIAN_POINT('',(-1.071285444171E2,-6.247778682205E1,-1.54E1));
#1539=LINE('',#1538,#1537);
#1540=CARTESIAN_POINT('',(-1.405E2,-8.1E1,-1.54E1));
#1541=DIRECTION('',(0.E0,0.E0,1.E0));
#1542=DIRECTION('',(8.696315250159E-1,4.937013375499E-1,0.E0));
#1543=AXIS2_PLACEMENT_3D('',#1540,#1541,#1542);
#1545=DIRECTION('',(-7.071183128923E-1,-7.070952492927E-1,0.E0));
#1546=VECTOR('',#1545,1.384596923753E0);
#1547=CARTESIAN_POINT('',(-1.209987129813E2,-4.664950251019E1,-1.54E1));
#1548=LINE('',#1547,#1546);
#1549=DIRECTION('',(0.E0,0.E0,-1.E0));
#1550=VECTOR('',#1549,2.2E0);
#1551=CARTESIAN_POINT('',(-1.180453752086E2,-5.964537520896E1,-1.32E1));
#1552=LINE('',#1551,#1550);
#1553=DIRECTION('',(0.E0,0.E0,-1.E0));
#1554=VECTOR('',#1553,2.2E0);
#1555=CARTESIAN_POINT('',(-1.202453752086E2,-5.964537520896E1,-1.32E1));
#1556=LINE('',#1555,#1554);
#1557=CARTESIAN_POINT('',(-1.191453752086E2,-5.964537520896E1,-1.32E1));
#1558=DIRECTION('',(0.E0,0.E0,1.E0));
#1559=DIRECTION('',(1.E0,0.E0,0.E0));
#1560=AXIS2_PLACEMENT_3D('',#1557,#1558,#1559);
#1562=CARTESIAN_POINT('',(-1.191453752086E2,-5.964537520896E1,-1.32E1));
#1563=DIRECTION('',(0.E0,0.E0,1.E0));
#1564=DIRECTION('',(-1.E0,0.E0,0.E0));
#1565=AXIS2_PLACEMENT_3D('',#1562,#1563,#1564);
#1567=DIRECTION('',(-7.071067812014E-1,7.071067811717E-1,0.E0));
#1568=VECTOR('',#1567,2.000000000076E0);
#1569=CARTESIAN_POINT('',(-1.205635732596E2,-6.247778682207E1,-1.32E1));
#1570=LINE('',#1569,#1568);
#1571=CARTESIAN_POINT('',(-1.405E2,-8.1E1,-1.32E1));
#1572=DIRECTION('',(0.E0,0.E0,-1.E0));
#1573=DIRECTION('',(4.900056396270E-1,8.717192627984E-1,0.E0));
#1574=AXIS2_PLACEMENT_3D('',#1571,#1572,#1573);
#1576=CARTESIAN_POINT('',(-1.596948675046E2,-4.624878330933E1,-5.E0));
#1577=DIRECTION('',(0.E0,0.E0,1.E0));
#1578=DIRECTION('',(-4.834979221706E-1,8.753455085032E-1,0.E0));
#1579=AXIS2_PLACEMENT_3D('',#1576,#1577,#1578);
#1581=DIRECTION('',(7.071067462522E-1,-7.071068161209E-1,0.E0));
#1582=VECTOR('',#1581,1.450502832393E0);
#1583=CARTESIAN_POINT('',(-1.600478735161E2,-4.660288397759E1,-5.E0));
#1584=LINE('',#1583,#1582);
#1585=DIRECTION('',(-2.433438169384E-12,-1.E0,0.E0));
#1586=VECTOR('',#1585,4.204674490471E-1);
#1587=CARTESIAN_POINT('',(-1.590222131779E2,-4.762854441717E1,-5.E0));
#1588=LINE('',#1587,#1586);
#1589=CARTESIAN_POINT('',(-1.405E2,-8.1E1,-5.E0));
#1590=DIRECTION('',(0.E0,0.E0,-1.E0));
#1591=DIRECTION('',(-4.900056396270E-1,8.717192627984E-1,0.E0));
#1592=AXIS2_PLACEMENT_3D('',#1589,#1590,#1591);
#1594=DIRECTION('',(1.179541557057E-11,1.E0,0.E0));
#1595=VECTOR('',#1594,4.204674490637E-1);
#1596=CARTESIAN_POINT('',(-1.219777868221E2,-4.804901186622E1,-5.E0));
#1597=LINE('',#1596,#1595);
#1598=DIRECTION('',(7.071067811655E-1,7.071067812076E-1,0.E0));
#1599=VECTOR('',#1598,1.451276871552E0);
#1600=CARTESIAN_POINT('',(-1.219777868221E2,-4.762854441716E1,-5.E0));
#1601=LINE('',#1600,#1599);
#1602=CARTESIAN_POINT('',(-1.213051324955E2,-4.624878330930E1,-5.E0));
#1603=DIRECTION('',(0.E0,0.E0,1.E0));
#1604=DIRECTION('',(7.071067812039E-1,-7.071067811691E-1,0.E0));
#1605=AXIS2_PLACEMENT_3D('',#1602,#1603,#1604);
#1607=CARTESIAN_POINT('',(-1.405E2,-8.1E1,-5.E0));
#1608=DIRECTION('',(0.E0,0.E0,1.E0));
#1609=DIRECTION('',(4.834979220266E-1,8.753455085827E-1,0.E0));
#1610=AXIS2_PLACEMENT_3D('',#1607,#1608,#1609);
#1612=DIRECTION('',(0.E0,0.E0,1.E0));
#1613=VECTOR('',#1612,2.2E0);
#1614=CARTESIAN_POINT('',(-1.205635732597E2,-9.952221317793E1,-1.54E1));
#1615=LINE('',#1614,#1613);
#1616=DIRECTION('',(1.E0,2.973863908319E-13,0.E0));
#1617=VECTOR('',#1616,1.280660171779E1);
#1618=CARTESIAN_POINT('',(-1.205635732597E2,-9.952221317793E1,-1.54E1));
#1619=LINE('',#1618,#1617);
#1620=DIRECTION('',(2.042218246406E-12,-4.186280951607E-13,1.E0));
#1621=VECTOR('',#1620,2.399999999950E1);
#1622=CARTESIAN_POINT('',(-1.071285444172E2,-9.952221317793E1,
-2.899999999950E1));
#1623=LINE('',#1622,#1621);
#1624=DIRECTION('',(-1.E0,-7.763548380178E-13,0.E0));
#1625=VECTOR('',#1624,1.301456139348E1);
#1626=CARTESIAN_POINT('',(-1.075490118662E2,-9.952221317792E1,-1.32E1));
#1627=LINE('',#1626,#1625);
#1628=CARTESIAN_POINT('',(-1.191453752100E2,-1.023546247914E2,-1.32E1));
#1629=DIRECTION('',(0.E0,0.E0,1.E0));
#1630=DIRECTION('',(1.E0,0.E0,0.E0));
#1631=AXIS2_PLACEMENT_3D('',#1628,#1629,#1630);
#1633=CARTESIAN_POINT('',(-1.191453752100E2,-1.023546247914E2,-1.32E1));
#1634=DIRECTION('',(0.E0,0.E0,1.E0));
#1635=DIRECTION('',(-1.E0,0.E0,0.E0));
#1636=AXIS2_PLACEMENT_3D('',#1633,#1634,#1635);
#1638=DIRECTION('',(7.071067812E-1,7.071067811731E-1,0.E0));
#1639=VECTOR('',#1638,1.999999999999E0);
#1640=CARTESIAN_POINT('',(-1.219777868221E2,-1.009364267403E2,-1.32E1));
#1641=LINE('',#1640,#1639);
#1642=CARTESIAN_POINT('',(-1.405E2,-8.1E1,-1.32E1));
#1643=DIRECTION('',(0.E0,0.E0,-1.E0));
#1644=DIRECTION('',(8.717192627980E-1,-4.900056396276E-1,0.E0));
#1645=AXIS2_PLACEMENT_3D('',#1642,#1643,#1644);
#1647=DIRECTION('',(0.E0,0.E0,-1.E0));
#1648=VECTOR('',#1647,2.2E0);
#1649=CARTESIAN_POINT('',(-1.180453752100E2,-1.023546247914E2,-1.32E1));
#1650=LINE('',#1649,#1648);
#1651=CARTESIAN_POINT('',(-1.191453752100E2,-1.023546247914E2,-1.54E1));
#1652=DIRECTION('',(0.E0,0.E0,-1.E0));
#1653=DIRECTION('',(-1.E0,0.E0,0.E0));
#1654=AXIS2_PLACEMENT_3D('',#1651,#1652,#1653);
#1656=CARTESIAN_POINT('',(-1.191453752100E2,-1.023546247914E2,-1.54E1));
#1657=DIRECTION('',(0.E0,0.E0,-1.E0));
#1658=DIRECTION('',(1.E0,0.E0,0.E0));
#1659=AXIS2_PLACEMENT_3D('',#1656,#1657,#1658);
#1661=DIRECTION('',(7.071067812E-1,7.071067811731E-1,0.E0));
#1662=VECTOR('',#1661,1.999999999999E0);
#1663=CARTESIAN_POINT('',(-1.219777868221E2,-1.009364267403E2,-1.54E1));
#1664=LINE('',#1663,#1662);
#1665=DIRECTION('',(7.071067811869E-1,7.071067811862E-1,0.E0));
#1666=VECTOR('',#1665,2.011126983723E1);
#1667=CARTESIAN_POINT('',(-1.219777868221E2,-1.137430284581E2,-1.54E1));
#1668=LINE('',#1667,#1666);
#1669=DIRECTION('',(0.E0,0.E0,-1.E0));
#1670=VECTOR('',#1669,2.2E0);
#1671=CARTESIAN_POINT('',(-1.202453752100E2,-1.023546247914E2,-1.32E1));
#1672=LINE('',#1671,#1670);
#1673=DIRECTION('',(0.E0,0.E0,1.E0));
#1674=VECTOR('',#1673,2.2E0);
#1675=CARTESIAN_POINT('',(-1.219777868221E2,-1.009364267403E2,-1.54E1));
#1676=LINE('',#1675,#1674);
#1677=DIRECTION('',(-2.991859713310E-13,-1.E0,0.E0));
#1678=VECTOR('',#1677,1.301456139351E1);
#1679=CARTESIAN_POINT('',(-1.219777868221E2,-1.009364267403E2,-1.32E1));
#1680=LINE('',#1679,#1678);
#1681=CARTESIAN_POINT('',(-1.219777868221E2,-1.143714555828E2,
-2.899999999872E1));
#1682=CARTESIAN_POINT('',(-1.219777868221E2,-1.143714555834E2,
-2.917958921522E1));
#1683=CARTESIAN_POINT('',(-1.219777868221E2,-1.141894497898E2,
-2.937060196417E1));
#1684=CARTESIAN_POINT('',(-1.219777868221E2,-1.139220574658E2,
-2.948272115769E1));
#1685=CARTESIAN_POINT('',(-1.219777868221E2,-1.137430284581E2,
-2.949689511552E1));
#1687=DIRECTION('',(0.E0,0.E0,1.E0));
#1688=VECTOR('',#1687,1.409689511552E1);
#1689=CARTESIAN_POINT('',(-1.219777868221E2,-1.137430284581E2,
-2.949689511552E1));
#1690=LINE('',#1689,#1688);
#1691=DIRECTION('',(7.434659770775E-14,1.E0,0.E0));
#1692=VECTOR('',#1691,1.280660171782E1);
#1693=CARTESIAN_POINT('',(-1.219777868221E2,-1.137430284581E2,-1.54E1));
#1694=LINE('',#1693,#1692);
#1695=CARTESIAN_POINT('',(-1.596948675045E2,-1.157512166907E2,-5.E0));
#1696=DIRECTION('',(0.E0,0.E0,1.E0));
#1697=DIRECTION('',(-7.071067813648E-1,7.071067810083E-1,0.E0));
#1698=AXIS2_PLACEMENT_3D('',#1695,#1696,#1697);
#1700=CARTESIAN_POINT('',(-1.405E2,-8.1E1,-5.E0));
#1701=DIRECTION('',(0.E0,0.E0,1.E0));
#1702=DIRECTION('',(-4.834979220267E-1,-8.753455085827E-1,0.E0));
#1703=AXIS2_PLACEMENT_3D('',#1700,#1701,#1702);
#1705=CARTESIAN_POINT('',(-1.213051324954E2,-1.157512166907E2,-5.E0));
#1706=DIRECTION('',(0.E0,0.E0,1.E0));
#1707=DIRECTION('',(4.834979225507E-1,-8.753455082933E-1,0.E0));
#1708=AXIS2_PLACEMENT_3D('',#1705,#1706,#1707);
#1710=DIRECTION('',(-7.071067462562E-1,7.071068161169E-1,0.E0));
#1711=VECTOR('',#1710,1.450502832478E0);
#1712=CARTESIAN_POINT('',(-1.209521264838E2,-1.153971160225E2,-5.E0));
#1713=LINE('',#1712,#1711);
#1714=DIRECTION('',(-3.514966244170E-11,1.E0,0.E0));
#1715=VECTOR('',#1714,4.204674491063E-1);
#1716=CARTESIAN_POINT('',(-1.219777868221E2,-1.143714555829E2,-5.E0));
#1717=LINE('',#1716,#1715);
#1718=CARTESIAN_POINT('',(-1.405E2,-8.1E1,-5.E0));
#1719=DIRECTION('',(0.E0,0.E0,-1.E0));
#1720=DIRECTION('',(4.900056396272E-1,-8.717192627983E-1,0.E0));
#1721=AXIS2_PLACEMENT_3D('',#1718,#1719,#1720);
#1723=DIRECTION('',(-3.447370739665E-11,-1.E0,0.E0));
#1724=VECTOR('',#1723,4.204674490831E-1);
#1725=CARTESIAN_POINT('',(-1.590222131779E2,-1.139509881338E2,-5.E0));
#1726=LINE('',#1725,#1724);
#1727=DIRECTION('',(-7.071067462317E-1,-7.071068161414E-1,0.E0));
#1728=VECTOR('',#1727,1.450657708843E0);
#1729=CARTESIAN_POINT('',(-1.590222131779E2,-1.143714555829E2,-5.E0));
#1730=LINE('',#1729,#1728);
#1731=DIRECTION('',(7.071067811985E-1,-7.071067811746E-1,-3.335239788744E-10));
#1732=VECTOR('',#1731,1.243083435864E0);
#1733=CARTESIAN_POINT('',(-1.219777868221E2,-1.143714555828E2,
-2.899999999949E1));
#1734=LINE('',#1733,#1732);
#1735=CARTESIAN_POINT('',(-1.207452407044E2,-1.148968949193E2,-2.9E1));
#1736=DIRECTION('',(-7.071067811882E-1,7.071067811849E-1,0.E0));
#1737=DIRECTION('',(-8.270717444248E-12,-8.270717444248E-12,-1.E0));
#1738=AXIS2_PLACEMENT_3D('',#1735,#1736,#1737);
#1740=DIRECTION('',(-5.935121675215E-13,2.006238312749E-13,1.E0));
#1741=VECTOR('',#1740,1.359999999990E1);
#1742=CARTESIAN_POINT('',(-1.210987940950E2,-1.152504483099E2,
-2.899999999990E1));
#1743=LINE('',#1742,#1741);
#1744=CARTESIAN_POINT('',(-1.066031050807E2,-1.007547592955E2,-2.9E1));
#1745=DIRECTION('',(-7.071067812069E-1,7.071067811662E-1,0.E0));
#1746=DIRECTION('',(7.071067811662E-1,7.071067812069E-1,2.085585038003E-10));
#1747=AXIS2_PLACEMENT_3D('',#1744,#1745,#1746);
#1749=CARTESIAN_POINT('',(-1.143812796737E2,-1.085329338886E2,-2.36E1));
#1750=DIRECTION('',(7.071067811878E-1,-7.071067811852E-1,0.E0));
#1751=DIRECTION('',(6.846789801784E-11,6.848210887256E-11,1.E0));
#1752=AXIS2_PLACEMENT_3D('',#1749,#1750,#1751);
#1754=CARTESIAN_POINT('',(-1.143812796737E2,-1.085329338886E2,-2.66E1));
#1755=DIRECTION('',(7.071067811878E-1,-7.071067811852E-1,0.E0));
#1756=DIRECTION('',(-7.071067811852E-1,-7.071067811878E-1,2.844622315479E-10));
#1757=AXIS2_PLACEMENT_3D('',#1754,#1755,#1756);
#1759=CARTESIAN_POINT('',(-1.094315322054E2,-1.035831864203E2,-2.66E1));
#1760=DIRECTION('',(7.071067811878E-1,-7.071067811852E-1,0.E0));
#1761=DIRECTION('',(9.575273907103E-11,9.575273907103E-11,-1.E0));
#1762=AXIS2_PLACEMENT_3D('',#1759,#1760,#1761);
#1764=CARTESIAN_POINT('',(-1.094315322054E2,-1.035831864203E2,-2.36E1));
#1765=DIRECTION('',(7.071067811878E-1,-7.071067811852E-1,0.E0));
#1766=DIRECTION('',(7.071067811852E-1,7.071067811878E-1,-2.844622315479E-10));
#1767=AXIS2_PLACEMENT_3D('',#1764,#1765,#1766);
#1769=CARTESIAN_POINT('',(-1.405E2,-8.1E1,-1.54E1));
#1770=DIRECTION('',(0.E0,0.E0,1.E0));
#1771=DIRECTION('',(4.937013375499E-1,-8.696315250159E-1,0.E0));
#1772=AXIS2_PLACEMENT_3D('',#1769,#1770,#1771);
#1774=CARTESIAN_POINT('',(-1.061493293870E2,-1.005009398202E2,-1.54E1));
#1775=CARTESIAN_POINT('',(-1.061826441792E2,-1.004676250279E2,-1.54E1));
#1776=CARTESIAN_POINT('',(-1.062162368978E2,-1.004345206972E2,-1.54E1));
#1777=CARTESIAN_POINT('',(-1.062495516901E2,-1.004012059049E2,-1.54E1));
#1779=DIRECTION('',(-7.071067811847E-1,-7.071067811884E-1,0.E0));
#1780=VECTOR('',#1779,2.100000000003E1);
#1781=CARTESIAN_POINT('',(-1.062495516901E2,-1.004012059049E2,-1.54E1));
#1782=LINE('',#1781,#1780);
#1783=DIRECTION('',(7.072279564624E-1,-7.069855851416E-1,1.251825384070E-14));
#1784=VECTOR('',#1783,1.419013276137E-1);
#1785=CARTESIAN_POINT('',(-1.210987940950E2,-1.152504483099E2,-1.54E1));
#1786=LINE('',#1785,#1784);
#1787=DIRECTION('',(-7.071067812039E-1,7.071067811692E-1,3.023605116379E-10));
#1788=VECTOR('',#1787,1.243083435772E0);
#1789=CARTESIAN_POINT('',(-1.062495516901E2,-1.004012059049E2,
-2.899999999988E1));
#1790=LINE('',#1789,#1788);
#1791=CARTESIAN_POINT('',(-1.071285444172E2,-9.952221317793E1,
-2.899999999877E1));
#1792=CARTESIAN_POINT('',(-1.071285444166E2,-9.952221317793E1,
-2.917958921524E1));
#1793=CARTESIAN_POINT('',(-1.073105502103E2,-9.952221317793E1,
-2.937060196418E1));
#1794=CARTESIAN_POINT('',(-1.075779425342E2,-9.952221317793E1,
-2.948272115768E1));
#1795=CARTESIAN_POINT('',(-1.077569715419E2,-9.952221317793E1,
-2.949689511552E1));
#1797=CARTESIAN_POINT('',(-1.219384469939E2,-1.137036886299E2,-2.9E1));
#1798=DIRECTION('',(7.071067811882E-1,-7.071067811849E-1,0.E0));
#1799=DIRECTION('',(-7.867965649578E-2,-7.867965649615E-2,-9.937902310384E-1));
#1800=AXIS2_PLACEMENT_3D('',#1797,#1798,#1799);
#1802=CARTESIAN_POINT('',(-1.077963113702E2,-9.956155300617E1,-2.9E1));
#1803=DIRECTION('',(7.071067812069E-1,-7.071067811662E-1,0.E0));
#1804=DIRECTION('',(6.448885869759E-11,6.451728040702E-11,-1.E0));
#1805=AXIS2_PLACEMENT_3D('',#1802,#1803,#1804);
#1807=DIRECTION('',(7.429579236618E-13,-2.721826857377E-14,1.E0));
#1808=VECTOR('',#1807,1.409689511552E1);
#1809=CARTESIAN_POINT('',(-1.077569715419E2,-9.952221317793E1,
-2.949689511552E1));
#1810=LINE('',#1809,#1808);
#1811=DIRECTION('',(0.E0,0.E0,1.E0));
#1812=VECTOR('',#1811,2.999999999784E0);
#1813=CARTESIAN_POINT('',(-1.162815927444E2,-1.080468343804E2,
-2.659999999990E1));
#1814=LINE('',#1813,#1812);
#1815=CARTESIAN_POINT('',(-1.155744859632E2,-1.073397275992E2,-2.36E1));
#1816=DIRECTION('',(-7.071067811878E-1,7.071067811852E-1,0.E0));
#1817=DIRECTION('',(-7.071067811852E-1,-7.071067811878E-1,-2.844693369752E-10));
#1818=AXIS2_PLACEMENT_3D('',#1815,#1816,#1817);
#1820=DIRECTION('',(7.071067811861E-1,7.071067811870E-1,0.E0));
#1821=VECTOR('',#1820,6.999999999955E0);
#1822=CARTESIAN_POINT('',(-1.155744859632E2,-1.073397275992E2,-2.26E1));
#1823=LINE('',#1822,#1821);
#1824=CARTESIAN_POINT('',(-1.106247384949E2,-1.023899801309E2,-2.36E1));
#1825=DIRECTION('',(-7.071067811878E-1,7.071067811852E-1,0.E0));
#1826=DIRECTION('',(-4.769162842422E-11,-4.770583927893E-11,1.E0));
#1827=AXIS2_PLACEMENT_3D('',#1824,#1825,#1826);
#1829=DIRECTION('',(0.E0,0.E0,-1.E0));
#1830=VECTOR('',#1829,2.999999999738E0);
#1831=CARTESIAN_POINT('',(-1.099176317137E2,-1.016828733497E2,
-2.360000000014E1));
#1832=LINE('',#1831,#1830);
#1833=CARTESIAN_POINT('',(-1.106247384949E2,-1.023899801309E2,-2.66E1));
#1834=DIRECTION('',(-7.071067811878E-1,7.071067811852E-1,0.E0));
#1835=DIRECTION('',(7.071067811852E-1,7.071067811878E-1,2.844480206932E-10));
#1836=AXIS2_PLACEMENT_3D('',#1833,#1834,#1835);
#1838=DIRECTION('',(-7.071067811861E-1,-7.071067811870E-1,0.E0));
#1839=VECTOR('',#1838,7.000000000030E0);
#1840=CARTESIAN_POINT('',(-1.106247384949E2,-1.023899801309E2,-2.76E1));
#1841=LINE('',#1840,#1839);
#1842=CARTESIAN_POINT('',(-1.155744859632E2,-1.073397275992E2,-2.66E1));
#1843=DIRECTION('',(-7.071067811878E-1,7.071067811852E-1,0.E0));
#1844=DIRECTION('',(-7.497646947741E-11,-7.499068033212E-11,-1.E0));
#1845=AXIS2_PLACEMENT_3D('',#1842,#1843,#1844);
#1847=DIRECTION('',(7.071067812010E-1,-7.071067811721E-1,0.E0));
#1848=VECTOR('',#1847,1.687448517225E0);
#1849=CARTESIAN_POINT('',(-1.219384469939E2,-1.137036886299E2,-2.95E1));
#1850=LINE('',#1849,#1848);
#1851=DIRECTION('',(7.071067811847E-1,7.071067811884E-1,0.E0));
#1852=VECTOR('',#1851,2.000000000006E1);
#1853=CARTESIAN_POINT('',(-1.207452407044E2,-1.148968949193E2,-2.95E1));
#1854=LINE('',#1853,#1852);
#1855=DIRECTION('',(-7.071067812276E-1,7.071067811455E-1,0.E0));
#1856=VECTOR('',#1855,1.687448517175E0);
#1857=CARTESIAN_POINT('',(-1.066031050807E2,-1.007547592955E2,-2.95E1));
#1858=LINE('',#1857,#1856);
#1859=DIRECTION('',(-7.071067811864E-1,-7.071067811867E-1,0.E0));
#1860=VECTOR('',#1859,1.999999999999E1);
#1861=CARTESIAN_POINT('',(-1.077963113702E2,-9.956155300616E1,-2.95E1));
#1862=LINE('',#1861,#1860);
#1863=DIRECTION('',(0.E0,0.E0,1.E0));
#1864=VECTOR('',#1863,2.999999999744E0);
#1865=CARTESIAN_POINT('',(-1.150883864549E2,-1.092400406698E2,
-2.659999999986E1));
#1866=LINE('',#1865,#1864);
#1867=DIRECTION('',(7.071067811973E-1,-7.071067811758E-1,1.907470693252E-12));
#1868=VECTOR('',#1867,1.687448517233E0);
#1869=CARTESIAN_POINT('',(-1.162815927444E2,-1.080468343804E2,
-2.360000000012E1));
#1870=LINE('',#1869,#1868);
#1871=DIRECTION('',(-7.071067812063E-1,7.071067811668E-1,0.E0));
#1872=VECTOR('',#1871,1.687448517233E0);
#1873=CARTESIAN_POINT('',(-1.143812796737E2,-1.085329338886E2,-2.26E1));
#1874=LINE('',#1873,#1872);
#1875=DIRECTION('',(7.071067811857E-1,7.071067811874E-1,0.E0));
#1876=VECTOR('',#1875,6.999999999949E0);
#1877=CARTESIAN_POINT('',(-1.143812796737E2,-1.085329338886E2,-2.26E1));
#1878=LINE('',#1877,#1876);
#1879=DIRECTION('',(7.071067812036E-1,-7.071067811695E-1,0.E0));
#1880=VECTOR('',#1879,1.687448517229E0);
#1881=CARTESIAN_POINT('',(-1.106247384949E2,-1.023899801309E2,-2.26E1));
#1882=LINE('',#1881,#1880);
#1883=DIRECTION('',(-7.071067811973E-1,7.071067811758E-1,1.909576069299E-12));
#1884=VECTOR('',#1883,1.687448517228E0);
#1885=CARTESIAN_POINT('',(-1.087244254242E2,-1.028760796391E2,
-2.360000000015E1));
#1886=LINE('',#1885,#1884);
#1887=DIRECTION('',(0.E0,0.E0,-1.E0));
#1888=VECTOR('',#1887,2.999999999738E0);
#1889=CARTESIAN_POINT('',(-1.087244254242E2,-1.028760796391E2,
-2.360000000015E1));
#1890=LINE('',#1889,#1888);
#1891=DIRECTION('',(7.071067811973E-1,-7.071067811758E-1,-1.903259941176E-12));
#1892=VECTOR('',#1891,1.687448517228E0);
#1893=CARTESIAN_POINT('',(-1.099176317137E2,-1.016828733497E2,
-2.659999999988E1));
#1894=LINE('',#1893,#1892);
#1895=DIRECTION('',(-7.071067812099E-1,7.071067811632E-1,0.E0));
#1896=VECTOR('',#1895,1.687448517228E0);
#1897=CARTESIAN_POINT('',(-1.094315322054E2,-1.035831864203E2,-2.76E1));
#1898=LINE('',#1897,#1896);
#1899=DIRECTION('',(-7.071067811857E-1,-7.071067811874E-1,0.E0));
#1900=VECTOR('',#1899,7.000000000037E0);
#1901=CARTESIAN_POINT('',(-1.094315322054E2,-1.035831864203E2,-2.76E1));
#1902=LINE('',#1901,#1900);
#1903=DIRECTION('',(7.071067812072E-1,-7.071067811659E-1,0.E0));
#1904=VECTOR('',#1903,1.687448517232E0);
#1905=CARTESIAN_POINT('',(-1.155744859632E2,-1.073397275992E2,-2.76E1));
#1906=LINE('',#1905,#1904);
#1907=DIRECTION('',(-7.071067811973E-1,7.071067811758E-1,-2.561189954018E-11));
#1908=VECTOR('',#1907,1.687448517233E0);
#1909=CARTESIAN_POINT('',(-1.150883864549E2,-1.092400406698E2,
-2.659999999986E1));
#1910=LINE('',#1909,#1908);
#1911=DIRECTION('',(-7.071067811920E-1,7.071067811810E-1,-2.942066807098E-10));
#1912=VECTOR('',#1911,1.243083435905E0);
#1913=CARTESIAN_POINT('',(-1.590222131779E2,-4.762854441721E1,
-2.899999999948E1));
#1914=LINE('',#1913,#1912);
#1915=CARTESIAN_POINT('',(-1.602547592956E2,-4.710310508074E1,-2.9E1));
#1916=DIRECTION('',(7.071067811882E-1,-7.071067811849E-1,0.E0));
#1917=DIRECTION('',(1.325588527834E-10,1.325446419287E-10,-1.E0));
#1918=AXIS2_PLACEMENT_3D('',#1915,#1916,#1917);
#1920=DIRECTION('',(7.544291988599E-13,9.790860932573E-13,1.E0));
#1921=VECTOR('',#1920,1.359999999984E1);
#1922=CARTESIAN_POINT('',(-1.599012059050E2,-4.674955169011E1,
-2.899999999984E1));
#1923=LINE('',#1922,#1921);
#1924=CARTESIAN_POINT('',(-1.743968949193E2,-6.124524070448E1,-2.9E1));
#1925=DIRECTION('',(7.071067812069E-1,-7.071067811662E-1,0.E0));
#1926=DIRECTION('',(-7.071067811662E-1,-7.071067812069E-1,1.711129016257E-10));
#1927=AXIS2_PLACEMENT_3D('',#1924,#1925,#1926);
#1929=CARTESIAN_POINT('',(-1.666187203263E2,-5.346706611132E1,-2.36E1));
#1930=DIRECTION('',(-7.071067811878E-1,7.071067811852E-1,0.E0));
#1931=DIRECTION('',(-3.990408004029E-11,-3.989697461293E-11,1.E0));
#1932=AXIS2_PLACEMENT_3D('',#1929,#1930,#1931);
#1934=CARTESIAN_POINT('',(-1.666187203263E2,-5.346706611132E1,-2.66E1));
#1935=DIRECTION('',(-7.071067811878E-1,7.071067811852E-1,0.E0));
#1936=DIRECTION('',(7.071067811852E-1,7.071067811878E-1,3.775824097829E-11));
#1937=AXIS2_PLACEMENT_3D('',#1934,#1935,#1936);
#1939=CARTESIAN_POINT('',(-1.715684677946E2,-5.841681357969E1,-2.66E1));
#1940=DIRECTION('',(-7.071067811878E-1,7.071067811852E-1,0.E0));
#1941=DIRECTION('',(1.793409865058E-11,1.792699322323E-11,-1.E0));
#1942=AXIS2_PLACEMENT_3D('',#1939,#1940,#1941);
#1944=CARTESIAN_POINT('',(-1.715684677946E2,-5.841681357969E1,-2.36E1));
#1945=DIRECTION('',(-7.071067811878E-1,7.071067811852E-1,0.E0));
#1946=DIRECTION('',(-7.071067811852E-1,-7.071067811878E-1,-1.433839713627E-10));
#1947=AXIS2_PLACEMENT_3D('',#1944,#1945,#1946);
#1949=CARTESIAN_POINT('',(-1.405E2,-8.1E1,-1.54E1));
#1950=DIRECTION('',(0.E0,0.E0,1.E0));
#1951=DIRECTION('',(-4.937013375498E-1,8.696315250159E-1,0.E0));
#1952=AXIS2_PLACEMENT_3D('',#1949,#1950,#1951);
#1954=CARTESIAN_POINT('',(-1.748506706130E2,-6.149906017980E1,-1.54E1));
#1955=CARTESIAN_POINT('',(-1.748173558208E2,-6.153237497208E1,-1.54E1));
#1956=CARTESIAN_POINT('',(-1.747837631022E2,-6.156547930279E1,-1.54E1));
#1957=CARTESIAN_POINT('',(-1.747504483099E2,-6.159879409507E1,-1.54E1));
#1959=DIRECTION('',(7.071067811849E-1,7.071067811882E-1,0.E0));
#1960=VECTOR('',#1959,2.100000000003E1);
#1961=CARTESIAN_POINT('',(-1.747504483099E2,-6.159879409507E1,-1.54E1));
#1962=LINE('',#1961,#1960);
#1963=DIRECTION('',(-7.072279564320E-1,7.069855851720E-1,1.251825384217E-14));
#1964=VECTOR('',#1963,1.419013275970E-1);
#1965=CARTESIAN_POINT('',(-1.599012059050E2,-4.674955169009E1,-1.54E1));
#1966=LINE('',#1965,#1964);
#1967=DIRECTION('',(7.071067812007E-1,-7.071067811724E-1,-3.308689109423E-11));
#1968=VECTOR('',#1967,1.243083435743E0);
#1969=CARTESIAN_POINT('',(-1.747504483099E2,-6.159879409508E1,
-2.899999999996E1));
#1970=LINE('',#1969,#1968);
#1971=CARTESIAN_POINT('',(-1.738714555829E2,-6.247778682207E1,
-2.900000000004E1));
#1972=CARTESIAN_POINT('',(-1.738714555828E2,-6.247778682207E1,
-2.917958921607E1));
#1973=CARTESIAN_POINT('',(-1.736894497891E2,-6.247778682207E1,
-2.937060196465E1));
#1974=CARTESIAN_POINT('',(-1.734220574654E2,-6.247778682207E1,
-2.948272115773E1));
#1975=CARTESIAN_POINT('',(-1.732430284581E2,-6.247778682207E1,
-2.949689511552E1));
#1977=CARTESIAN_POINT('',(-1.590615530062E2,-4.829631137015E1,-2.9E1));
#1978=DIRECTION('',(-7.071067811882E-1,7.071067811849E-1,0.E0));
#1979=DIRECTION('',(7.867965653668E-2,7.867965653706E-2,-9.937902310319E-1));
#1980=AXIS2_PLACEMENT_3D('',#1977,#1978,#1979);
#1982=CARTESIAN_POINT('',(-1.732036886299E2,-6.243844699383E1,-2.9E1));
#1983=DIRECTION('',(-7.071067812069E-1,7.071067811662E-1,0.E0));
#1984=DIRECTION('',(-6.667733032373E-11,-6.664890861430E-11,-1.E0));
#1985=AXIS2_PLACEMENT_3D('',#1982,#1983,#1984);
#1987=DIRECTION('',(1.370994268901E-12,-1.345792168370E-13,1.E0));
#1988=VECTOR('',#1987,1.409689511552E1);
#1989=CARTESIAN_POINT('',(-1.732430284581E2,-6.247778682208E1,
-2.949689511552E1));
#1990=LINE('',#1989,#1988);
#1991=DIRECTION('',(0.E0,0.E0,1.E0));
#1992=VECTOR('',#1991,2.999999999871E0);
#1993=CARTESIAN_POINT('',(-1.647184072556E2,-5.395316561962E1,
-2.659999999994E1));
#1994=LINE('',#1993,#1992);
#1995=CARTESIAN_POINT('',(-1.654255140368E2,-5.466027240081E1,-2.36E1));
#1996=DIRECTION('',(7.071067811878E-1,-7.071067811852E-1,0.E0));
#1997=DIRECTION('',(7.071067811852E-1,7.071067811878E-1,-1.787725523172E-10));
#1998=AXIS2_PLACEMENT_3D('',#1995,#1996,#1997);
#2000=DIRECTION('',(-7.071067811847E-1,-7.071067811884E-1,0.E0));
#2001=VECTOR('',#2000,6.999999999984E0);
#2002=CARTESIAN_POINT('',(-1.654255140368E2,-5.466027240082E1,-2.26E1));
#2003=LINE('',#2002,#2001);
#2004=CARTESIAN_POINT('',(-1.703752615051E2,-5.961001986918E1,-2.36E1));
#2005=DIRECTION('',(7.071067811878E-1,-7.071067811852E-1,0.E0));
#2006=DIRECTION('',(7.631228982063E-11,7.631939524799E-11,1.E0));
#2007=AXIS2_PLACEMENT_3D('',#2004,#2005,#2006);
#2009=DIRECTION('',(0.E0,0.E0,-1.E0));
#2010=VECTOR('',#2009,2.999999999967E0);
#2011=CARTESIAN_POINT('',(-1.710823682863E2,-6.031712665034E1,
-2.360000000002E1));
#2012=LINE('',#2011,#2010);
#2013=CARTESIAN_POINT('',(-1.703752615051E2,-5.961001986918E1,-2.66E1));
#2014=DIRECTION('',(7.071067811878E-1,-7.071067811852E-1,0.E0));
#2015=DIRECTION('',(-7.071067811852E-1,-7.071067811878E-1,2.536637566664E-12));
#2016=AXIS2_PLACEMENT_3D('',#2013,#2014,#2015);
#2018=DIRECTION('',(7.071067811847E-1,7.071067811884E-1,0.E0));
#2019=VECTOR('',#2018,7.000000000026E0);
#2020=CARTESIAN_POINT('',(-1.703752615051E2,-5.961001986915E1,-2.76E1));
#2021=LINE('',#2020,#2019);
#2022=CARTESIAN_POINT('',(-1.654255140368E2,-5.466027240081E1,-2.66E1));
#2023=DIRECTION('',(7.071067811878E-1,-7.071067811852E-1,0.E0));
#2024=DIRECTION('',(3.495870259940E-12,3.510081114655E-12,-1.E0));
#2025=AXIS2_PLACEMENT_3D('',#2022,#2023,#2024);
#2027=DIRECTION('',(-7.071067811878E-1,7.071067811853E-1,0.E0));
#2028=VECTOR('',#2027,1.687448517233E0);
#2029=CARTESIAN_POINT('',(-1.590615530061E2,-4.829631137012E1,-2.95E1));
#2030=LINE('',#2029,#2028);
#2031=DIRECTION('',(-7.071067811852E-1,-7.071067811879E-1,0.E0));
#2032=VECTOR('',#2031,2.000000000006E1);
#2033=CARTESIAN_POINT('',(-1.602547592956E2,-4.710310508069E1,-2.95E1));
#2034=LINE('',#2033,#2032);
#2035=DIRECTION('',(7.071067812072E-1,-7.071067811659E-1,0.E0));
#2036=VECTOR('',#2035,1.687448517184E0);
#2037=CARTESIAN_POINT('',(-1.743968949193E2,-6.124524070449E1,-2.95E1));
#2038=LINE('',#2037,#2036);
#2039=DIRECTION('',(7.071067811870E-1,7.071067811861E-1,0.E0));
#2040=VECTOR('',#2039,2.000000000001E1);
#2041=CARTESIAN_POINT('',(-1.732036886299E2,-6.243844699385E1,-2.95E1));
#2042=LINE('',#2041,#2040);
#2043=DIRECTION('',(0.E0,0.E0,1.E0));
#2044=VECTOR('',#2043,2.999999999938E0);
#2045=CARTESIAN_POINT('',(-1.659116135451E2,-5.275995933016E1,
-2.659999999996E1));
#2046=LINE('',#2045,#2044);
#2047=DIRECTION('',(-7.071067811914E-1,7.071067811817E-1,2.759095301806E-11));
#2048=VECTOR('',#2047,1.687448517280E0);
#2049=CARTESIAN_POINT('',(-1.647184072556E2,-5.395316561962E1,
-2.360000000007E1));
#2050=LINE('',#2049,#2048);
#2051=DIRECTION('',(7.071067811960E-1,-7.071067811771E-1,0.E0));
#2052=VECTOR('',#2051,1.687448517276E0);
#2053=CARTESIAN_POINT('',(-1.666187203263E2,-5.346706611137E1,-2.26E1));
#2054=LINE('',#2053,#2052);
#2055=DIRECTION('',(-7.071067811843E-1,-7.071067811888E-1,0.E0));
#2056=VECTOR('',#2055,6.999999999999E0);
#2057=CARTESIAN_POINT('',(-1.666187203263E2,-5.346706611137E1,-2.26E1));
#2058=LINE('',#2057,#2056);
#2059=DIRECTION('',(-7.071067812021E-1,7.071067811710E-1,0.E0));
#2060=VECTOR('',#2059,1.687448517272E0);
#2061=CARTESIAN_POINT('',(-1.703752615051E2,-5.961001986913E1,-2.26E1));
#2062=LINE('',#2061,#2060);
#2063=DIRECTION('',(7.071067811923E-1,-7.071067811808E-1,2.756358312966E-11));
#2064=VECTOR('',#2063,1.687448517272E0);
#2065=CARTESIAN_POINT('',(-1.722755745758E2,-5.912392036088E1,
-2.360000000007E1));
#2066=LINE('',#2065,#2064);
#2067=DIRECTION('',(0.E0,0.E0,-1.E0));
#2068=VECTOR('',#2067,2.999999999875E0);
#2069=CARTESIAN_POINT('',(-1.722755745758E2,-5.912392036088E1,
-2.360000000007E1));
#2070=LINE('',#2069,#2068);
#2071=DIRECTION('',(-7.071067811923E-1,7.071067811808E-1,2.705408212772E-11));
#2072=VECTOR('',#2071,1.687448517272E0);
#2073=CARTESIAN_POINT('',(-1.710823682863E2,-6.031712665034E1,
-2.659999999999E1));
#2074=LINE('',#2073,#2072);
#2075=DIRECTION('',(7.071067811907E-1,-7.071067811824E-1,0.E0));
#2076=VECTOR('',#2075,1.687448517272E0);
#2077=CARTESIAN_POINT('',(-1.715684677946E2,-5.841681357969E1,-2.76E1));
#2078=LINE('',#2077,#2076);
#2079=DIRECTION('',(7.071067811843E-1,7.071067811888E-1,0.E0));
#2080=VECTOR('',#2079,7.000000000023E0);
#2081=CARTESIAN_POINT('',(-1.715684677946E2,-5.841681357969E1,-2.76E1));
#2082=LINE('',#2081,#2080);
#2083=DIRECTION('',(-7.071067811918E-1,7.071067811813E-1,0.E0));
#2084=VECTOR('',#2083,1.687448517276E0);
#2085=CARTESIAN_POINT('',(-1.654255140368E2,-5.466027240081E1,-2.76E1));
#2086=LINE('',#2085,#2084);
#2087=DIRECTION('',(7.071067811914E-1,-7.071067811817E-1,1.221328641418E-11));
#2088=VECTOR('',#2087,1.687448517280E0);
#2089=CARTESIAN_POINT('',(-1.659116135451E2,-5.275995933016E1,
-2.659999999996E1));
#2090=LINE('',#2089,#2088);
#2091=DIRECTION('',(7.071067811718E-1,7.071067812013E-1,2.128998685427E-10));
#2092=VECTOR('',#2091,1.243083435825E0);
#2093=CARTESIAN_POINT('',(-1.599012059049E2,-1.152504483099E2,
-2.899999999982E1));
#2094=LINE('',#2093,#2092);
#2095=CARTESIAN_POINT('',(-1.590222131779E2,-1.143714555828E2,
-2.899999999884E1));
#2096=CARTESIAN_POINT('',(-1.590222131779E2,-1.143714555834E2,
-2.917958921529E1));
#2097=CARTESIAN_POINT('',(-1.590222131779E2,-1.141894497897E2,
-2.937060196421E1));
#2098=CARTESIAN_POINT('',(-1.590222131779E2,-1.139220574658E2,
-2.948272115769E1));
#2099=CARTESIAN_POINT('',(-1.590222131779E2,-1.137430284581E2,
-2.949689511552E1));
#2101=CARTESIAN_POINT('',(-1.743968949193E2,-1.007547592956E2,-2.9E1));
#2102=DIRECTION('',(7.071067811849E-1,7.071067811882E-1,0.E0));
#2103=DIRECTION('',(-1.104467628465E-10,1.104467628465E-10,-1.E0));
#2104=AXIS2_PLACEMENT_3D('',#2101,#2102,#2103);
#2106=DIRECTION('',(-3.176543995189E-13,9.101216512532E-13,1.E0));
#2107=VECTOR('',#2106,1.359999999989E1);
#2108=CARTESIAN_POINT('',(-1.747504483099E2,-1.004012059050E2,
-2.899999999989E1));
#2109=LINE('',#2108,#2107);
#2110=CARTESIAN_POINT('',(-1.602547592956E2,-1.148968949193E2,-2.9E1));
#2111=DIRECTION('',(7.071067811662E-1,7.071067812069E-1,0.E0));
#2112=DIRECTION('',(7.071067812069E-1,-7.071067811662E-1,7.342322305703E-10));
#2113=AXIS2_PLACEMENT_3D('',#2110,#2111,#2112);
#2115=CARTESIAN_POINT('',(-1.680329338886E2,-1.071187203263E2,-2.36E1));
#2116=DIRECTION('',(-7.071067811852E-1,-7.071067811878E-1,0.E0));
#2117=DIRECTION('',(7.622702469234E-11,-7.621281383763E-11,1.E0));
#2118=AXIS2_PLACEMENT_3D('',#2115,#2116,#2117);
#2120=CARTESIAN_POINT('',(-1.680329338886E2,-1.071187203263E2,-2.66E1));
#2121=DIRECTION('',(-7.071067811852E-1,-7.071067811878E-1,0.E0));
#2122=DIRECTION('',(-7.071067811879E-1,7.071067811852E-1,2.843059121460E-10));
#2123=AXIS2_PLACEMENT_3D('',#2120,#2121,#2122);
#2125=CARTESIAN_POINT('',(-1.630831864203E2,-1.120684677946E2,-2.66E1));
#2126=DIRECTION('',(-7.071067811852E-1,-7.071067811878E-1,0.E0));
#2127=DIRECTION('',(4.885691851086E-11,-4.885691851086E-11,-1.E0));
#2128=AXIS2_PLACEMENT_3D('',#2125,#2126,#2127);
#2130=CARTESIAN_POINT('',(-1.630831864203E2,-1.120684677946E2,-2.36E1));
#2131=DIRECTION('',(-7.071067811852E-1,-7.071067811878E-1,0.E0));
#2132=DIRECTION('',(7.071067811879E-1,-7.071067811852E-1,-2.843911772743E-10));
#2133=AXIS2_PLACEMENT_3D('',#2130,#2131,#2132);
#2135=DIRECTION('',(-7.071067811763E-1,-7.071067811968E-1,-3.460305207690E-10));
#2136=VECTOR('',#2135,1.243083435833E0);
#2137=CARTESIAN_POINT('',(-1.738714555828E2,-9.952221317793E1,
-2.899999999946E1));
#2138=LINE('',#2137,#2136);
#2139=DIRECTION('',(-7.071067811903E-1,-7.071067811828E-1,0.E0));
#2140=VECTOR('',#2139,1.687448517173E0);
#2141=CARTESIAN_POINT('',(-1.732036886299E2,-9.956155300619E1,-2.95E1));
#2142=LINE('',#2141,#2140);
#2143=DIRECTION('',(7.071067811872E-1,-7.071067811859E-1,0.E0));
#2144=VECTOR('',#2143,1.999999999999E1);
#2145=CARTESIAN_POINT('',(-1.743968949193E2,-1.007547592956E2,-2.95E1));
#2146=LINE('',#2145,#2144);
#2147=DIRECTION('',(7.071067811657E-1,7.071067812074E-1,0.E0));
#2148=VECTOR('',#2147,1.687448517188E0);
#2149=CARTESIAN_POINT('',(-1.602547592956E2,-1.148968949193E2,-2.95E1));
#2150=LINE('',#2149,#2148);
#2151=DIRECTION('',(-7.071067811877E-1,7.071067811853E-1,0.E0));
#2152=VECTOR('',#2151,1.999999999993E1);
#2153=CARTESIAN_POINT('',(-1.590615530062E2,-1.137036886299E2,-2.95E1));
#2154=LINE('',#2153,#2152);
#2155=CARTESIAN_POINT('',(-1.732036886299E2,-9.956155300622E1,-2.9E1));
#2156=DIRECTION('',(-7.071067811849E-1,-7.071067811882E-1,0.E0));
#2157=DIRECTION('',(-7.867965651133E-2,7.867965651096E-2,-9.937902310360E-1));
#2158=AXIS2_PLACEMENT_3D('',#2155,#2156,#2157);
#2160=CARTESIAN_POINT('',(-1.590615530062E2,-1.137036886298E2,-2.9E1));
#2161=DIRECTION('',(-7.071067811662E-1,-7.071067812069E-1,0.E0));
#2162=DIRECTION('',(-5.394440449891E-11,5.391598278948E-11,-1.E0));
#2163=AXIS2_PLACEMENT_3D('',#2160,#2161,#2162);
#2165=DIRECTION('',(5.242036910505E-14,-5.806563962405E-13,1.E0));
#2166=VECTOR('',#2165,1.409689511552E1);
#2167=CARTESIAN_POINT('',(-1.590222131779E2,-1.137430284581E2,
-2.949689511552E1));
#2168=LINE('',#2167,#2166);
#2169=DIRECTION('',(0.E0,0.E0,1.E0));
#2170=VECTOR('',#2169,2.999999999784E0);
#2171=CARTESIAN_POINT('',(-1.675468343804E2,-1.052184072556E2,
-2.659999999990E1));
#2172=LINE('',#2171,#2170);
#2173=CARTESIAN_POINT('',(-1.668397275992E2,-1.059255140368E2,-2.36E1));
#2174=DIRECTION('',(7.071067811852E-1,7.071067811878E-1,0.E0));
#2175=DIRECTION('',(-7.071067811879E-1,7.071067811852E-1,-2.846256563771E-10));
#2176=AXIS2_PLACEMENT_3D('',#2173,#2174,#2175);
#2178=DIRECTION('',(7.071067811870E-1,-7.071067811861E-1,0.E0));
#2179=VECTOR('',#2178,6.999999999950E0);
#2180=CARTESIAN_POINT('',(-1.668397275992E2,-1.059255140368E2,-2.26E1));
#2181=LINE('',#2180,#2179);
#2182=CARTESIAN_POINT('',(-1.618899801309E2,-1.108752615051E2,-2.36E1));
#2183=DIRECTION('',(7.071067811852E-1,7.071067811878E-1,0.E0));
#2184=DIRECTION('',(-9.455902727495E-11,9.454481642024E-11,1.E0));
#2185=AXIS2_PLACEMENT_3D('',#2182,#2183,#2184);
#2187=DIRECTION('',(0.E0,0.E0,-1.E0));
#2188=VECTOR('',#2187,2.999999999738E0);
#2189=CARTESIAN_POINT('',(-1.611828733497E2,-1.115823682863E2,
-2.360000000014E1));
#2190=LINE('',#2189,#2188);
#2191=CARTESIAN_POINT('',(-1.618899801309E2,-1.108752615051E2,-2.66E1));
#2192=DIRECTION('',(7.071067811852E-1,7.071067811878E-1,0.E0));
#2193=DIRECTION('',(7.071067811879E-1,-7.071067811852E-1,2.843414392828E-10));
#2194=AXIS2_PLACEMENT_3D('',#2191,#2192,#2193);
#2196=DIRECTION('',(-7.071067811870E-1,7.071067811861E-1,0.E0));
#2197=VECTOR('',#2196,7.000000000032E0);
#2198=CARTESIAN_POINT('',(-1.618899801309E2,-1.108752615051E2,-2.76E1));
#2199=LINE('',#2198,#2197);
#2200=CARTESIAN_POINT('',(-1.668397275992E2,-1.059255140368E2,-2.66E1));
#2201=DIRECTION('',(7.071067811852E-1,7.071067811878E-1,0.E0));
#2202=DIRECTION('',(-6.710365596518E-11,6.710365596518E-11,-1.E0));
#2203=AXIS2_PLACEMENT_3D('',#2200,#2201,#2202);
#2205=DIRECTION('',(0.E0,0.E0,1.E0));
#2206=VECTOR('',#2205,2.999999999744E0);
#2207=CARTESIAN_POINT('',(-1.687400406698E2,-1.064116135451E2,
-2.659999999986E1));
#2208=LINE('',#2207,#2206);
#2209=DIRECTION('',(-7.071067811758E-1,-7.071067811973E-1,1.945367462E-12));
#2210=VECTOR('',#2209,1.687448517226E0);
#2211=CARTESIAN_POINT('',(-1.675468343804E2,-1.052184072556E2,
-2.360000000012E1));
#2212=LINE('',#2211,#2210);
#2213=DIRECTION('',(7.071067811658E-1,7.071067812073E-1,0.E0));
#2214=VECTOR('',#2213,1.687448517226E0);
#2215=CARTESIAN_POINT('',(-1.680329338886E2,-1.071187203263E2,-2.26E1));
#2216=LINE('',#2215,#2214);
#2217=DIRECTION('',(7.071067811874E-1,-7.071067811857E-1,0.E0));
#2218=VECTOR('',#2217,6.999999999955E0);
#2219=CARTESIAN_POINT('',(-1.680329338886E2,-1.071187203263E2,-2.26E1));
#2220=LINE('',#2219,#2218);
#2221=DIRECTION('',(-7.071067811634E-1,-7.071067812097E-1,0.E0));
#2222=VECTOR('',#2221,1.687448517222E0);
#2223=CARTESIAN_POINT('',(-1.618899801309E2,-1.108752615051E2,-2.26E1));
#2224=LINE('',#2223,#2222);
#2225=DIRECTION('',(7.071067811758E-1,7.071067811973E-1,1.899049189101E-12));
#2226=VECTOR('',#2225,1.687448517221E0);
#2227=CARTESIAN_POINT('',(-1.623760796391E2,-1.127755745758E2,
-2.360000000015E1));
#2228=LINE('',#2227,#2226);
#2229=DIRECTION('',(0.E0,0.E0,-1.E0));
#2230=VECTOR('',#2229,2.999999999738E0);
#2231=CARTESIAN_POINT('',(-1.623760796391E2,-1.127755745758E2,
-2.360000000015E1));
#2232=LINE('',#2231,#2230);
#2233=DIRECTION('',(-7.071067811758E-1,-7.071067811973E-1,-1.892733060978E-12));
#2234=VECTOR('',#2233,1.687448517221E0);
#2235=CARTESIAN_POINT('',(-1.611828733497E2,-1.115823682863E2,
-2.659999999988E1));
#2236=LINE('',#2235,#2234);
#2237=DIRECTION('',(7.071067811694E-1,7.071067812037E-1,0.E0));
#2238=VECTOR('',#2237,1.687448517221E0);
#2239=CARTESIAN_POINT('',(-1.630831864203E2,-1.120684677946E2,-2.76E1));
#2240=LINE('',#2239,#2238);
#2241=DIRECTION('',(-7.071067811874E-1,7.071067811857E-1,0.E0));
#2242=VECTOR('',#2241,7.000000000026E0);
#2243=CARTESIAN_POINT('',(-1.630831864203E2,-1.120684677946E2,-2.76E1));
#2244=LINE('',#2243,#2242);
#2245=DIRECTION('',(-7.071067811670E-1,-7.071067812061E-1,0.E0));
#2246=VECTOR('',#2245,1.687448517225E0);
#2247=CARTESIAN_POINT('',(-1.668397275992E2,-1.059255140368E2,-2.76E1));
#2248=LINE('',#2247,#2246);
#2249=DIRECTION('',(7.071067811758E-1,7.071067811973E-1,-2.556768664343E-11));
#2250=VECTOR('',#2249,1.687448517226E0);
#2251=CARTESIAN_POINT('',(-1.687400406698E2,-1.064116135451E2,
-2.659999999986E1));
#2252=LINE('',#2251,#2250);
#2253=CARTESIAN_POINT('',(-1.405E2,-8.1E1,-1.54E1));
#2254=DIRECTION('',(0.E0,0.E0,1.E0));
#2255=DIRECTION('',(-8.696315250158E-1,-4.937013375500E-1,0.E0));
#2256=AXIS2_PLACEMENT_3D('',#2253,#2254,#2255);
#2258=DIRECTION('',(7.072193234831E-1,7.069942209750E-1,2.504317692614E-14));
#2259=VECTOR('',#2258,1.418635378921E-1);
#2260=CARTESIAN_POINT('',(-1.600015345402E2,-1.153507450113E2,-1.54E1));
#2261=LINE('',#2260,#2259);
#2262=DIRECTION('',(-7.071067811883E-1,7.071067811848E-1,0.E0));
#2263=VECTOR('',#2262,2.100000000003E1);
#2264=CARTESIAN_POINT('',(-1.599012059049E2,-1.152504483099E2,-1.54E1));
#2265=LINE('',#2264,#2263);
#2266=DIRECTION('',(-7.072832288472E-1,-7.069302894851E-1,1.263276724583E-14));
#2267=VECTOR('',#2266,1.406150216205E-1);
#2268=CARTESIAN_POINT('',(-1.747504483099E2,-1.004012059050E2,-1.54E1));
#2269=LINE('',#2268,#2267);
#2270=DIRECTION('',(-3.339550858072E-13,6.281197784119E-12,1.E0));
#2271=VECTOR('',#2270,2.E0);
#2272=CARTESIAN_POINT('',(-9.758795300577E1,-7.825114155246E1,-2.E0));
#2273=LINE('',#2272,#2271);
#2274=DIRECTION('',(1.676880856394E-11,-2.760458528428E-12,-1.E0));
#2275=VECTOR('',#2274,2.E0);
#2276=CARTESIAN_POINT('',(-1.377511415525E2,-3.808795300576E1,0.E0));
#2277=LINE('',#2276,#2275);
#2278=DIRECTION('',(-1.151122471176E-11,1.E0,0.E0));
#2279=VECTOR('',#2278,1.062898344795E2);
#2280=CARTESIAN_POINT('',(-1.385000000003E2,-3.728958933705E1,-2.E0));
#2281=LINE('',#2280,#2279);
#2282=CARTESIAN_POINT('',(-1.385000000015E2,6.900024514242E1,-2.E0));
#2283=CARTESIAN_POINT('',(-1.385000071751E2,6.968329469984E1,-2.E0));
#2284=CARTESIAN_POINT('',(-1.384378316422E2,7.103954214061E1,-2.E0));
#2285=CARTESIAN_POINT('',(-1.380855036285E2,7.305985369474E1,-2.E0));
#2286=CARTESIAN_POINT('',(-1.374923567741E2,7.465910181645E1,-2.E0));
#2287=CARTESIAN_POINT('',(-1.367661196161E2,7.583056786167E1,-2.E0));
#2288=CARTESIAN_POINT('',(-1.361042414524E2,7.660485069590E1,-2.E0));
#2289=CARTESIAN_POINT('',(-1.353289870792E2,7.726739295282E1,-2.E0));
#2290=CARTESIAN_POINT('',(-1.344489815087E2,7.781233886148E1,-2.E0));
#2291=CARTESIAN_POINT('',(-1.335211172718E2,7.822844843861E1,-2.E0));
#2292=CARTESIAN_POINT('',(-1.322099861854E2,7.864824983242E1,-2.E0));
#2293=CARTESIAN_POINT('',(-1.305403877298E2,7.893683430666E1,-2.E0));
#2294=CARTESIAN_POINT('',(-1.291827444075E2,7.899999349540E1,-2.E0));
#2295=CARTESIAN_POINT('',(-1.284997810838E2,7.900000000159E1,-2.E0));
#2297=DIRECTION('',(1.E0,1.079029535492E-12,0.E0));
#2298=VECTOR('',#2297,2.570000262189E2);
#2299=CARTESIAN_POINT('',(-1.284997810838E2,7.900000000159E1,-2.E0));
#2300=LINE('',#2299,#2298);
#2301=CARTESIAN_POINT('',(1.285002451351E2,7.900000000187E1,-2.E0));
#2302=CARTESIAN_POINT('',(1.291832946941E2,7.900000717556E1,-2.E0));
#2303=CARTESIAN_POINT('',(1.305395421403E2,7.893783164234E1,-2.E0));
#2304=CARTESIAN_POINT('',(1.325598536945E2,7.858550362860E1,-2.E0));
#2305=CARTESIAN_POINT('',(1.341591018165E2,7.799235677411E1,-2.E0));
#2306=CARTESIAN_POINT('',(1.353305678618E2,7.726611961615E1,-2.E0));
#2307=CARTESIAN_POINT('',(1.361048506959E2,7.660424145249E1,-2.E0));
#2308=CARTESIAN_POINT('',(1.367673929529E2,7.582898707929E1,-2.E0));
#2309=CARTESIAN_POINT('',(1.373123388615E2,7.494898150857E1,-2.E0));
#2310=CARTESIAN_POINT('',(1.377284484386E2,7.402111727185E1,-2.E0));
#2311=CARTESIAN_POINT('',(1.381482498324E2,7.270998618540E1,-2.E0));
#2312=CARTESIAN_POINT('',(1.384368343066E2,7.104038772988E1,-2.E0));
#2313=CARTESIAN_POINT('',(1.384999934955E2,6.968274440776E1,-2.E0));
#2314=CARTESIAN_POINT('',(1.385000000016E2,6.899978108423E1,-2.E0));
#2316=DIRECTION('',(2.551156868293E-12,-1.E0,0.E0));
#2317=VECTOR('',#2316,1.380000262195E2);
#2318=CARTESIAN_POINT('',(1.385000000016E2,6.899978108423E1,-2.E0));
#2319=LINE('',#2318,#2317);
#2320=CARTESIAN_POINT('',(1.385000000019E2,-6.900024513525E1,-2.E0));
#2321=CARTESIAN_POINT('',(1.385000071756E2,-6.968329469426E1,-2.E0));
#2322=CARTESIAN_POINT('',(1.384378316425E2,-7.103954214026E1,-2.E0));
#2323=CARTESIAN_POINT('',(1.380855036286E2,-7.305985369446E1,-2.E0));
#2324=CARTESIAN_POINT('',(1.374923567742E2,-7.465910181653E1,-2.E0));
#2325=CARTESIAN_POINT('',(1.367661196161E2,-7.583056786169E1,-2.E0));
#2326=CARTESIAN_POINT('',(1.361042414525E2,-7.660485069591E1,-2.E0));
#2327=CARTESIAN_POINT('',(1.353289870792E2,-7.726739295280E1,-2.E0));
#2328=CARTESIAN_POINT('',(1.344489815087E2,-7.781233886150E1,-2.E0));
#2329=CARTESIAN_POINT('',(1.335211172717E2,-7.822844843857E1,-2.E0));
#2330=CARTESIAN_POINT('',(1.322099861857E2,-7.864824983237E1,-2.E0));
#2331=CARTESIAN_POINT('',(1.305403877300E2,-7.893683430639E1,-2.E0));
#2332=CARTESIAN_POINT('',(1.291827444148E2,-7.899999349492E1,-2.E0));
#2333=CARTESIAN_POINT('',(1.284997810930E2,-7.900000000128E1,-2.E0));
#2335=DIRECTION('',(-1.E0,4.457549276557E-12,0.E0));
#2336=VECTOR('',#2335,2.252893704262E2);
#2337=CARTESIAN_POINT('',(1.284997810930E2,-7.900000000128E1,-2.E0));
#2338=LINE('',#2337,#2336);
#2339=CARTESIAN_POINT('',(-9.678958934075E1,-7.82E1,-2.E0));
#2340=DIRECTION('',(0.E0,0.E0,-1.E0));
#2341=DIRECTION('',(2.023989864597E-8,-1.E0,0.E0));
#2342=AXIS2_PLACEMENT_3D('',#2339,#2340,#2341);
#2344=CARTESIAN_POINT('',(-1.405E2,-8.1E1,-2.E0));
#2345=DIRECTION('',(0.E0,0.E0,1.E0));
#2346=DIRECTION('',(9.979545812612E-1,6.392694064146E-2,0.E0));
#2347=AXIS2_PLACEMENT_3D('',#2344,#2345,#2346);
#2349=CARTESIAN_POINT('',(-1.377E2,-3.728958934075E1,-2.E0));
#2350=DIRECTION('',(0.E0,0.E0,-1.E0));
#2351=DIRECTION('',(-6.392694047186E-2,-9.979545812721E-1,0.E0));
#2352=AXIS2_PLACEMENT_3D('',#2349,#2350,#2351);
#2354=DIRECTION('',(-1.E0,4.052392614977E-12,1.161412274913E-12));
#2355=VECTOR('',#2354,9.890000011951E0);
#2356=CARTESIAN_POINT('',(-9.711E1,1.609999999989E1,-2.000000000040E0));
#2357=LINE('',#2356,#2355);
#2358=CARTESIAN_POINT('',(-1.069999999897E2,1.33E1,-2.E0));
#2359=DIRECTION('',(0.E0,0.E0,1.E0));
#2360=DIRECTION('',(-1.037032047536E-8,1.E0,0.E0));
#2361=AXIS2_PLACEMENT_3D('',#2358,#2359,#2360);
#2363=DIRECTION('',(0.E0,-1.E0,0.E0));
#2364=VECTOR('',#2363,5.920000022387E1);
#2365=CARTESIAN_POINT('',(-1.097999999842E2,1.330000013666E1,
-2.000000002287E0));
#2366=LINE('',#2365,#2364);
#2367=CARTESIAN_POINT('',(-1.087999999897E2,-4.59E1,-2.E0));
#2368=DIRECTION('',(0.E0,0.E0,1.E0));
#2369=DIRECTION('',(-1.E0,-2.099678582112E-7,0.E0));
#2370=AXIS2_PLACEMENT_3D('',#2367,#2368,#2369);
#2372=DIRECTION('',(1.E0,3.639024263023E-12,-1.070258795746E-12));
#2373=VECTOR('',#2372,1.168999998769E1);
#2374=CARTESIAN_POINT('',(-1.087999999877E2,-4.689999999993E1,
-2.000000000030E0));
#2375=LINE('',#2374,#2373);
#2376=DIRECTION('',(-1.797802715031E-14,-1.E0,1.054414413551E-12));
#2377=VECTOR('',#2376,2.845644660952E1);
#2378=CARTESIAN_POINT('',(-9.711E1,-4.689999999988E1,-2.000000000043E0));
#2379=LINE('',#2378,#2377);
#2380=CARTESIAN_POINT('',(-9.693322330470E1,-7.553322330470E1,-2.E0));
#2381=DIRECTION('',(0.E0,0.E0,1.E0));
#2382=DIRECTION('',(-7.071067811987E-1,7.071067811744E-1,0.E0));
#2383=AXIS2_PLACEMENT_3D('',#2380,#2381,#2382);
#2385=CARTESIAN_POINT('',(-9.693322330470E1,-7.553322330470E1,-2.E0));
#2386=DIRECTION('',(0.E0,0.E0,1.E0));
#2387=DIRECTION('',(-1.E0,0.E0,0.E0));
#2388=AXIS2_PLACEMENT_3D('',#2385,#2386,#2387);
#2390=DIRECTION('',(1.E0,0.E0,0.E0));
#2391=VECTOR('',#2390,2.302528932188E2);
#2392=CARTESIAN_POINT('',(-9.675644660941E1,-7.571E1,-2.E0));
#2393=LINE('',#2392,#2391);
#2394=CARTESIAN_POINT('',(1.336732233047E2,-7.553322330470E1,-2.E0));
#2395=DIRECTION('',(0.E0,0.E0,1.E0));
#2396=DIRECTION('',(-7.071067811719E-1,-7.071067812012E-1,0.E0));
#2397=AXIS2_PLACEMENT_3D('',#2394,#2395,#2396);
#2399=CARTESIAN_POINT('',(1.336732233047E2,-7.553322330470E1,-2.E0));
#2400=DIRECTION('',(0.E0,0.E0,1.E0));
#2401=DIRECTION('',(1.E0,0.E0,0.E0));
#2402=AXIS2_PLACEMENT_3D('',#2399,#2400,#2401);
#2404=DIRECTION('',(0.E0,1.E0,0.E0));
#2405=VECTOR('',#2404,1.501028932188E2);
#2406=CARTESIAN_POINT('',(1.3385E2,-7.535644660941E1,-2.E0));
#2407=LINE('',#2406,#2405);
#2408=CARTESIAN_POINT('',(1.336732233047E2,7.492322330470E1,-2.E0));
#2409=DIRECTION('',(0.E0,0.E0,1.E0));
#2410=DIRECTION('',(7.071067812001E-1,-7.071067811730E-1,0.E0));
#2411=AXIS2_PLACEMENT_3D('',#2408,#2409,#2410);
#2413=CARTESIAN_POINT('',(1.336732233047E2,7.492322330470E1,-2.E0));
#2414=DIRECTION('',(0.E0,0.E0,1.E0));
#2415=DIRECTION('',(1.E0,0.E0,0.E0));
#2416=AXIS2_PLACEMENT_3D('',#2413,#2414,#2415);
#2418=DIRECTION('',(-1.E0,0.E0,0.E0));
#2419=VECTOR('',#2418,2.302528932188E2);
#2420=CARTESIAN_POINT('',(1.334964466094E2,7.51E1,-2.E0));
#2421=LINE('',#2420,#2419);
#2422=CARTESIAN_POINT('',(-9.693322330470E1,7.492322330470E1,-2.E0));
#2423=DIRECTION('',(0.E0,0.E0,1.E0));
#2424=DIRECTION('',(7.071067811720E-1,7.071067812011E-1,0.E0));
#2425=AXIS2_PLACEMENT_3D('',#2422,#2423,#2424);
#2427=CARTESIAN_POINT('',(-9.693322330470E1,7.492322330470E1,-2.E0));
#2428=DIRECTION('',(0.E0,0.E0,1.E0));
#2429=DIRECTION('',(-1.E0,0.E0,0.E0));
#2430=AXIS2_PLACEMENT_3D('',#2427,#2428,#2429);
#2432=DIRECTION('',(0.E0,-1.E0,-4.774948699139E-13));
#2433=VECTOR('',#2432,5.864644660952E1);
#2434=CARTESIAN_POINT('',(-9.711E1,7.474644660941E1,-2.000000000012E0));
#2435=LINE('',#2434,#2433);
#2436=CARTESIAN_POINT('',(-1.1692E2,4.98E1,-1.999999999998E0));
#2437=DIRECTION('',(0.E0,0.E0,1.E0));
#2438=DIRECTION('',(-1.E0,0.E0,0.E0));
#2439=AXIS2_PLACEMENT_3D('',#2436,#2437,#2438);
#2441=CARTESIAN_POINT('',(-1.1692E2,4.98E1,-1.999999999998E0));
#2442=DIRECTION('',(0.E0,0.E0,1.E0));
#2443=DIRECTION('',(0.E0,-1.E0,0.E0));
#2444=AXIS2_PLACEMENT_3D('',#2441,#2442,#2443);
#2446=CARTESIAN_POINT('',(-1.1692E2,4.98E1,-1.999999999998E0));
#2447=DIRECTION('',(0.E0,0.E0,1.E0));
#2448=DIRECTION('',(1.E0,0.E0,0.E0));
#2449=AXIS2_PLACEMENT_3D('',#2446,#2447,#2448);
#2451=CARTESIAN_POINT('',(-1.1692E2,4.98E1,-1.999999999998E0));
#2452=DIRECTION('',(0.E0,0.E0,1.E0));
#2453=DIRECTION('',(0.E0,1.E0,0.E0));
#2454=AXIS2_PLACEMENT_3D('',#2451,#2452,#2453);
#2456=DIRECTION('',(-1.151095920988E-11,1.E0,0.E0));
#2457=VECTOR('',#2456,1.062898169694E2);
#2458=CARTESIAN_POINT('',(-1.385000000003E2,-3.728958933699E1,0.E0));
#2459=LINE('',#2458,#2457);
#2460=DIRECTION('',(7.818298712197E-6,4.165201516898E-11,-9.999999999694E-1));
#2461=VECTOR('',#2460,2.000000000061E0);
#2462=CARTESIAN_POINT('',(-1.284997967204E2,7.900000000151E1,0.E0));
#2463=LINE('',#2462,#2461);
#2464=DIRECTION('',(1.666933258029E-11,-8.755002276592E-6,9.999999999617E-1));
#2465=VECTOR('',#2464,2.000000000077E0);
#2466=CARTESIAN_POINT('',(-1.385000000015E2,6.900024514242E1,-2.E0));
#2467=LINE('',#2466,#2465);
#2468=DIRECTION('',(1.E0,1.079084838504E-12,0.E0));
#2469=VECTOR('',#2468,2.570000243461E2);
#2470=CARTESIAN_POINT('',(-1.284997967204E2,7.900000000151E1,0.E0));
#2471=LINE('',#2470,#2469);
#2472=DIRECTION('',(3.333866516084E-11,-7.818273409771E-6,-9.999999999694E-1));
#2473=VECTOR('',#2472,2.000000000061E0);
#2474=CARTESIAN_POINT('',(1.385000000015E2,6.899979672078E1,0.E0));
#2475=LINE('',#2474,#2473);
#2476=DIRECTION('',(-8.754676343534E-6,-4.165912059602E-11,9.999999999617E-1));
#2477=VECTOR('',#2476,2.000000000077E0);
#2478=CARTESIAN_POINT('',(1.285002451351E2,7.900000000187E1,-2.E0));
#2479=LINE('',#2478,#2477);
#2480=DIRECTION('',(2.551156902917E-12,-1.E0,0.E0));
#2481=VECTOR('',#2480,1.380000243465E2);
#2482=CARTESIAN_POINT('',(1.385000000015E2,6.899979672078E1,0.E0));
#2483=LINE('',#2482,#2481);
#2484=DIRECTION('',(-7.818007986532E-6,-2.500399887063E-11,-9.999999999694E-1));
#2485=VECTOR('',#2484,2.000000000061E0);
#2486=CARTESIAN_POINT('',(1.284997967290E2,-7.900000000123E1,0.E0));
#2487=LINE('',#2486,#2485);
#2488=DIRECTION('',(-3.333866516059E-11,8.754736455449E-6,9.999999999617E-1));
#2489=VECTOR('',#2488,2.000000000077E0);
#2490=CARTESIAN_POINT('',(1.385000000019E2,-6.900024513525E1,-2.E0));
#2491=LINE('',#2490,#2489);
#2492=DIRECTION('',(-1.E0,4.457548967118E-12,0.E0));
#2493=VECTOR('',#2492,2.252893860656E2);
#2494=CARTESIAN_POINT('',(1.284997967290E2,-7.900000000123E1,0.E0));
#2495=LINE('',#2494,#2493);
#2496=DIRECTION('',(-1.675367400367E-9,2.500399887140E-11,1.E0));
#2497=VECTOR('',#2496,2.E0);
#2498=CARTESIAN_POINT('',(-9.678958933322E1,-7.900000000027E1,-2.E0));
#2499=LINE('',#2498,#2497);
#2500=DIRECTION('',(-1.666933258093E-11,-2.862776682377E-11,-1.E0));
#2501=VECTOR('',#2500,2.E0);
#2502=CARTESIAN_POINT('',(-1.385000000003E2,-3.728958933699E1,0.E0));
#2503=LINE('',#2502,#2501);
#2504=DIRECTION('',(-1.E0,1.106047058994E-12,3.154649891589E-12));
#2505=VECTOR('',#2504,9.890000003234E0);
#2506=CARTESIAN_POINT('',(-9.711E1,1.559999999998E1,-2.500000000057E0));
#2507=LINE('',#2506,#2505);
#2508=DIRECTION('',(0.E0,7.071067811127E-1,7.071067812604E-1));
#2509=VECTOR('',#2508,7.071067811372E-1);
#2510=CARTESIAN_POINT('',(-9.711E1,1.559999999998E1,-2.500000000057E0));
#2511=LINE('',#2510,#2509);
#2512=DIRECTION('',(0.E0,-3.480209318017E-14,1.E0));
#2513=VECTOR('',#2512,4.899999999988E0);
#2514=CARTESIAN_POINT('',(-9.711E1,7.474644660941E1,-6.9E0));
#2515=LINE('',#2514,#2513);
#2516=DIRECTION('',(1.392083727203E-13,0.E0,-1.E0));
#2517=VECTOR('',#2516,4.9E0);
#2518=CARTESIAN_POINT('',(-9.675644660941E1,7.51E1,-2.E0));
#2519=LINE('',#2518,#2517);
#2520=DIRECTION('',(0.E0,1.E0,0.E0));
#2521=VECTOR('',#2520,2.44E1);
#2522=CARTESIAN_POINT('',(-9.611E1,-1.03E1,-6.9E0));
#2523=LINE('',#2522,#2521);
#2524=DIRECTION('',(-1.E0,0.E0,0.E0));
#2525=VECTOR('',#2524,7.189999989700E0);
#2526=CARTESIAN_POINT('',(-9.611E1,1.41E1,-6.9E0));
#2527=LINE('',#2526,#2525);
#2528=DIRECTION('',(0.E0,1.E0,0.E0));
#2529=VECTOR('',#2528,9.999999998774E-1);
#2530=CARTESIAN_POINT('',(-1.032999999897E2,1.41E1,-6.9E0));
#2531=LINE('',#2530,#2529);
#2532=CARTESIAN_POINT('',(-1.037999999897E2,1.51E1,-6.9E0));
#2533=DIRECTION('',(0.E0,0.E0,1.E0));
#2534=DIRECTION('',(1.E0,0.E0,0.E0));
#2535=AXIS2_PLACEMENT_3D('',#2532,#2533,#2534);
#2537=DIRECTION('',(0.E0,1.E0,0.E0));
#2538=VECTOR('',#2537,5.914644660942E1);
#2539=CARTESIAN_POINT('',(-9.711E1,1.559999999999E1,-6.9E0));
#2540=LINE('',#2539,#2538);
#2541=CARTESIAN_POINT('',(-9.693322330470E1,7.492322330470E1,-6.9E0));
#2542=DIRECTION('',(0.E0,0.E0,-1.E0));
#2543=DIRECTION('',(-7.071067812001E-1,-7.071067811730E-1,0.E0));
#2544=AXIS2_PLACEMENT_3D('',#2541,#2542,#2543);
#2546=DIRECTION('',(1.E0,0.E0,0.E0));
#2547=VECTOR('',#2546,2.302528932188E2);
#2548=CARTESIAN_POINT('',(-9.675644660941E1,7.51E1,-6.9E0));
#2549=LINE('',#2548,#2547);
#2550=CARTESIAN_POINT('',(1.336732233047E2,7.492322330470E1,-6.9E0));
#2551=DIRECTION('',(0.E0,0.E0,-1.E0));
#2552=DIRECTION('',(-7.071067811719E-1,7.071067812012E-1,0.E0));
#2553=AXIS2_PLACEMENT_3D('',#2550,#2551,#2552);
#2555=DIRECTION('',(0.E0,-1.E0,0.E0));
#2556=VECTOR('',#2555,8.504644660941E1);
#2557=CARTESIAN_POINT('',(1.3385E2,7.474644660941E1,-6.9E0));
#2558=LINE('',#2557,#2556);
#2559=DIRECTION('',(1.E0,0.E0,0.E0));
#2560=VECTOR('',#2559,2.2996E2);
#2561=CARTESIAN_POINT('',(-9.611E1,-1.03E1,-6.9E0));
#2562=LINE('',#2561,#2560);
#2563=DIRECTION('',(0.E0,-7.942852724747E-13,-1.E0));
#2564=VECTOR('',#2563,7.E-1);
#2565=CARTESIAN_POINT('',(1.3385E2,-1.03E1,-6.9E0));
#2566=LINE('',#2565,#2564);
#2567=DIRECTION('',(0.E0,1.E0,0.E0));
#2568=VECTOR('',#2567,3.56E1);
#2569=CARTESIAN_POINT('',(-9.611E1,-4.59E1,-7.6E0));
#2570=LINE('',#2569,#2568);
#2571=DIRECTION('',(1.E0,0.E0,0.E0));
#2572=VECTOR('',#2571,2.2996E2);
#2573=CARTESIAN_POINT('',(-9.611E1,-1.03E1,-7.6E0));
#2574=LINE('',#2573,#2572);
#2575=DIRECTION('',(0.E0,-1.E0,0.E0));
#2576=VECTOR('',#2575,6.505644660941E1);
#2577=CARTESIAN_POINT('',(1.3385E2,-1.03E1,-7.6E0));
#2578=LINE('',#2577,#2576);
#2579=CARTESIAN_POINT('',(1.336732233047E2,-7.553322330470E1,-7.6E0));
#2580=DIRECTION('',(0.E0,0.E0,-1.E0));
#2581=DIRECTION('',(7.071067812002E-1,7.071067811729E-1,0.E0));
#2582=AXIS2_PLACEMENT_3D('',#2579,#2580,#2581);
#2584=DIRECTION('',(-1.E0,0.E0,0.E0));
#2585=VECTOR('',#2584,2.302528932188E2);
#2586=CARTESIAN_POINT('',(1.334964466094E2,-7.571E1,-7.6E0));
#2587=LINE('',#2586,#2585);
#2588=CARTESIAN_POINT('',(-9.693322330470E1,-7.553322330470E1,-7.6E0));
#2589=DIRECTION('',(0.E0,0.E0,-1.E0));
#2590=DIRECTION('',(7.071067811720E-1,-7.071067812011E-1,0.E0));
#2591=AXIS2_PLACEMENT_3D('',#2588,#2589,#2590);
#2593=DIRECTION('',(1.766759494519E-14,1.E0,0.E0));
#2594=VECTOR('',#2593,2.895644660942E1);
#2595=CARTESIAN_POINT('',(-9.711E1,-7.535644660941E1,-7.6E0));
#2596=LINE('',#2595,#2594);
#2597=DIRECTION('',(1.E0,-1.674038685427E-11,0.E0));
#2598=VECTOR('',#2597,5.000000000071E-1);
#2599=CARTESIAN_POINT('',(-9.711E1,-4.639999999999E1,-7.6E0));
#2600=LINE('',#2599,#2598);
#2601=CARTESIAN_POINT('',(-9.661E1,-4.59E1,-7.6E0));
#2602=DIRECTION('',(0.E0,0.E0,1.E0));
#2603=DIRECTION('',(4.231992534187E-11,-1.E0,0.E0));
#2604=AXIS2_PLACEMENT_3D('',#2601,#2602,#2603);
#2606=DIRECTION('',(-1.E0,0.E0,0.E0));
#2607=VECTOR('',#2606,8.7E1);
#2608=CARTESIAN_POINT('',(1.07E2,-6.769958448258E1,-7.6E0));
#2609=LINE('',#2608,#2607);
#2610=DIRECTION('',(0.E0,-1.E0,0.E0));
#2611=VECTOR('',#2610,1.819999999999E1);
#2612=CARTESIAN_POINT('',(1.08E2,-4.849958448259E1,-7.6E0));
#2613=LINE('',#2612,#2611);
#2614=DIRECTION('',(1.E0,0.E0,0.E0));
#2615=VECTOR('',#2614,8.3E1);
#2616=CARTESIAN_POINT('',(2.2E1,-4.549958448259E1,-7.6E0));
#2617=LINE('',#2616,#2615);
#2618=DIRECTION('',(0.E0,1.E0,0.E0));
#2619=VECTOR('',#2618,1.819999999999E1);
#2620=CARTESIAN_POINT('',(1.9E1,-6.669958448258E1,-7.6E0));
#2621=LINE('',#2620,#2619);
#2622=DIRECTION('',(-1.E0,0.E0,0.E0));
#2623=VECTOR('',#2622,6.8E1);
#2624=CARTESIAN_POINT('',(-2.25E0,-6.449958448259E1,-7.6E0));
#2625=LINE('',#2624,#2623);
#2626=DIRECTION('',(0.E0,-1.E0,0.E0));
#2627=VECTOR('',#2626,2.1E1);
#2628=CARTESIAN_POINT('',(-1.25E0,-4.249958448259E1,-7.6E0));
#2629=LINE('',#2628,#2627);
#2630=DIRECTION('',(1.E0,0.E0,0.E0));
#2631=VECTOR('',#2630,6.4E1);
#2632=CARTESIAN_POINT('',(-6.825E1,-3.949958448259E1,-7.6E0));
#2633=LINE('',#2632,#2631);
#2634=DIRECTION('',(0.E0,1.E0,0.E0));
#2635=VECTOR('',#2634,2.1E1);
#2636=CARTESIAN_POINT('',(-7.125E1,-6.349958448259E1,-7.6E0));
#2637=LINE('',#2636,#2635);
#2638=DIRECTION('',(0.E0,0.E0,-1.E0));
#2639=VECTOR('',#2638,7.E-1);
#2640=CARTESIAN_POINT('',(-9.611E1,-1.03E1,-6.9E0));
#2641=LINE('',#2640,#2639);
#2642=DIRECTION('',(0.E0,1.E0,0.E0));
#2643=VECTOR('',#2642,5.85E1);
#2644=CARTESIAN_POINT('',(-9.611E1,-4.59E1,-9.E0));
#2645=LINE('',#2644,#2643);
#2646=DIRECTION('',(0.E0,0.E0,1.E0));
#2647=VECTOR('',#2646,6.E-1);
#2648=CARTESIAN_POINT('',(-9.611E1,1.26E1,-9.E0));
#2649=LINE('',#2648,#2647);
#2650=DIRECTION('',(0.E0,7.071067811865E-1,7.071067811865E-1));
#2651=VECTOR('',#2650,2.121320343560E0);
#2652=CARTESIAN_POINT('',(-9.611E1,1.26E1,-8.4E0));
#2653=LINE('',#2652,#2651);
#2654=DIRECTION('',(0.E0,0.E0,1.E0));
#2655=VECTOR('',#2654,1.4E0);
#2656=CARTESIAN_POINT('',(-9.611E1,-4.59E1,-9.E0));
#2657=LINE('',#2656,#2655);
#2658=DIRECTION('',(-5.034702813386E-12,-1.350031197944E-12,-1.E0));
#2659=VECTOR('',#2658,1.4E0);
#2660=CARTESIAN_POINT('',(-9.660999999999E1,-4.64E1,-7.6E0));
#2661=LINE('',#2660,#2659);
#2662=DIRECTION('',(2.229153680848E-14,3.198835532017E-12,1.E0));
#2663=VECTOR('',#2662,5.099999999926E0);
#2664=CARTESIAN_POINT('',(-9.711E1,-4.639999999999E1,-7.6E0));
#2665=LINE('',#2664,#2663);
#2666=DIRECTION('',(-1.004859173615E-13,7.071067811018E-1,-7.071067812713E-1));
#2667=VECTOR('',#2666,7.071067811462E-1);
#2668=CARTESIAN_POINT('',(-9.711E1,-4.689999999988E1,-2.000000000043E0));
#2669=LINE('',#2668,#2667);
#2670=DIRECTION('',(1.E0,1.108057664111E-12,-3.471493604695E-12));
#2671=VECTOR('',#2670,1.168999998146E1);
#2672=CARTESIAN_POINT('',(-1.087999999815E2,-4.639999999999E1,
-2.500000000033E0));
#2673=LINE('',#2672,#2671);
#2674=DIRECTION('',(7.071067785566E-1,1.115084193284E-7,-7.071067838165E-1));
#2675=VECTOR('',#2674,7.071067765824E-1);
#2676=CARTESIAN_POINT('',(-1.097999999842E2,-4.590000008720E1,
-2.000000002287E0));
#2677=LINE('',#2676,#2675);
#2678=CARTESIAN_POINT('',(-1.087999999897E2,-4.59E1,-2.5E0));
#2679=DIRECTION('',(0.E0,0.E0,1.E0));
#2680=DIRECTION('',(-1.E0,0.E0,0.E0));
#2681=AXIS2_PLACEMENT_3D('',#2678,#2679,#2680);
#2683=DIRECTION('',(-8.818382844246E-9,-7.071067811425E-1,7.071067812305E-1));
#2684=VECTOR('',#2683,7.071067811473E-1);
#2685=CARTESIAN_POINT('',(-1.087999999815E2,-4.639999999999E1,
-2.500000000033E0));
#2686=LINE('',#2685,#2684);
#2687=DIRECTION('',(0.E0,-1.E0,0.E0));
#2688=VECTOR('',#2687,5.920000002554E1);
#2689=CARTESIAN_POINT('',(-1.092999999893E2,1.330000001718E1,
-2.500000000892E0));
#2690=LINE('',#2689,#2688);
#2691=DIRECTION('',(1.232779321660E-8,-7.071067811473E-1,-7.071067812258E-1));
#2692=VECTOR('',#2691,7.071067811439E-1);
#2693=CARTESIAN_POINT('',(-1.070000000120E2,1.609999999993E1,
-2.000000000028E0));
#2694=LINE('',#2693,#2692);
#2695=CARTESIAN_POINT('',(-1.069999999897E2,1.33E1,-2.500000000001E0));
#2696=DIRECTION('',(0.E0,0.E0,1.E0));
#2697=DIRECTION('',(-4.335052124034E-9,1.E0,0.E0));
#2698=AXIS2_PLACEMENT_3D('',#2695,#2696,#2697);
#2700=DIRECTION('',(-7.071067785565E-1,1.689746804300E-7,7.071067838166E-1));
#2701=VECTOR('',#2700,7.071067765826E-1);
#2702=CARTESIAN_POINT('',(-1.092999999893E2,1.330000001718E1,
-2.500000000892E0));
#2703=LINE('',#2702,#2701);
#2704=DIRECTION('',(1.059447640732E-9,1.676334285065E-12,-1.E0));
#2705=VECTOR('',#2704,6.499999999974E0);
#2706=CARTESIAN_POINT('',(-1.070000000032E2,1.559999999999E1,
-2.500000000026E0));
#2707=LINE('',#2706,#2705);
#2708=DIRECTION('',(5.722820508864E-11,3.312576196706E-9,1.E0));
#2709=VECTOR('',#2708,6.499999999108E0);
#2710=CARTESIAN_POINT('',(-1.092999999897E2,1.329999999565E1,-9.E0));
#2711=LINE('',#2710,#2709);
#2712=DIRECTION('',(0.E0,3.040799935122E-12,-1.E0));
#2713=VECTOR('',#2712,4.399999999943E0);
#2714=CARTESIAN_POINT('',(-9.711E1,1.559999999998E1,-2.500000000057E0));
#2715=LINE('',#2714,#2713);
#2716=DIRECTION('',(-1.E0,1.065283056899E-12,0.E0));
#2717=VECTOR('',#2716,6.689999989695E0);
#2718=CARTESIAN_POINT('',(-9.711E1,1.559999999999E1,-6.9E0));
#2719=LINE('',#2718,#2717);
#2720=DIRECTION('',(2.395544080563E-12,-6.335672727194E-13,1.E0));
#2721=VECTOR('',#2720,2.1E0);
#2722=CARTESIAN_POINT('',(-1.037999999897E2,1.56E1,-9.E0));
#2723=LINE('',#2722,#2721);
#2724=DIRECTION('',(4.430403134306E-11,-2.727638221110E-11,-1.E0));
#2725=VECTOR('',#2724,2.1E0);
#2726=CARTESIAN_POINT('',(-1.032999999897E2,1.509999999988E1,-6.9E0));
#2727=LINE('',#2726,#2725);
#2728=DIRECTION('',(-5.822275874375E-10,-5.822275874375E-10,1.E0));
#2729=VECTOR('',#2728,6.400000132221E0);
#2730=CARTESIAN_POINT('',(-1.032999999860E2,1.450000000373E1,
-1.540000013222E1));
#2731=LINE('',#2730,#2729);
#2732=DIRECTION('',(1.550641097472E-10,1.E0,0.E0));
#2733=VECTOR('',#2732,5.999999998201E-1);
#2734=CARTESIAN_POINT('',(-1.032999999897E2,1.45E1,-9.E0));
#2735=LINE('',#2734,#2733);
#2736=DIRECTION('',(0.E0,-7.071067811865E-1,-7.071067811865E-1));
#2737=VECTOR('',#2736,2.121320343560E0);
#2738=CARTESIAN_POINT('',(-1.032999999897E2,1.41E1,-6.9E0));
#2739=LINE('',#2738,#2737);
#2740=DIRECTION('',(1.961195179015E-9,1.E0,-3.229760966952E-8));
#2741=VECTOR('',#2740,1.900000003726E0);
#2742=CARTESIAN_POINT('',(-1.032999999897E2,1.26E1,-1.540000007086E1));
#2743=LINE('',#2742,#2741);
#2744=DIRECTION('',(-7.071067811866E-1,-7.071067811865E-1,-1.038825674987E-8));
#2745=VECTOR('',#2744,1.414213561788E0);
#2746=CARTESIAN_POINT('',(-1.022999999864E2,1.550000000331E1,
-1.540000011753E1));
#2747=LINE('',#2746,#2745);
#2748=DIRECTION('',(-7.071067811865E-1,-7.071067811865E-1,0.E0));
#2749=VECTOR('',#2748,1.414213562373E0);
#2750=CARTESIAN_POINT('',(-1.022999999897E2,1.55E1,-9.E0));
#2751=LINE('',#2750,#2749);
#2752=DIRECTION('',(-2.780596063022E-9,-7.071067811865E-1,-7.071067811865E-1));
#2753=VECTOR('',#2752,1.414213561909E0);
#2754=CARTESIAN_POINT('',(-1.003000000212E2,1.550000000262E1,
-1.739999999738E1));
#2755=LINE('',#2754,#2753);
#2756=CARTESIAN_POINT('',(-9.129999998973E1,1.55E1,-1.44E1));
#2757=DIRECTION('',(0.E0,1.E0,0.E0));
#2758=DIRECTION('',(1.E0,0.E0,0.E0));
#2759=AXIS2_PLACEMENT_3D('',#2756,#2757,#2758);
#2761=CARTESIAN_POINT('',(-9.129999998973E1,1.55E1,-1.44E1));
#2762=DIRECTION('',(0.E0,1.E0,0.E0));
#2763=DIRECTION('',(-1.E0,0.E0,0.E0));
#2764=AXIS2_PLACEMENT_3D('',#2761,#2762,#2763);
#2766=DIRECTION('',(-5.175348943171E-10,-5.175343392056E-10,1.E0));
#2767=VECTOR('',#2766,6.400000117530E0);
#2768=CARTESIAN_POINT('',(-1.022999999864E2,1.550000000331E1,
-1.540000011753E1));
#2769=LINE('',#2768,#2767);
#2770=CARTESIAN_POINT('',(-1.002999999897E2,1.55E1,-1.54E1));
#2771=DIRECTION('',(0.E0,1.E0,0.E0));
#2772=DIRECTION('',(0.E0,0.E0,-1.E0));
#2773=AXIS2_PLACEMENT_3D('',#2770,#2771,#2772);
#2775=DIRECTION('',(-1.E0,0.E0,0.E0));
#2776=VECTOR('',#2775,1.900000006289E1);
#2777=CARTESIAN_POINT('',(-8.129999995827E1,1.550000000262E1,
-1.739999999738E1));
#2778=LINE('',#2777,#2776);
#2779=CARTESIAN_POINT('',(-8.129999998973E1,1.55E1,-1.54E1));
#2780=DIRECTION('',(0.E0,1.E0,0.E0));
#2781=DIRECTION('',(1.E0,0.E0,1.776356839400E-14));
#2782=AXIS2_PLACEMENT_3D('',#2779,#2780,#2781);
#2784=DIRECTION('',(-5.175348943171E-10,5.175348943171E-10,-1.E0));
#2785=VECTOR('',#2784,6.400000117530E0);
#2786=CARTESIAN_POINT('',(-7.929999998973E1,1.55E1,-9.E0));
#2787=LINE('',#2786,#2785);
#2788=DIRECTION('',(-1.E0,0.E0,0.E0));
#2789=VECTOR('',#2788,2.299999999997E1);
#2790=CARTESIAN_POINT('',(-7.929999998973E1,1.55E1,-9.E0));
#2791=LINE('',#2790,#2789);
#2792=DIRECTION('',(0.E0,1.E0,0.E0));
#2793=VECTOR('',#2792,2.9E0);
#2794=CARTESIAN_POINT('',(-8.979999998973E1,1.26E1,-1.44E1));
#2795=LINE('',#2794,#2793);
#2796=DIRECTION('',(0.E0,1.E0,0.E0));
#2797=VECTOR('',#2796,2.9E0);
#2798=CARTESIAN_POINT('',(-9.279999998973E1,1.26E1,-1.44E1));
#2799=LINE('',#2798,#2797);
#2800=CARTESIAN_POINT('',(-9.129999998973E1,1.26E1,-1.44E1));
#2801=DIRECTION('',(0.E0,1.E0,0.E0));
#2802=DIRECTION('',(1.E0,0.E0,0.E0));
#2803=AXIS2_PLACEMENT_3D('',#2800,#2801,#2802);
#2805=CARTESIAN_POINT('',(-9.129999998973E1,1.26E1,-1.44E1));
#2806=DIRECTION('',(0.E0,1.E0,0.E0));
#2807=DIRECTION('',(-1.E0,0.E0,0.E0));
#2808=AXIS2_PLACEMENT_3D('',#2805,#2806,#2807);
#2810=CARTESIAN_POINT('',(-8.129999998973E1,1.26E1,-1.54E1));
#2811=DIRECTION('',(0.E0,-1.E0,0.E0));
#2812=DIRECTION('',(0.E0,0.E0,-1.E0));
#2813=AXIS2_PLACEMENT_3D('',#2810,#2811,#2812);
#2815=DIRECTION('',(-1.E0,0.E0,0.E0));
#2816=VECTOR('',#2815,1.900000000146E1);
#2817=CARTESIAN_POINT('',(-8.129999998973E1,1.26E1,-1.84E1));
#2818=LINE('',#2817,#2816);
#2819=CARTESIAN_POINT('',(-1.002999999897E2,1.26E1,-1.54E1));
#2820=DIRECTION('',(0.E0,1.E0,0.E0));
#2821=DIRECTION('',(0.E0,0.E0,-1.E0));
#2822=AXIS2_PLACEMENT_3D('',#2819,#2820,#2821);
#2824=DIRECTION('',(0.E0,0.E0,1.E0));
#2825=VECTOR('',#2824,7.000000070856E0);
#2826=CARTESIAN_POINT('',(-1.032999999897E2,1.26E1,-1.540000007086E1));
#2827=LINE('',#2826,#2825);
#2828=DIRECTION('',(0.E0,0.E0,1.E0));
#2829=VECTOR('',#2828,6.4E0);
#2830=CARTESIAN_POINT('',(-7.829999998973E1,1.26E1,-1.54E1));
#2831=LINE('',#2830,#2829);
#2832=CARTESIAN_POINT('',(-8.129999998973E1,1.45E1,-1.54E1));
#2833=DIRECTION('',(0.E0,1.E0,0.E0));
#2834=DIRECTION('',(1.E0,0.E0,0.E0));
#2835=AXIS2_PLACEMENT_3D('',#2832,#2833,#2834);
#2837=DIRECTION('',(7.071067811865E-1,-7.071067811866E-1,-1.038828187135E-8));
#2838=VECTOR('',#2837,1.414213561788E0);
#2839=CARTESIAN_POINT('',(-7.929999999304E1,1.550000000331E1,
-1.540000011753E1));
#2840=LINE('',#2839,#2838);
#2841=DIRECTION('',(2.780586014430E-9,-7.071067811865E-1,-7.071067811865E-1));
#2842=VECTOR('',#2841,1.414213561909E0);
#2843=CARTESIAN_POINT('',(-8.129999995827E1,1.550000000262E1,
-1.739999999738E1));
#2844=LINE('',#2843,#2842);
#2845=DIRECTION('',(-1.E0,0.E0,0.E0));
#2846=VECTOR('',#2845,1.900000007075E1);
#2847=CARTESIAN_POINT('',(-8.129999995434E1,1.450000000295E1,
-1.839999999705E1));
#2848=LINE('',#2847,#2846);
#2849=DIRECTION('',(1.784084549836E-8,-1.E0,-1.552945372222E-9));
#2850=VECTOR('',#2849,1.900000002951E0);
#2851=CARTESIAN_POINT('',(-1.003000000251E2,1.450000000295E1,
-1.839999999705E1));
#2852=LINE('',#2851,#2850);
#2853=DIRECTION('',(-1.862689274782E-8,-1.E0,-1.552945372222E-9));
#2854=VECTOR('',#2853,1.900000002951E0);
#2855=CARTESIAN_POINT('',(-8.129999995434E1,1.450000000295E1,
-1.839999999705E1));
#2856=LINE('',#2855,#2854);
#2857=CARTESIAN_POINT('',(-1.002999999897E2,1.45E1,-1.54E1));
#2858=DIRECTION('',(0.E0,1.E0,0.E0));
#2859=DIRECTION('',(0.E0,0.E0,-1.E0));
#2860=AXIS2_PLACEMENT_3D('',#2857,#2858,#2859);
#2862=DIRECTION('',(-7.071067811865E-1,7.071067811865E-1,0.E0));
#2863=VECTOR('',#2862,1.414213562373E0);
#2864=CARTESIAN_POINT('',(-7.829999998973E1,1.45E1,-9.E0));
#2865=LINE('',#2864,#2863);
#2866=DIRECTION('',(-5.822275874375E-10,5.822275874375E-10,-1.E0));
#2867=VECTOR('',#2866,6.400000132221E0);
#2868=CARTESIAN_POINT('',(-7.829999998973E1,1.45E1,-9.E0));
#2869=LINE('',#2868,#2867);
#2870=DIRECTION('',(1.961187699618E-9,-1.E0,6.958999538400E-8));
#2871=VECTOR('',#2870,1.900000003726E0);
#2872=CARTESIAN_POINT('',(-7.829999999346E1,1.450000000373E1,
-1.540000013222E1));
#2873=LINE('',#2872,#2871);
#2874=DIRECTION('',(-1.E0,0.E0,0.E0));
#2875=VECTOR('',#2874,7.189999989700E0);
#2876=CARTESIAN_POINT('',(-9.611E1,1.26E1,-8.4E0));
#2877=LINE('',#2876,#2875);
#2878=DIRECTION('',(0.E0,-1.E0,0.E0));
#2879=VECTOR('',#2878,5.4E1);
#2880=CARTESIAN_POINT('',(-1.092999999897E2,1.01E1,-7.6E0));
#2881=LINE('',#2880,#2879);
#2882=DIRECTION('',(0.E0,0.E0,1.E0));
#2883=VECTOR('',#2882,1.4E0);
#2884=CARTESIAN_POINT('',(-1.092999999897E2,-4.39E1,-9.E0));
#2885=LINE('',#2884,#2883);
#2886=DIRECTION('',(2.026569388493E-10,5.453923027484E-11,-1.E0));
#2887=VECTOR('',#2886,1.4E0);
#2888=CARTESIAN_POINT('',(-1.087999999896E2,-4.34E1,-7.6E0));
#2889=LINE('',#2888,#2887);
#2890=DIRECTION('',(0.E0,-1.E0,0.E0));
#2891=VECTOR('',#2890,5.3E1);
#2892=CARTESIAN_POINT('',(-1.072999999897E2,9.600000000001E0,-7.6E0));
#2893=LINE('',#2892,#2891);
#2894=DIRECTION('',(-1.E0,0.E0,0.E0));
#2895=VECTOR('',#2894,1.499999999875E0);
#2896=CARTESIAN_POINT('',(-1.072999999897E2,-4.34E1,-7.6E0));
#2897=LINE('',#2896,#2895);
#2898=CARTESIAN_POINT('',(-1.087999999897E2,-4.39E1,-7.6E0));
#2899=DIRECTION('',(0.E0,0.E0,1.E0));
#2900=DIRECTION('',(0.E0,1.E0,0.E0));
#2901=AXIS2_PLACEMENT_3D('',#2898,#2899,#2900);
#2903=CARTESIAN_POINT('',(-1.087999999897E2,1.01E1,-7.6E0));
#2904=DIRECTION('',(0.E0,0.E0,1.E0));
#2905=DIRECTION('',(-1.E0,-1.065814103640E-14,0.E0));
#2906=AXIS2_PLACEMENT_3D('',#2903,#2904,#2905);
#2908=DIRECTION('',(1.E0,2.250051996990E-13,0.E0));
#2909=VECTOR('',#2908,1.499999999723E0);
#2910=CARTESIAN_POINT('',(-1.087999999894E2,9.600000000001E0,-7.6E0));
#2911=LINE('',#2910,#2909);
#2912=DIRECTION('',(0.E0,-1.E0,0.E0));
#2913=VECTOR('',#2912,5.3E1);
#2914=CARTESIAN_POINT('',(-1.062999999897E2,9.600000000001E0,-8.6E0));
#2915=LINE('',#2914,#2913);
#2916=DIRECTION('',(-7.071067811865E-1,-3.893829297536E-14,7.071067811865E-1));
#2917=VECTOR('',#2916,1.414213562373E0);
#2918=CARTESIAN_POINT('',(-1.062999999897E2,9.600000000001E0,-8.6E0));
#2919=LINE('',#2918,#2917);
#2920=DIRECTION('',(1.E0,-5.447494334733E-10,0.E0));
#2921=VECTOR('',#2920,5.999999969998E-1);
#2922=CARTESIAN_POINT('',(-1.087999999881E2,9.599999999841E0,-9.E0));
#2923=LINE('',#2922,#2921);
#2924=DIRECTION('',(0.E0,0.E0,1.E0));
#2925=VECTOR('',#2924,6.800000076786E0);
#2926=CARTESIAN_POINT('',(-1.062999999897E2,9.600000000001E0,
-1.540000007679E1));
#2927=LINE('',#2926,#2925);
#2928=DIRECTION('',(0.E0,-5.453022160801E-10,-1.E0));
#2929=VECTOR('',#2928,1.4E0);
#2930=CARTESIAN_POINT('',(-1.092999999897E2,1.01E1,-7.6E0));
#2931=LINE('',#2930,#2929);
#2932=DIRECTION('',(-9.680941762521E-10,1.137528166899E-10,1.E0));
#2933=VECTOR('',#2932,1.4E0);
#2934=CARTESIAN_POINT('',(-1.087999999881E2,9.599999999841E0,-9.E0));
#2935=LINE('',#2934,#2933);
#2936=DIRECTION('',(-1.186184461687E-10,-3.861050295785E-11,1.E0));
#2937=VECTOR('',#2936,6.400000120224E0);
#2938=CARTESIAN_POINT('',(-1.081999999903E2,9.599999999762E0,
-1.540000012022E1));
#2939=LINE('',#2938,#2937);
#2940=DIRECTION('',(2.607469775513E-11,-5.662803515704E-11,-1.E0));
#2941=VECTOR('',#2940,6.400000049388E0);
#2942=CARTESIAN_POINT('',(-1.091999999901E2,-4.239999999916E1,-9.E0));
#2943=LINE('',#2942,#2941);
#2944=CARTESIAN_POINT('',(-1.091999999897E2,-4.04E1,-1.54E1));
#2945=DIRECTION('',(1.E0,0.E0,0.E0));
#2946=DIRECTION('',(0.E0,-1.E0,-9.066108752511E-9));
#2947=AXIS2_PLACEMENT_3D('',#2944,#2945,#2946);
#2949=DIRECTION('',(0.E0,1.E0,0.E0));
#2950=VECTOR('',#2949,4.700000001551E1);
#2951=CARTESIAN_POINT('',(-1.091999999899E2,-4.040000000353E1,
-1.739999999944E1));
#2952=LINE('',#2951,#2950);
#2953=CARTESIAN_POINT('',(-1.091999999897E2,6.600000000001E0,-1.54E1));
#2954=DIRECTION('',(1.E0,0.E0,0.E0));
#2955=DIRECTION('',(0.E0,1.350344369639E-8,-1.E0));
#2956=AXIS2_PLACEMENT_3D('',#2953,#2954,#2955);
#2958=DIRECTION('',(-2.607469770188E-11,-5.378031301103E-11,1.E0));
#2959=VECTOR('',#2958,6.400000062458E0);
#2960=CARTESIAN_POINT('',(-1.091999999899E2,8.599999999537E0,
-1.540000006246E1));
#2961=LINE('',#2960,#2959);
#2962=CARTESIAN_POINT('',(-1.091999999897E2,3.800000000011E0,
-1.439999999430E1));
#2963=DIRECTION('',(-1.E0,0.E0,0.E0));
#2964=DIRECTION('',(0.E0,1.E0,0.E0));
#2965=AXIS2_PLACEMENT_3D('',#2962,#2963,#2964);
#2967=CARTESIAN_POINT('',(-1.091999999897E2,3.800000000011E0,
-1.439999999430E1));
#2968=DIRECTION('',(-1.E0,0.E0,0.E0));
#2969=DIRECTION('',(0.E0,-1.E0,0.E0));
#2970=AXIS2_PLACEMENT_3D('',#2967,#2968,#2969);
#2972=CARTESIAN_POINT('',(-1.091999999897E2,-2.819999999999E1,-1.44E1));
#2973=DIRECTION('',(-1.E0,0.E0,0.E0));
#2974=DIRECTION('',(0.E0,1.E0,0.E0));
#2975=AXIS2_PLACEMENT_3D('',#2972,#2973,#2974);
#2977=CARTESIAN_POINT('',(-1.091999999897E2,-2.819999999999E1,-1.44E1));
#2978=DIRECTION('',(-1.E0,0.E0,0.E0));
#2979=DIRECTION('',(0.E0,-1.E0,0.E0));
#2980=AXIS2_PLACEMENT_3D('',#2977,#2978,#2979);
#2982=DIRECTION('',(5.623279552032E-11,-1.919797631071E-11,-1.E0));
#2983=VECTOR('',#2982,6.400000077045E0);
#2984=CARTESIAN_POINT('',(-1.081999999904E2,-4.339999999976E1,-9.E0));
#2985=LINE('',#2984,#2983);
#2986=DIRECTION('',(7.071067811865E-1,0.E0,-7.071067811865E-1));
#2987=VECTOR('',#2986,1.414213562373E0);
#2988=CARTESIAN_POINT('',(-1.072999999897E2,-4.34E1,-7.6E0));
#2989=LINE('',#2988,#2987);
#2990=DIRECTION('',(-1.E0,-2.700417672115E-10,0.E0));
#2991=VECTOR('',#2990,5.999999989204E-1);
#2992=CARTESIAN_POINT('',(-1.081999999904E2,-4.339999999976E1,-9.E0));
#2993=LINE('',#2992,#2991);
#2994=CARTESIAN_POINT('',(-1.062999999897E2,6.600000000001E0,-1.54E1));
#2995=DIRECTION('',(-1.E0,0.E0,0.E0));
#2996=DIRECTION('',(0.E0,1.E0,0.E0));
#2997=AXIS2_PLACEMENT_3D('',#2994,#2995,#2996);
#2999=DIRECTION('',(0.E0,-1.E0,0.E0));
#3000=VECTOR('',#2999,4.700000000529E1);
#3001=CARTESIAN_POINT('',(-1.062999999897E2,6.600000003792E0,-1.84E1));
#3002=LINE('',#3001,#3000);
#3003=CARTESIAN_POINT('',(-1.062999999897E2,-4.04E1,-1.54E1));
#3004=DIRECTION('',(-1.E0,0.E0,0.E0));
#3005=DIRECTION('',(0.E0,0.E0,-1.E0));
#3006=AXIS2_PLACEMENT_3D('',#3003,#3004,#3005);
#3008=DIRECTION('',(0.E0,0.E0,1.E0));
#3009=VECTOR('',#3008,6.800000070860E0);
#3010=CARTESIAN_POINT('',(-1.062999999897E2,-4.34E1,-1.540000007086E1));
#3011=LINE('',#3010,#3009);
#3012=CARTESIAN_POINT('',(-1.062999999897E2,3.800000000011E0,
-1.439999999430E1));
#3013=DIRECTION('',(1.E0,0.E0,0.E0));
#3014=DIRECTION('',(0.E0,-1.E0,0.E0));
#3015=AXIS2_PLACEMENT_3D('',#3012,#3013,#3014);
#3017=CARTESIAN_POINT('',(-1.062999999897E2,3.800000000011E0,
-1.439999999430E1));
#3018=DIRECTION('',(1.E0,0.E0,0.E0));
#3019=DIRECTION('',(0.E0,1.E0,0.E0));
#3020=AXIS2_PLACEMENT_3D('',#3017,#3018,#3019);
#3022=CARTESIAN_POINT('',(-1.062999999897E2,-2.819999999999E1,-1.44E1));
#3023=DIRECTION('',(1.E0,0.E0,0.E0));
#3024=DIRECTION('',(0.E0,-1.E0,0.E0));
#3025=AXIS2_PLACEMENT_3D('',#3022,#3023,#3024);
#3027=CARTESIAN_POINT('',(-1.062999999897E2,-2.819999999999E1,-1.44E1));
#3028=DIRECTION('',(1.E0,0.E0,0.E0));
#3029=DIRECTION('',(0.E0,1.E0,0.E0));
#3030=AXIS2_PLACEMENT_3D('',#3027,#3028,#3029);
#3032=DIRECTION('',(1.E0,9.939978663175E-11,-6.065604158350E-11));
#3033=VECTOR('',#3032,1.900000000296E0);
#3034=CARTESIAN_POINT('',(-1.081999999900E2,6.600000003603E0,
-1.839999999988E1));
#3035=LINE('',#3034,#3033);
#3036=DIRECTION('',(-1.E0,-1.259932508797E-10,-2.286210331427E-8));
#3037=VECTOR('',#3036,1.900000000608E0);
#3038=CARTESIAN_POINT('',(-1.062999999897E2,9.600000000001E0,
-1.540000007679E1));
#3039=LINE('',#3038,#3037);
#3040=DIRECTION('',(7.071067810064E-1,-5.924314314400E-9,-7.071067813667E-1));
#3041=VECTOR('',#3040,1.414213562647E0);
#3042=CARTESIAN_POINT('',(-1.091999999899E2,6.600000011981E0,
-1.739999999944E1));
#3043=LINE('',#3042,#3041);
#3044=CARTESIAN_POINT('',(-1.081999999897E2,6.600000000001E0,-1.54E1));
#3045=DIRECTION('',(1.E0,0.E0,0.E0));
#3046=DIRECTION('',(0.E0,0.E0,-1.E0));
#3047=AXIS2_PLACEMENT_3D('',#3044,#3045,#3046);
#3049=DIRECTION('',(-7.071067809660E-1,-7.071067814071E-1,4.084725284065E-8));
#3050=VECTOR('',#3049,1.414213562249E0);
#3051=CARTESIAN_POINT('',(-1.081999999903E2,9.599999999762E0,
-1.540000012022E1));
#3052=LINE('',#3051,#3050);
#3053=DIRECTION('',(0.E0,1.E0,0.E0));
#3054=VECTOR('',#3053,4.700000000607E1);
#3055=CARTESIAN_POINT('',(-1.081999999900E2,-4.040000000247E1,
-1.839999999988E1));
#3056=LINE('',#3055,#3054);
#3057=DIRECTION('',(7.071067810250E-1,-7.071067813481E-1,-1.955675010789E-8));
#3058=VECTOR('',#3057,1.414213562556E0);
#3059=CARTESIAN_POINT('',(-1.091999999899E2,-4.239999999953E1,
-1.540000004939E1));
#3060=LINE('',#3059,#3058);
#3061=CARTESIAN_POINT('',(-1.081999999897E2,-4.04E1,-1.54E1));
#3062=DIRECTION('',(1.E0,0.E0,0.E0));
#3063=DIRECTION('',(0.E0,-1.E0,-2.487502648287E-8));
#3064=AXIS2_PLACEMENT_3D('',#3061,#3062,#3063);
#3066=DIRECTION('',(-7.071067810064E-1,-7.522777715465E-10,7.071067813667E-1));
#3067=VECTOR('',#3066,1.414213562647E0);
#3068=CARTESIAN_POINT('',(-1.081999999900E2,-4.040000000247E1,
-1.839999999988E1));
#3069=LINE('',#3068,#3067);
#3070=DIRECTION('',(1.E0,-6.079628028086E-11,3.255389875264E-9));
#3071=VECTOR('',#3070,1.900000000311E0);
#3072=CARTESIAN_POINT('',(-1.081999999900E2,-4.339999999988E1,
-1.540000007705E1));
#3073=LINE('',#3072,#3071);
#3074=DIRECTION('',(-1.E0,-5.114411817232E-10,6.065604158350E-11));
#3075=VECTOR('',#3074,1.900000000296E0);
#3076=CARTESIAN_POINT('',(-1.062999999897E2,-4.040000000150E1,-1.84E1));
#3077=LINE('',#3076,#3075);
#3078=DIRECTION('',(1.E0,0.E0,0.E0));
#3079=VECTOR('',#3078,2.9E0);
#3080=CARTESIAN_POINT('',(-1.091999999897E2,5.300000000011E0,
-1.439999999430E1));
#3081=LINE('',#3080,#3079);
#3082=DIRECTION('',(1.E0,0.E0,0.E0));
#3083=VECTOR('',#3082,2.9E0);
#3084=CARTESIAN_POINT('',(-1.091999999897E2,2.300000000011E0,
-1.439999999430E1));
#3085=LINE('',#3084,#3083);
#3086=DIRECTION('',(1.E0,0.E0,0.E0));
#3087=VECTOR('',#3086,2.9E0);
#3088=CARTESIAN_POINT('',(-1.091999999897E2,-2.669999999999E1,-1.44E1));
#3089=LINE('',#3088,#3087);
#3090=DIRECTION('',(1.E0,0.E0,0.E0));
#3091=VECTOR('',#3090,2.9E0);
#3092=CARTESIAN_POINT('',(-1.091999999897E2,-2.969999999999E1,-1.44E1));
#3093=LINE('',#3092,#3091);
#3094=DIRECTION('',(-5.724132280068E-11,1.474016532966E-9,-1.E0));
#3095=VECTOR('',#3094,6.499999999109E0);
#3096=CARTESIAN_POINT('',(-1.092999999893E2,-4.590000000836E1,
-2.500000000891E0));
#3097=LINE('',#3096,#3095);
#3098=DIRECTION('',(3.654594575701E-11,2.096647641838E-12,1.E0));
#3099=VECTOR('',#3098,6.499999999967E0);
#3100=CARTESIAN_POINT('',(-1.087999999817E2,-4.64E1,-9.E0));
#3101=LINE('',#3100,#3099);
#3102=DIRECTION('',(1.218073261303E-13,0.E0,1.E0));
#3103=VECTOR('',#3102,5.6E0);
#3104=CARTESIAN_POINT('',(-9.675644660941E1,-7.571E1,-7.6E0));
#3105=LINE('',#3104,#3103);
#3106=DIRECTION('',(-3.045183153264E-14,-1.522591576632E-14,-1.E0));
#3107=VECTOR('',#3106,5.599999999987E0);
#3108=CARTESIAN_POINT('',(-9.711E1,-7.535644660941E1,-2.000000000013E0));
#3109=LINE('',#3108,#3107);
#3110=DIRECTION('',(1.421085471520E-13,0.E0,-1.E0));
#3111=VECTOR('',#3110,5.6E0);
#3112=CARTESIAN_POINT('',(1.334964466094E2,-7.571E1,-2.E0));
#3113=LINE('',#3112,#3111);
#3114=DIRECTION('',(0.E0,2.791417890486E-14,1.E0));
#3115=VECTOR('',#3114,5.6E0);
#3116=CARTESIAN_POINT('',(1.3385E2,-7.535644660941E1,-7.6E0));
#3117=LINE('',#3116,#3115);
#3118=DIRECTION('',(0.E0,-3.480209318009E-14,-1.E0));
#3119=VECTOR('',#3118,4.9E0);
#3120=CARTESIAN_POINT('',(1.3385E2,7.474644660941E1,-2.E0));
#3121=LINE('',#3120,#3119);
#3122=DIRECTION('',(1.740104659004E-13,0.E0,1.E0));
#3123=VECTOR('',#3122,4.9E0);
#3124=CARTESIAN_POINT('',(1.334964466094E2,7.51E1,-6.9E0));
#3125=LINE('',#3124,#3123);
#3126=DIRECTION('',(0.E0,0.E0,1.E0));
#3127=VECTOR('',#3126,1.4E0);
#3128=CARTESIAN_POINT('',(2.E1,-6.769958448258E1,-9.E0));
#3129=LINE('',#3128,#3127);
#3130=DIRECTION('',(0.E0,0.E0,1.E0));
#3131=VECTOR('',#3130,1.4E0);
#3132=CARTESIAN_POINT('',(1.07E2,-6.769958448258E1,-9.E0));
#3133=LINE('',#3132,#3131);
#3134=CARTESIAN_POINT('',(2.E1,-6.669958448258E1,-9.E0));
#3135=DIRECTION('',(0.E0,0.E0,1.E0));
#3136=DIRECTION('',(-1.E0,0.E0,0.E0));
#3137=AXIS2_PLACEMENT_3D('',#3134,#3135,#3136);
#3139=CARTESIAN_POINT('',(2.E1,-6.669958448258E1,-7.6E0));
#3140=DIRECTION('',(0.E0,0.E0,-1.E0));
#3141=DIRECTION('',(0.E0,-1.E0,0.E0));
#3142=AXIS2_PLACEMENT_3D('',#3139,#3140,#3141);
#3144=DIRECTION('',(0.E0,0.E0,1.E0));
#3145=VECTOR('',#3144,1.4E0);
#3146=CARTESIAN_POINT('',(1.9E1,-6.669958448258E1,-9.E0));
#3147=LINE('',#3146,#3145);
#3148=DIRECTION('',(0.E0,0.E0,1.E0));
#3149=VECTOR('',#3148,1.4E0);
#3150=CARTESIAN_POINT('',(1.9E1,-4.849958448259E1,-9.E0));
#3151=LINE('',#3150,#3149);
#3152=CARTESIAN_POINT('',(2.2E1,-4.849958448259E1,-9.E0));
#3153=DIRECTION('',(0.E0,0.E0,1.E0));
#3154=DIRECTION('',(0.E0,1.E0,0.E0));
#3155=AXIS2_PLACEMENT_3D('',#3152,#3153,#3154);
#3157=CARTESIAN_POINT('',(2.2E1,-4.849958448259E1,-7.6E0));
#3158=DIRECTION('',(0.E0,0.E0,-1.E0));
#3159=DIRECTION('',(-1.E0,0.E0,0.E0));
#3160=AXIS2_PLACEMENT_3D('',#3157,#3158,#3159);
#3162=DIRECTION('',(0.E0,0.E0,1.E0));
#3163=VECTOR('',#3162,1.4E0);
#3164=CARTESIAN_POINT('',(2.2E1,-4.549958448259E1,-9.E0));
#3165=LINE('',#3164,#3163);
#3166=DIRECTION('',(0.E0,0.E0,1.E0));
#3167=VECTOR('',#3166,1.4E0);
#3168=CARTESIAN_POINT('',(1.05E2,-4.549958448259E1,-9.E0));
#3169=LINE('',#3168,#3167);
#3170=CARTESIAN_POINT('',(1.05E2,-4.849958448259E1,-9.E0));
#3171=DIRECTION('',(0.E0,0.E0,1.E0));
#3172=DIRECTION('',(1.E0,0.E0,0.E0));
#3173=AXIS2_PLACEMENT_3D('',#3170,#3171,#3172);
#3175=CARTESIAN_POINT('',(1.05E2,-4.849958448259E1,-7.6E0));
#3176=DIRECTION('',(0.E0,0.E0,-1.E0));
#3177=DIRECTION('',(0.E0,1.E0,0.E0));
#3178=AXIS2_PLACEMENT_3D('',#3175,#3176,#3177);
#3180=DIRECTION('',(0.E0,0.E0,1.E0));
#3181=VECTOR('',#3180,1.4E0);
#3182=CARTESIAN_POINT('',(1.08E2,-6.669958448258E1,-9.E0));
#3183=LINE('',#3182,#3181);
#3184=DIRECTION('',(0.E0,0.E0,1.E0));
#3185=VECTOR('',#3184,1.4E0);
#3186=CARTESIAN_POINT('',(1.08E2,-4.849958448259E1,-9.E0));
#3187=LINE('',#3186,#3185);
#3188=CARTESIAN_POINT('',(1.07E2,-6.669958448258E1,-9.E0));
#3189=DIRECTION('',(0.E0,0.E0,1.E0));
#3190=DIRECTION('',(0.E0,-1.E0,0.E0));
#3191=AXIS2_PLACEMENT_3D('',#3188,#3189,#3190);
#3193=CARTESIAN_POINT('',(1.07E2,-6.669958448258E1,-7.6E0));
#3194=DIRECTION('',(0.E0,0.E0,-1.E0));
#3195=DIRECTION('',(1.E0,0.E0,0.E0));
#3196=AXIS2_PLACEMENT_3D('',#3193,#3194,#3195);
#3198=CARTESIAN_POINT('',(-4.999999999999E1,-6.449958448259E1,-1.44E1));
#3199=DIRECTION('',(0.E0,1.E0,0.E0));
#3200=DIRECTION('',(1.E0,0.E0,0.E0));
#3201=AXIS2_PLACEMENT_3D('',#3198,#3199,#3200);
#3203=CARTESIAN_POINT('',(-4.999999999999E1,-6.449958448259E1,-1.44E1));
#3204=DIRECTION('',(0.E0,1.E0,0.E0));
#3205=DIRECTION('',(-1.E0,0.E0,0.E0));
#3206=AXIS2_PLACEMENT_3D('',#3203,#3204,#3205);
#3208=CARTESIAN_POINT('',(7.000000000005E0,-6.449958448259E1,-1.44E1));
#3209=DIRECTION('',(0.E0,1.E0,0.E0));
#3210=DIRECTION('',(1.E0,0.E0,0.E0));
#3211=AXIS2_PLACEMENT_3D('',#3208,#3209,#3210);
#3213=CARTESIAN_POINT('',(7.000000000005E0,-6.449958448259E1,-1.44E1));
#3214=DIRECTION('',(0.E0,1.E0,0.E0));
#3215=DIRECTION('',(-1.E0,0.E0,0.E0));
#3216=AXIS2_PLACEMENT_3D('',#3213,#3214,#3215);
#3218=CARTESIAN_POINT('',(-8.199999999999E1,-6.449958448259E1,-1.44E1));
#3219=DIRECTION('',(0.E0,1.E0,0.E0));
#3220=DIRECTION('',(1.E0,0.E0,0.E0));
#3221=AXIS2_PLACEMENT_3D('',#3218,#3219,#3220);
#3223=CARTESIAN_POINT('',(-8.199999999999E1,-6.449958448259E1,-1.44E1));
#3224=DIRECTION('',(0.E0,1.E0,0.E0));
#3225=DIRECTION('',(-1.E0,0.E0,0.E0));
#3226=AXIS2_PLACEMENT_3D('',#3223,#3224,#3225);
#3228=DIRECTION('',(0.E0,0.E0,1.E0));
#3229=VECTOR('',#3228,1.4E0);
#3230=CARTESIAN_POINT('',(-2.25E0,-6.449958448259E1,-9.E0));
#3231=LINE('',#3230,#3229);
#3232=DIRECTION('',(0.E0,0.E0,1.E0));
#3233=VECTOR('',#3232,1.4E0);
#3234=CARTESIAN_POINT('',(-7.025E1,-6.449958448259E1,-9.E0));
#3235=LINE('',#3234,#3233);
#3236=DIRECTION('',(0.E0,0.E0,-1.E0));
#3237=VECTOR('',#3236,6.400000007776E0);
#3238=CARTESIAN_POINT('',(-8.919999999999E1,-6.449958448259E1,-9.E0));
#3239=LINE('',#3238,#3237);
#3240=CARTESIAN_POINT('',(-8.619999999999E1,-6.449958448259E1,-1.54E1));
#3241=DIRECTION('',(0.E0,-1.E0,0.E0));
#3242=DIRECTION('',(-1.E0,0.E0,0.E0));
#3243=AXIS2_PLACEMENT_3D('',#3240,#3241,#3242);
#3245=CARTESIAN_POINT('',(8.800000000005E0,-6.449958448259E1,-1.54E1));
#3246=DIRECTION('',(0.E0,-1.E0,0.E0));
#3247=DIRECTION('',(0.E0,0.E0,-1.E0));
#3248=AXIS2_PLACEMENT_3D('',#3245,#3246,#3247);
#3250=DIRECTION('',(0.E0,1.E0,0.E0));
#3251=VECTOR('',#3250,2.9E0);
#3252=CARTESIAN_POINT('',(-5.149999999999E1,-6.739958448259E1,-1.44E1));
#3253=LINE('',#3252,#3251);
#3254=DIRECTION('',(0.E0,1.E0,0.E0));
#3255=VECTOR('',#3254,2.9E0);
#3256=CARTESIAN_POINT('',(-4.849999999999E1,-6.739958448259E1,-1.44E1));
#3257=LINE('',#3256,#3255);
#3258=CARTESIAN_POINT('',(8.800000000005E0,-6.739958448259E1,-1.54E1));
#3259=DIRECTION('',(0.E0,1.E0,0.E0));
#3260=DIRECTION('',(1.E0,0.E0,-9.039421655648E-9));
#3261=AXIS2_PLACEMENT_3D('',#3258,#3259,#3260);
#3263=CARTESIAN_POINT('',(-8.619999999999E1,-6.739958448259E1,-1.54E1));
#3264=DIRECTION('',(0.E0,1.E0,0.E0));
#3265=DIRECTION('',(-1.013631134584E-8,0.E0,-1.E0));
#3266=AXIS2_PLACEMENT_3D('',#3263,#3264,#3265);
#3268=CARTESIAN_POINT('',(-4.999999999999E1,-6.739958448259E1,-1.44E1));
#3269=DIRECTION('',(0.E0,-1.E0,0.E0));
#3270=DIRECTION('',(-1.E0,0.E0,0.E0));
#3271=AXIS2_PLACEMENT_3D('',#3268,#3269,#3270);
#3273=CARTESIAN_POINT('',(-4.999999999999E1,-6.739958448259E1,-1.44E1));
#3274=DIRECTION('',(0.E0,-1.E0,0.E0));
#3275=DIRECTION('',(1.E0,0.E0,0.E0));
#3276=AXIS2_PLACEMENT_3D('',#3273,#3274,#3275);
#3278=CARTESIAN_POINT('',(7.000000000005E0,-6.739958448259E1,-1.44E1));
#3279=DIRECTION('',(0.E0,-1.E0,0.E0));
#3280=DIRECTION('',(-1.E0,0.E0,0.E0));
#3281=AXIS2_PLACEMENT_3D('',#3278,#3279,#3280);
#3283=CARTESIAN_POINT('',(7.000000000005E0,-6.739958448259E1,-1.44E1));
#3284=DIRECTION('',(0.E0,-1.E0,0.E0));
#3285=DIRECTION('',(1.E0,0.E0,0.E0));
#3286=AXIS2_PLACEMENT_3D('',#3283,#3284,#3285);
#3288=CARTESIAN_POINT('',(-8.199999999999E1,-6.739958448259E1,-1.44E1));
#3289=DIRECTION('',(0.E0,-1.E0,0.E0));
#3290=DIRECTION('',(-1.E0,0.E0,0.E0));
#3291=AXIS2_PLACEMENT_3D('',#3288,#3289,#3290);
#3293=CARTESIAN_POINT('',(-8.199999999999E1,-6.739958448259E1,-1.44E1));
#3294=DIRECTION('',(0.E0,-1.E0,0.E0));
#3295=DIRECTION('',(1.E0,0.E0,0.E0));
#3296=AXIS2_PLACEMENT_3D('',#3293,#3294,#3295);
#3298=DIRECTION('',(-3.276490189303E-11,1.823208250499E-11,-1.E0));
#3299=VECTOR('',#3298,6.400000001896E0);
#3300=CARTESIAN_POINT('',(-8.819999999952E1,-6.739958448282E1,-9.E0));
#3301=LINE('',#3300,#3299);
#3302=CARTESIAN_POINT('',(-8.619999999999E1,-6.639958448259E1,-1.54E1));
#3303=DIRECTION('',(0.E0,1.E0,0.E0));
#3304=DIRECTION('',(0.E0,0.E0,-1.E0));
#3305=AXIS2_PLACEMENT_3D('',#3302,#3303,#3304);
#3307=DIRECTION('',(7.071067812708E-1,-7.071067811023E-1,7.082630557251E-9));
#3308=VECTOR('',#3307,1.414213562482E0);
#3309=CARTESIAN_POINT('',(-8.919999999993E1,-6.639958448274E1,
-1.540000001191E1));
#3310=LINE('',#3309,#3308);
#3311=DIRECTION('',(4.315216991264E-9,7.071067810525E-1,-7.071067813206E-1));
#3312=VECTOR('',#3311,1.414213562604E0);
#3313=CARTESIAN_POINT('',(-8.620000000930E1,-6.739958448277E1,
-1.739999999956E1));
#3314=LINE('',#3313,#3312);
#3315=DIRECTION('',(-2.053992063925E-10,1.E0,-4.618340797E-11));
#3316=VECTOR('',#3315,1.900000000210E0);
#3317=CARTESIAN_POINT('',(-8.620000000320E1,-6.639958448280E1,
-1.839999999991E1));
#3318=LINE('',#3317,#3316);
#3319=DIRECTION('',(3.304397690881E-11,-1.E0,-2.177177736167E-9));
#3320=VECTOR('',#3319,1.900000000152E0);
#3321=CARTESIAN_POINT('',(-8.919999999999E1,-6.449958448259E1,
-1.540000000778E1));
#3322=LINE('',#3321,#3320);
#3323=DIRECTION('',(1.E0,0.E0,0.E0));
#3324=VECTOR('',#3323,9.500000000542E1);
#3325=CARTESIAN_POINT('',(-8.620000000320E1,-6.639958448280E1,
-1.839999999991E1));
#3326=LINE('',#3325,#3324);
#3327=DIRECTION('',(-1.E0,0.E0,0.E0));
#3328=VECTOR('',#3327,9.500000000501E1);
#3329=CARTESIAN_POINT('',(8.800000001417E0,-6.449958448259E1,-1.84E1));
#3330=LINE('',#3329,#3328);
#3331=DIRECTION('',(1.E0,0.E0,0.E0));
#3332=VECTOR('',#3331,9.500000001215E1);
#3333=CARTESIAN_POINT('',(-8.620000000930E1,-6.739958448277E1,
-1.739999999956E1));
#3334=LINE('',#3333,#3332);
#3335=CARTESIAN_POINT('',(8.800000000005E0,-6.639958448259E1,-1.54E1));
#3336=DIRECTION('',(0.E0,1.E0,0.E0));
#3337=DIRECTION('',(1.E0,0.E0,-5.464227588923E-9));
#3338=AXIS2_PLACEMENT_3D('',#3335,#3336,#3337);
#3340=DIRECTION('',(4.411708593389E-10,-7.071067810525E-1,7.071067813206E-1));
#3341=VECTOR('',#3340,1.414213562604E0);
#3342=CARTESIAN_POINT('',(8.800000002220E0,-6.639958448280E1,
-1.839999999991E1));
#3343=LINE('',#3342,#3341);
#3344=DIRECTION('',(7.071067813151E-1,7.071067810580E-1,-8.609708761564E-10));
#3345=VECTOR('',#3344,1.414213562688E0);
#3346=CARTESIAN_POINT('',(1.079999999953E1,-6.739958448278E1,
-1.540000001750E1));
#3347=LINE('',#3346,#3345);
#3348=DIRECTION('',(3.323657138714E-11,1.E0,1.855652473636E-9));
#3349=VECTOR('',#3348,1.900000000154E0);
#3350=CARTESIAN_POINT('',(1.179999999994E1,-6.639958448274E1,
-1.540000001872E1));
#3351=LINE('',#3350,#3349);
#3352=DIRECTION('',(4.227673181826E-10,-1.E0,4.618527781930E-11));
#3353=VECTOR('',#3352,1.900000000210E0);
#3354=CARTESIAN_POINT('',(8.800000001417E0,-6.449958448259E1,-1.84E1));
#3355=LINE('',#3354,#3353);
#3356=DIRECTION('',(0.E0,1.E0,0.E0));
#3357=VECTOR('',#3356,1.9E0);
#3358=CARTESIAN_POINT('',(1.18E1,-6.639958448259E1,-9.E0));
#3359=LINE('',#3358,#3357);
#3360=DIRECTION('',(3.042011080253E-13,0.E0,-1.E0));
#3361=VECTOR('',#3360,6.400000015190E0);
#3362=CARTESIAN_POINT('',(1.18E1,-6.449958448259E1,-9.E0));
#3363=LINE('',#3362,#3361);
#3364=DIRECTION('',(9.563461106154E-12,2.403188752076E-11,1.E0));
#3365=VECTOR('',#3364,6.400000018716E0);
#3366=CARTESIAN_POINT('',(1.179999999994E1,-6.639958448274E1,
-1.540000001872E1));
#3367=LINE('',#3366,#3365);
#3368=DIRECTION('',(-4.747813240677E-11,-1.823208246054E-11,1.E0));
#3369=VECTOR('',#3368,6.400000017499E0);
#3370=CARTESIAN_POINT('',(1.079999999953E1,-6.739958448278E1,
-1.540000001750E1));
#3371=LINE('',#3370,#3369);
#3372=DIRECTION('',(6.468182713431E-11,-1.E0,0.E0));
#3373=VECTOR('',#3372,1.900000000338E0);
#3374=CARTESIAN_POINT('',(-8.919999999999E1,-6.449958448259E1,-9.E0));
#3375=LINE('',#3374,#3373);
#3376=DIRECTION('',(-9.392486770846E-12,2.909450452917E-11,-1.E0));
#3377=VECTOR('',#3376,6.400000011913E0);
#3378=CARTESIAN_POINT('',(-8.919999999987E1,-6.639958448293E1,-9.E0));
#3379=LINE('',#3378,#3377);
#3380=DIRECTION('',(0.E0,1.E0,0.E0));
#3381=VECTOR('',#3380,2.9E0);
#3382=CARTESIAN_POINT('',(5.500000000005E0,-6.739958448259E1,-1.44E1));
#3383=LINE('',#3382,#3381);
#3384=DIRECTION('',(0.E0,1.E0,0.E0));
#3385=VECTOR('',#3384,2.9E0);
#3386=CARTESIAN_POINT('',(8.500000000005E0,-6.739958448259E1,-1.44E1));
#3387=LINE('',#3386,#3385);
#3388=DIRECTION('',(0.E0,1.E0,0.E0));
#3389=VECTOR('',#3388,2.9E0);
#3390=CARTESIAN_POINT('',(-8.349999999999E1,-6.739958448259E1,-1.44E1));
#3391=LINE('',#3390,#3389);
#3392=DIRECTION('',(0.E0,1.E0,0.E0));
#3393=VECTOR('',#3392,2.9E0);
#3394=CARTESIAN_POINT('',(-8.049999999999E1,-6.739958448259E1,-1.44E1));
#3395=LINE('',#3394,#3393);
#3396=CARTESIAN_POINT('',(-2.25E0,-6.349958448259E1,-9.E0));
#3397=DIRECTION('',(0.E0,0.E0,1.E0));
#3398=DIRECTION('',(-4.263256414561E-14,-1.E0,0.E0));
#3399=AXIS2_PLACEMENT_3D('',#3396,#3397,#3398);
#3401=CARTESIAN_POINT('',(-2.25E0,-6.349958448259E1,-7.6E0));
#3402=DIRECTION('',(0.E0,0.E0,-1.E0));
#3403=DIRECTION('',(1.E0,0.E0,0.E0));
#3404=AXIS2_PLACEMENT_3D('',#3401,#3402,#3403);
#3406=DIRECTION('',(0.E0,0.E0,1.E0));
#3407=VECTOR('',#3406,1.4E0);
#3408=CARTESIAN_POINT('',(-1.25E0,-6.349958448259E1,-9.E0));
#3409=LINE('',#3408,#3407);
#3410=DIRECTION('',(0.E0,0.E0,1.E0));
#3411=VECTOR('',#3410,1.4E0);
#3412=CARTESIAN_POINT('',(-1.25E0,-4.249958448259E1,-9.E0));
#3413=LINE('',#3412,#3411);
#3414=CARTESIAN_POINT('',(-4.25E0,-4.249958448259E1,-9.E0));
#3415=DIRECTION('',(0.E0,0.E0,1.E0));
#3416=DIRECTION('',(1.E0,0.E0,0.E0));
#3417=AXIS2_PLACEMENT_3D('',#3414,#3415,#3416);
#3419=CARTESIAN_POINT('',(-4.25E0,-4.249958448259E1,-7.6E0));
#3420=DIRECTION('',(0.E0,0.E0,-1.E0));
#3421=DIRECTION('',(-1.421085471520E-14,1.E0,0.E0));
#3422=AXIS2_PLACEMENT_3D('',#3419,#3420,#3421);
#3424=DIRECTION('',(0.E0,0.E0,1.E0));
#3425=VECTOR('',#3424,1.4E0);
#3426=CARTESIAN_POINT('',(-4.25E0,-3.949958448259E1,-9.E0));
#3427=LINE('',#3426,#3425);
#3428=DIRECTION('',(0.E0,0.E0,1.E0));
#3429=VECTOR('',#3428,1.4E0);
#3430=CARTESIAN_POINT('',(-6.825E1,-3.949958448259E1,-9.E0));
#3431=LINE('',#3430,#3429);
#3432=CARTESIAN_POINT('',(-6.825E1,-4.249958448259E1,-9.E0));
#3433=DIRECTION('',(0.E0,0.E0,1.E0));
#3434=DIRECTION('',(0.E0,1.E0,0.E0));
#3435=AXIS2_PLACEMENT_3D('',#3432,#3433,#3434);
#3437=CARTESIAN_POINT('',(-6.825E1,-4.249958448259E1,-7.6E0));
#3438=DIRECTION('',(0.E0,0.E0,-1.E0));
#3439=DIRECTION('',(-1.E0,0.E0,0.E0));
#3440=AXIS2_PLACEMENT_3D('',#3437,#3438,#3439);
#3442=DIRECTION('',(0.E0,0.E0,1.E0));
#3443=VECTOR('',#3442,1.4E0);
#3444=CARTESIAN_POINT('',(-7.125E1,-6.349958448259E1,-9.E0));
#3445=LINE('',#3444,#3443);
#3446=DIRECTION('',(0.E0,0.E0,1.E0));
#3447=VECTOR('',#3446,1.4E0);
#3448=CARTESIAN_POINT('',(-7.125E1,-4.249958448259E1,-9.E0));
#3449=LINE('',#3448,#3447);
#3450=CARTESIAN_POINT('',(-7.025E1,-6.349958448259E1,-9.E0));
#3451=DIRECTION('',(0.E0,0.E0,1.E0));
#3452=DIRECTION('',(-1.E0,0.E0,0.E0));
#3453=AXIS2_PLACEMENT_3D('',#3450,#3451,#3452);
#3455=CARTESIAN_POINT('',(-7.025E1,-6.349958448259E1,-7.6E0));
#3456=DIRECTION('',(0.E0,0.E0,-1.E0));
#3457=DIRECTION('',(-2.842170943040E-14,-1.E0,0.E0));
#3458=AXIS2_PLACEMENT_3D('',#3455,#3456,#3457);
#3460=CARTESIAN_POINT('',(-1.1692E2,4.98E1,-2.299999999998E0));
#3461=DIRECTION('',(0.E0,0.E0,1.E0));
#3462=DIRECTION('',(-1.E0,2.130078071885E-9,0.E0));
#3463=AXIS2_PLACEMENT_3D('',#3460,#3461,#3462);
#3465=CARTESIAN_POINT('',(-1.1692E2,4.98E1,-2.299999999998E0));
#3466=DIRECTION('',(0.E0,0.E0,1.E0));
#3467=DIRECTION('',(-1.638396325516E-9,-1.E0,0.E0));
#3468=AXIS2_PLACEMENT_3D('',#3465,#3466,#3467);
#3470=DIRECTION('',(7.071067811873E-1,-1.208088591880E-8,7.071067811858E-1));
#3471=VECTOR('',#3470,4.242640687114E-1);
#3472=CARTESIAN_POINT('',(-9.842E1,4.979999998556E1,-2.299999999998E0));
#3473=LINE('',#3472,#3471);
#3474=CARTESIAN_POINT('',(-1.1692E2,4.98E1,-2.299999999998E0));
#3475=DIRECTION('',(0.E0,0.E0,1.E0));
#3476=DIRECTION('',(1.E0,0.E0,0.E0));
#3477=AXIS2_PLACEMENT_3D('',#3474,#3475,#3476);
#3479=CARTESIAN_POINT('',(-1.1692E2,4.98E1,-2.299999999998E0));
#3480=DIRECTION('',(0.E0,0.E0,1.E0));
#3481=DIRECTION('',(0.E0,1.E0,0.E0));
#3482=AXIS2_PLACEMENT_3D('',#3479,#3480,#3481);
#3484=DIRECTION('',(-7.071067811873E-1,-2.770358221900E-8,7.071067811858E-1));
#3485=VECTOR('',#3484,4.242640687114E-1);
#3486=CARTESIAN_POINT('',(-1.3542E2,4.980000004210E1,-2.299999999998E0));
#3487=LINE('',#3486,#3485);
#3488=DIRECTION('',(1.291895883199E-14,7.194671525206E-9,1.E0));
#3489=VECTOR('',#3488,2.200000000002E0);
#3490=CARTESIAN_POINT('',(-1.3542E2,4.980000002627E1,-4.5E0));
#3491=LINE('',#3490,#3489);
#3492=DIRECTION('',(0.E0,-6.563554548346E-9,1.E0));
#3493=VECTOR('',#3492,2.200000000002E0);
#3494=CARTESIAN_POINT('',(-9.842E1,4.98E1,-4.5E0));
#3495=LINE('',#3494,#3493);
#3496=CARTESIAN_POINT('',(-1.1692E2,4.98E1,-4.5E0));
#3497=DIRECTION('',(0.E0,0.E0,-1.E0));
#3498=DIRECTION('',(-1.E0,0.E0,0.E0));
#3499=AXIS2_PLACEMENT_3D('',#3496,#3497,#3498);
#3501=CARTESIAN_POINT('',(-1.1692E2,4.98E1,-4.5E0));
#3502=DIRECTION('',(0.E0,0.E0,-1.E0));
#3503=DIRECTION('',(1.E0,0.E0,0.E0));
#3504=AXIS2_PLACEMENT_3D('',#3501,#3502,#3503);
#3506=CARTESIAN_POINT('',(-1.1692E2,4.98E1,-4.499999999999E0));
#3507=DIRECTION('',(0.E0,0.E0,1.E0));
#3508=DIRECTION('',(-1.E0,0.E0,0.E0));
#3509=AXIS2_PLACEMENT_3D('',#3506,#3507,#3508);
#3511=CARTESIAN_POINT('',(-1.1692E2,4.98E1,-4.499999999999E0));
#3512=DIRECTION('',(0.E0,0.E0,1.E0));
#3513=DIRECTION('',(0.E0,-1.E0,0.E0));
#3514=AXIS2_PLACEMENT_3D('',#3511,#3512,#3513);
#3516=CARTESIAN_POINT('',(-1.1692E2,4.98E1,-4.499999999999E0));
#3517=DIRECTION('',(0.E0,0.E0,1.E0));
#3518=DIRECTION('',(1.E0,0.E0,0.E0));
#3519=AXIS2_PLACEMENT_3D('',#3516,#3517,#3518);
#3521=CARTESIAN_POINT('',(-1.1692E2,4.98E1,-4.499999999999E0));
#3522=DIRECTION('',(0.E0,0.E0,1.E0));
#3523=DIRECTION('',(0.E0,1.E0,0.E0));
#3524=AXIS2_PLACEMENT_3D('',#3521,#3522,#3523);
#3526=CARTESIAN_POINT('',(-1.1692E2,6.53E1,-4.5E0));
#3527=DIRECTION('',(0.E0,0.E0,1.E0));
#3528=DIRECTION('',(-1.E0,0.E0,0.E0));
#3529=AXIS2_PLACEMENT_3D('',#3526,#3527,#3528);
#3531=CARTESIAN_POINT('',(-1.1692E2,6.53E1,-4.5E0));
#3532=DIRECTION('',(0.E0,0.E0,1.E0));
#3533=DIRECTION('',(0.E0,-1.E0,0.E0));
#3534=AXIS2_PLACEMENT_3D('',#3531,#3532,#3533);
#3536=CARTESIAN_POINT('',(-1.1692E2,6.53E1,-4.5E0));
#3537=DIRECTION('',(0.E0,0.E0,1.E0));
#3538=DIRECTION('',(1.E0,0.E0,0.E0));
#3539=AXIS2_PLACEMENT_3D('',#3536,#3537,#3538);
#3541=CARTESIAN_POINT('',(-1.1692E2,6.53E1,-4.5E0));
#3542=DIRECTION('',(0.E0,0.E0,1.E0));
#3543=DIRECTION('',(0.E0,1.E0,0.E0));
#3544=AXIS2_PLACEMENT_3D('',#3541,#3542,#3543);
#3546=CARTESIAN_POINT('',(-1.034966062413E2,4.205E1,-4.5E0));
#3547=DIRECTION('',(0.E0,0.E0,1.E0));
#3548=DIRECTION('',(-1.E0,0.E0,0.E0));
#3549=AXIS2_PLACEMENT_3D('',#3546,#3547,#3548);
#3551=CARTESIAN_POINT('',(-1.034966062413E2,4.205E1,-4.5E0));
#3552=DIRECTION('',(0.E0,0.E0,1.E0));
#3553=DIRECTION('',(0.E0,-1.E0,0.E0));
#3554=AXIS2_PLACEMENT_3D('',#3551,#3552,#3553);
#3556=CARTESIAN_POINT('',(-1.034966062413E2,4.205E1,-4.5E0));
#3557=DIRECTION('',(0.E0,0.E0,1.E0));
#3558=DIRECTION('',(1.E0,0.E0,0.E0));
#3559=AXIS2_PLACEMENT_3D('',#3556,#3557,#3558);
#3561=CARTESIAN_POINT('',(-1.034966062413E2,4.205E1,-4.5E0));
#3562=DIRECTION('',(0.E0,0.E0,1.E0));
#3563=DIRECTION('',(0.E0,1.E0,0.E0));
#3564=AXIS2_PLACEMENT_3D('',#3561,#3562,#3563);
#3566=CARTESIAN_POINT('',(-1.303433937587E2,4.205E1,-4.5E0));
#3567=DIRECTION('',(0.E0,0.E0,1.E0));
#3568=DIRECTION('',(-1.E0,0.E0,0.E0));
#3569=AXIS2_PLACEMENT_3D('',#3566,#3567,#3568);
#3571=CARTESIAN_POINT('',(-1.303433937587E2,4.205E1,-4.5E0));
#3572=DIRECTION('',(0.E0,0.E0,1.E0));
#3573=DIRECTION('',(0.E0,-1.E0,0.E0));
#3574=AXIS2_PLACEMENT_3D('',#3571,#3572,#3573);
#3576=CARTESIAN_POINT('',(-1.303433937587E2,4.205E1,-4.5E0));
#3577=DIRECTION('',(0.E0,0.E0,1.E0));
#3578=DIRECTION('',(1.E0,0.E0,0.E0));
#3579=AXIS2_PLACEMENT_3D('',#3576,#3577,#3578);
#3581=CARTESIAN_POINT('',(-1.303433937587E2,4.205E1,-4.5E0));
#3582=DIRECTION('',(0.E0,0.E0,1.E0));
#3583=DIRECTION('',(0.E0,1.E0,0.E0));
#3584=AXIS2_PLACEMENT_3D('',#3581,#3582,#3583);
#3586=CARTESIAN_POINT('',(-1.1692E2,4.98E1,-4.799999999998E0));
#3587=DIRECTION('',(0.E0,0.E0,1.E0));
#3588=DIRECTION('',(-1.E0,8.185067612065E-9,0.E0));
#3589=AXIS2_PLACEMENT_3D('',#3586,#3587,#3588);
#3591=CARTESIAN_POINT('',(-1.1692E2,4.98E1,-4.799999999998E0));
#3592=DIRECTION('',(0.E0,0.E0,1.E0));
#3593=DIRECTION('',(0.E0,-1.E0,0.E0));
#3594=AXIS2_PLACEMENT_3D('',#3591,#3592,#3593);
#3596=DIRECTION('',(7.071067811876E-1,-3.099131395839E-8,7.071067811855E-1));
#3597=VECTOR('',#3596,4.242640687110E-1);
#3598=CARTESIAN_POINT('',(-1.0497E2,4.979999996415E1,-4.799999999998E0));
#3599=LINE('',#3598,#3597);
#3600=CARTESIAN_POINT('',(-1.1692E2,4.98E1,-4.799999999998E0));
#3601=DIRECTION('',(0.E0,0.E0,1.E0));
#3602=DIRECTION('',(1.E0,0.E0,0.E0));
#3603=AXIS2_PLACEMENT_3D('',#3600,#3601,#3602);
#3605=CARTESIAN_POINT('',(-1.1692E2,4.98E1,-4.799999999998E0));
#3606=DIRECTION('',(0.E0,0.E0,1.E0));
#3607=DIRECTION('',(0.E0,1.E0,0.E0));
#3608=AXIS2_PLACEMENT_3D('',#3605,#3606,#3607);
#3610=DIRECTION('',(-7.071067811875E-1,-6.720761090919E-8,7.071067811856E-1));
#3611=VECTOR('',#3610,4.242640687110E-1);
#3612=CARTESIAN_POINT('',(-1.2887E2,4.980000010450E1,-4.799999999998E0));
#3613=LINE('',#3612,#3611);
#3614=DIRECTION('',(-3.637978807091E-14,6.286639973039E-9,1.E0));
#3615=VECTOR('',#3614,6.250000000002E0);
#3616=CARTESIAN_POINT('',(-1.2887E2,4.980000006521E1,-1.105E1));
#3617=LINE('',#3616,#3615);
#3618=DIRECTION('',(4.092726157977E-14,-5.735345212086E-9,1.E0));
#3619=VECTOR('',#3618,6.250000000002E0);
#3620=CARTESIAN_POINT('',(-1.0497E2,4.98E1,-1.105E1));
#3621=LINE('',#3620,#3619);
#3622=CARTESIAN_POINT('',(-1.1692E2,4.98E1,-1.105E1));
#3623=DIRECTION('',(0.E0,0.E0,-1.E0));
#3624=DIRECTION('',(-1.E0,0.E0,0.E0));
#3625=AXIS2_PLACEMENT_3D('',#3622,#3623,#3624);
#3627=CARTESIAN_POINT('',(-1.1692E2,4.98E1,-1.105E1));
#3628=DIRECTION('',(0.E0,0.E0,-1.E0));
#3629=DIRECTION('',(1.E0,0.E0,0.E0));
#3630=AXIS2_PLACEMENT_3D('',#3627,#3628,#3629);
#3632=DIRECTION('',(-6.238629943595E-1,-7.815337256119E-1,0.E0));
#3633=VECTOR('',#3632,2.739255578950E0);
#3634=CARTESIAN_POINT('',(-1.1942E2,5.891989583274E1,-1.105E1));
#3635=LINE('',#3634,#3633);
#3636=CARTESIAN_POINT('',(-1.1692E2,4.98E1,-1.105E1));
#3637=DIRECTION('',(0.E0,0.E0,1.E0));
#3638=DIRECTION('',(-5.164319248833E-1,8.563282472051E-1,0.E0));
#3639=AXIS2_PLACEMENT_3D('',#3636,#3637,#3638);
#3641=CARTESIAN_POINT('',(-1.1692E2,4.98E1,-1.105E1));
#3642=DIRECTION('',(0.E0,0.E0,1.E0));
#3643=DIRECTION('',(-1.E0,0.E0,0.E0));
#3644=AXIS2_PLACEMENT_3D('',#3641,#3642,#3643);
#3646=DIRECTION('',(6.238629943595E-1,-7.815337256119E-1,0.E0));
#3647=VECTOR('',#3646,2.739255578949E0);
#3648=CARTESIAN_POINT('',(-1.211289201878E2,4.282092478528E1,-1.105E1));
#3649=LINE('',#3648,#3647);
#3650=DIRECTION('',(2.739098108540E-13,-1.E0,0.E0));
#3651=VECTOR('',#3650,8.301041672597E-1);
#3652=CARTESIAN_POINT('',(-1.1942E2,4.068010416726E1,-1.105E1));
#3653=LINE('',#3652,#3651);
#3654=DIRECTION('',(1.E0,0.E0,0.E0));
#3655=VECTOR('',#3654,5.E0);
#3656=CARTESIAN_POINT('',(-1.1942E2,3.985E1,-1.105E1));
#3657=LINE('',#3656,#3655);
#3658=DIRECTION('',(6.238629943595E-1,7.815337256119E-1,0.E0));
#3659=VECTOR('',#3658,2.739255578950E0);
#3660=CARTESIAN_POINT('',(-1.1442E2,4.068010416726E1,-1.105E1));
#3661=LINE('',#3660,#3659);
#3662=CARTESIAN_POINT('',(-1.1692E2,4.98E1,-1.105E1));
#3663=DIRECTION('',(0.E0,0.E0,1.E0));
#3664=DIRECTION('',(5.164319248833E-1,-8.563282472051E-1,0.E0));
#3665=AXIS2_PLACEMENT_3D('',#3662,#3663,#3664);
#3667=CARTESIAN_POINT('',(-1.1692E2,4.98E1,-1.105E1));
#3668=DIRECTION('',(0.E0,0.E0,1.E0));
#3669=DIRECTION('',(1.E0,0.E0,0.E0));
#3670=AXIS2_PLACEMENT_3D('',#3667,#3668,#3669);
#3672=DIRECTION('',(-6.238629943595E-1,7.815337256119E-1,0.E0));
#3673=VECTOR('',#3672,2.739255578949E0);
#3674=CARTESIAN_POINT('',(-1.127110798122E2,5.677907521472E1,-1.105E1));
#3675=LINE('',#3674,#3673);
#3676=DIRECTION('',(-2.739098108540E-13,1.E0,0.E0));
#3677=VECTOR('',#3676,8.301041672597E-1);
#3678=CARTESIAN_POINT('',(-1.1442E2,5.891989583274E1,-1.105E1));
#3679=LINE('',#3678,#3677);
#3680=DIRECTION('',(-1.E0,0.E0,0.E0));
#3681=VECTOR('',#3680,5.E0);
#3682=CARTESIAN_POINT('',(-1.1442E2,5.975E1,-1.105E1));
#3683=LINE('',#3682,#3681);
#3684=DIRECTION('',(-1.711936317837E-14,-2.567904476755E-14,-1.E0));
#3685=VECTOR('',#3684,8.301041672601E-1);
#3686=CARTESIAN_POINT('',(-1.1942E2,5.891989583274E1,-1.105E1));
#3687=LINE('',#3686,#3685);
#3688=DIRECTION('',(1.540742686053E-13,1.E0,0.E0));
#3689=VECTOR('',#3688,8.301041672600E-1);
#3690=CARTESIAN_POINT('',(-1.1942E2,5.891989583274E1,-1.105E1));
#3691=LINE('',#3690,#3689);
#3692=DIRECTION('',(-1.210521779302E-13,-7.071067811865E-1,-7.071067811866E-1));
#3693=VECTOR('',#3692,1.173944571522E0);
#3694=CARTESIAN_POINT('',(-1.1942E2,5.975E1,-1.105E1));
#3695=LINE('',#3694,#3693);
#3696=DIRECTION('',(4.915515770168E-1,-6.157828542320E-1,-6.157828542320E-1));
#3697=VECTOR('',#3696,3.476583674435E0);
#3698=CARTESIAN_POINT('',(-1.1442E2,5.891989583274E1,-1.188010416726E1));
#3699=LINE('',#3698,#3697);
#3700=DIRECTION('',(-1.E0,0.E0,5.755396159657E-14));
#3701=VECTOR('',#3700,5.E0);
#3702=CARTESIAN_POINT('',(-1.1442E2,5.715E1,-1.365E1));
#3703=LINE('',#3702,#3701);
#3704=CARTESIAN_POINT('',(-1.1942E2,5.755709352786E1,-1.324290647214E1));
#3705=CARTESIAN_POINT('',(-1.200425023893E2,5.735646993505E1,
-1.344353006495E1));
#3706=CARTESIAN_POINT('',(-1.206084089640E2,5.709298359517E1,
-1.370701640483E1));
#3707=CARTESIAN_POINT('',(-1.211289201878E2,5.677907521472E1,
-1.402092478528E1));
#3709=DIRECTION('',(4.915515770169E-1,6.157828542320E-1,6.157828542320E-1));
#3710=VECTOR('',#3709,3.476583674435E0);
#3711=CARTESIAN_POINT('',(-1.211289201878E2,5.677907521472E1,
-1.402092478528E1));
#3712=LINE('',#3711,#3710);
#3713=DIRECTION('',(-1.210521779303E-13,7.071067811865E-1,7.071067811866E-1));
#3714=VECTOR('',#3713,1.173944571521E0);
#3715=CARTESIAN_POINT('',(-1.1442E2,5.891989583274E1,-1.188010416726E1));
#3716=LINE('',#3715,#3714);
#3717=DIRECTION('',(1.027161790703E-13,-1.369549054270E-13,1.E0));
#3718=VECTOR('',#3717,8.301041672597E-1);
#3719=CARTESIAN_POINT('',(-1.1442E2,5.891989583274E1,-1.188010416726E1));
#3720=LINE('',#3719,#3718);
#3721=DIRECTION('',(-2.008990267932E-13,2.511237834915E-13,1.E0));
#3722=VECTOR('',#3721,2.970924785280E0);
#3723=CARTESIAN_POINT('',(-1.127110798122E2,5.677907521472E1,
-1.402092478528E1));
#3724=LINE('',#3723,#3722);
#3725=DIRECTION('',(0.E0,6.935799734526E-14,-1.E0));
#3726=VECTOR('',#3725,2.970924785280E0);
#3727=CARTESIAN_POINT('',(-1.127110798122E2,4.282092478528E1,-1.105E1));
#3728=LINE('',#3727,#3726);
#3729=DIRECTION('',(0.E0,-1.679695451E-13,-1.E0));
#3730=VECTOR('',#3729,4.357093527860E0);
#3731=CARTESIAN_POINT('',(-1.1442E2,4.204290647214E1,-1.324290647214E1));
#3732=LINE('',#3731,#3730);
#3733=DIRECTION('',(0.E0,-1.614464559699E-13,1.E0));
#3734=VECTOR('',#3733,4.357093527860E0);
#3735=CARTESIAN_POINT('',(-1.1442E2,5.755709352786E1,-1.76E1));
#3736=LINE('',#3735,#3734);
#3737=CARTESIAN_POINT('',(-1.1442E2,5.755709352786E1,-1.324290647214E1));
#3738=CARTESIAN_POINT('',(-1.137974976107E2,5.735646993505E1,
-1.344353006495E1));
#3739=CARTESIAN_POINT('',(-1.132315910360E2,5.709298359517E1,
-1.370701640483E1));
#3740=CARTESIAN_POINT('',(-1.127110798122E2,5.677907521472E1,
-1.402092478528E1));
#3742=DIRECTION('',(0.E0,0.E0,-1.E0));
#3743=VECTOR('',#3742,8.301041672601E-1);
#3744=CARTESIAN_POINT('',(-1.1442E2,4.068010416726E1,-1.105E1));
#3745=LINE('',#3744,#3743);
#3746=DIRECTION('',(-1.540742686053E-13,-1.E0,0.E0));
#3747=VECTOR('',#3746,8.301041672600E-1);
#3748=CARTESIAN_POINT('',(-1.1442E2,4.068010416726E1,-1.105E1));
#3749=LINE('',#3748,#3747);
#3750=DIRECTION('',(1.089469601372E-13,7.071067811865E-1,-7.071067811866E-1));
#3751=VECTOR('',#3750,1.173944571522E0);
#3752=CARTESIAN_POINT('',(-1.1442E2,3.985E1,-1.105E1));
#3753=LINE('',#3752,#3751);
#3754=DIRECTION('',(-4.915515770169E-1,6.157828542320E-1,-6.157828542320E-1));
#3755=VECTOR('',#3754,3.476583674435E0);
#3756=CARTESIAN_POINT('',(-1.1942E2,4.068010416726E1,-1.188010416726E1));
#3757=LINE('',#3756,#3755);
#3758=DIRECTION('',(1.E0,0.E0,5.719869022869E-14));
#3759=VECTOR('',#3758,5.E0);
#3760=CARTESIAN_POINT('',(-1.1942E2,4.245E1,-1.365E1));
#3761=LINE('',#3760,#3759);
#3762=CARTESIAN_POINT('',(-1.1442E2,4.204290647214E1,-1.324290647214E1));
#3763=CARTESIAN_POINT('',(-1.137974976107E2,4.224353006495E1,
-1.344353006495E1));
#3764=CARTESIAN_POINT('',(-1.132315910360E2,4.250701640483E1,
-1.370701640483E1));
#3765=CARTESIAN_POINT('',(-1.127110798122E2,4.282092478528E1,
-1.402092478528E1));
#3767=DIRECTION('',(-4.915515770169E-1,-6.157828542320E-1,6.157828542320E-1));
#3768=VECTOR('',#3767,3.476583674435E0);
#3769=CARTESIAN_POINT('',(-1.127110798122E2,4.282092478528E1,
-1.402092478528E1));
#3770=LINE('',#3769,#3768);
#3771=DIRECTION('',(1.210521779303E-13,-7.071067811865E-1,7.071067811866E-1));
#3772=VECTOR('',#3771,1.173944571521E0);
#3773=CARTESIAN_POINT('',(-1.1942E2,4.068010416726E1,-1.188010416726E1));
#3774=LINE('',#3773,#3772);
#3775=DIRECTION('',(-6.847745271350E-14,1.369549054270E-13,1.E0));
#3776=VECTOR('',#3775,8.301041672597E-1);
#3777=CARTESIAN_POINT('',(-1.1942E2,4.068010416726E1,-1.188010416726E1));
#3778=LINE('',#3777,#3776);
#3779=DIRECTION('',(-1.913324064697E-14,-6.935799734526E-14,-1.E0));
#3780=VECTOR('',#3779,2.970924785280E0);
#3781=CARTESIAN_POINT('',(-1.211289201878E2,5.677907521472E1,-1.105E1));
#3782=LINE('',#3781,#3780);
#3783=DIRECTION('',(0.E0,1.647080005350E-13,-1.E0));
#3784=VECTOR('',#3783,4.357093527860E0);
#3785=CARTESIAN_POINT('',(-1.1942E2,5.755709352786E1,-1.324290647214E1));
#3786=LINE('',#3785,#3784);
#3787=DIRECTION('',(0.E0,1.598156836874E-13,1.E0));
#3788=VECTOR('',#3787,4.357093527860E0);
#3789=CARTESIAN_POINT('',(-1.1942E2,4.204290647214E1,-1.76E1));
#3790=LINE('',#3789,#3788);
#3791=CARTESIAN_POINT('',(-1.1942E2,4.204290647214E1,-1.324290647214E1));
#3792=CARTESIAN_POINT('',(-1.200425023893E2,4.224353006495E1,
-1.344353006495E1));
#3793=CARTESIAN_POINT('',(-1.206084089640E2,4.250701640483E1,
-1.370701640483E1));
#3794=CARTESIAN_POINT('',(-1.211289201878E2,4.282092478528E1,
-1.402092478528E1));
#3796=DIRECTION('',(2.056823369549E-13,-2.511237834915E-13,1.E0));
#3797=VECTOR('',#3796,2.970924785280E0);
#3798=CARTESIAN_POINT('',(-1.211289201878E2,4.282092478528E1,
-1.402092478528E1));
#3799=LINE('',#3798,#3797);
#3800=DIRECTION('',(2.715211653506E-13,-7.071067811873E-1,-7.071067811858E-1));
#3801=VECTOR('',#3800,5.757171882544E-1);
#3802=CARTESIAN_POINT('',(-1.1942E2,5.755709352786E1,-1.324290647214E1));
#3803=LINE('',#3802,#3801);
#3804=DIRECTION('',(-4.188969976463E-13,1.E0,0.E0));
#3805=VECTOR('',#3804,4.070935278615E-1);
#3806=CARTESIAN_POINT('',(-1.1942E2,5.715E1,-1.76E1));
#3807=LINE('',#3806,#3805);
#3808=DIRECTION('',(-1.E0,0.E0,0.E0));
#3809=VECTOR('',#3808,5.E0);
#3810=CARTESIAN_POINT('',(-1.1442E2,5.715E1,-1.76E1));
#3811=LINE('',#3810,#3809);
#3812=DIRECTION('',(0.E0,0.E0,1.E0));
#3813=VECTOR('',#3812,3.95E0);
#3814=CARTESIAN_POINT('',(-1.1942E2,5.715E1,-1.76E1));
#3815=LINE('',#3814,#3813);
#3816=DIRECTION('',(4.689911037878E-13,7.071067811873E-1,7.071067811858E-1));
#3817=VECTOR('',#3816,5.757171882540E-1);
#3818=CARTESIAN_POINT('',(-1.1442E2,5.715E1,-1.365E1));
#3819=LINE('',#3818,#3817);
#3820=DIRECTION('',(-6.632535796071E-13,-1.E0,0.E0));
#3821=VECTOR('',#3820,4.070935278612E-1);
#3822=CARTESIAN_POINT('',(-1.1442E2,5.755709352786E1,-1.76E1));
#3823=LINE('',#3822,#3821);
#3824=DIRECTION('',(0.E0,0.E0,1.E0));
#3825=VECTOR('',#3824,3.95E0);
#3826=CARTESIAN_POINT('',(-1.1442E2,5.715E1,-1.76E1));
#3827=LINE('',#3826,#3825);
#3828=CARTESIAN_POINT('',(-1.1692E2,4.98E1,-1.76E1));
#3829=DIRECTION('',(0.E0,0.E0,1.E0));
#3830=DIRECTION('',(1.E0,0.E0,0.E0));
#3831=AXIS2_PLACEMENT_3D('',#3828,#3829,#3830);
#3833=CARTESIAN_POINT('',(-1.1692E2,4.98E1,-1.76E1));
#3834=DIRECTION('',(0.E0,0.E0,1.E0));
#3835=DIRECTION('',(-1.E0,0.E0,0.E0));
#3836=AXIS2_PLACEMENT_3D('',#3833,#3834,#3835);
#3838=CARTESIAN_POINT('',(-1.1692E2,4.98E1,-1.76E1));
#3839=DIRECTION('',(0.E0,0.E0,-1.E0));
#3840=DIRECTION('',(3.067484662577E-1,9.517906169156E-1,0.E0));
#3841=AXIS2_PLACEMENT_3D('',#3838,#3839,#3840);
#3843=CARTESIAN_POINT('',(-1.1692E2,4.98E1,-1.76E1));
#3844=DIRECTION('',(0.E0,0.E0,-1.E0));
#3845=DIRECTION('',(1.E0,0.E0,0.E0));
#3846=AXIS2_PLACEMENT_3D('',#3843,#3844,#3845);
#3848=CARTESIAN_POINT('',(-1.1692E2,4.98E1,-1.76E1));
#3849=DIRECTION('',(0.E0,0.E0,-1.E0));
#3850=DIRECTION('',(-3.067484662577E-1,-9.517906169156E-1,0.E0));
#3851=AXIS2_PLACEMENT_3D('',#3848,#3849,#3850);
#3853=CARTESIAN_POINT('',(-1.1692E2,4.98E1,-1.76E1));
#3854=DIRECTION('',(0.E0,0.E0,-1.E0));
#3855=DIRECTION('',(-1.E0,0.E0,0.E0));
#3856=AXIS2_PLACEMENT_3D('',#3853,#3854,#3855);
#3858=DIRECTION('',(0.E0,0.E0,1.E0));
#3859=VECTOR('',#3858,8.6E0);
#3860=CARTESIAN_POINT('',(-1.0292E2,4.98E1,-1.76E1));
#3861=LINE('',#3860,#3859);
#3862=DIRECTION('',(0.E0,0.E0,1.E0));
#3863=VECTOR('',#3862,8.6E0);
#3864=CARTESIAN_POINT('',(-1.3092E2,4.98E1,-1.76E1));
#3865=LINE('',#3864,#3863);
#3866=DIRECTION('',(-2.962049076552E-13,7.071067811873E-1,-7.071067811858E-1));
#3867=VECTOR('',#3866,5.757171882544E-1);
#3868=CARTESIAN_POINT('',(-1.1442E2,4.204290647214E1,-1.324290647214E1));
#3869=LINE('',#3868,#3867);
#3870=DIRECTION('',(3.839889145091E-13,-1.E0,0.E0));
#3871=VECTOR('',#3870,4.070935278615E-1);
#3872=CARTESIAN_POINT('',(-1.1442E2,4.245E1,-1.76E1));
#3873=LINE('',#3872,#3871);
#3874=DIRECTION('',(1.E0,0.E0,0.E0));
#3875=VECTOR('',#3874,5.E0);
#3876=CARTESIAN_POINT('',(-1.1942E2,4.245E1,-1.76E1));
#3877=LINE('',#3876,#3875);
#3878=DIRECTION('',(0.E0,0.E0,1.E0));
#3879=VECTOR('',#3878,3.95E0);
#3880=CARTESIAN_POINT('',(-1.1442E2,4.245E1,-1.76E1));
#3881=LINE('',#3880,#3879);
#3882=DIRECTION('',(-4.689911037878E-13,-7.071067811873E-1,7.071067811858E-1));
#3883=VECTOR('',#3882,5.757171882540E-1);
#3884=CARTESIAN_POINT('',(-1.1942E2,4.245E1,-1.365E1));
#3885=LINE('',#3884,#3883);
#3886=DIRECTION('',(5.934374133327E-13,1.E0,0.E0));
#3887=VECTOR('',#3886,4.070935278612E-1);
#3888=CARTESIAN_POINT('',(-1.1942E2,4.204290647214E1,-1.76E1));
#3889=LINE('',#3888,#3887);
#3890=DIRECTION('',(0.E0,0.E0,1.E0));
#3891=VECTOR('',#3890,3.95E0);
#3892=CARTESIAN_POINT('',(-1.1942E2,4.245E1,-1.76E1));
#3893=LINE('',#3892,#3891);
#3894=CARTESIAN_POINT('',(-1.1692E2,6.53E1,-5.3E0));
#3895=DIRECTION('',(0.E0,0.E0,1.E0));
#3896=DIRECTION('',(-1.E0,0.E0,0.E0));
#3897=AXIS2_PLACEMENT_3D('',#3894,#3895,#3896);
#3899=CARTESIAN_POINT('',(-1.1692E2,6.53E1,-5.3E0));
#3900=DIRECTION('',(0.E0,0.E0,1.E0));
#3901=DIRECTION('',(0.E0,-1.E0,0.E0));
#3902=AXIS2_PLACEMENT_3D('',#3899,#3900,#3901);
#3904=DIRECTION('',(6.E-1,3.954895078096E-9,8.E-1));
#3905=VECTOR('',#3904,1.E0);
#3906=CARTESIAN_POINT('',(-1.15995E2,6.530000002549E1,-5.3E0));
#3907=LINE('',#3906,#3905);
#3908=CARTESIAN_POINT('',(-1.1692E2,6.53E1,-5.3E0));
#3909=DIRECTION('',(0.E0,0.E0,1.E0));
#3910=DIRECTION('',(1.E0,2.615334975613E-8,0.E0));
#3911=AXIS2_PLACEMENT_3D('',#3908,#3909,#3910);
#3913=CARTESIAN_POINT('',(-1.1692E2,6.53E1,-5.3E0));
#3914=DIRECTION('',(0.E0,0.E0,1.E0));
#3915=DIRECTION('',(0.E0,1.E0,0.E0));
#3916=AXIS2_PLACEMENT_3D('',#3913,#3914,#3915);
#3918=DIRECTION('',(-6.E-1,-1.161529894489E-8,8.E-1));
#3919=VECTOR('',#3918,1.E0);
#3920=CARTESIAN_POINT('',(-1.17845E2,6.529999999031E1,-5.3E0));
#3921=LINE('',#3920,#3919);
#3922=DIRECTION('',(-2.243819165558E-14,-2.358762542013E-9,-1.E0));
#3923=VECTOR('',#3922,1.9E0);
#3924=CARTESIAN_POINT('',(-1.15995E2,6.530000002549E1,-5.3E0));
#3925=LINE('',#3924,#3923);
#3926=DIRECTION('',(0.E0,5.102093250810E-9,-1.E0));
#3927=VECTOR('',#3926,1.9E0);
#3928=CARTESIAN_POINT('',(-1.17845E2,6.529999999031E1,-5.3E0));
#3929=LINE('',#3928,#3927);
#3930=DIRECTION('',(8.571673007021E-1,0.E0,-5.150380749100E-1));
#3931=VECTOR('',#3930,1.079135892424E0);
#3932=CARTESIAN_POINT('',(-1.17845E2,6.53E1,-7.2E0));
#3933=LINE('',#3932,#3931);
#3934=CARTESIAN_POINT('',(-1.1692E2,6.53E1,-7.2E0));
#3935=DIRECTION('',(0.E0,0.E0,-1.E0));
#3936=DIRECTION('',(1.E0,2.615334975613E-8,0.E0));
#3937=AXIS2_PLACEMENT_3D('',#3934,#3935,#3936);
#3939=CARTESIAN_POINT('',(-1.1692E2,6.53E1,-7.2E0));
#3940=DIRECTION('',(0.E0,0.E0,-1.E0));
#3941=DIRECTION('',(-1.E0,0.E0,0.E0));
#3942=AXIS2_PLACEMENT_3D('',#3939,#3940,#3941);
#3944=DIRECTION('',(-8.571673007021E-1,-1.946932959235E-8,-5.150380749100E-1));
#3945=VECTOR('',#3944,1.079135892424E0);
#3946=CARTESIAN_POINT('',(-1.15995E2,6.530000002101E1,-7.2E0));
#3947=LINE('',#3946,#3945);
#3948=CARTESIAN_POINT('',(-1.034966062413E2,4.205E1,-5.3E0));
#3949=DIRECTION('',(0.E0,0.E0,1.E0));
#3950=DIRECTION('',(-1.E0,0.E0,0.E0));
#3951=AXIS2_PLACEMENT_3D('',#3948,#3949,#3950);
#3953=CARTESIAN_POINT('',(-1.034966062413E2,4.205E1,-5.3E0));
#3954=DIRECTION('',(0.E0,0.E0,1.E0));
#3955=DIRECTION('',(0.E0,-1.E0,0.E0));
#3956=AXIS2_PLACEMENT_3D('',#3953,#3954,#3955);
#3958=DIRECTION('',(6.E-1,3.954887972668E-9,8.E-1));
#3959=VECTOR('',#3958,1.E0);
#3960=CARTESIAN_POINT('',(-1.025716062413E2,4.205000002549E1,-5.3E0));
#3961=LINE('',#3960,#3959);
#3962=CARTESIAN_POINT('',(-1.034966062413E2,4.205E1,-5.3E0));
#3963=DIRECTION('',(0.E0,0.E0,1.E0));
#3964=DIRECTION('',(1.E0,2.615334207459E-8,0.E0));
#3965=AXIS2_PLACEMENT_3D('',#3962,#3963,#3964);
#3967=CARTESIAN_POINT('',(-1.034966062413E2,4.205E1,-5.3E0));
#3968=DIRECTION('',(0.E0,0.E0,1.E0));
#3969=DIRECTION('',(0.E0,1.E0,0.E0));
#3970=AXIS2_PLACEMENT_3D('',#3967,#3968,#3969);
#3972=DIRECTION('',(-6.E-1,-1.161530605032E-8,8.E-1));
#3973=VECTOR('',#3972,1.E0);
#3974=CARTESIAN_POINT('',(-1.044216062413E2,4.204999999031E1,-5.3E0));
#3975=LINE('',#3974,#3973);
#3976=DIRECTION('',(-2.991758887411E-14,-2.358762542013E-9,-1.E0));
#3977=VECTOR('',#3976,1.9E0);
#3978=CARTESIAN_POINT('',(-1.025716062413E2,4.205000002549E1,-5.3E0));
#3979=LINE('',#3978,#3977);
#3980=DIRECTION('',(2.991758887411E-14,5.102089511111E-9,-1.E0));
#3981=VECTOR('',#3980,1.9E0);
#3982=CARTESIAN_POINT('',(-1.044216062413E2,4.204999999031E1,-5.3E0));
#3983=LINE('',#3982,#3981);
#3984=DIRECTION('',(8.571673007021E-1,0.E0,-5.150380749101E-1));
#3985=VECTOR('',#3984,1.079135892424E0);
#3986=CARTESIAN_POINT('',(-1.044216062413E2,4.205E1,-7.2E0));
#3987=LINE('',#3986,#3985);
#3988=CARTESIAN_POINT('',(-1.034966062413E2,4.205E1,-7.2E0));
#3989=DIRECTION('',(0.E0,0.E0,-1.E0));
#3990=DIRECTION('',(1.E0,2.615334207459E-8,0.E0));
#3991=AXIS2_PLACEMENT_3D('',#3988,#3989,#3990);
#3993=CARTESIAN_POINT('',(-1.034966062413E2,4.205E1,-7.2E0));
#3994=DIRECTION('',(0.E0,0.E0,-1.E0));
#3995=DIRECTION('',(-1.E0,0.E0,0.E0));
#3996=AXIS2_PLACEMENT_3D('',#3993,#3994,#3995);
#3998=DIRECTION('',(-8.571673007021E-1,-1.946933617672E-8,-5.150380749101E-1));
#3999=VECTOR('',#3998,1.079135892424E0);
#4000=CARTESIAN_POINT('',(-1.025716062413E2,4.205000002101E1,-7.2E0));
#4001=LINE('',#4000,#3999);
#4002=CARTESIAN_POINT('',(-1.303433937587E2,4.205E1,-5.3E0));
#4003=DIRECTION('',(0.E0,0.E0,1.E0));
#4004=DIRECTION('',(-1.E0,0.E0,0.E0));
#4005=AXIS2_PLACEMENT_3D('',#4002,#4003,#4004);
#4007=CARTESIAN_POINT('',(-1.303433937587E2,4.205E1,-5.3E0));
#4008=DIRECTION('',(0.E0,0.E0,1.E0));
#4009=DIRECTION('',(0.E0,-1.E0,0.E0));
#4010=AXIS2_PLACEMENT_3D('',#4007,#4008,#4009);
#4012=DIRECTION('',(6.E-1,3.954880867241E-9,8.E-1));
#4013=VECTOR('',#4012,1.E0);
#4014=CARTESIAN_POINT('',(-1.294183937587E2,4.205000002549E1,-5.3E0));
#4015=LINE('',#4014,#4013);
#4016=CARTESIAN_POINT('',(-1.303433937587E2,4.205E1,-5.3E0));
#4017=DIRECTION('',(0.E0,0.E0,1.E0));
#4018=DIRECTION('',(1.E0,2.615334207459E-8,0.E0));
#4019=AXIS2_PLACEMENT_3D('',#4016,#4017,#4018);
#4021=CARTESIAN_POINT('',(-1.303433937587E2,4.205E1,-5.3E0));
#4022=DIRECTION('',(0.E0,0.E0,1.E0));
#4023=DIRECTION('',(0.E0,1.E0,0.E0));
#4024=AXIS2_PLACEMENT_3D('',#4021,#4022,#4023);
#4026=DIRECTION('',(-6.E-1,-1.161530605032E-8,8.E-1));
#4027=VECTOR('',#4026,1.E0);
#4028=CARTESIAN_POINT('',(-1.312683937587E2,4.204999999031E1,-5.3E0));
#4029=LINE('',#4028,#4027);
#4030=DIRECTION('',(-1.495879443705E-14,-2.358758802314E-9,-1.E0));
#4031=VECTOR('',#4030,1.9E0);
#4032=CARTESIAN_POINT('',(-1.294183937587E2,4.205000002549E1,-5.3E0));
#4033=LINE('',#4032,#4031);
#4034=DIRECTION('',(1.495879443705E-14,5.102089511111E-9,-1.E0));
#4035=VECTOR('',#4034,1.9E0);
#4036=CARTESIAN_POINT('',(-1.312683937587E2,4.204999999031E1,-5.3E0));
#4037=LINE('',#4036,#4035);
#4038=DIRECTION('',(8.571673007021E-1,0.E0,-5.150380749101E-1));
#4039=VECTOR('',#4038,1.079135892424E0);
#4040=CARTESIAN_POINT('',(-1.312683937587E2,4.205E1,-7.2E0));
#4041=LINE('',#4040,#4039);
#4042=CARTESIAN_POINT('',(-1.303433937587E2,4.205E1,-7.2E0));
#4043=DIRECTION('',(0.E0,0.E0,-1.E0));
#4044=DIRECTION('',(1.E0,2.615334207459E-8,0.E0));
#4045=AXIS2_PLACEMENT_3D('',#4042,#4043,#4044);
#4047=CARTESIAN_POINT('',(-1.303433937587E2,4.205E1,-7.2E0));
#4048=DIRECTION('',(0.E0,0.E0,-1.E0));
#4049=DIRECTION('',(-1.E0,0.E0,0.E0));
#4050=AXIS2_PLACEMENT_3D('',#4047,#4048,#4049);
#4052=DIRECTION('',(-8.571673007021E-1,-1.946933617672E-8,-5.150380749100E-1));
#4053=VECTOR('',#4052,1.079135892424E0);
#4054=CARTESIAN_POINT('',(-1.294183937587E2,4.205000002101E1,-7.2E0));
#4055=LINE('',#4054,#4053);
#4056=CARTESIAN_POINT('',(-9.747538866309E1,-8.086863241932E1,
-1.223649273542E-1));
#4057=CARTESIAN_POINT('',(-9.747280676042E1,-8.077642514973E1,
-1.129853964302E-1));
#4058=CARTESIAN_POINT('',(-9.747086630717E1,-8.059684914008E1,
-9.788188995190E-2));
#4059=CARTESIAN_POINT('',(-9.743288514745E1,-8.036289283407E1,
-9.087497848666E-2));
#4060=CARTESIAN_POINT('',(-9.735238158317E1,-8.016013005634E1,
-8.454678654927E-2));
#4061=CARTESIAN_POINT('',(-9.722830466178E1,-7.998999636708E1,
-7.964213418030E-2));
#4062=CARTESIAN_POINT('',(-9.706361789252E1,-7.985256213044E1,
-7.099151268331E-2));
#4063=CARTESIAN_POINT('',(-9.685343762920E1,-7.974854434387E1,
-6.054879439404E-2));
#4064=CARTESIAN_POINT('',(-9.660351798141E1,-7.969236448141E1,
-5.845657780888E-2));
#4065=CARTESIAN_POINT('',(-9.640993096124E1,-7.968334956797E1,
-5.961252120495E-2));
#4066=CARTESIAN_POINT('',(-9.630846347549E1,-7.968549550529E1,
-6.106728306148E-2));
#4068=DIRECTION('',(1.248783838185E-3,-8.137341645842E-1,-5.812358814865E-1));
#4069=VECTOR('',#4068,1.615405294787E0);
#4070=CARTESIAN_POINT('',(-9.630846347549E1,-7.968549550529E1,
-6.106728306148E-2));
#4071=LINE('',#4070,#4069);
#4072=DIRECTION('',(-1.755474623858E-6,-1.286641500175E-4,9.999999917212E-1));
#4073=VECTOR('',#4072,3.113608143494E-1);
#4074=CARTESIAN_POINT('',(-9.750395960970E1,-8.158353418670E1,
-1.002590043107E0));
#4075=LINE('',#4074,#4073);
#4076=CARTESIAN_POINT('',(-9.750396015628E1,-8.158357424768E1,
-6.912292313353E-1));
#4077=CARTESIAN_POINT('',(-9.750395842896E1,-8.158344891534E1,
-5.079599824321E-1));
#4078=CARTESIAN_POINT('',(-9.750406319967E1,-8.158418798573E1,
-3.246896293210E-1));
#4079=CARTESIAN_POINT('',(-9.750405482953E1,-8.158357222647E1,
-1.414213721808E-1));
#4081=CARTESIAN_POINT('',(-9.750405482953E1,-8.158357222647E1,
-1.414213721808E-1));
#4082=CARTESIAN_POINT('',(-9.750298911067E1,-8.150543802560E1,
-1.412772316300E-1));
#4083=CARTESIAN_POINT('',(-9.749869762615E1,-8.134886751137E1,
-1.396643323867E-1));
#4084=CARTESIAN_POINT('',(-9.748803063391E1,-8.111293637728E1,
-1.328384008565E-1));
#4085=CARTESIAN_POINT('',(-9.747873377138E1,-8.095140740360E1,
-1.262153213319E-1));
#4086=CARTESIAN_POINT('',(-9.747538866309E1,-8.086863241932E1,
-1.223649273542E-1));
#4088=CARTESIAN_POINT('',(-9.750395960970E1,-8.158353418670E1,
-1.002590043107E0));
#4089=CARTESIAN_POINT('',(-9.750342723140E1,-8.154525266965E1,
-9.743607737428E-1));
#4090=CARTESIAN_POINT('',(-9.749393237779E1,-8.146682054826E1,
-9.377074762971E-1));
#4091=CARTESIAN_POINT('',(-9.745110249404E1,-8.135184358234E1,
-9.951338057782E-1));
#4092=CARTESIAN_POINT('',(-9.734876395004E1,-8.123675188947E1,
-1.001522956847E0));
#4093=CARTESIAN_POINT('',(-9.729481309103E1,-8.119974809807E1,
-9.998166686192E-1));
#4094=CARTESIAN_POINT('',(-9.721191007930E1,-8.114873790719E1,
-1.001121946928E0));
#4095=CARTESIAN_POINT('',(-9.709455801890E1,-8.109905322654E1,
-9.998773782179E-1));
#4096=CARTESIAN_POINT('',(-9.692831155579E1,-8.105196169252E1,
-1.000221600068E0));
#4097=CARTESIAN_POINT('',(-9.669288799831E1,-8.101355423620E1,
-1.001743916421E0));
#4098=CARTESIAN_POINT('',(-9.645291675863E1,-8.100006734365E1,
-1.000011384033E0));
#4099=CARTESIAN_POINT('',(-9.630644618347E1,-8.100000598331E1,
-9.999988035352E-1));
#4101=CARTESIAN_POINT('',(-9.644596641922E1,-7.700001930207E1,
-9.000007037441E0));
#4102=CARTESIAN_POINT('',(-9.654487393943E1,-7.700002189415E1,
-9.000007037441E0));
#4103=CARTESIAN_POINT('',(-9.673175161765E1,-7.700929886845E1,
-8.999996733790E0));
#4104=CARTESIAN_POINT('',(-9.698272022314E1,-7.705385281838E1,
-9.000000875574E0));
#4105=CARTESIAN_POINT('',(-9.719396261634E1,-7.713066136793E1,
-8.999999763915E0));
#4106=CARTESIAN_POINT('',(-9.735899773607E1,-7.723629762702E1,
-9.000000068767E0));
#4107=CARTESIAN_POINT('',(-9.748069175612E1,-7.736653276893E1,
-8.999999961018E0));
#4108=CARTESIAN_POINT('',(-9.756566058424E1,-7.752776231630E1,
-9.000000087162E0));
#4109=CARTESIAN_POINT('',(-9.761077146610E1,-7.771618393067E1,
-8.999999690335E0));
#4110=CARTESIAN_POINT('',(-9.761423415726E1,-7.786674561708E1,
-9.000000664444E0));
#4111=CARTESIAN_POINT('',(-9.760847437691E1,-7.794762191258E1,
-9.000000664444E0));
#4113=CARTESIAN_POINT('',(-9.749998534187E1,-8.100001229263E1,
-4.326148473027E0));
#4114=CARTESIAN_POINT('',(-9.749998376316E1,-8.096906594214E1,
-4.412226843660E0));
#4115=CARTESIAN_POINT('',(-9.750003280328E1,-8.086023491609E1,
-4.703087197562E0));
#4116=CARTESIAN_POINT('',(-9.750109584628E1,-8.065234630521E1,
-5.191315204076E0));
#4117=CARTESIAN_POINT('',(-9.750443395414E1,-8.035671894286E1,
-5.784392495693E0));
#4118=CARTESIAN_POINT('',(-9.751052689324E1,-8.002871435992E1,
-6.358784151337E0));
#4119=CARTESIAN_POINT('',(-9.752307509517E1,-7.955613043838E1,
-7.093302109231E0));
#4120=CARTESIAN_POINT('',(-9.754852847774E1,-7.890220865156E1,
-7.961089709288E0));
#4121=CARTESIAN_POINT('',(-9.758367342425E1,-7.830013517583E1,
-8.635650772395E0));
#4122=CARTESIAN_POINT('',(-9.760671177827E1,-7.797238835297E1,
-8.974524564050E0));
#4123=CARTESIAN_POINT('',(-9.760847437691E1,-7.794762191258E1,
-9.000000664444E0));
#4125=CARTESIAN_POINT('',(-9.750395960970E1,-8.158353418670E1,
-1.002590043107E0));
#4126=CARTESIAN_POINT('',(-9.750395842130E1,-8.158344673208E1,
-1.061001893832E0));
#4127=CARTESIAN_POINT('',(-9.750394798027E1,-8.158268257397E1,
-1.178656325842E0));
#4128=CARTESIAN_POINT('',(-9.750386274992E1,-8.157636151133E1,
-1.406837639109E0));
#4129=CARTESIAN_POINT('',(-9.750366375016E1,-8.156153693562E1,
-1.687000274713E0));
#4130=CARTESIAN_POINT('',(-9.750292685573E1,-8.150368382204E1,
-2.349040692627E0));
#4131=CARTESIAN_POINT('',(-9.750108151861E1,-8.134573611155E1,
-3.247635795867E0));
#4132=CARTESIAN_POINT('',(-9.749999110962E1,-8.111731571723E1,
-3.999866041339E0));
#4133=CARTESIAN_POINT('',(-9.749998534187E1,-8.100001229263E1,
-4.326148473027E0));
#4135=DIRECTION('',(-2.712924482636E-6,-9.195367346442E-5,-9.999999957686E-1));
#4136=VECTOR('',#4135,4.673851546750E0);
#4137=CARTESIAN_POINT('',(-9.749998534187E1,-8.100001229263E1,
-4.326148473027E0));
#4138=LINE('',#4137,#4136);
#4139=DIRECTION('',(-4.046984893347E-11,9.909406442460E-11,1.E0));
#4140=VECTOR('',#4139,6.400000120215E0);
#4141=CARTESIAN_POINT('',(1.083000000106E2,-6.639958448319E1,
-1.540000012021E1));
#4142=LINE('',#4141,#4140);
#4143=DIRECTION('',(5.387690252502E-11,2.339461939514E-11,-1.E0));
#4144=VECTOR('',#4143,6.400000049177E0);
#4145=CARTESIAN_POINT('',(1.203000000095E2,-6.739958448292E1,-9.E0));
#4146=LINE('',#4145,#4144);
#4147=CARTESIAN_POINT('',(1.183000000103E2,-6.739958448259E1,-1.54E1));
#4148=DIRECTION('',(0.E0,1.E0,0.E0));
#4149=DIRECTION('',(1.E0,0.E0,-8.780727256408E-9));
#4150=AXIS2_PLACEMENT_3D('',#4147,#4148,#4149);
#4152=DIRECTION('',(-1.E0,0.E0,4.770786929572E-14));
#4153=VECTOR('',#4152,7.000000015452E0);
#4154=CARTESIAN_POINT('',(1.183000000138E2,-6.739958448283E1,
-1.739999999942E1));
#4155=LINE('',#4154,#4153);
#4156=CARTESIAN_POINT('',(1.113000000103E2,-6.739958448259E1,-1.54E1));
#4157=DIRECTION('',(0.E0,1.E0,0.E0));
#4158=DIRECTION('',(-1.342846900344E-8,0.E0,-1.E0));
#4159=AXIS2_PLACEMENT_3D('',#4156,#4157,#4158);
#4161=DIRECTION('',(5.198730284400E-11,-2.339461934671E-11,1.E0));
#4162=VECTOR('',#4161,6.400000062427E0);
#4163=CARTESIAN_POINT('',(1.093000000108E2,-6.739958448278E1,
-1.540000006243E1));
#4164=LINE('',#4163,#4162);
#4165=CARTESIAN_POINT('',(1.165000000103E2,-6.739958448259E1,-1.44E1));
#4166=DIRECTION('',(0.E0,-1.E0,0.E0));
#4167=DIRECTION('',(-1.E0,0.E0,0.E0));
#4168=AXIS2_PLACEMENT_3D('',#4165,#4166,#4167);
#4170=CARTESIAN_POINT('',(1.165000000103E2,-6.739958448259E1,-1.44E1));
#4171=DIRECTION('',(0.E0,-1.E0,0.E0));
#4172=DIRECTION('',(1.E0,0.E0,0.E0));
#4173=AXIS2_PLACEMENT_3D('',#4170,#4171,#4172);
#4175=DIRECTION('',(-1.977529228798E-11,-5.065947603304E-11,-1.E0));
#4176=VECTOR('',#4175,6.400000073350E0);
#4177=CARTESIAN_POINT('',(1.213000000103E2,-6.639958448256E1,-9.E0));
#4178=LINE('',#4177,#4176);
#4179=DIRECTION('',(0.E0,1.E0,0.E0));
#4180=VECTOR('',#4179,1.899999999970E0);
#4181=CARTESIAN_POINT('',(1.213000000103E2,-6.639958448256E1,-9.E0));
#4182=LINE('',#4181,#4180);
#4183=CARTESIAN_POINT('',(1.165000000103E2,-6.449958448259E1,-1.44E1));
#4184=DIRECTION('',(0.E0,1.E0,0.E0));
#4185=DIRECTION('',(1.E0,0.E0,0.E0));
#4186=AXIS2_PLACEMENT_3D('',#4183,#4184,#4185);
#4188=CARTESIAN_POINT('',(1.165000000103E2,-6.449958448259E1,-1.44E1));
#4189=DIRECTION('',(0.E0,1.E0,0.E0));
#4190=DIRECTION('',(-1.E0,0.E0,0.E0));
#4191=AXIS2_PLACEMENT_3D('',#4188,#4189,#4190);
#4193=DIRECTION('',(-1.E0,0.E0,0.E0));
#4194=VECTOR('',#4193,1.3E1);
#4195=CARTESIAN_POINT('',(1.213000000103E2,-6.449958448259E1,-9.E0));
#4196=LINE('',#4195,#4194);
#4197=CARTESIAN_POINT('',(1.113000000103E2,-6.449958448259E1,-1.54E1));
#4198=DIRECTION('',(0.E0,-1.E0,0.E0));
#4199=DIRECTION('',(-1.E0,0.E0,0.E0));
#4200=AXIS2_PLACEMENT_3D('',#4197,#4198,#4199);
#4202=DIRECTION('',(1.E0,0.E0,0.E0));
#4203=VECTOR('',#4202,7.000000005295E0);
#4204=CARTESIAN_POINT('',(1.113000000065E2,-6.449958448259E1,-1.84E1));
#4205=LINE('',#4204,#4203);
#4206=CARTESIAN_POINT('',(1.183000000103E2,-6.449958448259E1,-1.54E1));
#4207=DIRECTION('',(0.E0,-1.E0,0.E0));
#4208=DIRECTION('',(0.E0,0.E0,-1.E0));
#4209=AXIS2_PLACEMENT_3D('',#4206,#4207,#4208);
#4211=DIRECTION('',(0.E0,0.E0,1.E0));
#4212=VECTOR('',#4211,6.400000061062E0);
#4213=CARTESIAN_POINT('',(1.213000000103E2,-6.449958448259E1,
-1.540000006106E1));
#4214=LINE('',#4213,#4212);
#4215=DIRECTION('',(0.E0,1.E0,0.E0));
#4216=VECTOR('',#4215,2.9E0);
#4217=CARTESIAN_POINT('',(1.150000000103E2,-6.739958448259E1,-1.44E1));
#4218=LINE('',#4217,#4216);
#4219=DIRECTION('',(0.E0,1.E0,0.E0));
#4220=VECTOR('',#4219,2.9E0);
#4221=CARTESIAN_POINT('',(1.180000000103E2,-6.739958448259E1,-1.44E1));
#4222=LINE('',#4221,#4220);
#4223=DIRECTION('',(0.E0,-1.E0,0.E0));
#4224=VECTOR('',#4223,1.899999999970E0);
#4225=CARTESIAN_POINT('',(1.083000000103E2,-6.449958448259E1,-9.E0));
#4226=LINE('',#4225,#4224);
#4227=DIRECTION('',(0.E0,0.E0,1.E0));
#4228=VECTOR('',#4227,6.400000076786E0);
#4229=CARTESIAN_POINT('',(1.083000000103E2,-6.449958448259E1,
-1.540000007679E1));
#4230=LINE('',#4229,#4228);
#4231=DIRECTION('',(-9.887015181740E-11,1.E0,-6.065791143348E-11));
#4232=VECTOR('',#4231,1.900000000275E0);
#4233=CARTESIAN_POINT('',(1.113000000067E2,-6.639958448287E1,
-1.839999999988E1));
#4234=LINE('',#4233,#4232);
#4235=DIRECTION('',(1.363120142643E-10,-1.E0,-2.285718654557E-8));
#4236=VECTOR('',#4235,1.900000000604E0);
#4237=CARTESIAN_POINT('',(1.083000000103E2,-6.449958448259E1,
-1.540000007679E1));
#4238=LINE('',#4237,#4236);
#4239=DIRECTION('',(5.884415124702E-9,7.071067810097E-1,-7.071067813634E-1));
#4240=VECTOR('',#4239,1.414213562682E0);
#4241=CARTESIAN_POINT('',(1.112999999984E2,-6.739958448283E1,
-1.739999999942E1));
#4242=LINE('',#4241,#4240);
#4243=CARTESIAN_POINT('',(1.113000000103E2,-6.639958448259E1,-1.54E1));
#4244=DIRECTION('',(0.E0,1.E0,0.E0));
#4245=DIRECTION('',(0.E0,0.E0,-1.E0));
#4246=AXIS2_PLACEMENT_3D('',#4243,#4244,#4245);
#4248=DIRECTION('',(7.071067814087E-1,-7.071067809644E-1,4.086228051004E-8));
#4249=VECTOR('',#4248,1.414213562234E0);
#4250=CARTESIAN_POINT('',(1.083000000106E2,-6.639958448319E1,
-1.540000012021E1));
#4251=LINE('',#4250,#4249);
#4252=DIRECTION('',(-1.E0,0.E0,3.603466728222E-14));
#4253=VECTOR('',#4252,7.000000006086E0);
#4254=CARTESIAN_POINT('',(1.183000000128E2,-6.639958448287E1,
-1.839999999989E1));
#4255=LINE('',#4254,#4253);
#4256=DIRECTION('',(7.071067813413E-1,7.071067810318E-1,-1.709323359044E-8));
#4257=VECTOR('',#4256,1.414213562528E0);
#4258=CARTESIAN_POINT('',(1.203000000098E2,-6.739958448278E1,
-1.540000004918E1));
#4259=LINE('',#4258,#4257);
#4260=CARTESIAN_POINT('',(1.183000000103E2,-6.639958448259E1,-1.54E1));
#4261=DIRECTION('',(0.E0,1.E0,0.E0));
#4262=DIRECTION('',(1.E0,0.E0,-2.242444393138E-8));
#4263=AXIS2_PLACEMENT_3D('',#4260,#4261,#4262);
#4265=DIRECTION('',(7.384308121193E-10,-7.071067810098E-1,7.071067813633E-1));
#4266=VECTOR('',#4265,1.414213562682E0);
#4267=CARTESIAN_POINT('',(1.183000000128E2,-6.639958448287E1,
-1.839999999989E1));
#4268=LINE('',#4267,#4266);
#4269=DIRECTION('',(6.661899101511E-11,1.E0,6.467493674112E-9));
#4270=VECTOR('',#4269,1.900000000294E0);
#4271=CARTESIAN_POINT('',(1.213000000102E2,-6.639958448288E1,
-1.540000007335E1));
#4272=LINE('',#4271,#4270);
#4273=DIRECTION('',(5.152107979265E-10,-1.E0,6.052515213287E-11));
#4274=VECTOR('',#4273,1.900000000275E0);
#4275=CARTESIAN_POINT('',(1.183000000118E2,-6.449958448259E1,-1.84E1));
#4276=LINE('',#4275,#4274);
#4277=DIRECTION('',(-2.946620714759E-10,2.946604061414E-10,-1.E0));
#4278=VECTOR('',#4277,6.400000022671E0);
#4279=CARTESIAN_POINT('',(-6.619999998973E1,2.66E1,-9.E0));
#4280=LINE('',#4279,#4278);
#4281=DIRECTION('',(-1.E0,9.925384481051E-10,-1.193233954903E-8));
#4282=VECTOR('',#4281,1.900000001886E0);
#4283=CARTESIAN_POINT('',(-6.429999998973E1,2.66E1,-1.54E1));
#4284=LINE('',#4283,#4282);
#4285=DIRECTION('',(7.071067811865E-1,-7.071067811865E-1,0.E0));
#4286=VECTOR('',#4285,1.414213562373E0);
#4287=CARTESIAN_POINT('',(-6.719999998973E1,2.76E1,-9.E0));
#4288=LINE('',#4287,#4286);
#4289=DIRECTION('',(-7.071067811865E-1,7.071067811866E-1,1.781237236827E-9));
#4290=VECTOR('',#4289,1.414213562077E0);
#4291=CARTESIAN_POINT('',(-6.619999999162E1,2.660000000189E1,
-1.540000002267E1));
#4292=LINE('',#4291,#4290);
#4293=CARTESIAN_POINT('',(-6.619999998973E1,2.96E1,-1.54E1));
#4294=DIRECTION('',(1.E0,0.E0,0.E0));
#4295=DIRECTION('',(0.E0,-1.E0,0.E0));
#4296=AXIS2_PLACEMENT_3D('',#4293,#4294,#4295);
#4298=CARTESIAN_POINT('',(-6.429999998973E1,2.96E1,-1.54E1));
#4299=DIRECTION('',(1.E0,0.E0,0.E0));
#4300=DIRECTION('',(0.E0,-1.E0,0.E0));
#4301=AXIS2_PLACEMENT_3D('',#4298,#4299,#4300);
#4303=DIRECTION('',(0.E0,0.E0,1.E0));
#4304=VECTOR('',#4303,6.4E0);
#4305=CARTESIAN_POINT('',(-6.429999998973E1,2.66E1,-1.54E1));
#4306=LINE('',#4305,#4304);
#4307=DIRECTION('',(0.E0,1.E0,0.E0));
#4308=VECTOR('',#4307,2.87E1);
#4309=CARTESIAN_POINT('',(-6.429999998973E1,2.66E1,-9.E0));
#4310=LINE('',#4309,#4308);
#4311=DIRECTION('',(0.E0,0.E0,1.E0));
#4312=VECTOR('',#4311,6.4E0);
#4313=CARTESIAN_POINT('',(-6.429999998973E1,5.53E1,-1.54E1));
#4314=LINE('',#4313,#4312);
#4315=CARTESIAN_POINT('',(-6.429999998973E1,5.23E1,-1.54E1));
#4316=DIRECTION('',(1.E0,0.E0,0.E0));
#4317=DIRECTION('',(0.E0,0.E0,-1.E0));
#4318=AXIS2_PLACEMENT_3D('',#4315,#4316,#4317);
#4320=DIRECTION('',(0.E0,-1.E0,0.E0));
#4321=VECTOR('',#4320,2.27E1);
#4322=CARTESIAN_POINT('',(-6.429999998973E1,5.23E1,-1.84E1));
#4323=LINE('',#4322,#4321);
#4324=DIRECTION('',(2.946598510299E-10,2.946587408068E-10,1.E0));
#4325=VECTOR('',#4324,6.400000022671E0);
#4326=CARTESIAN_POINT('',(-6.619999999162E1,5.529999999811E1,
-1.540000002267E1));
#4327=LINE('',#4326,#4325);
#4328=DIRECTION('',(1.E0,9.925347084065E-10,1.193233580933E-8));
#4329=VECTOR('',#4328,1.900000001886E0);
#4330=CARTESIAN_POINT('',(-6.619999999162E1,5.529999999811E1,
-1.540000002267E1));
#4331=LINE('',#4330,#4329);
#4332=DIRECTION('',(-7.071067811865E-1,-7.071067811866E-1,1.781239748975E-9));
#4333=VECTOR('',#4332,1.414213562077E0);
#4334=CARTESIAN_POINT('',(-6.619999999162E1,5.529999999811E1,
-1.540000002267E1));
#4335=LINE('',#4334,#4333);
#4336=DIRECTION('',(-7.071067811865E-1,-7.071067811866E-1,0.E0));
#4337=VECTOR('',#4336,1.414213562373E0);
#4338=CARTESIAN_POINT('',(-6.619999998973E1,5.53E1,-9.E0));
#4339=LINE('',#4338,#4337);
#4340=DIRECTION('',(2.619193742527E-10,2.619204844758E-10,1.E0));
#4341=VECTOR('',#4340,6.400000020152E0);
#4342=CARTESIAN_POINT('',(-6.719999999141E1,5.429999999832E1,
-1.540000002015E1));
#4343=LINE('',#4342,#4341);
#4344=DIRECTION('',(-2.619193742527E-10,2.619193742527E-10,-1.E0));
#4345=VECTOR('',#4344,6.400000020152E0);
#4346=CARTESIAN_POINT('',(-6.719999998973E1,2.76E1,-9.E0));
#4347=LINE('',#4346,#4345);
#4348=CARTESIAN_POINT('',(-6.719999998973E1,2.96E1,-1.54E1));
#4349=DIRECTION('',(1.E0,0.E0,0.E0));
#4350=DIRECTION('',(0.E0,-1.E0,0.E0));
#4351=AXIS2_PLACEMENT_3D('',#4348,#4349,#4350);
#4353=DIRECTION('',(0.E0,1.E0,0.E0));
#4354=VECTOR('',#4353,2.270000006008E1);
#4355=CARTESIAN_POINT('',(-6.719999999171E1,2.959999996996E1,
-1.739999999802E1));
#4356=LINE('',#4355,#4354);
#4357=CARTESIAN_POINT('',(-6.719999998973E1,5.23E1,-1.54E1));
#4358=DIRECTION('',(1.E0,0.E0,0.E0));
#4359=DIRECTION('',(0.E0,0.E0,-1.E0));
#4360=AXIS2_PLACEMENT_3D('',#4357,#4358,#4359);
#4362=DIRECTION('',(-7.071067811865E-1,2.655335342488E-9,7.071067811866E-1));
#4363=VECTOR('',#4362,1.414213562023E0);
#4364=CARTESIAN_POINT('',(-6.619999999196E1,2.959999996620E1,
-1.839999999777E1));
#4365=LINE('',#4364,#4363);
#4366=DIRECTION('',(0.E0,1.E0,0.E0));
#4367=VECTOR('',#4366,2.270000006759E1);
#4368=CARTESIAN_POINT('',(-6.619999999196E1,2.959999996620E1,
-1.839999999777E1));
#4369=LINE('',#4368,#4367);
#4370=DIRECTION('',(-1.E0,-1.778786519499E-8,1.173500593566E-9));
#4371=VECTOR('',#4370,1.900000002230E0);
#4372=CARTESIAN_POINT('',(-6.429999998973E1,2.96E1,-1.84E1));
#4373=LINE('',#4372,#4371);
#4374=DIRECTION('',(1.E0,-1.778786519499E-8,-1.173500593566E-9));
#4375=VECTOR('',#4374,1.900000002230E0);
#4376=CARTESIAN_POINT('',(-6.619999999196E1,5.230000003380E1,
-1.839999999777E1));
#4377=LINE('',#4376,#4375);
#4378=CARTESIAN_POINT('',(-6.619999998973E1,5.23E1,-1.54E1));
#4379=DIRECTION('',(1.E0,0.E0,0.E0));
#4380=DIRECTION('',(0.E0,0.E0,-1.E0));
#4381=AXIS2_PLACEMENT_3D('',#4378,#4379,#4380);
#4383=DIRECTION('',(-7.071067811865E-1,-2.655335342488E-9,7.071067811866E-1));
#4384=VECTOR('',#4383,1.414213562023E0);
#4385=CARTESIAN_POINT('',(-6.619999999196E1,5.230000003380E1,
-1.839999999777E1));
#4386=LINE('',#4385,#4384);
#4387=DIRECTION('',(-5.822298078835E-10,-5.822275874375E-10,1.E0));
#4388=VECTOR('',#4387,6.400000132221E0);
#4389=CARTESIAN_POINT('',(-5.629999998600E1,6.520000000373E1,
-1.540000013222E1));
#4390=LINE('',#4389,#4388);
#4391=DIRECTION('',(1.961187699618E-9,1.E0,-6.958998790460E-8));
#4392=VECTOR('',#4391,1.900000003726E0);
#4393=CARTESIAN_POINT('',(-5.629999998973E1,6.33E1,-1.54E1));
#4394=LINE('',#4393,#4392);
#4395=DIRECTION('',(-7.071067811866E-1,-7.071067811865E-1,-1.038826428631E-8));
#4396=VECTOR('',#4395,1.414213561788E0);
#4397=CARTESIAN_POINT('',(-5.529999998642E1,6.620000000331E1,
-1.540000011753E1));
#4398=LINE('',#4397,#4396);
#4399=DIRECTION('',(-7.071067811865E-1,-7.071067811865E-1,0.E0));
#4400=VECTOR('',#4399,1.414213562373E0);
#4401=CARTESIAN_POINT('',(-5.529999998973E1,6.62E1,-9.E0));
#4402=LINE('',#4401,#4400);
#4403=DIRECTION('',(-2.780586014430E-9,-7.071067811865E-1,-7.071067811866E-1));
#4404=VECTOR('',#4403,1.414213561909E0);
#4405=CARTESIAN_POINT('',(-5.330000002119E1,6.620000000262E1,
-1.739999999738E1));
#4406=LINE('',#4405,#4404);
#4407=CARTESIAN_POINT('',(-5.049999998970E1,6.62E1,-1.44E1));
#4408=DIRECTION('',(0.E0,1.E0,0.E0));
#4409=DIRECTION('',(1.E0,0.E0,0.E0));
#4410=AXIS2_PLACEMENT_3D('',#4407,#4408,#4409);
#4412=CARTESIAN_POINT('',(-5.049999998970E1,6.62E1,-1.44E1));
#4413=DIRECTION('',(0.E0,1.E0,0.E0));
#4414=DIRECTION('',(-1.E0,0.E0,0.E0));
#4415=AXIS2_PLACEMENT_3D('',#4412,#4413,#4414);
#4417=CARTESIAN_POINT('',(7.000000000005E0,6.62E1,-1.44E1));
#4418=DIRECTION('',(0.E0,1.E0,0.E0));
#4419=DIRECTION('',(1.E0,0.E0,0.E0));
#4420=AXIS2_PLACEMENT_3D('',#4417,#4418,#4419);
#4422=CARTESIAN_POINT('',(7.000000000005E0,6.62E1,-1.44E1));
#4423=DIRECTION('',(0.E0,1.E0,0.E0));
#4424=DIRECTION('',(-1.E0,0.E0,0.E0));
#4425=AXIS2_PLACEMENT_3D('',#4422,#4423,#4424);
#4427=CARTESIAN_POINT('',(1.149461384706E2,6.62E1,-1.44E1));
#4428=DIRECTION('',(0.E0,1.E0,0.E0));
#4429=DIRECTION('',(1.E0,0.E0,0.E0));
#4430=AXIS2_PLACEMENT_3D('',#4427,#4428,#4429);
#4432=CARTESIAN_POINT('',(1.149461384706E2,6.62E1,-1.44E1));
#4433=DIRECTION('',(0.E0,1.E0,0.E0));
#4434=DIRECTION('',(-1.E0,0.E0,0.E0));
#4435=AXIS2_PLACEMENT_3D('',#4432,#4433,#4434);
#4437=DIRECTION('',(-5.175393352091E-10,-5.175371147631E-10,1.E0));
#4438=VECTOR('',#4437,6.400000117530E0);
#4439=CARTESIAN_POINT('',(-5.529999998642E1,6.620000000331E1,
-1.540000011753E1));
#4440=LINE('',#4439,#4438);
#4441=CARTESIAN_POINT('',(-5.329999998973E1,6.62E1,-1.54E1));
#4442=DIRECTION('',(0.E0,1.E0,0.E0));
#4443=DIRECTION('',(0.E0,0.E0,-1.E0));
#4444=AXIS2_PLACEMENT_3D('',#4441,#4442,#4443);
#4446=DIRECTION('',(-1.E0,0.E0,0.E0));
#4447=VECTOR('',#4446,6.760000005266E1);
#4448=CARTESIAN_POINT('',(1.430000003147E1,6.620000000262E1,-1.739999999738E1));
#4449=LINE('',#4448,#4447);
#4450=CARTESIAN_POINT('',(1.430000000001E1,6.62E1,-1.54E1));
#4451=DIRECTION('',(0.E0,1.E0,0.E0));
#4452=DIRECTION('',(1.E0,0.E0,-3.552713678800E-14));
#4453=AXIS2_PLACEMENT_3D('',#4450,#4451,#4452);
#4455=DIRECTION('',(-9.463505216984E-10,9.463535668815E-10,-1.E0));
#4456=VECTOR('',#4455,3.500000117530E0);
#4457=CARTESIAN_POINT('',(1.630000000001E1,6.62E1,-1.19E1));
#4458=LINE('',#4457,#4456);
#4459=DIRECTION('',(-9.900499328760E-11,-4.325784114526E-11,-1.E0));
#4460=VECTOR('',#4459,3.500000049178E0);
#4461=CARTESIAN_POINT('',(1.095000000008E2,6.620000000034E1,-1.19E1));
#4462=LINE('',#4461,#4460);
#4463=CARTESIAN_POINT('',(1.115E2,6.62E1,-1.54E1));
#4464=DIRECTION('',(0.E0,-1.E0,0.E0));
#4465=DIRECTION('',(-1.E0,0.E0,-8.782567562093E-9));
#4466=AXIS2_PLACEMENT_3D('',#4463,#4464,#4465);
#4468=DIRECTION('',(1.E0,0.E0,4.911104184449E-14));
#4469=VECTOR('',#4468,6.800000025752E0);
#4470=CARTESIAN_POINT('',(1.114999999965E2,6.620000000024E1,-1.739999999942E1));
#4471=LINE('',#4470,#4469);
#4472=CARTESIAN_POINT('',(1.183000000103E2,6.62E1,-1.54E1));
#4473=DIRECTION('',(0.E0,-1.E0,0.E0));
#4474=DIRECTION('',(1.342846900344E-8,0.E0,-1.E0));
#4475=AXIS2_PLACEMENT_3D('',#4472,#4473,#4474);
#4477=DIRECTION('',(-5.216271808020E-11,2.356781413686E-11,1.E0));
#4478=VECTOR('',#4477,6.400000062425E0);
#4479=CARTESIAN_POINT('',(1.203000000098E2,6.620000000019E1,-1.540000006243E1));
#4480=LINE('',#4479,#4478);
#4481=DIRECTION('',(0.E0,-1.E0,0.E0));
#4482=VECTOR('',#4481,2.9E0);
#4483=CARTESIAN_POINT('',(-4.899999998970E1,6.62E1,-1.44E1));
#4484=LINE('',#4483,#4482);
#4485=CARTESIAN_POINT('',(-5.049999998970E1,6.33E1,-1.44E1));
#4486=DIRECTION('',(0.E0,-1.E0,0.E0));
#4487=DIRECTION('',(-1.E0,0.E0,0.E0));
#4488=AXIS2_PLACEMENT_3D('',#4485,#4486,#4487);
#4490=CARTESIAN_POINT('',(-5.049999998970E1,6.33E1,-1.44E1));
#4491=DIRECTION('',(0.E0,-1.E0,0.E0));
#4492=DIRECTION('',(1.E0,0.E0,0.E0));
#4493=AXIS2_PLACEMENT_3D('',#4490,#4491,#4492);
#4495=CARTESIAN_POINT('',(7.000000000005E0,6.33E1,-1.44E1));
#4496=DIRECTION('',(0.E0,-1.E0,0.E0));
#4497=DIRECTION('',(-1.E0,0.E0,0.E0));
#4498=AXIS2_PLACEMENT_3D('',#4495,#4496,#4497);
#4500=CARTESIAN_POINT('',(7.000000000005E0,6.33E1,-1.44E1));
#4501=DIRECTION('',(0.E0,-1.E0,0.E0));
#4502=DIRECTION('',(1.E0,0.E0,0.E0));
#4503=AXIS2_PLACEMENT_3D('',#4500,#4501,#4502);
#4505=CARTESIAN_POINT('',(1.149461384706E2,6.33E1,-1.44E1));
#4506=DIRECTION('',(0.E0,-1.E0,0.E0));
#4507=DIRECTION('',(-1.E0,0.E0,0.E0));
#4508=AXIS2_PLACEMENT_3D('',#4505,#4506,#4507);
#4510=CARTESIAN_POINT('',(1.149461384706E2,6.33E1,-1.44E1));
#4511=DIRECTION('',(0.E0,-1.E0,0.E0));
#4512=DIRECTION('',(1.E0,0.E0,0.E0));
#4513=AXIS2_PLACEMENT_3D('',#4510,#4511,#4512);
#4515=CARTESIAN_POINT('',(-5.329999998973E1,6.33E1,-1.54E1));
#4516=DIRECTION('',(0.E0,-1.E0,0.E0));
#4517=DIRECTION('',(-1.E0,0.E0,0.E0));
#4518=AXIS2_PLACEMENT_3D('',#4515,#4516,#4517);
#4520=DIRECTION('',(0.E0,0.E0,1.E0));
#4521=VECTOR('',#4520,6.4E0);
#4522=CARTESIAN_POINT('',(-5.629999998973E1,6.33E1,-1.54E1));
#4523=LINE('',#4522,#4521);
#4524=DIRECTION('',(1.E0,0.E0,0.E0));
#4525=VECTOR('',#4524,1.776E2);
#4526=CARTESIAN_POINT('',(-5.629999998973E1,6.33E1,-9.E0));
#4527=LINE('',#4526,#4525);
#4528=CARTESIAN_POINT('',(1.183000000103E2,6.33E1,-1.54E1));
#4529=DIRECTION('',(0.E0,1.E0,0.E0));
#4530=DIRECTION('',(1.E0,0.E0,0.E0));
#4531=AXIS2_PLACEMENT_3D('',#4528,#4529,#4530);
#4533=DIRECTION('',(-1.E0,0.E0,0.E0));
#4534=VECTOR('',#4533,6.800000013301E0);
#4535=CARTESIAN_POINT('',(1.183000000118E2,6.33E1,-1.84E1));
#4536=LINE('',#4535,#4534);
#4537=CARTESIAN_POINT('',(1.115E2,6.33E1,-1.54E1));
#4538=DIRECTION('',(0.E0,1.E0,0.E0));
#4539=DIRECTION('',(0.E0,0.E0,-1.E0));
#4540=AXIS2_PLACEMENT_3D('',#4537,#4538,#4539);
#4542=DIRECTION('',(2.517351374363E-11,0.E0,1.E0));
#4543=VECTOR('',#4542,3.500000044950E0);
#4544=CARTESIAN_POINT('',(1.085E2,6.33E1,-1.540000004495E1));
#4545=LINE('',#4544,#4543);
#4546=DIRECTION('',(-1.E0,0.E0,0.E0));
#4547=VECTOR('',#4546,9.120000000029E1);
#4548=CARTESIAN_POINT('',(1.085000000001E2,6.33E1,-1.19E1));
#4549=LINE('',#4548,#4547);
#4550=CARTESIAN_POINT('',(1.430000000001E1,6.33E1,-1.54E1));
#4551=DIRECTION('',(0.E0,1.E0,0.E0));
#4552=DIRECTION('',(1.E0,0.E0,-2.237783292003E-10));
#4553=AXIS2_PLACEMENT_3D('',#4550,#4551,#4552);
#4555=DIRECTION('',(0.E0,-1.E0,0.E0));
#4556=VECTOR('',#4555,2.9E0);
#4557=CARTESIAN_POINT('',(-5.199999998970E1,6.62E1,-1.44E1));
#4558=LINE('',#4557,#4556);
#4559=DIRECTION('',(0.E0,-1.E0,0.E0));
#4560=VECTOR('',#4559,2.9E0);
#4561=CARTESIAN_POINT('',(8.500000000005E0,6.62E1,-1.44E1));
#4562=LINE('',#4561,#4560);
#4563=DIRECTION('',(0.E0,-1.E0,0.E0));
#4564=VECTOR('',#4563,2.9E0);
#4565=CARTESIAN_POINT('',(5.500000000005E0,6.62E1,-1.44E1));
#4566=LINE('',#4565,#4564);
#4567=DIRECTION('',(0.E0,-1.E0,0.E0));
#4568=VECTOR('',#4567,2.9E0);
#4569=CARTESIAN_POINT('',(1.164461384706E2,6.62E1,-1.44E1));
#4570=LINE('',#4569,#4568);
#4571=DIRECTION('',(0.E0,-1.E0,0.E0));
#4572=VECTOR('',#4571,2.9E0);
#4573=CARTESIAN_POINT('',(1.134461384706E2,6.62E1,-1.44E1));
#4574=LINE('',#4573,#4572);
#4575=CARTESIAN_POINT('',(-5.329999998973E1,6.52E1,-1.54E1));
#4576=DIRECTION('',(0.E0,1.E0,0.E0));
#4577=DIRECTION('',(0.E0,0.E0,-1.E0));
#4578=AXIS2_PLACEMENT_3D('',#4575,#4576,#4577);
#4580=DIRECTION('',(-1.E0,0.E0,0.E0));
#4581=VECTOR('',#4580,6.760000006052E1);
#4582=CARTESIAN_POINT('',(1.430000003540E1,6.520000000295E1,-1.839999999705E1));
#4583=LINE('',#4582,#4581);
#4584=DIRECTION('',(-1.862689648752E-8,1.E0,1.552945372222E-9));
#4585=VECTOR('',#4584,1.900000002951E0);
#4586=CARTESIAN_POINT('',(-5.329999998973E1,6.33E1,-1.84E1));
#4587=LINE('',#4586,#4585);
#4588=DIRECTION('',(1.E0,0.E0,0.E0));
#4589=VECTOR('',#4588,6.759999999124E1);
#4590=CARTESIAN_POINT('',(-5.329999998973E1,6.33E1,-1.84E1));
#4591=LINE('',#4590,#4589);
#4592=DIRECTION('',(1.783896723474E-8,1.E0,1.552945372222E-9));
#4593=VECTOR('',#4592,1.900000002951E0);
#4594=CARTESIAN_POINT('',(1.430000000151E1,6.33E1,-1.84E1));
#4595=LINE('',#4594,#4593);
#4596=DIRECTION('',(2.780588526578E-9,-7.071067811865E-1,-7.071067811866E-1));
#4597=VECTOR('',#4596,1.414213561909E0);
#4598=CARTESIAN_POINT('',(1.430000003147E1,6.620000000262E1,-1.739999999738E1));
#4599=LINE('',#4598,#4597);
#4600=DIRECTION('',(7.071067811865E-1,-7.071067811865E-1,-1.038824544521E-8));
#4601=VECTOR('',#4600,1.414213561788E0);
#4602=CARTESIAN_POINT('',(1.629999999670E1,6.620000000331E1,-1.540000011753E1));
#4603=LINE('',#4602,#4601);
#4604=CARTESIAN_POINT('',(1.430000000001E1,6.52E1,-1.54E1));
#4605=DIRECTION('',(0.E0,1.E0,0.E0));
#4606=DIRECTION('',(1.E0,0.E0,0.E0));
#4607=AXIS2_PLACEMENT_3D('',#4604,#4605,#4606);
#4609=DIRECTION('',(-1.064647758273E-9,1.064648773334E-9,-1.E0));
#4610=VECTOR('',#4609,3.500000132221E0);
#4611=CARTESIAN_POINT('',(1.730000000001E1,6.52E1,-1.19E1));
#4612=LINE('',#4611,#4610);
#4613=DIRECTION('',(1.942474247814E-9,-1.E0,2.905840428074E-8));
#4614=VECTOR('',#4613,1.900000003726E0);
#4615=CARTESIAN_POINT('',(1.729999999628E1,6.520000000373E1,-1.540000013222E1));
#4616=LINE('',#4615,#4614);
#4617=DIRECTION('',(-4.575996623715E-11,0.E0,1.E0));
#4618=VECTOR('',#4617,3.500000077010E0);
#4619=CARTESIAN_POINT('',(1.729999999997E1,6.33E1,-1.540000007701E1));
#4620=LINE('',#4619,#4618);
#4621=DIRECTION('',(1.030137378908E-10,1.E0,0.E0));
#4622=VECTOR('',#4621,1.9E0);
#4623=CARTESIAN_POINT('',(1.729999999981E1,6.33E1,-1.19E1));
#4624=LINE('',#4623,#4622);
#4625=DIRECTION('',(-7.071067811866E-1,7.071067811865E-1,0.E0));
#4626=VECTOR('',#4625,1.414213562373E0);
#4627=CARTESIAN_POINT('',(1.730000000001E1,6.52E1,-1.19E1));
#4628=LINE('',#4627,#4626);
#4629=DIRECTION('',(-1.E0,-3.612484655684E-12,0.E0));
#4630=VECTOR('',#4629,9.320000000079E1);
#4631=CARTESIAN_POINT('',(1.095000000008E2,6.620000000034E1,-1.19E1));
#4632=LINE('',#4631,#4630);
#4633=DIRECTION('',(8.102431004018E-11,1.E0,0.E0));
#4634=VECTOR('',#4633,1.900000000660E0);
#4635=CARTESIAN_POINT('',(1.085000000001E2,6.33E1,-1.19E1));
#4636=LINE('',#4635,#4634);
#4637=DIRECTION('',(7.071067814930E-1,7.071067808801E-1,0.E0));
#4638=VECTOR('',#4637,1.414213562529E0);
#4639=CARTESIAN_POINT('',(1.085000000003E2,6.520000000066E1,-1.19E1));
#4640=LINE('',#4639,#4638);
#4641=DIRECTION('',(-3.731364345592E-11,-1.038407433499E-10,-1.E0));
#4642=VECTOR('',#4641,3.500000073350E0);
#4643=CARTESIAN_POINT('',(1.085000000003E2,6.520000000066E1,-1.19E1));
#4644=LINE('',#4643,#4642);
#4645=DIRECTION('',(-7.071067813417E-1,-7.071067810314E-1,-1.709236187512E-8));
#4646=VECTOR('',#4645,1.414213562527E0);
#4647=CARTESIAN_POINT('',(1.095000000005E2,6.620000000019E1,-1.540000004918E1));
#4648=LINE('',#4647,#4646);
#4649=CARTESIAN_POINT('',(1.115E2,6.52E1,-1.54E1));
#4650=DIRECTION('',(0.E0,-1.E0,0.E0));
#4651=DIRECTION('',(-1.E0,0.E0,-2.242444215502E-8));
#4652=AXIS2_PLACEMENT_3D('',#4649,#4650,#4651);
#4654=DIRECTION('',(-7.384509093028E-10,7.071067810098E-1,7.071067813633E-1));
#4655=VECTOR('',#4654,1.414213562682E0);
#4656=CARTESIAN_POINT('',(1.114999999975E2,6.520000000028E1,-1.839999999988E1));
#4657=LINE('',#4656,#4655);
#4658=DIRECTION('',(-5.866091237577E-11,-1.E0,1.494766883136E-8));
#4659=VECTOR('',#4658,1.900000000296E0);
#4660=CARTESIAN_POINT('',(1.085000000001E2,6.520000000030E1,-1.540000007335E1));
#4661=LINE('',#4660,#4659);
#4662=DIRECTION('',(-5.152107979265E-10,1.E0,6.052702198217E-11));
#4663=VECTOR('',#4662,1.900000000275E0);
#4664=CARTESIAN_POINT('',(1.114999999985E2,6.33E1,-1.84E1));
#4665=LINE('',#4664,#4663);
#4666=DIRECTION('',(1.E0,0.E0,3.657205248908E-14));
#4667=VECTOR('',#4666,6.800000016140E0);
#4668=CARTESIAN_POINT('',(1.114999999975E2,6.520000000028E1,-1.839999999988E1));
#4669=LINE('',#4668,#4667);
#4670=DIRECTION('',(-6.058255761689E-9,-7.071067810097E-1,-7.071067813633E-1));
#4671=VECTOR('',#4670,1.414213562682E0);
#4672=CARTESIAN_POINT('',(1.183000000222E2,6.620000000024E1,-1.739999999942E1));
#4673=LINE('',#4672,#4671);
#4674=CARTESIAN_POINT('',(1.183000000103E2,6.52E1,-1.54E1));
#4675=DIRECTION('',(0.E0,-1.E0,0.E0));
#4676=DIRECTION('',(0.E0,0.E0,-1.E0));
#4677=AXIS2_PLACEMENT_3D('',#4674,#4675,#4676);
#4679=DIRECTION('',(-7.071067814085E-1,7.071067809646E-1,4.086359687558E-8));
#4680=VECTOR('',#4679,1.414213562233E0);
#4681=CARTESIAN_POINT('',(1.213000000100E2,6.520000000060E1,-1.540000012021E1));
#4682=LINE('',#4681,#4680);
#4683=DIRECTION('',(-9.793597510494E-10,-1.E0,-6.065791143348E-11));
#4684=VECTOR('',#4683,1.900000000275E0);
#4685=CARTESIAN_POINT('',(1.183000000137E2,6.520000000028E1,-1.839999999988E1));
#4686=LINE('',#4685,#4684);
#4687=DIRECTION('',(-1.363120142643E-10,1.E0,-2.285718654557E-8));
#4688=VECTOR('',#4687,1.900000000604E0);
#4689=CARTESIAN_POINT('',(1.213000000103E2,6.33E1,-1.540000007679E1));
#4690=LINE('',#4689,#4688);
#4691=DIRECTION('',(0.E0,1.E0,0.E0));
#4692=VECTOR('',#4691,1.899999999970E0);
#4693=CARTESIAN_POINT('',(1.213000000103E2,6.33E1,-9.E0));
#4694=LINE('',#4693,#4692);
#4695=DIRECTION('',(0.E0,0.E0,1.E0));
#4696=VECTOR('',#4695,6.400000076786E0);
#4697=CARTESIAN_POINT('',(1.213000000103E2,6.33E1,-1.540000007679E1));
#4698=LINE('',#4697,#4696);
#4699=DIRECTION('',(4.046984893347E-11,-9.909628487061E-11,1.E0));
#4700=VECTOR('',#4699,6.400000120215E0);
#4701=CARTESIAN_POINT('',(1.213000000100E2,6.520000000060E1,-1.540000012021E1));
#4702=LINE('',#4701,#4700);
#4703=CARTESIAN_POINT('',(1.272000000103E2,-5.037747996539E-12,-1.44E1));
#4704=DIRECTION('',(1.E0,0.E0,0.E0));
#4705=DIRECTION('',(0.E0,-1.E0,0.E0));
#4706=AXIS2_PLACEMENT_3D('',#4703,#4704,#4705);
#4708=CARTESIAN_POINT('',(1.272000000103E2,-5.037747996539E-12,-1.44E1));
#4709=DIRECTION('',(1.E0,0.E0,0.E0));
#4710=DIRECTION('',(0.E0,1.E0,0.E0));
#4711=AXIS2_PLACEMENT_3D('',#4708,#4709,#4710);
#4713=CARTESIAN_POINT('',(1.272000000103E2,-5.000000000001E1,-1.44E1));
#4714=DIRECTION('',(1.E0,0.E0,0.E0));
#4715=DIRECTION('',(0.E0,-1.E0,0.E0));
#4716=AXIS2_PLACEMENT_3D('',#4713,#4714,#4715);
#4718=CARTESIAN_POINT('',(1.272000000103E2,-5.000000000001E1,-1.44E1));
#4719=DIRECTION('',(1.E0,0.E0,0.E0));
#4720=DIRECTION('',(0.E0,1.E0,0.E0));
#4721=AXIS2_PLACEMENT_3D('',#4718,#4719,#4720);
#4723=CARTESIAN_POINT('',(1.272000000103E2,4.999999999999E1,-1.44E1));
#4724=DIRECTION('',(1.E0,0.E0,0.E0));
#4725=DIRECTION('',(0.E0,-1.E0,0.E0));
#4726=AXIS2_PLACEMENT_3D('',#4723,#4724,#4725);
#4728=CARTESIAN_POINT('',(1.272000000103E2,4.999999999999E1,-1.44E1));
#4729=DIRECTION('',(1.E0,0.E0,0.E0));
#4730=DIRECTION('',(0.E0,1.E0,0.E0));
#4731=AXIS2_PLACEMENT_3D('',#4728,#4729,#4730);
#4733=DIRECTION('',(-5.175326738711E-10,5.175382249861E-10,1.E0));
#4734=VECTOR('',#4733,6.400000117530E0);
#4735=CARTESIAN_POINT('',(1.272000000136E2,5.429999999669E1,-1.540000011753E1));
#4736=LINE('',#4735,#4734);
#4737=CARTESIAN_POINT('',(1.272000000103E2,5.23E1,-1.54E1));
#4738=DIRECTION('',(1.E0,0.E0,0.E0));
#4739=DIRECTION('',(0.E0,0.E0,-1.E0));
#4740=AXIS2_PLACEMENT_3D('',#4737,#4738,#4739);
#4742=DIRECTION('',(-6.516602402208E-12,1.E0,-6.516803880145E-12));
#4743=VECTOR('',#4742,1.057995846316E2);
#4744=CARTESIAN_POINT('',(1.272000000136E2,-5.349958460012E1,
-1.739999999669E1));
#4745=LINE('',#4744,#4743);
#4746=CARTESIAN_POINT('',(1.272000000103E2,-5.349958448259E1,-1.54E1));
#4747=DIRECTION('',(1.E0,0.E0,0.E0));
#4748=DIRECTION('',(0.E0,-1.E0,0.E0));
#4749=AXIS2_PLACEMENT_3D('',#4746,#4747,#4748);
#4751=DIRECTION('',(4.098055208353E-10,4.098055208353E-10,-1.E0));
#4752=VECTOR('',#4751,6.400000031459E0);
#4753=CARTESIAN_POINT('',(1.272000000103E2,-5.549958448259E1,-9.E0));
#4754=LINE('',#4753,#4752);
#4755=DIRECTION('',(-1.E0,0.E0,0.E0));
#4756=VECTOR('',#4755,2.9E0);
#4757=CARTESIAN_POINT('',(1.272000000103E2,-1.500000000005E0,-1.44E1));
#4758=LINE('',#4757,#4756);
#4759=DIRECTION('',(-1.E0,0.E0,0.E0));
#4760=VECTOR('',#4759,2.9E0);
#4761=CARTESIAN_POINT('',(1.272000000103E2,1.499999999995E0,-1.44E1));
#4762=LINE('',#4761,#4760);
#4763=CARTESIAN_POINT('',(1.243000000103E2,-5.037747996539E-12,-1.44E1));
#4764=DIRECTION('',(-1.E0,0.E0,0.E0));
#4765=DIRECTION('',(0.E0,1.E0,0.E0));
#4766=AXIS2_PLACEMENT_3D('',#4763,#4764,#4765);
#4768=CARTESIAN_POINT('',(1.243000000103E2,-5.037747996539E-12,-1.44E1));
#4769=DIRECTION('',(-1.E0,0.E0,0.E0));
#4770=DIRECTION('',(0.E0,-1.E0,0.E0));
#4771=AXIS2_PLACEMENT_3D('',#4768,#4769,#4770);
#4773=CARTESIAN_POINT('',(1.243000000103E2,-5.000000000001E1,-1.44E1));
#4774=DIRECTION('',(-1.E0,0.E0,0.E0));
#4775=DIRECTION('',(0.E0,1.E0,0.E0));
#4776=AXIS2_PLACEMENT_3D('',#4773,#4774,#4775);
#4778=CARTESIAN_POINT('',(1.243000000103E2,-5.000000000001E1,-1.44E1));
#4779=DIRECTION('',(-1.E0,0.E0,0.E0));
#4780=DIRECTION('',(0.E0,-1.E0,0.E0));
#4781=AXIS2_PLACEMENT_3D('',#4778,#4779,#4780);
#4783=CARTESIAN_POINT('',(1.243000000103E2,4.999999999999E1,-1.44E1));
#4784=DIRECTION('',(-1.E0,0.E0,0.E0));
#4785=DIRECTION('',(0.E0,1.E0,0.E0));
#4786=AXIS2_PLACEMENT_3D('',#4783,#4784,#4785);
#4788=CARTESIAN_POINT('',(1.243000000103E2,4.999999999999E1,-1.44E1));
#4789=DIRECTION('',(-1.E0,0.E0,0.E0));
#4790=DIRECTION('',(0.E0,-1.E0,0.E0));
#4791=AXIS2_PLACEMENT_3D('',#4788,#4789,#4790);
#4793=CARTESIAN_POINT('',(1.243000000103E2,5.23E1,-1.54E1));
#4794=DIRECTION('',(-1.E0,0.E0,0.E0));
#4795=DIRECTION('',(0.E0,1.E0,0.E0));
#4796=AXIS2_PLACEMENT_3D('',#4793,#4794,#4795);
#4798=DIRECTION('',(0.E0,0.E0,1.E0));
#4799=VECTOR('',#4798,6.4E0);
#4800=CARTESIAN_POINT('',(1.243000000103E2,5.53E1,-1.54E1));
#4801=LINE('',#4800,#4799);
#4802=DIRECTION('',(0.E0,-1.E0,0.E0));
#4803=VECTOR('',#4802,1.117995844826E2);
#4804=CARTESIAN_POINT('',(1.243000000103E2,5.53E1,-9.E0));
#4805=LINE('',#4804,#4803);
#4806=DIRECTION('',(0.E0,0.E0,1.E0));
#4807=VECTOR('',#4806,6.4E0);
#4808=CARTESIAN_POINT('',(1.243000000103E2,-5.649958448259E1,-1.54E1));
#4809=LINE('',#4808,#4807);
#4810=CARTESIAN_POINT('',(1.243000000103E2,-5.349958448259E1,-1.54E1));
#4811=DIRECTION('',(-1.E0,0.E0,0.E0));
#4812=DIRECTION('',(0.E0,0.E0,-1.E0));
#4813=AXIS2_PLACEMENT_3D('',#4810,#4811,#4812);
#4815=DIRECTION('',(0.E0,1.E0,0.E0));
#4816=VECTOR('',#4815,1.057995844826E2);
#4817=CARTESIAN_POINT('',(1.243000000103E2,-5.349958448259E1,-1.84E1));
#4818=LINE('',#4817,#4816);
#4819=DIRECTION('',(-1.E0,0.E0,0.E0));
#4820=VECTOR('',#4819,2.9E0);
#4821=CARTESIAN_POINT('',(1.272000000103E2,-5.150000000001E1,-1.44E1));
#4822=LINE('',#4821,#4820);
#4823=DIRECTION('',(-1.E0,0.E0,0.E0));
#4824=VECTOR('',#4823,2.9E0);
#4825=CARTESIAN_POINT('',(1.272000000103E2,-4.850000000001E1,-1.44E1));
#4826=LINE('',#4825,#4824);
#4827=DIRECTION('',(-1.E0,0.E0,0.E0));
#4828=VECTOR('',#4827,2.9E0);
#4829=CARTESIAN_POINT('',(1.272000000103E2,4.849999999999E1,-1.44E1));
#4830=LINE('',#4829,#4828);
#4831=DIRECTION('',(-1.E0,0.E0,0.E0));
#4832=VECTOR('',#4831,2.9E0);
#4833=CARTESIAN_POINT('',(1.272000000103E2,5.149999999999E1,-1.44E1));
#4834=LINE('',#4833,#4832);
#4835=CARTESIAN_POINT('',(1.262000000103E2,5.23E1,-1.54E1));
#4836=DIRECTION('',(1.E0,0.E0,0.E0));
#4837=DIRECTION('',(0.E0,0.E0,-1.E0));
#4838=AXIS2_PLACEMENT_3D('',#4835,#4836,#4837);
#4840=DIRECTION('',(-7.071067811865E-1,2.780580990134E-9,-7.071067811865E-1));
#4841=VECTOR('',#4840,1.414213561909E0);
#4842=CARTESIAN_POINT('',(1.272000000129E2,5.230000003146E1,-1.739999999738E1));
#4843=LINE('',#4842,#4841);
#4844=DIRECTION('',(-7.071067811866E-1,7.071067811865E-1,-1.038826428631E-8));
#4845=VECTOR('',#4844,1.414213561788E0);
#4846=CARTESIAN_POINT('',(1.272000000136E2,5.429999999669E1,-1.540000011753E1));
#4847=LINE('',#4846,#4845);
#4848=DIRECTION('',(-7.071067811865E-1,7.071067811866E-1,0.E0));
#4849=VECTOR('',#4848,1.414213562373E0);
#4850=CARTESIAN_POINT('',(1.272000000103E2,5.43E1,-9.E0));
#4851=LINE('',#4850,#4849);
#4852=DIRECTION('',(-5.822253669915E-10,5.822286976605E-10,1.E0));
#4853=VECTOR('',#4852,6.400000132221E0);
#4854=CARTESIAN_POINT('',(1.262000000140E2,5.529999999627E1,-1.540000013222E1));
#4855=LINE('',#4854,#4853);
#4856=DIRECTION('',(1.E0,-1.961191439317E-9,-6.958998977445E-8));
#4857=VECTOR('',#4856,1.900000003726E0);
#4858=CARTESIAN_POINT('',(1.243000000103E2,5.53E1,-1.54E1));
#4859=LINE('',#4858,#4857);
#4860=DIRECTION('',(-7.071067811866E-1,-1.038826428631E-8,-7.071067811865E-1));
#4861=VECTOR('',#4860,1.414213561788E0);
#4862=CARTESIAN_POINT('',(1.272000000136E2,-5.349958460012E1,
-1.739999999669E1));
#4863=LINE('',#4862,#4861);
#4864=DIRECTION('',(-7.331379179131E-12,1.E0,-7.331513497755E-12));
#4865=VECTOR('',#4864,1.057995846502E2);
#4866=CARTESIAN_POINT('',(1.262000000140E2,-5.349958461481E1,
-1.839999999627E1));
#4867=LINE('',#4866,#4865);
#4868=DIRECTION('',(1.E0,1.862689648752E-8,1.552947242071E-9));
#4869=VECTOR('',#4868,1.900000002951E0);
#4870=CARTESIAN_POINT('',(1.243000000103E2,5.23E1,-1.84E1));
#4871=LINE('',#4870,#4869);
#4872=DIRECTION('',(1.E0,-6.958999444907E-8,1.961195179015E-9));
#4873=VECTOR('',#4872,1.900000003726E0);
#4874=CARTESIAN_POINT('',(1.243000000103E2,-5.349958448259E1,-1.84E1));
#4875=LINE('',#4874,#4873);
#4876=CARTESIAN_POINT('',(1.262000000103E2,-5.349958448259E1,-1.54E1));
#4877=DIRECTION('',(1.E0,0.E0,0.E0));
#4878=DIRECTION('',(0.E0,-1.E0,0.E0));
#4879=AXIS2_PLACEMENT_3D('',#4876,#4877,#4878);
#4881=DIRECTION('',(-7.071067811865E-1,-7.071067811866E-1,-2.780574709764E-9));
#4882=VECTOR('',#4881,1.414213561909E0);
#4883=CARTESIAN_POINT('',(1.272000000129E2,-5.549958447997E1,
-1.540000003146E1));
#4884=LINE('',#4883,#4882);
#4885=DIRECTION('',(7.071067811866E-1,7.071067811865E-1,0.E0));
#4886=VECTOR('',#4885,1.414213562373E0);
#4887=CARTESIAN_POINT('',(1.262000000103E2,-5.649958448259E1,-9.E0));
#4888=LINE('',#4887,#4886);
#4889=DIRECTION('',(4.610289902104E-10,4.610301004334E-10,-1.E0));
#4890=VECTOR('',#4889,6.400000035391E0);
#4891=CARTESIAN_POINT('',(1.262000000103E2,-5.649958448259E1,-9.E0));
#4892=LINE('',#4891,#4890);
#4893=DIRECTION('',(1.E0,1.552939762674E-9,-1.862689181289E-8));
#4894=VECTOR('',#4893,1.900000002951E0);
#4895=CARTESIAN_POINT('',(1.243000000103E2,-5.649958448259E1,-1.54E1));
#4896=LINE('',#4895,#4894);
#4897=VERTEX_POINT('',#6);
#4898=VERTEX_POINT('',#19);
#4899=VERTEX_POINT('',#4);
#4900=VERTEX_POINT('',#570);
#4901=CARTESIAN_POINT('',(0.E0,7.700000000711E1,-8.999999995617E0));
#4902=VERTEX_POINT('',#4901);
#4903=CARTESIAN_POINT('',(-1.365000159714E2,-3.694596669367E1,
-9.000008750323E0));
#4904=VERTEX_POINT('',#4903);
#4905=VERTEX_POINT('',#31);
#4906=CARTESIAN_POINT('',(-1.834999999696E2,-8.099838280323E1,-9.E0));
#4907=VERTEX_POINT('',#4906);
#4908=CARTESIAN_POINT('',(-9.750000002045E1,-8.100132621115E1,-9.E0));
#4909=VERTEX_POINT('',#4908);
#4910=CARTESIAN_POINT('',(-9.760847525931E1,-7.794760660810E1,-9.E0));
#4911=VERTEX_POINT('',#4910);
#4912=VERTEX_POINT('',#4101);
#4913=CARTESIAN_POINT('',(1.284999218581E2,-7.700000602760E1,
-8.999998244747E0));
#4914=VERTEX_POINT('',#4913);
#4915=VERTEX_POINT('',#61);
#4916=CARTESIAN_POINT('',(1.365000000325E2,6.899999402632E1,-8.999999985064E0));
#4917=VERTEX_POINT('',#4916);
#4918=VERTEX_POINT('',#76);
#4919=CARTESIAN_POINT('',(-1.3092E2,4.98E1,-9.E0));
#4920=CARTESIAN_POINT('',(-1.0292E2,4.98E1,-9.E0));
#4921=VERTEX_POINT('',#4919);
#4922=VERTEX_POINT('',#4920);
#4923=CARTESIAN_POINT('',(1.079999999923E1,-6.739958448290E1,-9.E0));
#4924=CARTESIAN_POINT('',(-8.819999999952E1,-6.739958448282E1,-9.E0));
#4925=VERTEX_POINT('',#4923);
#4926=VERTEX_POINT('',#4924);
#4927=CARTESIAN_POINT('',(-8.919999999987E1,-6.639958448293E1,-9.E0));
#4928=VERTEX_POINT('',#4927);
#4929=CARTESIAN_POINT('',(-9.611E1,-4.59E1,-9.E0));
#4930=CARTESIAN_POINT('',(-9.611E1,1.26E1,-9.E0));
#4931=VERTEX_POINT('',#4929);
#4932=VERTEX_POINT('',#4930);
#4933=CARTESIAN_POINT('',(-9.661E1,-4.64E1,-9.E0));
#4934=VERTEX_POINT('',#4933);
#4935=CARTESIAN_POINT('',(-1.087999999817E2,-4.64E1,-9.E0));
#4936=VERTEX_POINT('',#4935);
#4937=CARTESIAN_POINT('',(-1.092999999897E2,-4.59E1,-9.E0));
#4938=VERTEX_POINT('',#4937);
#4939=CARTESIAN_POINT('',(-1.092999999897E2,-4.39E1,-9.E0));
#4940=VERTEX_POINT('',#4939);
#4941=CARTESIAN_POINT('',(-1.087999999888E2,-4.34E1,-9.E0));
#4942=VERTEX_POINT('',#4941);
#4943=CARTESIAN_POINT('',(-1.081999999904E2,-4.339999999976E1,-9.E0));
#4944=VERTEX_POINT('',#4943);
#4945=CARTESIAN_POINT('',(-1.091999999901E2,-4.239999999916E1,-9.E0));
#4946=VERTEX_POINT('',#4945);
#4947=CARTESIAN_POINT('',(-1.091999999901E2,8.599999999193E0,-9.E0));
#4948=VERTEX_POINT('',#4947);
#4949=CARTESIAN_POINT('',(-1.081999999911E2,9.599999999515E0,-9.E0));
#4950=VERTEX_POINT('',#4949);
#4951=CARTESIAN_POINT('',(-1.087999999881E2,9.599999999841E0,-9.E0));
#4952=VERTEX_POINT('',#4951);
#4953=CARTESIAN_POINT('',(-1.092999999897E2,1.009999999771E1,-9.E0));
#4954=VERTEX_POINT('',#4953);
#4955=CARTESIAN_POINT('',(-1.092999999897E2,1.329999999565E1,-9.E0));
#4956=VERTEX_POINT('',#4955);
#4957=CARTESIAN_POINT('',(-1.069999999897E2,1.56E1,-9.E0));
#4958=VERTEX_POINT('',#4957);
#4959=CARTESIAN_POINT('',(-1.037999999897E2,1.56E1,-9.E0));
#4960=VERTEX_POINT('',#4959);
#4961=CARTESIAN_POINT('',(1.203000000095E2,-6.739958448292E1,-9.E0));
#4962=CARTESIAN_POINT('',(1.093000000111E2,-6.739958448293E1,-9.E0));
#4963=VERTEX_POINT('',#4961);
#4964=VERTEX_POINT('',#4962);
#4965=VERTEX_POINT('',#100);
#4966=VERTEX_POINT('',#106);
#4967=CARTESIAN_POINT('',(-1.600116450692E2,-1.153442834265E2,-9.E0));
#4968=VERTEX_POINT('',#4967);
#4969=CARTESIAN_POINT('',(-1.748709201964E2,-1.004650929834E2,-9.E0));
#4970=VERTEX_POINT('',#4969);
#4971=CARTESIAN_POINT('',(-1.748849622278E2,-1.005379714543E2,-9.E0));
#4972=VERTEX_POINT('',#4971);
#4973=VERTEX_POINT('',#119);
#4974=VERTEX_POINT('',#126);
#4975=VERTEX_POINT('',#132);
#4976=CARTESIAN_POINT('',(-1.748508084050E2,-6.149942189272E1,-9.E0));
#4977=VERTEX_POINT('',#4976);
#4978=CARTESIAN_POINT('',(-1.600276008756E2,-4.666455469864E1,-9.E0));
#4979=VERTEX_POINT('',#4978);
#4980=CARTESIAN_POINT('',(-1.600403083300E2,-4.661444381228E1,-9.E0));
#4981=VERTEX_POINT('',#4980);
#4982=VERTEX_POINT('',#149);
#4983=CARTESIAN_POINT('',(-1.210633835345E2,-4.581111055497E1,-9.E0));
#4984=VERTEX_POINT('',#4983);
#4985=VERTEX_POINT('',#162);
#4986=CARTESIAN_POINT('',(-1.209881138091E2,-4.665546461388E1,-9.E0));
#4987=VERTEX_POINT('',#4986);
#4988=CARTESIAN_POINT('',(-1.061291091149E2,-6.153485525957E1,-9.E0));
#4989=VERTEX_POINT('',#4988);
#4990=CARTESIAN_POINT('',(-1.061150491027E2,-6.146203575834E1,-9.E0));
#4991=VERTEX_POINT('',#4990);
#4992=VERTEX_POINT('',#175);
#4993=VERTEX_POINT('',#182);
#4994=VERTEX_POINT('',#188);
#4995=CARTESIAN_POINT('',(-1.061491915950E2,-1.005005781073E2,-9.E0));
#4996=VERTEX_POINT('',#4995);
#4997=CARTESIAN_POINT('',(-1.209723991244E2,-1.153354453014E2,-9.E0));
#4998=VERTEX_POINT('',#4997);
#4999=CARTESIAN_POINT('',(-1.209596916700E2,-1.153855561877E2,-9.E0));
#5000=VERTEX_POINT('',#4999);
#5001=VERTEX_POINT('',#205);
#5002=VERTEX_POINT('',#365);
#5003=VERTEX_POINT('',#382);
#5004=VERTEX_POINT('',#391);
#5005=VERTEX_POINT('',#400);
#5006=VERTEX_POINT('',#409);
#5007=CARTESIAN_POINT('',(-9.630644618347E1,-8.100000598331E1,
-9.999988035352E-1));
#5008=VERTEX_POINT('',#5007);
#5009=CARTESIAN_POINT('',(1.284999941684E2,-7.968549399702E1,
-6.106713077811E-2));
#5010=VERTEX_POINT('',#5009);
#5011=CARTESIAN_POINT('',(-9.630846347549E1,-7.968549550529E1,
-6.106728306148E-2));
#5012=VERTEX_POINT('',#5011);
#5013=CARTESIAN_POINT('',(1.391854913402E2,-6.900000059737E1,
-6.106523120574E-2));
#5014=VERTEX_POINT('',#5013);
#5015=CARTESIAN_POINT('',(1.391853600912E2,6.900007180972E1,
-6.111900430367E-2));
#5016=VERTEX_POINT('',#5015);
#5017=CARTESIAN_POINT('',(1.285000005998E2,7.968549452933E1,
-6.106750921580E-2));
#5018=VERTEX_POINT('',#5017);
#5019=CARTESIAN_POINT('',(-1.284999050835E2,7.968546459146E1,
-6.101242386626E-2));
#5020=VERTEX_POINT('',#5019);
#5021=CARTESIAN_POINT('',(-1.391855104175E2,6.900000055789E1,
-6.107885557427E-2));
#5022=VERTEX_POINT('',#5021);
#5023=CARTESIAN_POINT('',(-1.405000064400E2,-3.680634405926E1,
-9.999995181937E-1));
#5024=CARTESIAN_POINT('',(-1.391855103110E2,-3.680835968788E1,
-6.107784237467E-2));
#5025=VERTEX_POINT('',#5023);
#5026=VERTEX_POINT('',#5024);
#5027=CARTESIAN_POINT('',(-1.410837104038E2,-3.800405671295E1,
-1.414213588504E-1));
#5028=CARTESIAN_POINT('',(-1.410837024745E2,-3.800396190894E1,
-6.912292626781E-1));
#5029=VERTEX_POINT('',#5027);
#5030=VERTEX_POINT('',#5028);
#5031=CARTESIAN_POINT('',(-1.410837023296E2,-3.800396190778E1,
-1.009539247596E0));
#5032=VERTEX_POINT('',#5031);
#5033=CARTESIAN_POINT('',(-1.834996212494E2,-8.099966077647E1,
-1.414213562944E-1));
#5034=VERTEX_POINT('',#5033);
#5035=VERTEX_POINT('',#762);
#5036=VERTEX_POINT('',#767);
#5037=CARTESIAN_POINT('',(-1.399162947341E2,-1.239956592677E2,
-1.414213560612E-1));
#5038=VERTEX_POINT('',#5037);
#5039=VERTEX_POINT('',#943);
#5040=CARTESIAN_POINT('',(-1.399182095974E2,-1.238546106691E2,
-2.275083894193E-7));
#5041=VERTEX_POINT('',#5040);
#5042=VERTEX_POINT('',#769);
#5043=VERTEX_POINT('',#774);
#5044=VERTEX_POINT('',#864);
#5045=VERTEX_POINT('',#814);
#5046=CARTESIAN_POINT('',(-1.389949906003E2,6.899999911722E1,
-5.602535717344E-12));
#5047=VERTEX_POINT('',#5046);
#5048=VERTEX_POINT('',#830);
#5049=CARTESIAN_POINT('',(1.284999992372E2,7.949499058238E1,
-3.958101162726E-13));
#5050=VERTEX_POINT('',#5049);
#5051=VERTEX_POINT('',#846);
#5052=CARTESIAN_POINT('',(1.389949905824E2,-6.899999922782E1,
-3.903084498036E-13));
#5053=VERTEX_POINT('',#5052);
#5054=VERTEX_POINT('',#862);
#5055=CARTESIAN_POINT('',(-1.825E2,-8.1E1,-1.456612608308E-13));
#5056=CARTESIAN_POINT('',(-9.85E1,-8.1E1,-1.456612608308E-13));
#5057=VERTEX_POINT('',#5055);
#5058=VERTEX_POINT('',#5056);
#5059=CARTESIAN_POINT('',(-1.377511415525E2,-3.808795300576E1,0.E0));
#5060=CARTESIAN_POINT('',(-9.758795300577E1,-7.825114155238E1,0.E0));
#5061=VERTEX_POINT('',#5059);
#5062=VERTEX_POINT('',#5060);
#5063=CARTESIAN_POINT('',(-9.678958933461E1,-7.9E1,0.E0));
#5064=VERTEX_POINT('',#5063);
#5065=CARTESIAN_POINT('',(1.284997967290E2,-7.900000000123E1,0.E0));
#5066=VERTEX_POINT('',#5065);
#5067=VERTEX_POINT('',#906);
#5068=CARTESIAN_POINT('',(1.385000000015E2,6.899979672078E1,0.E0));
#5069=VERTEX_POINT('',#5068);
#5070=VERTEX_POINT('',#921);
#5071=CARTESIAN_POINT('',(-1.284997967204E2,7.900000000151E1,0.E0));
#5072=VERTEX_POINT('',#5071);
#5073=VERTEX_POINT('',#936);
#5074=CARTESIAN_POINT('',(-1.385000000003E2,-3.728958933699E1,0.E0));
#5075=VERTEX_POINT('',#5074);
#5076=CARTESIAN_POINT('',(-1.783E2,-8.1E1,-2.625E0));
#5077=CARTESIAN_POINT('',(-1.027E2,-8.1E1,-2.625E0));
#5078=VERTEX_POINT('',#5076);
#5079=VERTEX_POINT('',#5077);
#5080=CARTESIAN_POINT('',(-1.590222131779E2,-1.139509881338E2,-1.32E1));
#5081=CARTESIAN_POINT('',(-1.590222131779E2,-1.139509881338E2,-5.E0));
#5082=VERTEX_POINT('',#5080);
#5083=VERTEX_POINT('',#5081);
#5084=CARTESIAN_POINT('',(-1.219777868221E2,-1.139509881338E2,-5.E0));
#5085=VERTEX_POINT('',#5084);
#5086=CARTESIAN_POINT('',(-1.219777868221E2,-1.139509881338E2,-1.32E1));
#5087=VERTEX_POINT('',#5086);
#5088=CARTESIAN_POINT('',(-1.075490118662E2,-9.952221317792E1,-1.32E1));
#5089=VERTEX_POINT('',#5088);
#5090=CARTESIAN_POINT('',(-1.075490118662E2,-9.952221317792E1,-5.E0));
#5091=VERTEX_POINT('',#5090);
#5092=CARTESIAN_POINT('',(-1.027E2,-8.1E1,-5.E0));
#5093=VERTEX_POINT('',#5092);
#5094=CARTESIAN_POINT('',(-1.783E2,-8.1E1,-5.E0));
#5095=VERTEX_POINT('',#5094);
#5096=CARTESIAN_POINT('',(-1.734509881338E2,-9.952221317793E1,-5.E0));
#5097=VERTEX_POINT('',#5096);
#5098=CARTESIAN_POINT('',(-1.734509881338E2,-9.952221317792E1,-1.32E1));
#5099=VERTEX_POINT('',#5098);
#5100=CARTESIAN_POINT('',(-1.590222131779E2,-1.137430284581E2,
-2.949689511552E1));
#5101=CARTESIAN_POINT('',(-1.590222131779E2,-1.137430284581E2,-1.54E1));
#5102=VERTEX_POINT('',#5100);
#5103=VERTEX_POINT('',#5101);
#5104=VERTEX_POINT('',#2095);
#5105=CARTESIAN_POINT('',(-1.590222131779E2,-1.143714555829E2,-5.E0));
#5106=VERTEX_POINT('',#5105);
#5107=CARTESIAN_POINT('',(-1.607546247925E2,-1.023546247900E2,-1.32E1));
#5108=CARTESIAN_POINT('',(-1.629546247925E2,-1.023546247900E2,-1.32E1));
#5109=VERTEX_POINT('',#5107);
#5110=VERTEX_POINT('',#5108);
#5111=CARTESIAN_POINT('',(-1.738714555829E2,-9.952221317794E1,-5.E0));
#5112=VERTEX_POINT('',#5111);
#5113=CARTESIAN_POINT('',(-1.738714555828E2,-9.952221317793E1,
-2.899999999946E1));
#5114=VERTEX_POINT('',#5113);
#5115=VERTEX_POINT('',#1126);
#5116=CARTESIAN_POINT('',(-1.732430284581E2,-9.952221317793E1,-1.54E1));
#5117=VERTEX_POINT('',#5116);
#5118=CARTESIAN_POINT('',(-1.629546247925E2,-1.023546247900E2,-1.54E1));
#5119=CARTESIAN_POINT('',(-1.607546247925E2,-1.023546247900E2,-1.54E1));
#5120=VERTEX_POINT('',#5118);
#5121=VERTEX_POINT('',#5119);
#5122=CARTESIAN_POINT('',(-1.732036886299E2,-9.956155300619E1,-2.95E1));
#5123=VERTEX_POINT('',#5122);
#5124=CARTESIAN_POINT('',(-1.590615530062E2,-1.137036886299E2,-2.95E1));
#5125=VERTEX_POINT('',#5124);
#5126=CARTESIAN_POINT('',(-1.675468343804E2,-1.052184072556E2,
-2.659999999990E1));
#5127=CARTESIAN_POINT('',(-1.675468343804E2,-1.052184072556E2,
-2.360000000012E1));
#5128=VERTEX_POINT('',#5126);
#5129=VERTEX_POINT('',#5127);
#5130=CARTESIAN_POINT('',(-1.668397275992E2,-1.059255140368E2,-2.26E1));
#5131=VERTEX_POINT('',#5130);
#5132=CARTESIAN_POINT('',(-1.618899801309E2,-1.108752615051E2,-2.26E1));
#5133=VERTEX_POINT('',#5132);
#5134=CARTESIAN_POINT('',(-1.611828733497E2,-1.115823682863E2,
-2.360000000027E1));
#5135=VERTEX_POINT('',#5134);
#5136=CARTESIAN_POINT('',(-1.611828733497E2,-1.115823682863E2,
-2.659999999988E1));
#5137=VERTEX_POINT('',#5136);
#5138=CARTESIAN_POINT('',(-1.618899801309E2,-1.108752615051E2,-2.76E1));
#5139=VERTEX_POINT('',#5138);
#5140=CARTESIAN_POINT('',(-1.668397275992E2,-1.059255140368E2,-2.76E1));
#5141=VERTEX_POINT('',#5140);
#5142=CARTESIAN_POINT('',(-1.747504483099E2,-1.004012059050E2,
-2.899999999989E1));
#5143=VERTEX_POINT('',#5142);
#5144=CARTESIAN_POINT('',(-1.743968949193E2,-1.007547592956E2,-2.95E1));
#5145=VERTEX_POINT('',#5144);
#5146=VERTEX_POINT('',#1202);
#5147=CARTESIAN_POINT('',(-1.747504483099E2,-1.004012059050E2,-1.54E1));
#5148=VERTEX_POINT('',#5147);
#5149=CARTESIAN_POINT('',(-1.748976633001E2,-1.005484208952E2,-5.E0));
#5150=VERTEX_POINT('',#5149);
#5151=CARTESIAN_POINT('',(-1.600015345402E2,-1.153507450113E2,-1.54E1));
#5152=VERTEX_POINT('',#5151);
#5153=CARTESIAN_POINT('',(-1.600479830303E2,-1.153972255367E2,-5.E0));
#5154=VERTEX_POINT('',#5153);
#5155=CARTESIAN_POINT('',(-1.599012059049E2,-1.152504483099E2,
-2.899999999982E1));
#5156=VERTEX_POINT('',#5155);
#5157=CARTESIAN_POINT('',(-1.599012059049E2,-1.152504483099E2,-1.54E1));
#5158=VERTEX_POINT('',#5157);
#5159=CARTESIAN_POINT('',(-1.599366164655E2,-1.161888894450E2,-5.E0));
#5160=VERTEX_POINT('',#5159);
#5161=CARTESIAN_POINT('',(-1.210633835343E2,-1.161888894449E2,-5.E0));
#5162=VERTEX_POINT('',#5161);
#5163=CARTESIAN_POINT('',(-1.209521264838E2,-1.153971160225E2,-5.E0));
#5164=VERTEX_POINT('',#5163);
#5165=CARTESIAN_POINT('',(-1.209984375091E2,-1.153507705030E2,-1.54E1));
#5166=VERTEX_POINT('',#5165);
#5167=CARTESIAN_POINT('',(-1.210987940950E2,-1.152504483099E2,-1.54E1));
#5168=VERTEX_POINT('',#5167);
#5169=CARTESIAN_POINT('',(-1.210987940950E2,-1.152504483099E2,
-2.899999999990E1));
#5170=VERTEX_POINT('',#5169);
#5171=CARTESIAN_POINT('',(-1.219777868221E2,-1.143714555828E2,
-2.899999999949E1));
#5172=VERTEX_POINT('',#5171);
#5173=CARTESIAN_POINT('',(-1.219777868221E2,-1.143714555829E2,-5.E0));
#5174=VERTEX_POINT('',#5173);
#5175=CARTESIAN_POINT('',(-1.061493293870E2,-1.005009398202E2,-1.54E1));
#5176=VERTEX_POINT('',#5175);
#5177=CARTESIAN_POINT('',(-1.061023366999E2,-1.005484208951E2,-5.E0));
#5178=VERTEX_POINT('',#5177);
#5179=CARTESIAN_POINT('',(-1.071285444171E2,-9.952221317794E1,-5.E0));
#5180=VERTEX_POINT('',#5179);
#5181=CARTESIAN_POINT('',(-1.071285444172E2,-9.952221317793E1,
-2.899999999950E1));
#5182=VERTEX_POINT('',#5181);
#5183=CARTESIAN_POINT('',(-1.062495516901E2,-1.004012059049E2,
-2.899999999988E1));
#5184=VERTEX_POINT('',#5183);
#5185=CARTESIAN_POINT('',(-1.062495516901E2,-1.004012059049E2,-1.54E1));
#5186=VERTEX_POINT('',#5185);
#5187=CARTESIAN_POINT('',(-1.053111105550E2,-1.004366164655E2,-5.E0));
#5188=VERTEX_POINT('',#5187);
#5189=CARTESIAN_POINT('',(-1.053111105551E2,-6.156338353436E1,-5.E0));
#5190=VERTEX_POINT('',#5189);
#5191=CARTESIAN_POINT('',(-1.003E2,-8.1E1,-5.E0));
#5192=VERTEX_POINT('',#5191);
#5193=CARTESIAN_POINT('',(-1.061023366999E2,-6.145157910484E1,-5.E0));
#5194=VERTEX_POINT('',#5193);
#5195=VERTEX_POINT('',#1281);
#5196=CARTESIAN_POINT('',(-1.071285444171E2,-6.247778682205E1,-1.54E1));
#5197=VERTEX_POINT('',#5196);
#5198=CARTESIAN_POINT('',(-1.071285444171E2,-6.247778682205E1,-5.E0));
#5199=VERTEX_POINT('',#5198);
#5200=CARTESIAN_POINT('',(-1.209987129813E2,-4.664950251019E1,-1.54E1));
#5201=VERTEX_POINT('',#5200);
#5202=CARTESIAN_POINT('',(-1.209515791049E2,-4.660233669988E1,-5.E0));
#5203=VERTEX_POINT('',#5202);
#5204=CARTESIAN_POINT('',(-1.219777868221E2,-4.762854441716E1,-5.E0));
#5205=VERTEX_POINT('',#5204);
#5206=CARTESIAN_POINT('',(-1.219777868221E2,-4.762854441716E1,-1.54E1));
#5207=VERTEX_POINT('',#5206);
#5208=CARTESIAN_POINT('',(-1.210633835345E2,-4.581111055499E1,-5.E0));
#5209=VERTEX_POINT('',#5208);
#5210=CARTESIAN_POINT('',(-1.599366164656E2,-4.581111055506E1,-5.E0));
#5211=VERTEX_POINT('',#5210);
#5212=CARTESIAN_POINT('',(-1.600478735161E2,-4.660288397759E1,-5.E0));
#5213=VERTEX_POINT('',#5212);
#5214=CARTESIAN_POINT('',(-1.600015624909E2,-4.664922949697E1,-1.54E1));
#5215=VERTEX_POINT('',#5214);
#5216=CARTESIAN_POINT('',(-1.599012059050E2,-4.674955169009E1,-1.54E1));
#5217=VERTEX_POINT('',#5216);
#5218=CARTESIAN_POINT('',(-1.599012059050E2,-4.674955169011E1,
-2.899999999984E1));
#5219=VERTEX_POINT('',#5218);
#5220=CARTESIAN_POINT('',(-1.590222131779E2,-4.762854441721E1,
-2.899999999948E1));
#5221=VERTEX_POINT('',#5220);
#5222=CARTESIAN_POINT('',(-1.590222131779E2,-4.762854441717E1,-5.E0));
#5223=VERTEX_POINT('',#5222);
#5224=CARTESIAN_POINT('',(-1.748506706130E2,-6.149906017980E1,-1.54E1));
#5225=VERTEX_POINT('',#5224);
#5226=CARTESIAN_POINT('',(-1.748976633001E2,-6.145157910486E1,-5.E0));
#5227=VERTEX_POINT('',#5226);
#5228=CARTESIAN_POINT('',(-1.738714555829E2,-6.247778682207E1,-5.E0));
#5229=VERTEX_POINT('',#5228);
#5230=CARTESIAN_POINT('',(-1.738714555829E2,-6.247778682206E1,-2.9E1));
#5231=VERTEX_POINT('',#5230);
#5232=CARTESIAN_POINT('',(-1.747504483099E2,-6.159879409508E1,
-2.899999999996E1));
#5233=VERTEX_POINT('',#5232);
#5234=CARTESIAN_POINT('',(-1.747504483099E2,-6.159879409507E1,-1.54E1));
#5235=VERTEX_POINT('',#5234);
#5236=CARTESIAN_POINT('',(-1.756888894450E2,-6.156338353447E1,-5.E0));
#5237=VERTEX_POINT('',#5236);
#5238=CARTESIAN_POINT('',(-1.756888894449E2,-1.004366164657E2,-5.E0));
#5239=VERTEX_POINT('',#5238);
#5240=CARTESIAN_POINT('',(-1.807E2,-8.1E1,-5.E0));
#5241=VERTEX_POINT('',#5240);
#5242=CARTESIAN_POINT('',(-1.734509881338E2,-6.247778682208E1,-5.E0));
#5243=VERTEX_POINT('',#5242);
#5244=CARTESIAN_POINT('',(-1.734509881338E2,-6.247778682208E1,-1.32E1));
#5245=VERTEX_POINT('',#5244);
#5246=CARTESIAN_POINT('',(-1.075490118662E2,-6.247778682207E1,-5.E0));
#5247=VERTEX_POINT('',#5246);
#5248=CARTESIAN_POINT('',(-1.075490118662E2,-6.247778682208E1,-1.32E1));
#5249=VERTEX_POINT('',#5248);
#5250=CARTESIAN_POINT('',(-1.219777868221E2,-4.804901186622E1,-1.32E1));
#5251=VERTEX_POINT('',#5250);
#5252=CARTESIAN_POINT('',(-1.219777868221E2,-4.804901186622E1,-5.E0));
#5253=VERTEX_POINT('',#5252);
#5254=CARTESIAN_POINT('',(-1.590222131779E2,-4.804901186622E1,-5.E0));
#5255=VERTEX_POINT('',#5254);
#5256=CARTESIAN_POINT('',(-1.590222131779E2,-4.804901186622E1,-1.32E1));
#5257=VERTEX_POINT('',#5256);
#5258=CARTESIAN_POINT('',(-1.732430284581E2,-6.247778682208E1,
-2.949689511552E1));
#5259=CARTESIAN_POINT('',(-1.732430284581E2,-6.247778682208E1,-1.54E1));
#5260=VERTEX_POINT('',#5258);
#5261=VERTEX_POINT('',#5259);
#5262=CARTESIAN_POINT('',(-1.607546247910E2,-5.964537520754E1,-1.32E1));
#5263=CARTESIAN_POINT('',(-1.629546247910E2,-5.964537520754E1,-1.32E1));
#5264=VERTEX_POINT('',#5262);
#5265=VERTEX_POINT('',#5263);
#5266=VERTEX_POINT('',#1409);
#5267=CARTESIAN_POINT('',(-1.590222131779E2,-4.825697154191E1,-1.54E1));
#5268=VERTEX_POINT('',#5267);
#5269=CARTESIAN_POINT('',(-1.629546247910E2,-5.964537520754E1,-1.54E1));
#5270=CARTESIAN_POINT('',(-1.607546247910E2,-5.964537520754E1,-1.54E1));
#5271=VERTEX_POINT('',#5269);
#5272=VERTEX_POINT('',#5270);
#5273=CARTESIAN_POINT('',(-1.590615530061E2,-4.829631137009E1,-2.95E1));
#5274=VERTEX_POINT('',#5273);
#5275=CARTESIAN_POINT('',(-1.732036886299E2,-6.243844699385E1,-2.95E1));
#5276=VERTEX_POINT('',#5275);
#5277=CARTESIAN_POINT('',(-1.647184072556E2,-5.395316561962E1,
-2.659999999994E1));
#5278=CARTESIAN_POINT('',(-1.647184072556E2,-5.395316561962E1,
-2.360000000007E1));
#5279=VERTEX_POINT('',#5277);
#5280=VERTEX_POINT('',#5278);
#5281=CARTESIAN_POINT('',(-1.654255140368E2,-5.466027240081E1,-2.26E1));
#5282=VERTEX_POINT('',#5281);
#5283=CARTESIAN_POINT('',(-1.703752615051E2,-5.961001986913E1,-2.26E1));
#5284=VERTEX_POINT('',#5283);
#5285=CARTESIAN_POINT('',(-1.710823682863E2,-6.031712665037E1,-2.36E1));
#5286=VERTEX_POINT('',#5285);
#5287=CARTESIAN_POINT('',(-1.710823682863E2,-6.031712665034E1,
-2.659999999999E1));
#5288=VERTEX_POINT('',#5287);
#5289=CARTESIAN_POINT('',(-1.703752615051E2,-5.961001986915E1,-2.76E1));
#5290=VERTEX_POINT('',#5289);
#5291=CARTESIAN_POINT('',(-1.654255140368E2,-5.466027240081E1,-2.76E1));
#5292=VERTEX_POINT('',#5291);
#5293=CARTESIAN_POINT('',(-1.602547592955E2,-4.710310508067E1,-2.95E1));
#5294=VERTEX_POINT('',#5293);
#5295=CARTESIAN_POINT('',(-1.743968949193E2,-6.124524070453E1,-2.95E1));
#5296=VERTEX_POINT('',#5295);
#5297=CARTESIAN_POINT('',(-1.666187203263E2,-5.346706611137E1,-2.26E1));
#5298=CARTESIAN_POINT('',(-1.715684677946E2,-5.841681357969E1,-2.26E1));
#5299=VERTEX_POINT('',#5297);
#5300=VERTEX_POINT('',#5298);
#5301=CARTESIAN_POINT('',(-1.659116135451E2,-5.275995933014E1,
-2.360000000004E1));
#5302=VERTEX_POINT('',#5301);
#5303=CARTESIAN_POINT('',(-1.659116135451E2,-5.275995933016E1,
-2.659999999996E1));
#5304=VERTEX_POINT('',#5303);
#5305=CARTESIAN_POINT('',(-1.666187203263E2,-5.346706611134E1,-2.76E1));
#5306=VERTEX_POINT('',#5305);
#5307=CARTESIAN_POINT('',(-1.715684677946E2,-5.841681357969E1,-2.76E1));
#5308=VERTEX_POINT('',#5307);
#5309=CARTESIAN_POINT('',(-1.722755745758E2,-5.912392036088E1,
-2.659999999986E1));
#5310=VERTEX_POINT('',#5309);
#5311=CARTESIAN_POINT('',(-1.722755745758E2,-5.912392036088E1,
-2.360000000007E1));
#5312=VERTEX_POINT('',#5311);
#5313=CARTESIAN_POINT('',(-1.180453752086E2,-5.964537520896E1,-1.32E1));
#5314=CARTESIAN_POINT('',(-1.202453752086E2,-5.964537520896E1,-1.32E1));
#5315=VERTEX_POINT('',#5313);
#5316=VERTEX_POINT('',#5314);
#5317=CARTESIAN_POINT('',(-1.202453752086E2,-5.964537520896E1,-1.54E1));
#5318=CARTESIAN_POINT('',(-1.180453752086E2,-5.964537520896E1,-1.54E1));
#5319=VERTEX_POINT('',#5317);
#5320=VERTEX_POINT('',#5318);
#5321=CARTESIAN_POINT('',(-1.077569715419E2,-9.952221317793E1,
-2.949689511552E1));
#5322=CARTESIAN_POINT('',(-1.077569715419E2,-9.952221317793E1,-1.54E1));
#5323=VERTEX_POINT('',#5321);
#5324=VERTEX_POINT('',#5322);
#5325=CARTESIAN_POINT('',(-1.180453752100E2,-1.023546247914E2,-1.32E1));
#5326=CARTESIAN_POINT('',(-1.202453752100E2,-1.023546247914E2,-1.32E1));
#5327=VERTEX_POINT('',#5325);
#5328=VERTEX_POINT('',#5326);
#5329=VERTEX_POINT('',#1685);
#5330=CARTESIAN_POINT('',(-1.219777868221E2,-1.137430284581E2,-1.54E1));
#5331=VERTEX_POINT('',#5330);
#5332=CARTESIAN_POINT('',(-1.202453752100E2,-1.023546247914E2,-1.54E1));
#5333=CARTESIAN_POINT('',(-1.180453752100E2,-1.023546247914E2,-1.54E1));
#5334=VERTEX_POINT('',#5332);
#5335=VERTEX_POINT('',#5333);
#5336=CARTESIAN_POINT('',(-1.219384469939E2,-1.137036886299E2,-2.95E1));
#5337=VERTEX_POINT('',#5336);
#5338=CARTESIAN_POINT('',(-1.077963113702E2,-9.956155300616E1,-2.95E1));
#5339=VERTEX_POINT('',#5338);
#5340=CARTESIAN_POINT('',(-1.162815927444E2,-1.080468343804E2,
-2.659999999990E1));
#5341=CARTESIAN_POINT('',(-1.162815927444E2,-1.080468343804E2,
-2.360000000012E1));
#5342=VERTEX_POINT('',#5340);
#5343=VERTEX_POINT('',#5341);
#5344=CARTESIAN_POINT('',(-1.155744859632E2,-1.073397275992E2,-2.26E1));
#5345=VERTEX_POINT('',#5344);
#5346=CARTESIAN_POINT('',(-1.106247384949E2,-1.023899801309E2,-2.26E1));
#5347=VERTEX_POINT('',#5346);
#5348=CARTESIAN_POINT('',(-1.099176317137E2,-1.016828733497E2,
-2.360000000027E1));
#5349=VERTEX_POINT('',#5348);
#5350=CARTESIAN_POINT('',(-1.099176317137E2,-1.016828733497E2,
-2.659999999988E1));
#5351=VERTEX_POINT('',#5350);
#5352=CARTESIAN_POINT('',(-1.106247384949E2,-1.023899801309E2,-2.76E1));
#5353=VERTEX_POINT('',#5352);
#5354=CARTESIAN_POINT('',(-1.155744859632E2,-1.073397275992E2,-2.76E1));
#5355=VERTEX_POINT('',#5354);
#5356=CARTESIAN_POINT('',(-1.207452407044E2,-1.148968949193E2,-2.95E1));
#5357=VERTEX_POINT('',#5356);
#5358=CARTESIAN_POINT('',(-1.066031050806E2,-1.007547592954E2,-2.95E1));
#5359=VERTEX_POINT('',#5358);
#5360=CARTESIAN_POINT('',(-1.143812796737E2,-1.085329338886E2,-2.26E1));
#5361=CARTESIAN_POINT('',(-1.094315322054E2,-1.035831864203E2,-2.26E1));
#5362=VERTEX_POINT('',#5360);
#5363=VERTEX_POINT('',#5361);
#5364=CARTESIAN_POINT('',(-1.150883864549E2,-1.092400406698E2,
-2.360000000027E1));
#5365=VERTEX_POINT('',#5364);
#5366=CARTESIAN_POINT('',(-1.150883864549E2,-1.092400406698E2,
-2.659999999986E1));
#5367=VERTEX_POINT('',#5366);
#5368=CARTESIAN_POINT('',(-1.143812796737E2,-1.085329338886E2,-2.76E1));
#5369=VERTEX_POINT('',#5368);
#5370=CARTESIAN_POINT('',(-1.094315322054E2,-1.035831864203E2,-2.76E1));
#5371=VERTEX_POINT('',#5370);
#5372=CARTESIAN_POINT('',(-1.087244254242E2,-1.028760796391E2,
-2.659999999973E1));
#5373=VERTEX_POINT('',#5372);
#5374=CARTESIAN_POINT('',(-1.087244254242E2,-1.028760796391E2,
-2.360000000015E1));
#5375=VERTEX_POINT('',#5374);
#5376=CARTESIAN_POINT('',(-1.602547592955E2,-1.148968949194E2,-2.95E1));
#5377=VERTEX_POINT('',#5376);
#5378=CARTESIAN_POINT('',(-1.680329338886E2,-1.071187203263E2,-2.26E1));
#5379=CARTESIAN_POINT('',(-1.630831864203E2,-1.120684677946E2,-2.26E1));
#5380=VERTEX_POINT('',#5378);
#5381=VERTEX_POINT('',#5379);
#5382=CARTESIAN_POINT('',(-1.687400406698E2,-1.064116135451E2,
-2.360000000027E1));
#5383=VERTEX_POINT('',#5382);
#5384=CARTESIAN_POINT('',(-1.687400406698E2,-1.064116135451E2,
-2.659999999986E1));
#5385=VERTEX_POINT('',#5384);
#5386=CARTESIAN_POINT('',(-1.680329338886E2,-1.071187203263E2,-2.76E1));
#5387=VERTEX_POINT('',#5386);
#5388=CARTESIAN_POINT('',(-1.630831864203E2,-1.120684677946E2,-2.76E1));
#5389=VERTEX_POINT('',#5388);
#5390=CARTESIAN_POINT('',(-1.623760796391E2,-1.127755745758E2,
-2.659999999973E1));
#5391=VERTEX_POINT('',#5390);
#5392=CARTESIAN_POINT('',(-1.623760796391E2,-1.127755745758E2,
-2.360000000015E1));
#5393=VERTEX_POINT('',#5392);
#5394=CARTESIAN_POINT('',(-9.758795300577E1,-7.825114155242E1,-2.E0));
#5395=CARTESIAN_POINT('',(-1.377511415524E2,-3.808795300577E1,-2.E0));
#5396=VERTEX_POINT('',#5394);
#5397=VERTEX_POINT('',#5395);
#5398=CARTESIAN_POINT('',(-1.385000000003E2,-3.728958933705E1,-2.E0));
#5399=CARTESIAN_POINT('',(-1.385000000015E2,6.900024514242E1,-2.E0));
#5400=VERTEX_POINT('',#5398);
#5401=VERTEX_POINT('',#5399);
#5402=VERTEX_POINT('',#2295);
#5403=CARTESIAN_POINT('',(1.285002451351E2,7.900000000187E1,-2.E0));
#5404=VERTEX_POINT('',#5403);
#5405=VERTEX_POINT('',#2314);
#5406=CARTESIAN_POINT('',(1.385000000019E2,-6.900024513525E1,-2.E0));
#5407=VERTEX_POINT('',#5406);
#5408=VERTEX_POINT('',#2333);
#5409=CARTESIAN_POINT('',(-9.678958933322E1,-7.900000000027E1,-2.E0));
#5410=VERTEX_POINT('',#5409);
#5411=CARTESIAN_POINT('',(-9.711E1,1.609999999989E1,-2.000000000040E0));
#5412=CARTESIAN_POINT('',(-1.070000000120E2,1.609999999993E1,
-2.000000000028E0));
#5413=VERTEX_POINT('',#5411);
#5414=VERTEX_POINT('',#5412);
#5415=CARTESIAN_POINT('',(-1.097999999897E2,1.330000031983E1,-2.E0));
#5416=VERTEX_POINT('',#5415);
#5417=CARTESIAN_POINT('',(-1.097999999842E2,-4.590000008720E1,
-2.000000002287E0));
#5418=VERTEX_POINT('',#5417);
#5419=CARTESIAN_POINT('',(-1.087999999926E2,-4.69E1,-2.E0));
#5420=VERTEX_POINT('',#5419);
#5421=CARTESIAN_POINT('',(-9.711E1,-4.689999999988E1,-2.000000000043E0));
#5422=VERTEX_POINT('',#5421);
#5423=CARTESIAN_POINT('',(-9.711E1,-7.535644660941E1,-2.000000000013E0));
#5424=VERTEX_POINT('',#5423);
#5425=CARTESIAN_POINT('',(-9.718322330470E1,-7.553322330470E1,-2.E0));
#5426=VERTEX_POINT('',#5425);
#5427=CARTESIAN_POINT('',(-9.675644660941E1,-7.571E1,-2.E0));
#5428=VERTEX_POINT('',#5427);
#5429=CARTESIAN_POINT('',(1.334964466094E2,-7.571E1,-2.E0));
#5430=VERTEX_POINT('',#5429);
#5431=CARTESIAN_POINT('',(1.339232233047E2,-7.553322330470E1,-2.E0));
#5432=VERTEX_POINT('',#5431);
#5433=CARTESIAN_POINT('',(1.3385E2,-7.535644660941E1,-2.E0));
#5434=VERTEX_POINT('',#5433);
#5435=CARTESIAN_POINT('',(1.3385E2,7.474644660941E1,-2.E0));
#5436=VERTEX_POINT('',#5435);
#5437=CARTESIAN_POINT('',(1.339232233047E2,7.492322330470E1,-2.E0));
#5438=VERTEX_POINT('',#5437);
#5439=CARTESIAN_POINT('',(1.334964466094E2,7.51E1,-2.E0));
#5440=VERTEX_POINT('',#5439);
#5441=CARTESIAN_POINT('',(-9.675644660941E1,7.51E1,-2.E0));
#5442=VERTEX_POINT('',#5441);
#5443=CARTESIAN_POINT('',(-9.718322330470E1,7.492322330470E1,-2.E0));
#5444=VERTEX_POINT('',#5443);
#5445=CARTESIAN_POINT('',(-9.711E1,7.474644660941E1,-2.E0));
#5446=VERTEX_POINT('',#5445);
#5447=CARTESIAN_POINT('',(-1.3572E2,4.98E1,-1.999999999998E0));
#5448=CARTESIAN_POINT('',(-1.1692E2,3.1E1,-1.999999999998E0));
#5449=VERTEX_POINT('',#5447);
#5450=VERTEX_POINT('',#5448);
#5451=CARTESIAN_POINT('',(-9.812E1,4.98E1,-1.999999999998E0));
#5452=VERTEX_POINT('',#5451);
#5453=CARTESIAN_POINT('',(-1.1692E2,6.86E1,-1.999999999998E0));
#5454=VERTEX_POINT('',#5453);
#5455=CARTESIAN_POINT('',(-9.711E1,1.559999999998E1,-2.500000000057E0));
#5456=VERTEX_POINT('',#5455);
#5457=CARTESIAN_POINT('',(-1.070000000032E2,1.559999999999E1,
-2.500000000026E0));
#5458=VERTEX_POINT('',#5457);
#5459=CARTESIAN_POINT('',(-9.711E1,7.474644660941E1,-6.9E0));
#5460=VERTEX_POINT('',#5459);
#5461=CARTESIAN_POINT('',(-9.711E1,1.559999999999E1,-6.9E0));
#5462=VERTEX_POINT('',#5461);
#5463=CARTESIAN_POINT('',(-9.675644660941E1,7.51E1,-6.9E0));
#5464=VERTEX_POINT('',#5463);
#5465=CARTESIAN_POINT('',(-9.611E1,1.41E1,-6.9E0));
#5466=CARTESIAN_POINT('',(-1.032999999897E2,1.41E1,-6.9E0));
#5467=VERTEX_POINT('',#5465);
#5468=VERTEX_POINT('',#5466);
#5469=CARTESIAN_POINT('',(-1.032999999897E2,1.509999999988E1,-6.9E0));
#5470=VERTEX_POINT('',#5469);
#5471=CARTESIAN_POINT('',(-1.037999999897E2,1.56E1,-6.9E0));
#5472=VERTEX_POINT('',#5471);
#5473=CARTESIAN_POINT('',(1.334964466094E2,7.51E1,-6.9E0));
#5474=VERTEX_POINT('',#5473);
#5475=CARTESIAN_POINT('',(1.3385E2,7.474644660941E1,-6.9E0));
#5476=CARTESIAN_POINT('',(1.3385E2,-1.03E1,-6.9E0));
#5477=VERTEX_POINT('',#5475);
#5478=VERTEX_POINT('',#5476);
#5479=CARTESIAN_POINT('',(1.213000000103E2,6.33E1,-1.54E1));
#5480=CARTESIAN_POINT('',(1.183000000103E2,6.33E1,-1.84E1));
#5481=VERTEX_POINT('',#5479);
#5482=VERTEX_POINT('',#5480);
#5483=CARTESIAN_POINT('',(1.114999999985E2,6.33E1,-1.84E1));
#5484=VERTEX_POINT('',#5483);
#5485=CARTESIAN_POINT('',(1.085E2,6.33E1,-1.540000000030E1));
#5486=VERTEX_POINT('',#5485);
#5487=CARTESIAN_POINT('',(1.085000000001E2,6.33E1,-1.19E1));
#5488=VERTEX_POINT('',#5487);
#5489=CARTESIAN_POINT('',(1.729999999981E1,6.33E1,-1.19E1));
#5490=VERTEX_POINT('',#5489);
#5491=CARTESIAN_POINT('',(1.729999999997E1,6.33E1,-1.540000007701E1));
#5492=VERTEX_POINT('',#5491);
#5493=CARTESIAN_POINT('',(1.430000000001E1,6.33E1,-1.84E1));
#5494=VERTEX_POINT('',#5493);
#5495=CARTESIAN_POINT('',(-5.199999998970E1,6.33E1,-1.44E1));
#5496=CARTESIAN_POINT('',(-4.899999998970E1,6.33E1,-1.44E1));
#5497=VERTEX_POINT('',#5495);
#5498=VERTEX_POINT('',#5496);
#5499=CARTESIAN_POINT('',(5.500000000005E0,6.33E1,-1.44E1));
#5500=CARTESIAN_POINT('',(8.500000000005E0,6.33E1,-1.44E1));
#5501=VERTEX_POINT('',#5499);
#5502=VERTEX_POINT('',#5500);
#5503=CARTESIAN_POINT('',(1.134461384706E2,6.33E1,-1.44E1));
#5504=CARTESIAN_POINT('',(1.164461384706E2,6.33E1,-1.44E1));
#5505=VERTEX_POINT('',#5503);
#5506=VERTEX_POINT('',#5504);
#5507=CARTESIAN_POINT('',(1.213000000100E2,6.520000000060E1,-1.540000012021E1));
#5508=VERTEX_POINT('',#5507);
#5509=CARTESIAN_POINT('',(1.243000000103E2,1.499999999995E0,-1.44E1));
#5510=CARTESIAN_POINT('',(1.243000000103E2,-1.500000000005E0,-1.44E1));
#5511=VERTEX_POINT('',#5509);
#5512=VERTEX_POINT('',#5510);
#5513=CARTESIAN_POINT('',(1.243000000103E2,-4.850000000001E1,-1.44E1));
#5514=CARTESIAN_POINT('',(1.243000000103E2,-5.150000000001E1,-1.44E1));
#5515=VERTEX_POINT('',#5513);
#5516=VERTEX_POINT('',#5514);
#5517=CARTESIAN_POINT('',(1.243000000103E2,5.149999999999E1,-1.44E1));
#5518=CARTESIAN_POINT('',(1.243000000103E2,4.849999999999E1,-1.44E1));
#5519=VERTEX_POINT('',#5517);
#5520=VERTEX_POINT('',#5518);
#5521=CARTESIAN_POINT('',(1.3385E2,-1.03E1,-7.6E0));
#5522=VERTEX_POINT('',#5521);
#5523=CARTESIAN_POINT('',(1.3385E2,-7.535644660941E1,-7.6E0));
#5524=VERTEX_POINT('',#5523);
#5525=CARTESIAN_POINT('',(1.334964466094E2,-7.571E1,-7.6E0));
#5526=CARTESIAN_POINT('',(-9.675644660941E1,-7.571E1,-7.6E0));
#5527=VERTEX_POINT('',#5525);
#5528=VERTEX_POINT('',#5526);
#5529=CARTESIAN_POINT('',(-9.711E1,-7.535644660941E1,-7.6E0));
#5530=CARTESIAN_POINT('',(-9.711E1,-4.639999999999E1,-7.6E0));
#5531=VERTEX_POINT('',#5529);
#5532=VERTEX_POINT('',#5530);
#5533=CARTESIAN_POINT('',(-9.660999999999E1,-4.64E1,-7.6E0));
#5534=VERTEX_POINT('',#5533);
#5535=CARTESIAN_POINT('',(-9.611E1,-4.59E1,-7.6E0));
#5536=VERTEX_POINT('',#5535);
#5537=CARTESIAN_POINT('',(1.083000000103E2,-6.449958448259E1,
-1.540000007679E1));
#5538=CARTESIAN_POINT('',(1.083000000106E2,-6.639958448319E1,
-1.540000012021E1));
#5539=VERTEX_POINT('',#5537);
#5540=VERTEX_POINT('',#5538);
#5541=CARTESIAN_POINT('',(1.179999999994E1,-6.639958448274E1,
-1.540000001872E1));
#5542=CARTESIAN_POINT('',(1.18E1,-6.449958448259E1,-1.540000001519E1));
#5543=VERTEX_POINT('',#5541);
#5544=VERTEX_POINT('',#5542);
#5545=CARTESIAN_POINT('',(-1.032999999897E2,1.26E1,-8.4E0));
#5546=VERTEX_POINT('',#5545);
#5547=CARTESIAN_POINT('',(-1.032999999897E2,1.26E1,-1.540000007086E1));
#5548=VERTEX_POINT('',#5547);
#5549=CARTESIAN_POINT('',(-1.092999999897E2,1.329999999347E1,
-2.500000000001E0));
#5550=VERTEX_POINT('',#5549);
#5551=CARTESIAN_POINT('',(-1.092999999893E2,-4.590000000836E1,
-2.500000000891E0));
#5552=VERTEX_POINT('',#5551);
#5553=CARTESIAN_POINT('',(-1.092999999897E2,-4.39E1,-7.6E0));
#5554=VERTEX_POINT('',#5553);
#5555=CARTESIAN_POINT('',(-1.092999999897E2,1.01E1,-7.6E0));
#5556=VERTEX_POINT('',#5555);
#5557=CARTESIAN_POINT('',(-1.087999999897E2,-4.34E1,-7.6E0));
#5558=VERTEX_POINT('',#5557);
#5559=CARTESIAN_POINT('',(-1.072999999897E2,9.600000000001E0,-7.6E0));
#5560=CARTESIAN_POINT('',(-1.072999999897E2,-4.34E1,-7.6E0));
#5561=VERTEX_POINT('',#5559);
#5562=VERTEX_POINT('',#5560);
#5563=CARTESIAN_POINT('',(-1.087999999897E2,9.6E0,-7.6E0));
#5564=VERTEX_POINT('',#5563);
#5565=CARTESIAN_POINT('',(-1.062999999897E2,9.600000000001E0,-8.6E0));
#5566=VERTEX_POINT('',#5565);
#5567=CARTESIAN_POINT('',(-1.062999999897E2,-4.34E1,-8.6E0));
#5568=VERTEX_POINT('',#5567);
#5569=CARTESIAN_POINT('',(-1.081999999903E2,9.599999999762E0,
-1.540000012022E1));
#5570=VERTEX_POINT('',#5569);
#5571=CARTESIAN_POINT('',(-1.062999999897E2,9.600000000001E0,
-1.540000007679E1));
#5572=VERTEX_POINT('',#5571);
#5573=CARTESIAN_POINT('',(-1.091999999899E2,8.599999999537E0,
-1.540000006246E1));
#5574=VERTEX_POINT('',#5573);
#5575=CARTESIAN_POINT('',(-1.091999999899E2,-4.239999999953E1,
-1.540000004939E1));
#5576=VERTEX_POINT('',#5575);
#5577=CARTESIAN_POINT('',(-1.091999999897E2,-4.040000000521E1,
-1.740000000002E1));
#5578=VERTEX_POINT('',#5577);
#5579=CARTESIAN_POINT('',(-1.091999999899E2,6.600000011981E0,
-1.739999999944E1));
#5580=VERTEX_POINT('',#5579);
#5581=CARTESIAN_POINT('',(-1.091999999897E2,5.300000000011E0,
-1.439999999430E1));
#5582=CARTESIAN_POINT('',(-1.091999999897E2,2.300000000011E0,
-1.439999999430E1));
#5583=VERTEX_POINT('',#5581);
#5584=VERTEX_POINT('',#5582);
#5585=CARTESIAN_POINT('',(-1.091999999897E2,-2.669999999999E1,-1.44E1));
#5586=CARTESIAN_POINT('',(-1.091999999897E2,-2.969999999999E1,-1.44E1));
#5587=VERTEX_POINT('',#5585);
#5588=VERTEX_POINT('',#5586);
#5589=CARTESIAN_POINT('',(-1.081999999900E2,-4.339999999988E1,
-1.540000007705E1));
#5590=VERTEX_POINT('',#5589);
#5591=CARTESIAN_POINT('',(-1.062999999897E2,-4.34E1,-1.540000007086E1));
#5592=VERTEX_POINT('',#5591);
#5593=CARTESIAN_POINT('',(-1.062999999897E2,6.600000005899E0,-1.84E1));
#5594=VERTEX_POINT('',#5593);
#5595=CARTESIAN_POINT('',(-1.062999999897E2,-4.040000000150E1,-1.84E1));
#5596=VERTEX_POINT('',#5595);
#5597=CARTESIAN_POINT('',(-1.062999999897E2,2.300000000011E0,
-1.439999999430E1));
#5598=CARTESIAN_POINT('',(-1.062999999897E2,5.300000000011E0,
-1.439999999430E1));
#5599=VERTEX_POINT('',#5597);
#5600=VERTEX_POINT('',#5598);
#5601=CARTESIAN_POINT('',(-1.062999999897E2,-2.969999999999E1,-1.44E1));
#5602=CARTESIAN_POINT('',(-1.062999999897E2,-2.669999999999E1,-1.44E1));
#5603=VERTEX_POINT('',#5601);
#5604=VERTEX_POINT('',#5602);
#5605=CARTESIAN_POINT('',(-1.081999999897E2,6.600000000001E0,
-1.840000000002E1));
#5606=VERTEX_POINT('',#5605);
#5607=CARTESIAN_POINT('',(-1.081999999900E2,-4.040000000247E1,
-1.839999999988E1));
#5608=VERTEX_POINT('',#5607);
#5609=CARTESIAN_POINT('',(-1.087999999777E2,-4.64E1,-2.5E0));
#5610=VERTEX_POINT('',#5609);
#5611=CARTESIAN_POINT('',(-9.711E1,-4.639999999997E1,-2.500000000074E0));
#5612=VERTEX_POINT('',#5611);
#5613=CARTESIAN_POINT('',(-9.611E1,1.26E1,-8.4E0));
#5614=VERTEX_POINT('',#5613);
#5615=CARTESIAN_POINT('',(-1.002999999897E2,1.26E1,-1.84E1));
#5616=VERTEX_POINT('',#5615);
#5617=CARTESIAN_POINT('',(-8.919999999993E1,-6.639958448274E1,
-1.540000001191E1));
#5618=VERTEX_POINT('',#5617);
#5619=CARTESIAN_POINT('',(-8.919999999999E1,-6.449958448259E1,
-1.540000000778E1));
#5620=VERTEX_POINT('',#5619);
#5621=CARTESIAN_POINT('',(-8.819999999973E1,-6.739958448270E1,
-1.540000000190E1));
#5622=VERTEX_POINT('',#5621);
#5623=CARTESIAN_POINT('',(1.079999999953E1,-6.739958448278E1,
-1.540000001750E1));
#5624=VERTEX_POINT('',#5623);
#5625=CARTESIAN_POINT('',(8.800000003897E0,-6.739958448259E1,-1.74E1));
#5626=VERTEX_POINT('',#5625);
#5627=CARTESIAN_POINT('',(-8.620000000930E1,-6.739958448277E1,
-1.739999999956E1));
#5628=VERTEX_POINT('',#5627);
#5629=CARTESIAN_POINT('',(-5.149999999999E1,-6.739958448259E1,-1.44E1));
#5630=CARTESIAN_POINT('',(-4.849999999999E1,-6.739958448259E1,-1.44E1));
#5631=VERTEX_POINT('',#5629);
#5632=VERTEX_POINT('',#5630);
#5633=CARTESIAN_POINT('',(5.500000000005E0,-6.739958448259E1,-1.44E1));
#5634=CARTESIAN_POINT('',(8.500000000005E0,-6.739958448259E1,-1.44E1));
#5635=VERTEX_POINT('',#5633);
#5636=VERTEX_POINT('',#5634);
#5637=CARTESIAN_POINT('',(-8.349999999999E1,-6.739958448259E1,-1.44E1));
#5638=CARTESIAN_POINT('',(-8.049999999999E1,-6.739958448259E1,-1.44E1));
#5639=VERTEX_POINT('',#5637);
#5640=VERTEX_POINT('',#5638);
#5641=CARTESIAN_POINT('',(8.800000000005E0,-6.639958448259E1,-1.84E1));
#5642=VERTEX_POINT('',#5641);
#5643=CARTESIAN_POINT('',(8.800000000005E0,-6.449958448259E1,-1.84E1));
#5644=VERTEX_POINT('',#5643);
#5645=CARTESIAN_POINT('',(-8.620000000562E1,-6.449958448259E1,-1.84E1));
#5646=VERTEX_POINT('',#5645);
#5647=CARTESIAN_POINT('',(-4.849999999999E1,-6.449958448259E1,-1.44E1));
#5648=CARTESIAN_POINT('',(-5.149999999999E1,-6.449958448259E1,-1.44E1));
#5649=VERTEX_POINT('',#5647);
#5650=VERTEX_POINT('',#5648);
#5651=CARTESIAN_POINT('',(8.500000000005E0,-6.449958448259E1,-1.44E1));
#5652=CARTESIAN_POINT('',(5.500000000005E0,-6.449958448259E1,-1.44E1));
#5653=VERTEX_POINT('',#5651);
#5654=VERTEX_POINT('',#5652);
#5655=CARTESIAN_POINT('',(-8.049999999999E1,-6.449958448259E1,-1.44E1));
#5656=CARTESIAN_POINT('',(-8.349999999999E1,-6.449958448259E1,-1.44E1));
#5657=VERTEX_POINT('',#5655);
#5658=VERTEX_POINT('',#5656);
#5659=CARTESIAN_POINT('',(-8.619999999999E1,-6.639958448259E1,-1.84E1));
#5660=VERTEX_POINT('',#5659);
#5661=CARTESIAN_POINT('',(1.093000000108E2,-6.739958448278E1,
-1.540000006243E1));
#5662=VERTEX_POINT('',#5661);
#5663=CARTESIAN_POINT('',(1.203000000098E2,-6.739958448278E1,
-1.540000004918E1));
#5664=VERTEX_POINT('',#5663);
#5665=CARTESIAN_POINT('',(1.183000000154E2,-6.739958448259E1,-1.74E1));
#5666=VERTEX_POINT('',#5665);
#5667=CARTESIAN_POINT('',(1.112999999984E2,-6.739958448283E1,
-1.739999999942E1));
#5668=VERTEX_POINT('',#5667);
#5669=CARTESIAN_POINT('',(1.150000000103E2,-6.739958448259E1,-1.44E1));
#5670=CARTESIAN_POINT('',(1.180000000103E2,-6.739958448259E1,-1.44E1));
#5671=VERTEX_POINT('',#5669);
#5672=VERTEX_POINT('',#5670);
#5673=CARTESIAN_POINT('',(1.213000000102E2,-6.639958448288E1,
-1.540000007335E1));
#5674=VERTEX_POINT('',#5673);
#5675=CARTESIAN_POINT('',(1.213000000103E2,-6.449958448259E1,
-1.540000006106E1));
#5676=VERTEX_POINT('',#5675);
#5677=CARTESIAN_POINT('',(1.113000000044E2,-6.449958448259E1,-1.84E1));
#5678=VERTEX_POINT('',#5677);
#5679=CARTESIAN_POINT('',(1.183000000118E2,-6.449958448259E1,-1.84E1));
#5680=VERTEX_POINT('',#5679);
#5681=CARTESIAN_POINT('',(1.180000000103E2,-6.449958448259E1,-1.44E1));
#5682=CARTESIAN_POINT('',(1.150000000103E2,-6.449958448259E1,-1.44E1));
#5683=VERTEX_POINT('',#5681);
#5684=VERTEX_POINT('',#5682);
#5685=CARTESIAN_POINT('',(1.113000000103E2,-6.639958448259E1,-1.84E1));
#5686=VERTEX_POINT('',#5685);
#5687=CARTESIAN_POINT('',(1.183000000128E2,-6.639958448287E1,
-1.839999999989E1));
#5688=VERTEX_POINT('',#5687);
#5689=CARTESIAN_POINT('',(1.272000000103E2,-1.500000000005E0,-1.44E1));
#5690=CARTESIAN_POINT('',(1.272000000103E2,1.499999999995E0,-1.44E1));
#5691=VERTEX_POINT('',#5689);
#5692=VERTEX_POINT('',#5690);
#5693=CARTESIAN_POINT('',(1.272000000103E2,-5.150000000001E1,-1.44E1));
#5694=CARTESIAN_POINT('',(1.272000000103E2,-4.850000000001E1,-1.44E1));
#5695=VERTEX_POINT('',#5693);
#5696=VERTEX_POINT('',#5694);
#5697=CARTESIAN_POINT('',(1.272000000103E2,4.849999999999E1,-1.44E1));
#5698=CARTESIAN_POINT('',(1.272000000103E2,5.149999999999E1,-1.44E1));
#5699=VERTEX_POINT('',#5697);
#5700=VERTEX_POINT('',#5698);
#5701=CARTESIAN_POINT('',(1.203000000098E2,6.620000000019E1,-1.540000006243E1));
#5702=CARTESIAN_POINT('',(1.203000000095E2,6.620000000034E1,-9.E0));
#5703=VERTEX_POINT('',#5701);
#5704=VERTEX_POINT('',#5702);
#5705=CARTESIAN_POINT('',(1.095000000008E2,6.620000000034E1,-1.19E1));
#5706=CARTESIAN_POINT('',(1.095000000005E2,6.620000000019E1,-1.540000004918E1));
#5707=VERTEX_POINT('',#5705);
#5708=VERTEX_POINT('',#5706);
#5709=CARTESIAN_POINT('',(1.114999999949E2,6.62E1,-1.74E1));
#5710=VERTEX_POINT('',#5709);
#5711=CARTESIAN_POINT('',(1.183000000222E2,6.620000000024E1,-1.739999999942E1));
#5712=VERTEX_POINT('',#5711);
#5713=CARTESIAN_POINT('',(-4.899999998970E1,6.62E1,-1.44E1));
#5714=CARTESIAN_POINT('',(-5.199999998970E1,6.62E1,-1.44E1));
#5715=VERTEX_POINT('',#5713);
#5716=VERTEX_POINT('',#5714);
#5717=CARTESIAN_POINT('',(8.500000000005E0,6.62E1,-1.44E1));
#5718=CARTESIAN_POINT('',(5.500000000005E0,6.62E1,-1.44E1));
#5719=VERTEX_POINT('',#5717);
#5720=VERTEX_POINT('',#5718);
#5721=CARTESIAN_POINT('',(1.164461384706E2,6.62E1,-1.44E1));
#5722=CARTESIAN_POINT('',(1.134461384706E2,6.62E1,-1.44E1));
#5723=VERTEX_POINT('',#5721);
#5724=VERTEX_POINT('',#5722);
#5725=CARTESIAN_POINT('',(1.085000000003E2,6.520000000066E1,-1.19E1));
#5726=CARTESIAN_POINT('',(1.085000000001E2,6.520000000030E1,-1.540000007335E1));
#5727=VERTEX_POINT('',#5725);
#5728=VERTEX_POINT('',#5726);
#5729=CARTESIAN_POINT('',(1.115E2,6.52E1,-1.84E1));
#5730=VERTEX_POINT('',#5729);
#5731=CARTESIAN_POINT('',(1.183000000137E2,6.520000000028E1,-1.839999999988E1));
#5732=VERTEX_POINT('',#5731);
#5733=CARTESIAN_POINT('',(-1.3542E2,4.980000004210E1,-2.299999999998E0));
#5734=VERTEX_POINT('',#5733);
#5735=CARTESIAN_POINT('',(-1.169200000303E2,3.13E1,-2.299999999998E0));
#5736=VERTEX_POINT('',#5735);
#5737=CARTESIAN_POINT('',(-9.842E1,4.98E1,-2.299999999998E0));
#5738=VERTEX_POINT('',#5737);
#5739=CARTESIAN_POINT('',(-1.1692E2,6.83E1,-2.299999999998E0));
#5740=VERTEX_POINT('',#5739);
#5741=CARTESIAN_POINT('',(-9.842E1,4.98E1,-4.5E0));
#5742=VERTEX_POINT('',#5741);
#5743=CARTESIAN_POINT('',(-1.3542E2,4.98E1,-4.5E0));
#5744=VERTEX_POINT('',#5743);
#5745=CARTESIAN_POINT('',(-1.2917E2,4.98E1,-4.499999999999E0));
#5746=CARTESIAN_POINT('',(-1.1692E2,3.755E1,-4.499999999999E0));
#5747=VERTEX_POINT('',#5745);
#5748=VERTEX_POINT('',#5746);
#5749=CARTESIAN_POINT('',(-1.0467E2,4.98E1,-4.499999999999E0));
#5750=VERTEX_POINT('',#5749);
#5751=CARTESIAN_POINT('',(-1.1692E2,6.205E1,-4.499999999999E0));
#5752=VERTEX_POINT('',#5751);
#5753=CARTESIAN_POINT('',(-1.18445E2,6.53E1,-4.5E0));
#5754=CARTESIAN_POINT('',(-1.1692E2,6.3775E1,-4.5E0));
#5755=VERTEX_POINT('',#5753);
#5756=VERTEX_POINT('',#5754);
#5757=CARTESIAN_POINT('',(-1.15395E2,6.53E1,-4.5E0));
#5758=VERTEX_POINT('',#5757);
#5759=CARTESIAN_POINT('',(-1.1692E2,6.6825E1,-4.5E0));
#5760=VERTEX_POINT('',#5759);
#5761=CARTESIAN_POINT('',(-1.050216062413E2,4.205E1,-4.5E0));
#5762=CARTESIAN_POINT('',(-1.034966062413E2,4.0525E1,-4.5E0));
#5763=VERTEX_POINT('',#5761);
#5764=VERTEX_POINT('',#5762);
#5765=CARTESIAN_POINT('',(-1.019716062413E2,4.205E1,-4.5E0));
#5766=VERTEX_POINT('',#5765);
#5767=CARTESIAN_POINT('',(-1.034966062413E2,4.3575E1,-4.5E0));
#5768=VERTEX_POINT('',#5767);
#5769=CARTESIAN_POINT('',(-1.318683937587E2,4.205E1,-4.5E0));
#5770=CARTESIAN_POINT('',(-1.303433937587E2,4.0525E1,-4.5E0));
#5771=VERTEX_POINT('',#5769);
#5772=VERTEX_POINT('',#5770);
#5773=CARTESIAN_POINT('',(-1.288183937587E2,4.205E1,-4.5E0));
#5774=VERTEX_POINT('',#5773);
#5775=CARTESIAN_POINT('',(-1.303433937587E2,4.3575E1,-4.5E0));
#5776=VERTEX_POINT('',#5775);
#5777=CARTESIAN_POINT('',(-1.2887E2,4.980000010450E1,-4.799999999998E0));
#5778=VERTEX_POINT('',#5777);
#5779=CARTESIAN_POINT('',(-1.1692E2,3.785E1,-4.799999999998E0));
#5780=VERTEX_POINT('',#5779);
#5781=CARTESIAN_POINT('',(-1.0497E2,4.98E1,-4.799999999998E0));
#5782=VERTEX_POINT('',#5781);
#5783=CARTESIAN_POINT('',(-1.1692E2,6.175E1,-4.799999999998E0));
#5784=VERTEX_POINT('',#5783);
#5785=CARTESIAN_POINT('',(-1.0497E2,4.98E1,-1.105E1));
#5786=VERTEX_POINT('',#5785);
#5787=CARTESIAN_POINT('',(-1.2887E2,4.98E1,-1.105E1));
#5788=VERTEX_POINT('',#5787);
#5789=CARTESIAN_POINT('',(-1.1942E2,5.891989583274E1,-1.105E1));
#5790=CARTESIAN_POINT('',(-1.211289201878E2,5.677907521472E1,-1.105E1));
#5791=VERTEX_POINT('',#5789);
#5792=VERTEX_POINT('',#5790);
#5793=CARTESIAN_POINT('',(-1.2507E2,4.98E1,-1.105E1));
#5794=VERTEX_POINT('',#5793);
#5795=CARTESIAN_POINT('',(-1.211289201878E2,4.282092478528E1,-1.105E1));
#5796=VERTEX_POINT('',#5795);
#5797=CARTESIAN_POINT('',(-1.1942E2,4.068010416726E1,-1.105E1));
#5798=VERTEX_POINT('',#5797);
#5799=CARTESIAN_POINT('',(-1.1942E2,3.985E1,-1.105E1));
#5800=VERTEX_POINT('',#5799);
#5801=CARTESIAN_POINT('',(-1.1442E2,3.985E1,-1.105E1));
#5802=VERTEX_POINT('',#5801);
#5803=CARTESIAN_POINT('',(-1.1442E2,4.068010416726E1,-1.105E1));
#5804=VERTEX_POINT('',#5803);
#5805=CARTESIAN_POINT('',(-1.127110798122E2,4.282092478528E1,-1.105E1));
#5806=VERTEX_POINT('',#5805);
#5807=CARTESIAN_POINT('',(-1.0877E2,4.98E1,-1.105E1));
#5808=VERTEX_POINT('',#5807);
#5809=CARTESIAN_POINT('',(-1.127110798122E2,5.677907521472E1,-1.105E1));
#5810=VERTEX_POINT('',#5809);
#5811=CARTESIAN_POINT('',(-1.1442E2,5.891989583274E1,-1.105E1));
#5812=VERTEX_POINT('',#5811);
#5813=CARTESIAN_POINT('',(-1.1442E2,5.975E1,-1.105E1));
#5814=VERTEX_POINT('',#5813);
#5815=CARTESIAN_POINT('',(-1.1942E2,5.975E1,-1.105E1));
#5816=VERTEX_POINT('',#5815);
#5817=CARTESIAN_POINT('',(-1.1942E2,5.891989583274E1,-1.188010416726E1));
#5818=VERTEX_POINT('',#5817);
#5819=CARTESIAN_POINT('',(-1.211289201878E2,5.677907521472E1,
-1.402092478528E1));
#5820=VERTEX_POINT('',#5819);
#5821=CARTESIAN_POINT('',(-1.1442E2,5.891989583274E1,-1.188010416726E1));
#5822=VERTEX_POINT('',#5821);
#5823=CARTESIAN_POINT('',(-1.127110798122E2,5.677907521472E1,
-1.402092478528E1));
#5824=VERTEX_POINT('',#5823);
#5825=VERTEX_POINT('',#3737);
#5826=CARTESIAN_POINT('',(-1.1442E2,5.715E1,-1.365E1));
#5827=VERTEX_POINT('',#5826);
#5828=CARTESIAN_POINT('',(-1.1942E2,5.715E1,-1.365E1));
#5829=VERTEX_POINT('',#5828);
#5830=CARTESIAN_POINT('',(-1.1942E2,5.755709352786E1,-1.324290647214E1));
#5831=VERTEX_POINT('',#5830);
#5832=CARTESIAN_POINT('',(-1.127110798122E2,4.282092478528E1,
-1.402092478528E1));
#5833=VERTEX_POINT('',#5832);
#5834=VERTEX_POINT('',#3762);
#5835=CARTESIAN_POINT('',(-1.1442E2,4.204290647214E1,-1.76E1));
#5836=VERTEX_POINT('',#5835);
#5837=CARTESIAN_POINT('',(-1.0877E2,4.98E1,-1.76E1));
#5838=VERTEX_POINT('',#5837);
#5839=CARTESIAN_POINT('',(-1.1442E2,5.755709352786E1,-1.76E1));
#5840=VERTEX_POINT('',#5839);
#5841=CARTESIAN_POINT('',(-1.1442E2,4.068010416726E1,-1.188010416726E1));
#5842=VERTEX_POINT('',#5841);
#5843=CARTESIAN_POINT('',(-1.1942E2,4.068010416726E1,-1.188010416726E1));
#5844=VERTEX_POINT('',#5843);
#5845=CARTESIAN_POINT('',(-1.211289201878E2,4.282092478528E1,
-1.402092478528E1));
#5846=VERTEX_POINT('',#5845);
#5847=VERTEX_POINT('',#3791);
#5848=CARTESIAN_POINT('',(-1.1942E2,4.245E1,-1.365E1));
#5849=VERTEX_POINT('',#5848);
#5850=CARTESIAN_POINT('',(-1.1442E2,4.245E1,-1.365E1));
#5851=VERTEX_POINT('',#5850);
#5852=CARTESIAN_POINT('',(-1.1942E2,5.755709352786E1,-1.76E1));
#5853=VERTEX_POINT('',#5852);
#5854=CARTESIAN_POINT('',(-1.2507E2,4.98E1,-1.76E1));
#5855=VERTEX_POINT('',#5854);
#5856=CARTESIAN_POINT('',(-1.1942E2,4.204290647214E1,-1.76E1));
#5857=VERTEX_POINT('',#5856);
#5858=CARTESIAN_POINT('',(-1.1942E2,5.715E1,-1.76E1));
#5859=VERTEX_POINT('',#5858);
#5860=CARTESIAN_POINT('',(-1.1442E2,5.715E1,-1.76E1));
#5861=VERTEX_POINT('',#5860);
#5862=CARTESIAN_POINT('',(-1.0292E2,4.98E1,-1.76E1));
#5863=CARTESIAN_POINT('',(-1.3092E2,4.98E1,-1.76E1));
#5864=VERTEX_POINT('',#5862);
#5865=VERTEX_POINT('',#5863);
#5866=CARTESIAN_POINT('',(-1.1442E2,4.245E1,-1.76E1));
#5867=VERTEX_POINT('',#5866);
#5868=CARTESIAN_POINT('',(-1.1942E2,4.245E1,-1.76E1));
#5869=VERTEX_POINT('',#5868);
#5870=CARTESIAN_POINT('',(-1.17845E2,6.529999999031E1,-5.3E0));
#5871=VERTEX_POINT('',#5870);
#5872=CARTESIAN_POINT('',(-1.1692E2,6.4375E1,-5.3E0));
#5873=VERTEX_POINT('',#5872);
#5874=CARTESIAN_POINT('',(-1.15995E2,6.530000002419E1,-5.3E0));
#5875=VERTEX_POINT('',#5874);
#5876=CARTESIAN_POINT('',(-1.1692E2,6.6225E1,-5.3E0));
#5877=VERTEX_POINT('',#5876);
#5878=CARTESIAN_POINT('',(-1.15995E2,6.530000002101E1,-7.2E0));
#5879=VERTEX_POINT('',#5878);
#5880=CARTESIAN_POINT('',(-1.17845E2,6.53E1,-7.2E0));
#5881=VERTEX_POINT('',#5880);
#5882=CARTESIAN_POINT('',(-1.1692E2,6.53E1,-7.755796072600E0));
#5883=VERTEX_POINT('',#5882);
#5884=CARTESIAN_POINT('',(-1.044216062413E2,4.204999999031E1,-5.3E0));
#5885=VERTEX_POINT('',#5884);
#5886=CARTESIAN_POINT('',(-1.034966062413E2,4.1125E1,-5.3E0));
#5887=VERTEX_POINT('',#5886);
#5888=CARTESIAN_POINT('',(-1.025716062413E2,4.205000002419E1,-5.3E0));
#5889=VERTEX_POINT('',#5888);
#5890=CARTESIAN_POINT('',(-1.034966062413E2,4.2975E1,-5.3E0));
#5891=VERTEX_POINT('',#5890);
#5892=CARTESIAN_POINT('',(-1.025716062413E2,4.205000002101E1,-7.2E0));
#5893=VERTEX_POINT('',#5892);
#5894=CARTESIAN_POINT('',(-1.044216062413E2,4.205E1,-7.2E0));
#5895=VERTEX_POINT('',#5894);
#5896=CARTESIAN_POINT('',(-1.034966062413E2,4.205E1,-7.755796072600E0));
#5897=VERTEX_POINT('',#5896);
#5898=CARTESIAN_POINT('',(-1.312683937587E2,4.204999999031E1,-5.3E0));
#5899=VERTEX_POINT('',#5898);
#5900=CARTESIAN_POINT('',(-1.303433937587E2,4.1125E1,-5.3E0));
#5901=VERTEX_POINT('',#5900);
#5902=CARTESIAN_POINT('',(-1.294183937587E2,4.205000002419E1,-5.3E0));
#5903=VERTEX_POINT('',#5902);
#5904=CARTESIAN_POINT('',(-1.303433937587E2,4.2975E1,-5.3E0));
#5905=VERTEX_POINT('',#5904);
#5906=CARTESIAN_POINT('',(-1.294183937587E2,4.205000002101E1,-7.2E0));
#5907=VERTEX_POINT('',#5906);
#5908=CARTESIAN_POINT('',(-1.312683937587E2,4.205E1,-7.2E0));
#5909=VERTEX_POINT('',#5908);
#5910=CARTESIAN_POINT('',(-1.303433937587E2,4.205E1,-7.755796072600E0));
#5911=VERTEX_POINT('',#5910);
#5912=VERTEX_POINT('',#4088);
#5913=CARTESIAN_POINT('',(-9.750396015628E1,-8.158357424768E1,
-6.912292313353E-1));
#5914=VERTEX_POINT('',#5913);
#5915=VERTEX_POINT('',#4113);
#5916=CARTESIAN_POINT('',(1.213000000103E2,6.33E1,-9.E0));
#5917=CARTESIAN_POINT('',(1.213000000103E2,6.519999999997E1,-9.E0));
#5918=VERTEX_POINT('',#5916);
#5919=VERTEX_POINT('',#5917);
#5920=CARTESIAN_POINT('',(1.083000000103E2,-6.449958448259E1,-9.E0));
#5921=CARTESIAN_POINT('',(1.083000000103E2,-6.639958448256E1,-9.E0));
#5922=VERTEX_POINT('',#5920);
#5923=VERTEX_POINT('',#5921);
#5924=CARTESIAN_POINT('',(1.213000000103E2,-6.639958448256E1,-9.E0));
#5925=CARTESIAN_POINT('',(1.213000000103E2,-6.449958448259E1,-9.E0));
#5926=VERTEX_POINT('',#5924);
#5927=VERTEX_POINT('',#5925);
#5928=CARTESIAN_POINT('',(1.18E1,-6.639958448259E1,-9.E0));
#5929=VERTEX_POINT('',#5928);
#5930=CARTESIAN_POINT('',(-9.611E1,-1.03E1,-6.9E0));
#5931=CARTESIAN_POINT('',(-9.611E1,-1.03E1,-7.6E0));
#5932=VERTEX_POINT('',#5930);
#5933=VERTEX_POINT('',#5931);
#5934=CARTESIAN_POINT('',(-8.919999999999E1,-6.449958448259E1,-9.E0));
#5935=VERTEX_POINT('',#5934);
#5936=CARTESIAN_POINT('',(1.18E1,-6.449958448259E1,-9.E0));
#5937=VERTEX_POINT('',#5936);
#5938=CARTESIAN_POINT('',(2.2E1,-4.549958448259E1,-9.E0));
#5939=CARTESIAN_POINT('',(2.2E1,-4.549958448259E1,-7.6E0));
#5940=VERTEX_POINT('',#5938);
#5941=VERTEX_POINT('',#5939);
#5942=CARTESIAN_POINT('',(1.9E1,-4.849958448259E1,-9.E0));
#5943=CARTESIAN_POINT('',(1.9E1,-4.849958448259E1,-7.6E0));
#5944=VERTEX_POINT('',#5942);
#5945=VERTEX_POINT('',#5943);
#5946=CARTESIAN_POINT('',(1.08E2,-4.849958448259E1,-9.E0));
#5947=CARTESIAN_POINT('',(1.08E2,-4.849958448259E1,-7.6E0));
#5948=VERTEX_POINT('',#5946);
#5949=VERTEX_POINT('',#5947);
#5950=CARTESIAN_POINT('',(1.05E2,-4.549958448259E1,-9.E0));
#5951=CARTESIAN_POINT('',(1.05E2,-4.549958448259E1,-7.6E0));
#5952=VERTEX_POINT('',#5950);
#5953=VERTEX_POINT('',#5951);
#5954=CARTESIAN_POINT('',(-1.25E0,-4.249958448259E1,-9.E0));
#5955=CARTESIAN_POINT('',(-1.25E0,-4.249958448259E1,-7.6E0));
#5956=VERTEX_POINT('',#5954);
#5957=VERTEX_POINT('',#5955);
#5958=CARTESIAN_POINT('',(-4.25E0,-3.949958448259E1,-9.E0));
#5959=CARTESIAN_POINT('',(-4.25E0,-3.949958448259E1,-7.6E0));
#5960=VERTEX_POINT('',#5958);
#5961=VERTEX_POINT('',#5959);
#5962=CARTESIAN_POINT('',(-6.825E1,-3.949958448259E1,-9.E0));
#5963=CARTESIAN_POINT('',(-6.825E1,-3.949958448259E1,-7.6E0));
#5964=VERTEX_POINT('',#5962);
#5965=VERTEX_POINT('',#5963);
#5966=CARTESIAN_POINT('',(-7.125E1,-4.249958448259E1,-9.E0));
#5967=CARTESIAN_POINT('',(-7.125E1,-4.249958448259E1,-7.6E0));
#5968=VERTEX_POINT('',#5966);
#5969=VERTEX_POINT('',#5967);
#5970=CARTESIAN_POINT('',(-8.979999998973E1,1.55E1,-1.44E1));
#5971=CARTESIAN_POINT('',(-9.279999998973E1,1.55E1,-1.44E1));
#5972=VERTEX_POINT('',#5970);
#5973=VERTEX_POINT('',#5971);
#5974=CARTESIAN_POINT('',(-8.979999998973E1,1.26E1,-1.44E1));
#5975=CARTESIAN_POINT('',(-9.279999998973E1,1.26E1,-1.44E1));
#5976=VERTEX_POINT('',#5974);
#5977=VERTEX_POINT('',#5975);
#5978=CARTESIAN_POINT('',(-5.629999998973E1,6.33E1,-9.E0));
#5979=VERTEX_POINT('',#5978);
#5980=CARTESIAN_POINT('',(1.243000000103E2,5.53E1,-9.E0));
#5981=CARTESIAN_POINT('',(1.243000000103E2,-5.649958448259E1,-9.E0));
#5982=VERTEX_POINT('',#5980);
#5983=VERTEX_POINT('',#5981);
#5984=CARTESIAN_POINT('',(-6.429999998973E1,2.66E1,-9.E0));
#5985=CARTESIAN_POINT('',(-6.429999998973E1,5.53E1,-9.E0));
#5986=VERTEX_POINT('',#5984);
#5987=VERTEX_POINT('',#5985);
#5988=CARTESIAN_POINT('',(-7.829999998973E1,1.26E1,-9.E0));
#5989=VERTEX_POINT('',#5988);
#5990=CARTESIAN_POINT('',(-8.129999998973E1,1.26E1,-1.84E1));
#5991=CARTESIAN_POINT('',(-7.829999998973E1,1.26E1,-1.54E1));
#5992=VERTEX_POINT('',#5990);
#5993=VERTEX_POINT('',#5991);
#5994=CARTESIAN_POINT('',(-6.429999998973E1,2.66E1,-1.54E1));
#5995=CARTESIAN_POINT('',(-6.429999998973E1,2.96E1,-1.84E1));
#5996=VERTEX_POINT('',#5994);
#5997=VERTEX_POINT('',#5995);
#5998=CARTESIAN_POINT('',(-6.429999998973E1,5.23E1,-1.84E1));
#5999=CARTESIAN_POINT('',(-6.429999998973E1,5.53E1,-1.54E1));
#6000=VERTEX_POINT('',#5998);
#6001=VERTEX_POINT('',#5999);
#6002=CARTESIAN_POINT('',(-5.629999998973E1,6.33E1,-1.54E1));
#6003=CARTESIAN_POINT('',(-5.329999998973E1,6.33E1,-1.84E1));
#6004=VERTEX_POINT('',#6002);
#6005=VERTEX_POINT('',#6003);
#6006=CARTESIAN_POINT('',(1.243000000103E2,5.53E1,-1.54E1));
#6007=CARTESIAN_POINT('',(1.243000000103E2,5.23E1,-1.84E1));
#6008=VERTEX_POINT('',#6006);
#6009=VERTEX_POINT('',#6007);
#6010=CARTESIAN_POINT('',(1.243000000103E2,-5.349958448259E1,-1.84E1));
#6011=CARTESIAN_POINT('',(1.243000000103E2,-5.649958448259E1,-1.54E1));
#6012=VERTEX_POINT('',#6010);
#6013=VERTEX_POINT('',#6011);
#6014=CARTESIAN_POINT('',(-1.032999999860E2,1.450000000373E1,
-1.540000013222E1));
#6015=CARTESIAN_POINT('',(-1.032999999897E2,1.45E1,-9.E0));
#6016=VERTEX_POINT('',#6014);
#6017=VERTEX_POINT('',#6015);
#6018=CARTESIAN_POINT('',(-1.022999999864E2,1.550000000331E1,
-1.540000011753E1));
#6019=CARTESIAN_POINT('',(-1.022999999897E2,1.55E1,-9.E0));
#6020=VERTEX_POINT('',#6018);
#6021=VERTEX_POINT('',#6019);
#6022=CARTESIAN_POINT('',(-1.002999999897E2,1.55E1,-1.74E1));
#6023=VERTEX_POINT('',#6022);
#6024=CARTESIAN_POINT('',(-1.002999999897E2,1.45E1,-1.84E1));
#6025=VERTEX_POINT('',#6024);
#6026=CARTESIAN_POINT('',(-8.129999995827E1,1.550000000262E1,
-1.739999999738E1));
#6027=VERTEX_POINT('',#6026);
#6028=CARTESIAN_POINT('',(-8.129999995434E1,1.450000000295E1,
-1.839999999705E1));
#6029=VERTEX_POINT('',#6028);
#6030=CARTESIAN_POINT('',(-7.929999998973E1,1.55E1,-1.54E1));
#6031=VERTEX_POINT('',#6030);
#6032=CARTESIAN_POINT('',(-7.829999998973E1,1.45E1,-1.54E1));
#6033=VERTEX_POINT('',#6032);
#6034=CARTESIAN_POINT('',(-7.929999998973E1,1.55E1,-9.E0));
#6035=VERTEX_POINT('',#6034);
#6036=CARTESIAN_POINT('',(-7.829999998973E1,1.45E1,-9.E0));
#6037=VERTEX_POINT('',#6036);
#6038=CARTESIAN_POINT('',(-1.032999999896E2,1.509999999982E1,-9.E0));
#6039=VERTEX_POINT('',#6038);
#6040=CARTESIAN_POINT('',(-6.719999999141E1,5.429999999832E1,
-1.540000002015E1));
#6041=CARTESIAN_POINT('',(-6.719999998973E1,5.43E1,-9.E0));
#6042=VERTEX_POINT('',#6040);
#6043=VERTEX_POINT('',#6041);
#6044=CARTESIAN_POINT('',(-6.619999999162E1,5.529999999811E1,
-1.540000002267E1));
#6045=CARTESIAN_POINT('',(-6.619999998973E1,5.53E1,-9.E0));
#6046=VERTEX_POINT('',#6044);
#6047=VERTEX_POINT('',#6045);
#6048=CARTESIAN_POINT('',(-6.619999998973E1,5.23E1,-1.84E1));
#6049=VERTEX_POINT('',#6048);
#6050=CARTESIAN_POINT('',(-6.719999998973E1,5.23E1,-1.74E1));
#6051=VERTEX_POINT('',#6050);
#6052=CARTESIAN_POINT('',(-6.619999999196E1,2.959999996620E1,
-1.839999999777E1));
#6053=VERTEX_POINT('',#6052);
#6054=CARTESIAN_POINT('',(-6.719999999171E1,2.959999996996E1,
-1.739999999802E1));
#6055=VERTEX_POINT('',#6054);
#6056=CARTESIAN_POINT('',(-6.619999998973E1,2.66E1,-1.54E1));
#6057=VERTEX_POINT('',#6056);
#6058=CARTESIAN_POINT('',(-6.719999998973E1,2.76E1,-1.54E1));
#6059=VERTEX_POINT('',#6058);
#6060=CARTESIAN_POINT('',(-6.619999998973E1,2.66E1,-9.E0));
#6061=VERTEX_POINT('',#6060);
#6062=CARTESIAN_POINT('',(-6.719999998973E1,2.76E1,-9.E0));
#6063=VERTEX_POINT('',#6062);
#6064=CARTESIAN_POINT('',(-5.629999998600E1,6.520000000373E1,
-1.540000013222E1));
#6065=CARTESIAN_POINT('',(-5.629999998973E1,6.52E1,-9.E0));
#6066=VERTEX_POINT('',#6064);
#6067=VERTEX_POINT('',#6065);
#6068=CARTESIAN_POINT('',(-5.529999998642E1,6.620000000331E1,
-1.540000011753E1));
#6069=CARTESIAN_POINT('',(-5.529999998973E1,6.62E1,-9.E0));
#6070=VERTEX_POINT('',#6068);
#6071=VERTEX_POINT('',#6069);
#6072=CARTESIAN_POINT('',(-5.329999998973E1,6.62E1,-1.74E1));
#6073=VERTEX_POINT('',#6072);
#6074=CARTESIAN_POINT('',(-5.329999998973E1,6.52E1,-1.84E1));
#6075=VERTEX_POINT('',#6074);
#6076=CARTESIAN_POINT('',(1.430000003147E1,6.620000000262E1,-1.739999999738E1));
#6077=VERTEX_POINT('',#6076);
#6078=CARTESIAN_POINT('',(1.430000003540E1,6.520000000295E1,-1.839999999705E1));
#6079=VERTEX_POINT('',#6078);
#6080=CARTESIAN_POINT('',(1.630000000001E1,6.62E1,-1.54E1));
#6081=VERTEX_POINT('',#6080);
#6082=CARTESIAN_POINT('',(1.730000000001E1,6.52E1,-1.54E1));
#6083=VERTEX_POINT('',#6082);
#6084=CARTESIAN_POINT('',(1.630000000001E1,6.62E1,-1.19E1));
#6085=VERTEX_POINT('',#6084);
#6086=CARTESIAN_POINT('',(1.730000000001E1,6.52E1,-1.19E1));
#6087=VERTEX_POINT('',#6086);
#6088=CARTESIAN_POINT('',(1.262000000140E2,5.529999999627E1,-1.540000013222E1));
#6089=CARTESIAN_POINT('',(1.262000000103E2,5.53E1,-9.E0));
#6090=VERTEX_POINT('',#6088);
#6091=VERTEX_POINT('',#6089);
#6092=CARTESIAN_POINT('',(1.272000000136E2,5.429999999669E1,-1.540000011753E1));
#6093=CARTESIAN_POINT('',(1.272000000103E2,5.43E1,-9.E0));
#6094=VERTEX_POINT('',#6092);
#6095=VERTEX_POINT('',#6093);
#6096=CARTESIAN_POINT('',(1.272000000103E2,5.23E1,-1.74E1));
#6097=VERTEX_POINT('',#6096);
#6098=CARTESIAN_POINT('',(1.262000000103E2,5.23E1,-1.84E1));
#6099=VERTEX_POINT('',#6098);
#6100=CARTESIAN_POINT('',(1.272000000136E2,-5.349958460012E1,
-1.739999999669E1));
#6101=VERTEX_POINT('',#6100);
#6102=CARTESIAN_POINT('',(1.262000000140E2,-5.349958461481E1,
-1.839999999627E1));
#6103=VERTEX_POINT('',#6102);
#6104=CARTESIAN_POINT('',(1.272000000103E2,-5.549958448259E1,-1.54E1));
#6105=VERTEX_POINT('',#6104);
#6106=CARTESIAN_POINT('',(1.262000000103E2,-5.649958448259E1,-1.54E1));
#6107=VERTEX_POINT('',#6106);
#6108=CARTESIAN_POINT('',(1.272000000103E2,-5.549958448259E1,-9.E0));
#6109=VERTEX_POINT('',#6108);
#6110=CARTESIAN_POINT('',(1.262000000103E2,-5.649958448259E1,-9.E0));
#6111=VERTEX_POINT('',#6110);
#6112=CARTESIAN_POINT('',(1.9E1,-6.669958448258E1,-9.E0));
#6113=CARTESIAN_POINT('',(1.9E1,-6.669958448258E1,-7.6E0));
#6114=VERTEX_POINT('',#6112);
#6115=VERTEX_POINT('',#6113);
#6116=CARTESIAN_POINT('',(2.E1,-6.769958448258E1,-9.E0));
#6117=CARTESIAN_POINT('',(2.E1,-6.769958448258E1,-7.6E0));
#6118=VERTEX_POINT('',#6116);
#6119=VERTEX_POINT('',#6117);
#6120=CARTESIAN_POINT('',(1.07E2,-6.769958448258E1,-9.E0));
#6121=CARTESIAN_POINT('',(1.07E2,-6.769958448258E1,-7.6E0));
#6122=VERTEX_POINT('',#6120);
#6123=VERTEX_POINT('',#6121);
#6124=CARTESIAN_POINT('',(1.08E2,-6.669958448258E1,-9.E0));
#6125=CARTESIAN_POINT('',(1.08E2,-6.669958448258E1,-7.6E0));
#6126=VERTEX_POINT('',#6124);
#6127=VERTEX_POINT('',#6125);
#6128=CARTESIAN_POINT('',(-2.25E0,-6.449958448259E1,-9.E0));
#6129=CARTESIAN_POINT('',(-2.25E0,-6.449958448259E1,-7.6E0));
#6130=VERTEX_POINT('',#6128);
#6131=VERTEX_POINT('',#6129);
#6132=CARTESIAN_POINT('',(-1.25E0,-6.349958448259E1,-9.E0));
#6133=CARTESIAN_POINT('',(-1.25E0,-6.349958448259E1,-7.6E0));
#6134=VERTEX_POINT('',#6132);
#6135=VERTEX_POINT('',#6133);
#6136=CARTESIAN_POINT('',(-7.125E1,-6.349958448259E1,-9.E0));
#6137=CARTESIAN_POINT('',(-7.125E1,-6.349958448259E1,-7.6E0));
#6138=VERTEX_POINT('',#6136);
#6139=VERTEX_POINT('',#6137);
#6140=CARTESIAN_POINT('',(-7.025E1,-6.449958448259E1,-9.E0));
#6141=CARTESIAN_POINT('',(-7.025E1,-6.449958448259E1,-7.6E0));
#6142=VERTEX_POINT('',#6140);
#6143=VERTEX_POINT('',#6141);
#6144=CARTESIAN_POINT('',(-1.604364267403E2,-6.247778682207E1,-1.54E1));
#6145=CARTESIAN_POINT('',(-1.604364267403E2,-6.247778682207E1,-1.32E1));
#6146=VERTEX_POINT('',#6144);
#6147=VERTEX_POINT('',#6145);
#6148=CARTESIAN_POINT('',(-1.590222131779E2,-6.106357325972E1,-1.32E1));
#6149=VERTEX_POINT('',#6148);
#6150=CARTESIAN_POINT('',(-1.590222131779E2,-6.106357325972E1,-1.54E1));
#6151=VERTEX_POINT('',#6150);
#6152=CARTESIAN_POINT('',(-1.219777868221E2,-6.106357325967E1,-1.54E1));
#6153=CARTESIAN_POINT('',(-1.219777868221E2,-6.106357325967E1,-1.32E1));
#6154=VERTEX_POINT('',#6152);
#6155=VERTEX_POINT('',#6153);
#6156=CARTESIAN_POINT('',(-1.205635732596E2,-6.247778682207E1,-1.32E1));
#6157=VERTEX_POINT('',#6156);
#6158=CARTESIAN_POINT('',(-1.205635732596E2,-6.247778682207E1,-1.54E1));
#6159=VERTEX_POINT('',#6158);
#6160=CARTESIAN_POINT('',(-1.205635732597E2,-9.952221317793E1,-1.54E1));
#6161=CARTESIAN_POINT('',(-1.205635732597E2,-9.952221317793E1,-1.32E1));
#6162=VERTEX_POINT('',#6160);
#6163=VERTEX_POINT('',#6161);
#6164=CARTESIAN_POINT('',(-1.219777868221E2,-1.009364267403E2,-1.32E1));
#6165=VERTEX_POINT('',#6164);
#6166=CARTESIAN_POINT('',(-1.219777868221E2,-1.009364267403E2,-1.54E1));
#6167=VERTEX_POINT('',#6166);
#6168=CARTESIAN_POINT('',(-1.590222131779E2,-1.009364267403E2,-1.54E1));
#6169=CARTESIAN_POINT('',(-1.590222131779E2,-1.009364267403E2,-1.32E1));
#6170=VERTEX_POINT('',#6168);
#6171=VERTEX_POINT('',#6169);
#6172=CARTESIAN_POINT('',(-1.604364267404E2,-9.952221317793E1,-1.32E1));
#6173=VERTEX_POINT('',#6172);
#6174=CARTESIAN_POINT('',(-1.604364267404E2,-9.952221317793E1,-1.54E1));
#6175=VERTEX_POINT('',#6174);
#6176=CARTESIAN_POINT('',(-1.282499611880E2,8.099524976483E1,
-7.427676369055E-1));
#6177=CARTESIAN_POINT('',(-1.292390966264E2,8.100553818027E1,
-7.427676369055E-1));
#6178=CARTESIAN_POINT('',(-1.310754138368E2,8.090930270401E1,
-7.427676369055E-1));
#6179=CARTESIAN_POINT('',(-1.331455559311E2,8.047607157614E1,
-7.427676369056E-1));
#6180=CARTESIAN_POINT('',(-1.345955024117E2,7.994830813359E1,
-7.427676369054E-1));
#6181=CARTESIAN_POINT('',(-1.356040037259E2,7.945382704254E1,
-7.427676369050E-1));
#6182=CARTESIAN_POINT('',(-1.365281342322E2,7.885883225309E1,
-7.427676369048E-1));
#6183=CARTESIAN_POINT('',(-1.373632170809E2,7.816183017903E1,
-7.427676369055E-1));
#6184=CARTESIAN_POINT('',(-1.381016936078E2,7.735983570160E1,
-7.427676369063E-1));
#6185=CARTESIAN_POINT('',(-1.389545019886E2,7.615268441435E1,
-7.427676369060E-1));
#6186=CARTESIAN_POINT('',(-1.397747326801E2,7.439303949804E1,
-7.427676369055E-1));
#6187=CARTESIAN_POINT('',(-1.403816451485E2,7.183357926257E1,
-7.427676369052E-1));
#6188=CARTESIAN_POINT('',(-1.405070032014E2,6.984658975680E1,
-7.427676369052E-1));
#6189=CARTESIAN_POINT('',(-1.404951985330E2,6.874858888427E1,
-7.427676369056E-1));
#6190=CARTESIAN_POINT('',(-1.282491119592E2,8.107750120965E1,
-3.736590874797E0));
#6191=CARTESIAN_POINT('',(-1.292415566942E2,8.108781407461E1,
-3.736590874797E0));
#6192=CARTESIAN_POINT('',(-1.310851433137E2,8.099137521950E1,
-3.736590874797E0));
#6193=CARTESIAN_POINT('',(-1.331670558731E2,8.055578366224E1,
-3.736590874798E0));
#6194=CARTESIAN_POINT('',(-1.346276257808E2,8.002419314730E1,
-3.736590874797E0));
#6195=CARTESIAN_POINT('',(-1.356443952975E2,7.952566521749E1,
-3.736590874797E0));
#6196=CARTESIAN_POINT('',(-1.365768269853E2,7.892537470904E1,
-3.736590874797E0));
#6197=CARTESIAN_POINT('',(-1.374200701238E2,7.822161964937E1,
-3.736590874797E0));
#6198=CARTESIAN_POINT('',(-1.381658142055E2,7.741164948258E1,
-3.736590874798E0));
#6199=CARTESIAN_POINT('',(-1.390265110521E2,7.619323445750E1,
-3.736590874798E0));
#6200=CARTESIAN_POINT('',(-1.398533413638E2,7.441923173683E1,
-3.736590874797E0));
#6201=CARTESIAN_POINT('',(-1.404635564642E2,7.184476873043E1,
-3.736590874798E0));
#6202=CARTESIAN_POINT('',(-1.405892907929E2,6.984947179196E1,
-3.736590874797E0));
#6203=CARTESIAN_POINT('',(-1.405774488266E2,6.874771507344E1,
-3.736590874797E0));
#6204=CARTESIAN_POINT('',(-1.282634745963E2,7.968641829825E1,
-6.546240155663E0));
#6205=CARTESIAN_POINT('',(-1.291999506373E2,7.969631765877E1,
-6.546240155663E0));
#6206=CARTESIAN_POINT('',(-1.309205929010E2,7.960331846176E1,
-6.546240155663E0));
#6207=CARTESIAN_POINT('',(-1.328034367050E2,7.920764782026E1,
-6.546240155663E0));
#6208=CARTESIAN_POINT('',(-1.340843372094E2,7.874078291574E1,
-6.546240155663E0));
#6209=CARTESIAN_POINT('',(-1.349612702168E2,7.831069740999E1,
-6.546240155662E0));
#6210=CARTESIAN_POINT('',(-1.357533076293E2,7.779997109372E1,
-6.546240155662E0));
#6211=CARTESIAN_POINT('',(-1.364585393381E2,7.721042634256E1,
-6.546240155663E0));
#6212=CARTESIAN_POINT('',(-1.370813704268E2,7.653534554091E1,
-6.546240155664E0));
#6213=CARTESIAN_POINT('',(-1.378086530808E2,7.550742921433E1,
-6.546240155663E0));
#6214=CARTESIAN_POINT('',(-1.385238668868E2,7.397625379436E1,
-6.546240155663E0));
#6215=CARTESIAN_POINT('',(-1.390782260066E2,7.165552612753E1,
-6.546240155663E0));
#6216=CARTESIAN_POINT('',(-1.391975965448E2,6.980072918469E1,
-6.546240155663E0));
#6217=CARTESIAN_POINT('',(-1.391863853855E2,6.876249345577E1,
-6.546240155663E0));
#6218=CARTESIAN_POINT('',(-1.282931280757E2,7.681435185547E1,
-9.170759295419E0));
#6219=CARTESIAN_POINT('',(-1.291140496752E2,7.682339748384E1,
-9.170759295419E0));
#6220=CARTESIAN_POINT('',(-1.305808577819E2,7.673749989557E1,
-9.170759295419E0));
#6221=CARTESIAN_POINT('',(-1.320526989869E2,7.642425102890E1,
-9.170759295419E0));
#6222=CARTESIAN_POINT('',(-1.329626493057E2,7.609102032558E1,
-9.170759295419E0));
#6223=CARTESIAN_POINT('',(-1.335508721702E2,7.580224285248E1,
-9.170759295418E0));
#6224=CARTESIAN_POINT('',(-1.340530478619E2,7.547643312797E1,
-9.170759295418E0));
#6225=CARTESIAN_POINT('',(-1.344733375360E2,7.512268998995E1,
-9.170759295419E0));
#6226=CARTESIAN_POINT('',(-1.348423992192E2,7.472610532674E1,
-9.170759295420E0));
#6227=CARTESIAN_POINT('',(-1.352942314148E2,7.409149763389E1,
-9.170759295419E0));
#6228=CARTESIAN_POINT('',(-1.357789988413E2,7.306166985903E1,
-9.170759295419E0));
#6229=CARTESIAN_POINT('',(-1.362180362316E2,7.126481086186E1,
-9.170759295419E0));
#6230=CARTESIAN_POINT('',(-1.363242679204E2,6.970009391306E1,
-9.170759295419E0));
#6231=CARTESIAN_POINT('',(-1.363143591417E2,6.879300529341E1,
-9.170759295419E0));
#6232=B_SPLINE_SURFACE_WITH_KNOTS('',3,3,((#6176,#6177,#6178,#6179,#6180,#6181,
#6182,#6183,#6184,#6185,#6186,#6187,#6188,#6189),(#6190,#6191,#6192,#6193,#6194,
#6195,#6196,#6197,#6198,#6199,#6200,#6201,#6202,#6203),(#6204,#6205,#6206,#6207,
#6208,#6209,#6210,#6211,#6212,#6213,#6214,#6215,#6216,#6217),(#6218,#6219,#6220,
#6221,#6222,#6223,#6224,#6225,#6226,#6227,#6228,#6229,#6230,#6231)),
.UNSPECIFIED.,.F.,.F.,.F.,(4,4),(4,1,1,1,1,1,1,1,1,1,1,4),(-3.021198625052E-2,
1.022802628137E0),(8.679979978495E-1,8.858153817951E-1,9.021274701101E-1,
9.102835142676E-1,9.184395584251E-1,9.265956025826E-1,9.347516467401E-1,
9.429076908976E-1,9.510637350551E-1,9.673758233700E-1,9.836879116971E-1,
1.001354535568E0),.UNSPECIFIED.);
#6234=ORIENTED_EDGE('',*,*,#6233,.F.);
#6236=ORIENTED_EDGE('',*,*,#6235,.T.);
#6238=ORIENTED_EDGE('',*,*,#6237,.F.);
#6240=ORIENTED_EDGE('',*,*,#6239,.F.);
#6241=EDGE_LOOP('',(#6234,#6236,#6238,#6240));
#6242=FACE_OUTER_BOUND('',#6241,.F.);
#6243=ADVANCED_FACE('',(#6242),#6232,.T.);
#6244=CARTESIAN_POINT('',(-1.405E2,-8.1E1,-9.E0));
#6245=DIRECTION('',(0.E0,0.E0,1.E0));
#6246=DIRECTION('',(1.E0,0.E0,0.E0));
#6247=AXIS2_PLACEMENT_3D('',#6244,#6245,#6246);
#6248=PLANE('',#6247);
#6250=ORIENTED_EDGE('',*,*,#6249,.F.);
#6251=ORIENTED_EDGE('',*,*,#6233,.T.);
#6253=ORIENTED_EDGE('',*,*,#6252,.F.);
#6255=ORIENTED_EDGE('',*,*,#6254,.T.);
#6257=ORIENTED_EDGE('',*,*,#6256,.T.);
#6259=ORIENTED_EDGE('',*,*,#6258,.T.);
#6261=ORIENTED_EDGE('',*,*,#6260,.T.);
#6263=ORIENTED_EDGE('',*,*,#6262,.F.);
#6265=ORIENTED_EDGE('',*,*,#6264,.F.);
#6267=ORIENTED_EDGE('',*,*,#6266,.T.);
#6269=ORIENTED_EDGE('',*,*,#6268,.F.);
#6271=ORIENTED_EDGE('',*,*,#6270,.T.);
#6273=ORIENTED_EDGE('',*,*,#6272,.F.);
#6274=EDGE_LOOP('',(#6250,#6251,#6253,#6255,#6257,#6259,#6261,#6263,#6265,#6267,
#6269,#6271,#6273));
#6275=FACE_OUTER_BOUND('',#6274,.F.);
#6277=ORIENTED_EDGE('',*,*,#6276,.T.);
#6279=ORIENTED_EDGE('',*,*,#6278,.F.);
#6281=ORIENTED_EDGE('',*,*,#6280,.F.);
#6283=ORIENTED_EDGE('',*,*,#6282,.F.);
#6285=ORIENTED_EDGE('',*,*,#6284,.T.);
#6287=ORIENTED_EDGE('',*,*,#6286,.T.);
#6288=EDGE_LOOP('',(#6277,#6279,#6281,#6283,#6285,#6287));
#6289=FACE_BOUND('',#6288,.F.);
#6291=ORIENTED_EDGE('',*,*,#6290,.T.);
#6293=ORIENTED_EDGE('',*,*,#6292,.T.);
#6294=EDGE_LOOP('',(#6291,#6293));
#6295=FACE_BOUND('',#6294,.F.);
#6297=ORIENTED_EDGE('',*,*,#6296,.T.);
#6299=ORIENTED_EDGE('',*,*,#6298,.F.);
#6301=ORIENTED_EDGE('',*,*,#6300,.T.);
#6303=ORIENTED_EDGE('',*,*,#6302,.F.);
#6305=ORIENTED_EDGE('',*,*,#6304,.T.);
#6307=ORIENTED_EDGE('',*,*,#6306,.T.);
#6309=ORIENTED_EDGE('',*,*,#6308,.T.);
#6311=ORIENTED_EDGE('',*,*,#6310,.T.);
#6313=ORIENTED_EDGE('',*,*,#6312,.T.);
#6315=ORIENTED_EDGE('',*,*,#6314,.F.);
#6317=ORIENTED_EDGE('',*,*,#6316,.T.);
#6319=ORIENTED_EDGE('',*,*,#6318,.T.);
#6321=ORIENTED_EDGE('',*,*,#6320,.T.);
#6323=ORIENTED_EDGE('',*,*,#6322,.F.);
#6325=ORIENTED_EDGE('',*,*,#6324,.T.);
#6327=ORIENTED_EDGE('',*,*,#6326,.F.);
#6329=ORIENTED_EDGE('',*,*,#6328,.T.);
#6331=ORIENTED_EDGE('',*,*,#6330,.T.);
#6333=ORIENTED_EDGE('',*,*,#6332,.T.);
#6335=ORIENTED_EDGE('',*,*,#6334,.T.);
#6337=ORIENTED_EDGE('',*,*,#6336,.T.);
#6339=ORIENTED_EDGE('',*,*,#6338,.F.);
#6341=ORIENTED_EDGE('',*,*,#6340,.T.);
#6343=ORIENTED_EDGE('',*,*,#6342,.T.);
#6344=EDGE_LOOP('',(#6297,#6299,#6301,#6303,#6305,#6307,#6309,#6311,#6313,#6315,
#6317,#6319,#6321,#6323,#6325,#6327,#6329,#6331,#6333,#6335,#6337,#6339,#6341,
#6343));
#6345=FACE_BOUND('',#6344,.F.);
#6347=ORIENTED_EDGE('',*,*,#6346,.T.);
#6349=ORIENTED_EDGE('',*,*,#6348,.F.);
#6351=ORIENTED_EDGE('',*,*,#6350,.F.);
#6353=ORIENTED_EDGE('',*,*,#6352,.F.);
#6355=ORIENTED_EDGE('',*,*,#6354,.F.);
#6357=ORIENTED_EDGE('',*,*,#6356,.F.);
#6359=ORIENTED_EDGE('',*,*,#6358,.T.);
#6361=ORIENTED_EDGE('',*,*,#6360,.F.);
#6363=ORIENTED_EDGE('',*,*,#6362,.T.);
#6365=ORIENTED_EDGE('',*,*,#6364,.T.);
#6367=ORIENTED_EDGE('',*,*,#6366,.T.);
#6369=ORIENTED_EDGE('',*,*,#6368,.T.);
#6371=ORIENTED_EDGE('',*,*,#6370,.T.);
#6373=ORIENTED_EDGE('',*,*,#6372,.F.);
#6375=ORIENTED_EDGE('',*,*,#6374,.T.);
#6377=ORIENTED_EDGE('',*,*,#6376,.T.);
#6379=ORIENTED_EDGE('',*,*,#6378,.T.);
#6381=ORIENTED_EDGE('',*,*,#6380,.F.);
#6383=ORIENTED_EDGE('',*,*,#6382,.T.);
#6385=ORIENTED_EDGE('',*,*,#6384,.T.);
#6387=ORIENTED_EDGE('',*,*,#6386,.T.);
#6389=ORIENTED_EDGE('',*,*,#6388,.T.);
#6390=EDGE_LOOP('',(#6347,#6349,#6351,#6353,#6355,#6357,#6359,#6361,#6363,#6365,
#6367,#6369,#6371,#6373,#6375,#6377,#6379,#6381,#6383,#6385,#6387,#6389));
#6391=FACE_BOUND('',#6390,.F.);
#6393=ORIENTED_EDGE('',*,*,#6392,.F.);
#6395=ORIENTED_EDGE('',*,*,#6394,.F.);
#6397=ORIENTED_EDGE('',*,*,#6396,.T.);
#6399=ORIENTED_EDGE('',*,*,#6398,.F.);
#6401=ORIENTED_EDGE('',*,*,#6400,.F.);
#6403=ORIENTED_EDGE('',*,*,#6402,.F.);
#6404=EDGE_LOOP('',(#6393,#6395,#6397,#6399,#6401,#6403));
#6405=FACE_BOUND('',#6404,.F.);
#6407=ORIENTED_EDGE('',*,*,#6406,.F.);
#6409=ORIENTED_EDGE('',*,*,#6408,.F.);
#6411=ORIENTED_EDGE('',*,*,#6410,.T.);
#6413=ORIENTED_EDGE('',*,*,#6412,.T.);
#6415=ORIENTED_EDGE('',*,*,#6414,.F.);
#6417=ORIENTED_EDGE('',*,*,#6416,.F.);
#6418=EDGE_LOOP('',(#6407,#6409,#6411,#6413,#6415,#6417));
#6419=FACE_BOUND('',#6418,.F.);
#6421=ORIENTED_EDGE('',*,*,#6420,.T.);
#6423=ORIENTED_EDGE('',*,*,#6422,.F.);
#6425=ORIENTED_EDGE('',*,*,#6424,.F.);
#6427=ORIENTED_EDGE('',*,*,#6426,.F.);
#6429=ORIENTED_EDGE('',*,*,#6428,.F.);
#6431=ORIENTED_EDGE('',*,*,#6430,.F.);
#6432=EDGE_LOOP('',(#6421,#6423,#6425,#6427,#6429,#6431));
#6433=FACE_BOUND('',#6432,.F.);
#6435=ORIENTED_EDGE('',*,*,#6434,.T.);
#6437=ORIENTED_EDGE('',*,*,#6436,.F.);
#6439=ORIENTED_EDGE('',*,*,#6438,.T.);
#6441=ORIENTED_EDGE('',*,*,#6440,.F.);
#6443=ORIENTED_EDGE('',*,*,#6442,.T.);
#6445=ORIENTED_EDGE('',*,*,#6444,.F.);
#6447=ORIENTED_EDGE('',*,*,#6446,.T.);
#6449=ORIENTED_EDGE('',*,*,#6448,.F.);
#6450=EDGE_LOOP('',(#6435,#6437,#6439,#6441,#6443,#6445,#6447,#6449));
#6451=FACE_BOUND('',#6450,.F.);
#6453=ORIENTED_EDGE('',*,*,#6452,.T.);
#6455=ORIENTED_EDGE('',*,*,#6454,.F.);
#6457=ORIENTED_EDGE('',*,*,#6456,.T.);
#6459=ORIENTED_EDGE('',*,*,#6458,.F.);
#6461=ORIENTED_EDGE('',*,*,#6460,.T.);
#6463=ORIENTED_EDGE('',*,*,#6462,.T.);
#6465=ORIENTED_EDGE('',*,*,#6464,.T.);
#6467=ORIENTED_EDGE('',*,*,#6466,.F.);
#6469=ORIENTED_EDGE('',*,*,#6468,.T.);
#6471=ORIENTED_EDGE('',*,*,#6470,.F.);
#6473=ORIENTED_EDGE('',*,*,#6472,.T.);
#6475=ORIENTED_EDGE('',*,*,#6474,.F.);
#6477=ORIENTED_EDGE('',*,*,#6476,.T.);
#6479=ORIENTED_EDGE('',*,*,#6478,.F.);
#6480=EDGE_LOOP('',(#6453,#6455,#6457,#6459,#6461,#6463,#6465,#6467,#6469,#6471,
#6473,#6475,#6477,#6479));
#6481=FACE_BOUND('',#6480,.F.);
#6482=ADVANCED_FACE('',(#6275,#6289,#6295,#6345,#6391,#6405,#6419,#6433,#6451,
#6481),#6248,.F.);
#6483=CARTESIAN_POINT('',(1.285E0,8.099652825831E1,-7.491497106304E-1));
#6484=CARTESIAN_POINT('',(1.285E0,8.099884259273E1,-8.329053378420E-1));
#6485=CARTESIAN_POINT('',(1.285E0,8.103928362775E1,-3.754765907183E0));
#6486=CARTESIAN_POINT('',(1.285E0,7.963600689594E1,-6.561325446023E0));
#6487=CARTESIAN_POINT('',(1.285E0,7.687663366858E1,-9.114906587509E0));
#6488=CARTESIAN_POINT('',(1.285E0,7.681389259869E1,-9.172227644122E0));
#6490=DIRECTION('',(-1.E0,0.E0,0.E0));
#6491=VECTOR('',#6490,1.E0);
#6492=SURFACE_OF_LINEAR_EXTRUSION('',#6489,#6491);
#6494=ORIENTED_EDGE('',*,*,#6493,.T.);
#6496=ORIENTED_EDGE('',*,*,#6495,.T.);
#6497=ORIENTED_EDGE('',*,*,#6235,.F.);
#6498=ORIENTED_EDGE('',*,*,#6249,.T.);
#6499=EDGE_LOOP('',(#6494,#6496,#6497,#6498));
#6500=FACE_OUTER_BOUND('',#6499,.F.);
#6501=ADVANCED_FACE('',(#6500),#6492,.T.);
#6502=CARTESIAN_POINT('',(1.284999999557E2,8.099652849049E1,
-7.491581128918E-1));
#6503=CARTESIAN_POINT('',(1.284999999557E2,8.099884280885E1,
-8.329159501229E-1));
#6504=CARTESIAN_POINT('',(1.284999999557E2,8.103928002927E1,-3.754773252148E0));
#6505=CARTESIAN_POINT('',(1.284999999557E2,7.963600212295E1,-6.561329873814E0));
#6506=CARTESIAN_POINT('',(1.284999999557E2,7.687663362856E1,-9.114906624537E0));
#6507=CARTESIAN_POINT('',(1.284999999557E2,7.681389253884E1,-9.172227698803E0));
#6509=DIRECTION('',(-1.E0,0.E0,0.E0));
#6510=VECTOR('',#6509,1.E0);
#6511=SURFACE_OF_LINEAR_EXTRUSION('',#6508,#6510);
#6512=ORIENTED_EDGE('',*,*,#6272,.T.);
#6514=ORIENTED_EDGE('',*,*,#6513,.T.);
#6516=ORIENTED_EDGE('',*,*,#6515,.T.);
#6517=ORIENTED_EDGE('',*,*,#6493,.F.);
#6518=EDGE_LOOP('',(#6512,#6514,#6516,#6517));
#6519=FACE_OUTER_BOUND('',#6518,.F.);
#6520=ADVANCED_FACE('',(#6519),#6511,.T.);
#6521=CARTESIAN_POINT('',(1.404952497305E2,6.874996013097E1,
-7.427667888543E-1));
#6522=CARTESIAN_POINT('',(1.405055381928E2,6.973909594256E1,
-7.427667888542E-1));
#6523=CARTESIAN_POINT('',(1.404093027458E2,7.157541352314E1,
-7.427667888543E-1));
#6524=CARTESIAN_POINT('',(1.399760715536E2,7.364555592506E1,
-7.427667888541E-1));
#6525=CARTESIAN_POINT('',(1.394483081121E2,7.509550240251E1,
-7.427667888545E-1));
#6526=CARTESIAN_POINT('',(1.389538270222E2,7.610400371454E1,
-7.427667888553E-1));
#6527=CARTESIAN_POINT('',(1.383588322343E2,7.702813421837E1,
-7.427667888556E-1));
#6528=CARTESIAN_POINT('',(1.376618301620E2,7.786321706483E1,
-7.427667888542E-1));
#6529=CARTESIAN_POINT('',(1.368598356870E2,7.860169358968E1,
-7.427667888530E-1));
#6530=CARTESIAN_POINT('',(1.356526844029E2,7.945450196819E1,
-7.427667888545E-1));
#6531=CARTESIAN_POINT('',(1.338930394906E2,8.027473265780E1,
-7.427667888519E-1));
#6532=CARTESIAN_POINT('',(1.313335792621E2,8.088164512461E1,
-7.427667888633E-1));
#6533=CARTESIAN_POINT('',(1.293465897618E2,8.100700317754E1,
-7.427667888648E-1));
#6534=CARTESIAN_POINT('',(1.282485888936E2,8.099519850986E1,
-7.427667888514E-1));
#6535=CARTESIAN_POINT('',(1.405775014626E2,6.874911089567E1,-3.736590387991E0));
#6536=CARTESIAN_POINT('',(1.405878143745E2,6.974155601625E1,-3.736590387991E0));
#6537=CARTESIAN_POINT('',(1.404913755482E2,7.158514303234E1,-3.736590387991E0));
#6538=CARTESIAN_POINT('',(1.400557839181E2,7.366705594214E1,-3.736590387990E0));
#6539=CARTESIAN_POINT('',(1.395241933908E2,7.512762588388E1,-3.736590387991E0));
#6540=CARTESIAN_POINT('',(1.390256654480E2,7.614439542708E1,-3.736590387992E0));
#6541=CARTESIAN_POINT('',(1.384253749225E2,7.707682714158E1,-3.736590387992E0));
#6542=CARTESIAN_POINT('',(1.377216198410E2,7.792007030617E1,-3.736590387991E0));
#6543=CARTESIAN_POINT('',(1.369116496488E2,7.866581441119E1,-3.736590387989E0));
#6544=CARTESIAN_POINT('',(1.356932345877E2,7.952651128314E1,-3.736590387991E0));
#6545=CARTESIAN_POINT('',(1.339192318209E2,8.035334161596E1,-3.736590387988E0));
#6546=CARTESIAN_POINT('',(1.313447687689E2,8.096355672643E1,-3.736590388E0));
#6547=CARTESIAN_POINT('',(1.293494718070E2,8.108929105656E1,-3.736590388001E0));
#6548=CARTESIAN_POINT('',(1.282477150799E2,8.107744909061E1,-3.736590387988E0));
#6549=CARTESIAN_POINT('',(1.391864185182E2,6.876347359305E1,-6.546239990025E0));
#6550=CARTESIAN_POINT('',(1.391963179239E2,6.969995000398E1,-6.546239990025E0));
#6551=CARTESIAN_POINT('',(1.391033187512E2,7.142059264557E1,-6.546239990025E0));
#6552=CARTESIAN_POINT('',(1.387076480436E2,7.330343676536E1,-6.546239990025E0));
#6553=CARTESIAN_POINT('',(1.382407831284E2,7.458433729940E1,-6.546239990025E0));
#6554=CARTESIAN_POINT('',(1.378106976113E2,7.546127032988E1,-6.546239990026E0));
#6555=CARTESIAN_POINT('',(1.372999712803E2,7.625330776576E1,-6.546239990026E0));
#6556=CARTESIAN_POINT('',(1.367104265102E2,7.695853949755E1,-6.546239990025E0));
#6557=CARTESIAN_POINT('',(1.360353456861E2,7.758137060646E1,-6.546239990024E0));
#6558=CARTESIAN_POINT('',(1.350074293280E2,7.830865328256E1,-6.546239990025E0));
#6559=CARTESIAN_POINT('',(1.334762538678E2,7.902386710703E1,-6.546239990023E0));
#6560=CARTESIAN_POINT('',(1.311555261612E2,7.957822623562E1,-6.546239990034E0));
#6561=CARTESIAN_POINT('',(1.293007291982E2,7.969759677514E1,-6.546239990036E0));
#6562=CARTESIAN_POINT('',(1.282624934620E2,7.968638561618E1,-6.546239990022E0));
#6563=CARTESIAN_POINT('',(1.363143517199E2,6.879312719957E1,-9.170759410559E0));
#6564=CARTESIAN_POINT('',(1.363233973898E2,6.961404912587E1,-9.170759410559E0));
#6565=CARTESIAN_POINT('',(1.362374998169E2,7.108085754606E1,-9.170759410559E0));
#6566=CARTESIAN_POINT('',(1.359242509069E2,7.255269895411E1,-9.170759410558E0));
#6567=CARTESIAN_POINT('',(1.355910202093E2,7.346264925647E1,-9.170759410559E0));
#6568=CARTESIAN_POINT('',(1.353022427425E2,7.405087210826E1,-9.170759410560E0));
#6569=CARTESIAN_POINT('',(1.349764330261E2,7.455304778725E1,-9.170759410560E0));
#6570=CARTESIAN_POINT('',(1.346226898984E2,7.497333744883E1,-9.170759410559E0));
#6571=CARTESIAN_POINT('',(1.342261052473E2,7.534239912105E1,-9.170759410557E0));
#6572=CARTESIAN_POINT('',(1.335914975718E2,7.579423130450E1,-9.170759410559E0));
#6573=CARTESIAN_POINT('',(1.325616698189E2,7.627899872097E1,-9.170759410556E0));
#6574=CARTESIAN_POINT('',(1.307648108465E2,7.671803610561E1,-9.170759410568E0));
#6575=CARTESIAN_POINT('',(1.292000939132E2,7.682426779403E1,-9.170759410569E0));
#6576=CARTESIAN_POINT('',(1.282930053024E2,7.681435901592E1,-9.170759410556E0));
#6577=B_SPLINE_SURFACE_WITH_KNOTS('',3,3,((#6521,#6522,#6523,#6524,#6525,#6526,
#6527,#6528,#6529,#6530,#6531,#6532,#6533,#6534),(#6535,#6536,#6537,#6538,#6539,
#6540,#6541,#6542,#6543,#6544,#6545,#6546,#6547,#6548),(#6549,#6550,#6551,#6552,
#6553,#6554,#6555,#6556,#6557,#6558,#6559,#6560,#6561,#6562),(#6563,#6564,#6565,
#6566,#6567,#6568,#6569,#6570,#6571,#6572,#6573,#6574,#6575,#6576)),
.UNSPECIFIED.,.F.,.F.,.F.,(4,4),(4,1,1,1,1,1,1,1,1,1,1,4),(-3.021208567863E-2,
1.022802643537E0),(8.748839938748E-1,8.917719241303E-1,9.072330778260E-1,
9.149636546738E-1,9.226942315216E-1,9.304248083695E-1,9.381553852173E-1,
9.458859620652E-1,9.536165389130E-1,9.690776926087E-1,9.845388463158E-1,
1.001283874966E0),.UNSPECIFIED.);
#6578=ORIENTED_EDGE('',*,*,#6270,.F.);
#6580=ORIENTED_EDGE('',*,*,#6579,.T.);
#6582=ORIENTED_EDGE('',*,*,#6581,.F.);
#6583=ORIENTED_EDGE('',*,*,#6513,.F.);
#6584=EDGE_LOOP('',(#6578,#6580,#6582,#6583));
#6585=FACE_OUTER_BOUND('',#6584,.F.);
#6586=ADVANCED_FACE('',(#6585),#6577,.T.);
#6587=CARTESIAN_POINT('',(1.404965277919E2,-6.899999995565E1,
-7.491328238700E-1));
#6588=CARTESIAN_POINT('',(1.404988421455E2,-6.899999995565E1,
-8.328835357438E-1));
#6589=CARTESIAN_POINT('',(1.405392910756E2,-6.899999995565E1,
-3.754750698968E0));
#6590=CARTESIAN_POINT('',(1.391360169405E2,-6.899999995565E1,
-6.561316126397E0));
#6591=CARTESIAN_POINT('',(1.363766337577E2,-6.899999995565E1,
-9.114906505173E0));
#6592=CARTESIAN_POINT('',(1.363138927302E2,-6.899999995565E1,
-9.172227524095E0));
#6594=DIRECTION('',(0.E0,1.E0,0.E0));
#6595=VECTOR('',#6594,1.E0);
#6596=SURFACE_OF_LINEAR_EXTRUSION('',#6593,#6595);
#6597=ORIENTED_EDGE('',*,*,#6268,.T.);
#6599=ORIENTED_EDGE('',*,*,#6598,.T.);
#6601=ORIENTED_EDGE('',*,*,#6600,.T.);
#6602=ORIENTED_EDGE('',*,*,#6579,.F.);
#6603=EDGE_LOOP('',(#6597,#6599,#6601,#6602));
#6604=FACE_OUTER_BOUND('',#6603,.F.);
#6605=ADVANCED_FACE('',(#6604),#6596,.T.);
#6606=CARTESIAN_POINT('',(1.282499199442E2,-8.099524928358E1,
-7.427657306892E-1));
#6607=CARTESIAN_POINT('',(1.292390699761E2,-8.100553952462E1,
-7.427657306892E-1));
#6608=CARTESIAN_POINT('',(1.310754017067E2,-8.090930518910E1,
-7.427657306892E-1));
#6609=CARTESIAN_POINT('',(1.331455559174E2,-8.047607152551E1,
-7.427657306892E-1));
#6610=CARTESIAN_POINT('',(1.345955023913E2,-7.994830808541E1,
-7.427657306892E-1));
#6611=CARTESIAN_POINT('',(1.356040037003E2,-7.945382699695E1,
-7.427657306893E-1));
#6612=CARTESIAN_POINT('',(1.365281342012E2,-7.885883221087E1,
-7.427657306892E-1));
#6613=CARTESIAN_POINT('',(1.373632170448E2,-7.816183014110E1,
-7.427657306893E-1));
#6614=CARTESIAN_POINT('',(1.381016935671E2,-7.735983566871E1,
-7.427657306891E-1));
#6615=CARTESIAN_POINT('',(1.389545019429E2,-7.615268438859E1,
-7.427657306883E-1));
#6616=CARTESIAN_POINT('',(1.397747326302E2,-7.439303948139E1,
-7.427657306893E-1));
#6617=CARTESIAN_POINT('',(1.403816450643E2,-7.183357939039E1,
-7.427657306903E-1));
#6618=CARTESIAN_POINT('',(1.405070031293E2,-6.984659006505E1,
-7.427657306892E-1));
#6619=CARTESIAN_POINT('',(1.404951984861E2,-6.874858937922E1,
-7.427657306893E-1));
#6620=CARTESIAN_POINT('',(1.282490705708E2,-8.107750136800E1,
-3.736589599662E0));
#6621=CARTESIAN_POINT('',(1.292415299575E2,-8.108781606271E1,
-3.736589599662E0));
#6622=CARTESIAN_POINT('',(1.310851311905E2,-8.099137835765E1,
-3.736589599662E0));
#6623=CARTESIAN_POINT('',(1.331670560269E2,-8.055578423246E1,
-3.736589599662E0));
#6624=CARTESIAN_POINT('',(1.346276260106E2,-8.002419369016E1,
-3.736589599662E0));
#6625=CARTESIAN_POINT('',(1.356443955864E2,-7.952566573142E1,
-3.736589599662E0));
#6626=CARTESIAN_POINT('',(1.365768273336E2,-7.892537518508E1,
-3.736589599662E0));
#6627=CARTESIAN_POINT('',(1.374200705304E2,-7.822162007710E1,
-3.736589599662E0));
#6628=CARTESIAN_POINT('',(1.381658146642E2,-7.741164985325E1,
-3.736589599662E0));
#6629=CARTESIAN_POINT('',(1.390265115672E2,-7.619323474757E1,
-3.736589599661E0));
#6630=CARTESIAN_POINT('',(1.398533419261E2,-7.441923192418E1,
-3.736589599662E0));
#6631=CARTESIAN_POINT('',(1.404635570179E2,-7.184476894618E1,
-3.736589599663E0));
#6632=CARTESIAN_POINT('',(1.405892913619E2,-6.984947212396E1,
-3.736589599662E0));
#6633=CARTESIAN_POINT('',(1.405774494203E2,-6.874771556328E1,
-3.736589599662E0));
#6634=CARTESIAN_POINT('',(1.282634355407E2,-7.968641857183E1,
-6.546239443777E0));
#6635=CARTESIAN_POINT('',(1.291999256876E2,-7.969631969499E1,
-6.546239443777E0));
#6636=CARTESIAN_POINT('',(1.309205819553E2,-7.960332146390E1,
-6.546239443777E0));
#6637=CARTESIAN_POINT('',(1.328034368844E2,-7.920764848543E1,
-6.546239443777E0));
#6638=CARTESIAN_POINT('',(1.340843374775E2,-7.874078354900E1,
-6.546239443777E0));
#6639=CARTESIAN_POINT('',(1.349612705537E2,-7.831069800949E1,
-6.546239443776E0));
#6640=CARTESIAN_POINT('',(1.357533080356E2,-7.779997164902E1,
-6.546239443776E0));
#6641=CARTESIAN_POINT('',(1.364585398127E2,-7.721042684153E1,
-6.546239443777E0));
#6642=CARTESIAN_POINT('',(1.370813709618E2,-7.653534597332E1,
-6.546239443777E0));
#6643=CARTESIAN_POINT('',(1.378086536816E2,-7.550742955272E1,
-6.546239443776E0));
#6644=CARTESIAN_POINT('',(1.385238675427E2,-7.397625401290E1,
-6.546239443777E0));
#6645=CARTESIAN_POINT('',(1.390782266608E2,-7.165552634322E1,
-6.546239443778E0));
#6646=CARTESIAN_POINT('',(1.391975972130E2,-6.980072949820E1,
-6.546239443777E0));
#6647=CARTESIAN_POINT('',(1.391863860770E2,-6.876249391596E1,
-6.546239443777E0));
#6648=CARTESIAN_POINT('',(1.282930938430E2,-7.681435171589E1,
-9.170759078432E0));
#6649=CARTESIAN_POINT('',(1.291140283959E2,-7.682339896806E1,
-9.170759078432E0));
#6650=CARTESIAN_POINT('',(1.305808491902E2,-7.673750196723E1,
-9.170759078432E0));
#6651=CARTESIAN_POINT('',(1.320526990490E2,-7.642425125916E1,
-9.170759078432E0));
#6652=CARTESIAN_POINT('',(1.329626493985E2,-7.609102054478E1,
-9.170759078432E0));
#6653=CARTESIAN_POINT('',(1.335508722869E2,-7.580224305999E1,
-9.170759078432E0));
#6654=CARTESIAN_POINT('',(1.340530480025E2,-7.547643332020E1,
-9.170759078432E0));
#6655=CARTESIAN_POINT('',(1.344733377001E2,-7.512269016270E1,
-9.170759078432E0));
#6656=CARTESIAN_POINT('',(1.348423994044E2,-7.472610547650E1,
-9.170759078432E0));
#6657=CARTESIAN_POINT('',(1.352942316227E2,-7.409149775108E1,
-9.170759078432E0));
#6658=CARTESIAN_POINT('',(1.357789990684E2,-7.306166993466E1,
-9.170759078432E0));
#6659=CARTESIAN_POINT('',(1.362180364450E2,-7.126481098887E1,
-9.170759078433E0));
#6660=CARTESIAN_POINT('',(1.363242681415E2,-6.970009416556E1,
-9.170759078432E0));
#6661=CARTESIAN_POINT('',(1.363143593839E2,-6.879300569931E1,
-9.170759078432E0));
#6662=B_SPLINE_SURFACE_WITH_KNOTS('',3,3,((#6606,#6607,#6608,#6609,#6610,#6611,
#6612,#6613,#6614,#6615,#6616,#6617,#6618,#6619),(#6620,#6621,#6622,#6623,#6624,
#6625,#6626,#6627,#6628,#6629,#6630,#6631,#6632,#6633),(#6634,#6635,#6636,#6637,
#6638,#6639,#6640,#6641,#6642,#6643,#6644,#6645,#6646,#6647),(#6648,#6649,#6650,
#6651,#6652,#6653,#6654,#6655,#6656,#6657,#6658,#6659,#6660,#6661)),
.UNSPECIFIED.,.F.,.F.,.F.,(4,4),(4,1,1,1,1,1,1,1,1,1,1,4),(-3.021220974107E-2,
1.022802599118E0),(9.204681085685E-1,9.312033039418E-1,9.410314033787E-1,
9.459454530972E-1,9.508595028156E-1,9.557735525340E-1,9.606876022525E-1,
9.656016519709E-1,9.705157016894E-1,9.803438011262E-1,9.901719005704E-1,
1.000816111581E0),.UNSPECIFIED.);
#6663=ORIENTED_EDGE('',*,*,#6266,.F.);
#6665=ORIENTED_EDGE('',*,*,#6664,.T.);
#6667=ORIENTED_EDGE('',*,*,#6666,.T.);
#6668=ORIENTED_EDGE('',*,*,#6598,.F.);
#6669=EDGE_LOOP('',(#6663,#6665,#6667,#6668));
#6670=FACE_OUTER_BOUND('',#6669,.F.);
#6671=ADVANCED_FACE('',(#6670),#6662,.T.);
#6672=CARTESIAN_POINT('',(-9.976E1,-8.099654019303E1,-7.491581149808E-1));
#6673=CARTESIAN_POINT('',(-9.976E1,-8.099885040744E1,-8.329163036011E-1));
#6674=CARTESIAN_POINT('',(-9.976E1,-8.103915089502E1,-3.754755610041E0));
#6675=CARTESIAN_POINT('',(-9.976E1,-7.963600609359E1,-6.561327710811E0));
#6676=CARTESIAN_POINT('',(-9.976E1,-7.687663803539E1,-9.114902492672E0));
#6677=CARTESIAN_POINT('',(-9.976E1,-7.681389708950E1,-9.172223329906E0));
#6679=DIRECTION('',(1.E0,0.E0,0.E0));
#6680=VECTOR('',#6679,1.E0);
#6681=SURFACE_OF_LINEAR_EXTRUSION('',#6678,#6680);
#6683=ORIENTED_EDGE('',*,*,#6682,.T.);
#6684=ORIENTED_EDGE('',*,*,#6664,.F.);
#6685=ORIENTED_EDGE('',*,*,#6264,.T.);
#6687=ORIENTED_EDGE('',*,*,#6686,.T.);
#6688=EDGE_LOOP('',(#6683,#6684,#6685,#6687));
#6689=FACE_OUTER_BOUND('',#6688,.F.);
#6690=ADVANCED_FACE('',(#6689),#6681,.T.);
#6691=CARTESIAN_POINT('',(-1.405E2,-7.96E1,0.E0));
#6692=DIRECTION('',(0.E0,5.812381937191E-1,-8.137334712067E-1));
#6693=DIRECTION('',(1.E0,0.E0,0.E0));
#6694=AXIS2_PLACEMENT_3D('',#6691,#6692,#6693);
#6695=PLANE('',#6694);
#6697=ORIENTED_EDGE('',*,*,#6696,.F.);
#6698=ORIENTED_EDGE('',*,*,#6682,.F.);
#6700=ORIENTED_EDGE('',*,*,#6699,.F.);
#6702=ORIENTED_EDGE('',*,*,#6701,.F.);
#6703=EDGE_LOOP('',(#6697,#6698,#6700,#6702));
#6704=FACE_OUTER_BOUND('',#6703,.F.);
#6705=ADVANCED_FACE('',(#6704),#6695,.F.);
#6706=CARTESIAN_POINT('',(1.282720984229E2,-7.930042024735E1,
2.131693739191E-1));
#6707=CARTESIAN_POINT('',(1.282651421698E2,-7.999219700394E1,
-2.809804432758E-1));
#6708=CARTESIAN_POINT('',(1.282581859168E2,-8.068397376054E1,
-7.751302604706E-1));
#6709=CARTESIAN_POINT('',(1.282512296637E2,-8.137575051714E1,
-1.269280077666E0));
#6710=CARTESIAN_POINT('',(1.283481256039E2,-7.930117907317E1,
2.131693739191E-1));
#6711=CARTESIAN_POINT('',(1.283434526217E2,-7.999297760214E1,
-2.809804432758E-1));
#6712=CARTESIAN_POINT('',(1.283387796395E2,-8.068477613111E1,
-7.751302604706E-1));
#6713=CARTESIAN_POINT('',(1.283341066573E2,-8.137657466008E1,
-1.269280077666E0));
#6714=CARTESIAN_POINT('',(1.287807484596E2,-7.930337116047E1,
2.131693739191E-1));
#6715=CARTESIAN_POINT('',(1.287892769033E2,-7.999523499621E1,
-2.809804432758E-1));
#6716=CARTESIAN_POINT('',(1.287978053470E2,-8.068709883195E1,
-7.751302604706E-1));
#6717=CARTESIAN_POINT('',(1.288063337907E2,-8.137896266769E1,
-1.269280077666E0));
#6718=CARTESIAN_POINT('',(1.295659805353E2,-7.928452896697E1,
2.131693739191E-1));
#6719=CARTESIAN_POINT('',(1.296007512731E2,-7.997581848784E1,
-2.809804432758E-1));
#6720=CARTESIAN_POINT('',(1.296355220109E2,-8.066710800871E1,
-7.751302604706E-1));
#6721=CARTESIAN_POINT('',(1.296702927488E2,-8.135839752958E1,
-1.269280077666E0));
#6722=CARTESIAN_POINT('',(1.306198944562E2,-7.920044627012E1,
2.131693739191E-1));
#6723=CARTESIAN_POINT('',(1.306961700646E2,-7.988852980071E1,
-2.809804432758E-1));
#6724=CARTESIAN_POINT('',(1.307724456730E2,-8.057661333131E1,
-7.751302604706E-1));
#6725=CARTESIAN_POINT('',(1.308487212813E2,-8.126469686191E1,
-1.269280077666E0));
#6726=CARTESIAN_POINT('',(1.316612783860E2,-7.904835797269E1,
2.131693739191E-1));
#6727=CARTESIAN_POINT('',(1.317863355466E2,-7.972947258802E1,
-2.809804432758E-1));
#6728=CARTESIAN_POINT('',(1.319113927071E2,-8.041058720335E1,
-7.751302604706E-1));
#6729=CARTESIAN_POINT('',(1.320364498677E2,-8.109170181868E1,
-1.269280077666E0));
#6730=CARTESIAN_POINT('',(1.324311017445E2,-7.887392302020E1,
2.131693739191E-1));
#6731=CARTESIAN_POINT('',(1.325994085895E2,-7.954542005715E1,
-2.809804432758E-1));
#6732=CARTESIAN_POINT('',(1.327677154344E2,-8.021691709410E1,
-7.751302604706E-1));
#6733=CARTESIAN_POINT('',(1.329360222794E2,-8.088841413105E1,
-1.269280077666E0));
#6734=CARTESIAN_POINT('',(1.329385637934E2,-7.872708455950E1,
2.131693739191E-1));
#6735=CARTESIAN_POINT('',(1.331389851159E2,-7.938930084060E1,
-2.809804432758E-1));
#6736=CARTESIAN_POINT('',(1.333394064384E2,-8.005151712171E1,
-7.751302604706E-1));
#6737=CARTESIAN_POINT('',(1.335398277608E2,-8.071373340281E1,
-1.269280077666E0));
#6738=CARTESIAN_POINT('',(1.332753990892E2,-7.862048477040E1,
2.131693739191E-1));
#6739=CARTESIAN_POINT('',(1.334981439836E2,-7.927564283836E1,
-2.809804432758E-1));
#6740=CARTESIAN_POINT('',(1.337208888779E2,-7.993080090632E1,
-7.751302604706E-1));
#6741=CARTESIAN_POINT('',(1.339436337722E2,-8.058595897428E1,
-1.269280077666E0));
#6742=CARTESIAN_POINT('',(1.336877390418E2,-7.847208655016E1,
2.131693739191E-1));
#6743=CARTESIAN_POINT('',(1.339397428388E2,-7.911675441397E1,
-2.809804432758E-1));
#6744=CARTESIAN_POINT('',(1.341917466358E2,-7.976142227778E1,
-7.751302604706E-1));
#6745=CARTESIAN_POINT('',(1.344437504327E2,-8.040609014160E1,
-1.269280077666E0));
#6746=CARTESIAN_POINT('',(1.341685764326E2,-7.826791968777E1,
2.131693739190E-1));
#6747=CARTESIAN_POINT('',(1.344578120777E2,-7.889683288364E1,
-2.809804432758E-1));
#6748=CARTESIAN_POINT('',(1.347470477228E2,-7.952574607952E1,
-7.751302604707E-1));
#6749=CARTESIAN_POINT('',(1.350362833679E2,-8.015465927539E1,
-1.269280077665E0));
#6750=CARTESIAN_POINT('',(1.345567005338E2,-7.807454102928E1,
2.131693739191E-1));
#6751=CARTESIAN_POINT('',(1.348785257076E2,-7.868726590955E1,
-2.809804432758E-1));
#6752=CARTESIAN_POINT('',(1.352003508813E2,-7.929999078982E1,
-7.751302604706E-1));
#6753=CARTESIAN_POINT('',(1.355221760551E2,-7.991271567008E1,
-1.269280077666E0));
#6754=CARTESIAN_POINT('',(1.348592120367E2,-7.790482225115E1,
2.131693739190E-1));
#6755=CARTESIAN_POINT('',(1.352078385352E2,-7.850252082440E1,
-2.809804432758E-1));
#6756=CARTESIAN_POINT('',(1.355564650337E2,-7.910021939764E1,
-7.751302604707E-1));
#6757=CARTESIAN_POINT('',(1.359050915322E2,-7.969791797088E1,
-1.269280077665E0));
#6758=CARTESIAN_POINT('',(1.350819767691E2,-7.776972249420E1,
2.131693739191E-1));
#6759=CARTESIAN_POINT('',(1.354509949690E2,-7.835506157682E1,
-2.809804432758E-1));
#6760=CARTESIAN_POINT('',(1.358200131688E2,-7.894040065945E1,
-7.751302604706E-1));
#6761=CARTESIAN_POINT('',(1.361890313687E2,-7.952573974207E1,
-1.269280077666E0));
#6762=CARTESIAN_POINT('',(1.353004866791E2,-7.762651827319E1,
2.131693739191E-1));
#6763=CARTESIAN_POINT('',(1.356901010863E2,-7.819836650215E1,
-2.809804432758E-1));
#6764=CARTESIAN_POINT('',(1.360797154935E2,-7.877021473110E1,
-7.751302604706E-1));
#6765=CARTESIAN_POINT('',(1.364693299008E2,-7.934206296006E1,
-1.269280077666E0));
#6766=CARTESIAN_POINT('',(1.355146596980E2,-7.747478691186E1,
2.131693739190E-1));
#6767=CARTESIAN_POINT('',(1.359249819360E2,-7.803197126671E1,
-2.809804432758E-1));
#6768=CARTESIAN_POINT('',(1.363353041740E2,-7.858915562156E1,
-7.751302604707E-1));
#6769=CARTESIAN_POINT('',(1.367456264121E2,-7.914633997642E1,
-1.269280077665E0));
#6770=CARTESIAN_POINT('',(1.357212331938E2,-7.731664933389E1,
2.131693739191E-1));
#6771=CARTESIAN_POINT('',(1.361519502348E2,-7.785822630818E1,
-2.809804432758E-1));
#6772=CARTESIAN_POINT('',(1.365826672759E2,-7.839980328247E1,
-7.751302604706E-1));
#6773=CARTESIAN_POINT('',(1.370133843169E2,-7.894138025676E1,
-1.269280077666E0));
#6774=CARTESIAN_POINT('',(1.359872779665E2,-7.709678853260E1,
2.131693739191E-1));
#6775=CARTESIAN_POINT('',(1.364446811712E2,-7.761631845665E1,
-2.809804432758E-1));
#6776=CARTESIAN_POINT('',(1.369020843760E2,-7.813584838069E1,
-7.751302604706E-1));
#6777=CARTESIAN_POINT('',(1.373594875808E2,-7.865537830473E1,
-1.269280077666E0));
#6778=CARTESIAN_POINT('',(1.363020322413E2,-7.680519684972E1,
2.131693739191E-1));
#6779=CARTESIAN_POINT('',(1.367915246065E2,-7.729501277712E1,
-2.809804432758E-1));
#6780=CARTESIAN_POINT('',(1.372810169717E2,-7.778482870452E1,
-7.751302604706E-1));
#6781=CARTESIAN_POINT('',(1.377705093369E2,-7.827464463191E1,
-1.269280077666E0));
#6782=CARTESIAN_POINT('',(1.365934829577E2,-7.649099635354E1,
2.131693739191E-1));
#6783=CARTESIAN_POINT('',(1.371126774574E2,-7.694877717055E1,
-2.809804432758E-1));
#6784=CARTESIAN_POINT('',(1.376318719572E2,-7.740655798755E1,
-7.751302604706E-1));
#6785=CARTESIAN_POINT('',(1.381510664570E2,-7.786433880456E1,
-1.269280077666E0));
#6786=CARTESIAN_POINT('',(1.368128609805E2,-7.622597786959E1,
2.131693739191E-1));
#6787=CARTESIAN_POINT('',(1.373540605060E2,-7.665716780036E1,
-2.809804432758E-1));
#6788=CARTESIAN_POINT('',(1.378952600314E2,-7.708835773113E1,
-7.751302604706E-1));
#6789=CARTESIAN_POINT('',(1.384364595569E2,-7.751954766191E1,
-1.269280077666E0));
#6790=CARTESIAN_POINT('',(1.369705670700E2,-7.602034403525E1,
2.131693739191E-1));
#6791=CARTESIAN_POINT('',(1.375273381057E2,-7.643122338125E1,
-2.809804432758E-1));
#6792=CARTESIAN_POINT('',(1.380841091414E2,-7.684210272726E1,
-7.751302604706E-1));
#6793=CARTESIAN_POINT('',(1.386408801771E2,-7.725298207327E1,
-1.269280077666E0));
#6794=CARTESIAN_POINT('',(1.371214606282E2,-7.580789490292E1,
2.131693739191E-1));
#6795=CARTESIAN_POINT('',(1.376928256851E2,-7.619821748378E1,
-2.809804432758E-1));
#6796=CARTESIAN_POINT('',(1.382641907420E2,-7.658854006465E1,
-7.751302604706E-1));
#6797=CARTESIAN_POINT('',(1.388355557989E2,-7.697886264551E1,
-1.269280077666E0));
#6798=CARTESIAN_POINT('',(1.372657233541E2,-7.558834748503E1,
2.131693739191E-1));
#6799=CARTESIAN_POINT('',(1.378506915957E2,-7.595795695653E1,
-2.809804432758E-1));
#6800=CARTESIAN_POINT('',(1.384356598373E2,-7.632756642803E1,
-7.751302604706E-1));
#6801=CARTESIAN_POINT('',(1.390206280789E2,-7.669717589952E1,
-1.269280077666E0));
#6802=CARTESIAN_POINT('',(1.374013593675E2,-7.536514975563E1,
2.131693739190E-1));
#6803=CARTESIAN_POINT('',(1.379987462064E2,-7.571431119194E1,
-2.809804432758E-1));
#6804=CARTESIAN_POINT('',(1.385961330454E2,-7.606347262825E1,
-7.751302604707E-1));
#6805=CARTESIAN_POINT('',(1.391935198843E2,-7.641263406457E1,
-1.269280077665E0));
#6806=CARTESIAN_POINT('',(1.375715807467E2,-7.506234787950E1,
2.131693739191E-1));
#6807=CARTESIAN_POINT('',(1.381840516061E2,-7.538465877220E1,
-2.809804432758E-1));
#6808=CARTESIAN_POINT('',(1.387965224655E2,-7.570696966491E1,
-7.751302604706E-1));
#6809=CARTESIAN_POINT('',(1.394089933249E2,-7.602928055761E1,
-1.269280077666E0));
#6810=CARTESIAN_POINT('',(1.377651033852E2,-7.467463638138E1,
2.131693739190E-1));
#6811=CARTESIAN_POINT('',(1.383937890003E2,-7.496436372135E1,
-2.809804432758E-1));
#6812=CARTESIAN_POINT('',(1.390224746154E2,-7.525409106132E1,
-7.751302604707E-1));
#6813=CARTESIAN_POINT('',(1.396511602306E2,-7.554381840129E1,
-1.269280077665E0));
#6814=CARTESIAN_POINT('',(1.379689857131E2,-7.419555409089E1,
2.131693739191E-1));
#6815=CARTESIAN_POINT('',(1.386134228373E2,-7.444814208545E1,
-2.809804432758E-1));
#6816=CARTESIAN_POINT('',(1.392578599615E2,-7.470073008E1,-7.751302604706E-1));
#6817=CARTESIAN_POINT('',(1.399022970857E2,-7.495331807456E1,
-1.269280077666E0));
#6818=CARTESIAN_POINT('',(1.381465887468E2,-7.370352097754E1,
2.131693739191E-1));
#6819=CARTESIAN_POINT('',(1.388036007866E2,-7.392114051751E1,
-2.809804432758E-1));
#6820=CARTESIAN_POINT('',(1.394606128264E2,-7.413876005748E1,
-7.751302604706E-1));
#6821=CARTESIAN_POINT('',(1.401176248662E2,-7.435637959744E1,
-1.269280077666E0));
#6822=CARTESIAN_POINT('',(1.382741741679E2,-7.328354800199E1,
2.131693739191E-1));
#6823=CARTESIAN_POINT('',(1.389394338896E2,-7.347390800466E1,
-2.809804432758E-1));
#6824=CARTESIAN_POINT('',(1.396046936113E2,-7.366426800734E1,
-7.751302604706E-1));
#6825=CARTESIAN_POINT('',(1.402699533331E2,-7.385462801001E1,
-1.269280077666E0));
#6826=CARTESIAN_POINT('',(1.383648563818E2,-7.294166460921E1,
2.131693739190E-1));
#6827=CARTESIAN_POINT('',(1.390356026771E2,-7.311131779594E1,
-2.809804432758E-1));
#6828=CARTESIAN_POINT('',(1.397063489724E2,-7.328097098267E1,
-7.751302604707E-1));
#6829=CARTESIAN_POINT('',(1.403770952677E2,-7.345062416940E1,
-1.269280077665E0));
#6830=CARTESIAN_POINT('',(1.384475660133E2,-7.259859349607E1,
2.131693739191E-1));
#6831=CARTESIAN_POINT('',(1.391230887182E2,-7.274841201727E1,
-2.809804432758E-1));
#6832=CARTESIAN_POINT('',(1.397986114231E2,-7.289823053846E1,
-7.751302604706E-1));
#6833=CARTESIAN_POINT('',(1.404741341281E2,-7.304804905966E1,
-1.269280077666E0));
#6834=CARTESIAN_POINT('',(1.385725757697E2,-7.199485164397E1,
2.131693739191E-1));
#6835=CARTESIAN_POINT('',(1.392548023475E2,-7.211212630320E1,
-2.809804432758E-1));
#6836=CARTESIAN_POINT('',(1.399370289253E2,-7.222940096242E1,
-7.751302604706E-1));
#6837=CARTESIAN_POINT('',(1.406192555032E2,-7.234667562165E1,
-1.269280077666E0));
#6838=CARTESIAN_POINT('',(1.387000678341E2,-7.112386420805E1,
2.131693739191E-1));
#6839=CARTESIAN_POINT('',(1.393881350639E2,-7.120030180342E1,
-2.809804432758E-1));
#6840=CARTESIAN_POINT('',(1.400762022937E2,-7.127673939880E1,
-7.751302604706E-1));
#6841=CARTESIAN_POINT('',(1.407642695235E2,-7.135317699417E1,
-1.269280077666E0));
#6842=CARTESIAN_POINT('',(1.387844989136E2,-7.006736078302E1,
2.131693739190E-1));
#6843=CARTESIAN_POINT('',(1.394757880617E2,-7.010217755592E1,
-2.809804432758E-1));
#6844=CARTESIAN_POINT('',(1.401670772099E2,-7.013699432882E1,
-7.751302604707E-1));
#6845=CARTESIAN_POINT('',(1.408583663580E2,-7.017181110172E1,
-1.269280077665E0));
#6846=CARTESIAN_POINT('',(1.388033741308E2,-6.928099261338E1,
2.131693739191E-1));
#6847=CARTESIAN_POINT('',(1.394952379999E2,-6.928952833586E1,
-2.809804432758E-1));
#6848=CARTESIAN_POINT('',(1.401871018691E2,-6.929806405834E1,
-7.751302604706E-1));
#6849=CARTESIAN_POINT('',(1.408789657382E2,-6.930659978082E1,
-1.269280077666E0));
#6850=CARTESIAN_POINT('',(1.388011784973E2,-6.884797765229E1,
2.131693739191E-1));
#6851=CARTESIAN_POINT('',(1.394929770207E2,-6.884330013187E1,
-2.809804432758E-1));
#6852=CARTESIAN_POINT('',(1.401847755442E2,-6.883862261145E1,
-7.751302604706E-1));
#6853=CARTESIAN_POINT('',(1.408765740676E2,-6.883394509103E1,
-1.269280077666E0));
#6854=CARTESIAN_POINT('',(1.388004185575E2,-6.877187687118E1,
2.131693739191E-1));
#6855=CARTESIAN_POINT('',(1.394921953122E2,-6.876491390957E1,
-2.809804432758E-1));
#6856=CARTESIAN_POINT('',(1.401839720668E2,-6.875795094796E1,
-7.751302604706E-1));
#6857=CARTESIAN_POINT('',(1.408757488215E2,-6.875098798635E1,
-1.269280077666E0));
#6858=B_SPLINE_SURFACE_WITH_KNOTS('',3,3,((#6706,#6707,#6708,#6709),(#6710,
#6711,#6712,#6713),(#6714,#6715,#6716,#6717),(#6718,#6719,#6720,#6721),(#6722,
#6723,#6724,#6725),(#6726,#6727,#6728,#6729),(#6730,#6731,#6732,#6733),(#6734,
#6735,#6736,#6737),(#6738,#6739,#6740,#6741),(#6742,#6743,#6744,#6745),(#6746,
#6747,#6748,#6749),(#6750,#6751,#6752,#6753),(#6754,#6755,#6756,#6757),(#6758,
#6759,#6760,#6761),(#6762,#6763,#6764,#6765),(#6766,#6767,#6768,#6769),(#6770,
#6771,#6772,#6773),(#6774,#6775,#6776,#6777),(#6778,#6779,#6780,#6781),(#6782,
#6783,#6784,#6785),(#6786,#6787,#6788,#6789),(#6790,#6791,#6792,#6793),(#6794,
#6795,#6796,#6797),(#6798,#6799,#6800,#6801),(#6802,#6803,#6804,#6805),(#6806,
#6807,#6808,#6809),(#6810,#6811,#6812,#6813),(#6814,#6815,#6816,#6817),(#6818,
#6819,#6820,#6821),(#6822,#6823,#6824,#6825),(#6826,#6827,#6828,#6829),(#6830,
#6831,#6832,#6833),(#6834,#6835,#6836,#6837),(#6838,#6839,#6840,#6841),(#6842,
#6843,#6844,#6845),(#6846,#6847,#6848,#6849),(#6850,#6851,#6852,#6853),(#6854,
#6855,#6856,#6857)),.UNSPECIFIED.,.F.,.F.,.F.,(4,1,1,1,1,1,1,1,1,1,1,1,1,1,1,1,
1,1,1,1,1,1,1,1,1,1,1,1,1,1,1,1,1,1,1,4),(4,4),(-1.331139799502E-2,0.E0,
6.250110774219E-2,1.250010346914E-1,1.875009616403E-1,2.500008885895E-1,
2.656258703268E-1,2.812508520640E-1,3.125008155385E-1,3.437507790131E-1,
3.750007424877E-1,3.906257242249E-1,4.062507059623E-1,4.218756876996E-1,
4.375006694368E-1,4.531256511741E-1,4.687506329113E-1,5.000005963858E-1,
5.312505598604E-1,5.468755415976E-1,5.625005233349E-1,5.781255050722E-1,
5.937504868095E-1,6.093754685469E-1,6.250004502841E-1,6.562504137586E-1,
6.875003772331E-1,7.187503407077E-1,7.500003041822E-1,7.656252859195E-1,
7.812502676567E-1,8.125002311313E-1,8.750001580805E-1,9.375000850295E-1,1.E0,
1.013313638687E0),(-2.880842597111E-1,1.285708042840E0),.UNSPECIFIED.);
#6860=ORIENTED_EDGE('',*,*,#6859,.T.);
#6861=ORIENTED_EDGE('',*,*,#6666,.F.);
#6862=ORIENTED_EDGE('',*,*,#6696,.T.);
#6864=ORIENTED_EDGE('',*,*,#6863,.T.);
#6865=EDGE_LOOP('',(#6860,#6861,#6862,#6864));
#6866=FACE_OUTER_BOUND('',#6865,.F.);
#6867=ADVANCED_FACE('',(#6866),#6858,.F.);
#6868=CARTESIAN_POINT('',(1.391E2,-8.1E1,0.E0));
#6869=DIRECTION('',(-5.812381937191E-1,0.E0,-8.137334712067E-1));
#6870=DIRECTION('',(0.E0,1.E0,0.E0));
#6871=AXIS2_PLACEMENT_3D('',#6868,#6869,#6870);
#6872=PLANE('',#6871);
#6874=ORIENTED_EDGE('',*,*,#6873,.F.);
#6875=ORIENTED_EDGE('',*,*,#6600,.F.);
#6876=ORIENTED_EDGE('',*,*,#6859,.F.);
#6878=ORIENTED_EDGE('',*,*,#6877,.F.);
#6879=EDGE_LOOP('',(#6874,#6875,#6876,#6878));
#6880=FACE_OUTER_BOUND('',#6879,.F.);
#6881=ADVANCED_FACE('',(#6880),#6872,.F.);
#6882=CARTESIAN_POINT('',(1.388109595794E2,6.899580541019E1,2.098944172463E-1));
#6883=CARTESIAN_POINT('',(1.394982576233E2,6.899633143182E1,
-2.831267074313E-1));
#6884=CARTESIAN_POINT('',(1.401855556671E2,6.899685745345E1,
-7.761478321089E-1));
#6885=CARTESIAN_POINT('',(1.408728537110E2,6.899738347509E1,-1.269168956787E0));
#6886=CARTESIAN_POINT('',(1.388008401489E2,6.900257168982E1,2.098940917853E-1));
#6887=CARTESIAN_POINT('',(1.394940144480E2,6.900169562790E1,
-2.831274456856E-1));
#6888=CARTESIAN_POINT('',(1.401871887471E2,6.900081956598E1,
-7.761489831565E-1));
#6889=CARTESIAN_POINT('',(1.408803630461E2,6.899994350405E1,-1.269170520627E0));
#6890=CARTESIAN_POINT('',(1.388080298288E2,6.900192705453E1,2.098951907240E-1));
#6891=CARTESIAN_POINT('',(1.394972135382E2,6.900232571817E1,
-2.831249528023E-1));
#6892=CARTESIAN_POINT('',(1.401863972477E2,6.900272438180E1,
-7.761450963285E-1));
#6893=CARTESIAN_POINT('',(1.408755809571E2,6.900312304544E1,-1.269165239855E0));
#6894=CARTESIAN_POINT('',(1.388051701726E2,6.900936178249E1,2.098947538667E-1));
#6895=CARTESIAN_POINT('',(1.394959401794E2,6.900947599609E1,
-2.831259437897E-1));
#6896=CARTESIAN_POINT('',(1.401867101862E2,6.900959020970E1,
-7.761466414461E-1));
#6897=CARTESIAN_POINT('',(1.408774801931E2,6.900970442330E1,-1.269167339103E0));
#6898=CARTESIAN_POINT('',(1.388068417224E2,6.901823139892E1,2.098950101553E-1));
#6899=CARTESIAN_POINT('',(1.394966808818E2,6.901892252881E1,
-2.831253624126E-1));
#6900=CARTESIAN_POINT('',(1.401865200412E2,6.901961365871E1,
-7.761457349806E-1));
#6901=CARTESIAN_POINT('',(1.408763592006E2,6.902030478860E1,-1.269166107549E0));
#6902=CARTESIAN_POINT('',(1.388058871617E2,6.903265744961E1,2.098948665898E-1));
#6903=CARTESIAN_POINT('',(1.394962471460E2,6.903362737021E1,
-2.831256880833E-1));
#6904=CARTESIAN_POINT('',(1.401866071303E2,6.903459729080E1,
-7.761462427564E-1));
#6905=CARTESIAN_POINT('',(1.408769671146E2,6.903556721140E1,-1.269166797430E0));
#6906=CARTESIAN_POINT('',(1.388061564883E2,6.904921463608E1,2.098949124755E-1));
#6907=CARTESIAN_POINT('',(1.394963488572E2,6.905075404426E1,
-2.831255839939E-1));
#6908=CARTESIAN_POINT('',(1.401865412262E2,6.905229345244E1,
-7.761460804632E-1));
#6909=CARTESIAN_POINT('',(1.408767335952E2,6.905383286063E1,-1.269166576933E0));
#6910=CARTESIAN_POINT('',(1.388060002863E2,6.907155053240E1,2.098948974563E-1));
#6911=CARTESIAN_POINT('',(1.394962453566E2,6.907376919758E1,
-2.831256180643E-1));
#6912=CARTESIAN_POINT('',(1.401864904269E2,6.907598786277E1,
-7.761461335849E-1));
#6913=CARTESIAN_POINT('',(1.408767354973E2,6.907820652795E1,-1.269166649106E0));
#6914=CARTESIAN_POINT('',(1.388059442304E2,6.909937491964E1,2.098949047730E-1));
#6915=CARTESIAN_POINT('',(1.394961594554E2,6.910247359467E1,
-2.831256014665E-1));
#6916=CARTESIAN_POINT('',(1.401863746804E2,6.910557226969E1,
-7.761461077060E-1));
#6917=CARTESIAN_POINT('',(1.408765899055E2,6.910867094471E1,-1.269166613946E0));
#6918=CARTESIAN_POINT('',(1.388056916346E2,6.914393225171E1,2.098949018992E-1));
#6919=CARTESIAN_POINT('',(1.394959099311E2,6.914842972946E1,
-2.831256079857E-1));
#6920=CARTESIAN_POINT('',(1.401861282275E2,6.915292720720E1,
-7.761461178706E-1));
#6921=CARTESIAN_POINT('',(1.408763465240E2,6.915742468495E1,-1.269166627756E0));
#6922=CARTESIAN_POINT('',(1.388052813962E2,6.919958921269E1,2.098949032993E-1));
#6923=CARTESIAN_POINT('',(1.394954813549E2,6.920585264561E1,
-2.831256048096E-1));
#6924=CARTESIAN_POINT('',(1.401856813136E2,6.921211607853E1,
-7.761461129186E-1));
#6925=CARTESIAN_POINT('',(1.408758812723E2,6.921837951146E1,-1.269166621028E0));
#6926=CARTESIAN_POINT('',(1.388043330485E2,6.928860147124E1,2.098949027494E-1));
#6927=CARTESIAN_POINT('',(1.394945048769E2,6.929771362247E1,
-2.831256060572E-1));
#6928=CARTESIAN_POINT('',(1.401846767052E2,6.930682577370E1,
-7.761461148639E-1));
#6929=CARTESIAN_POINT('',(1.408748485336E2,6.931593792493E1,-1.269166623671E0));
#6930=CARTESIAN_POINT('',(1.388026360699E2,6.939977164374E1,2.098949030173E-1));
#6931=CARTESIAN_POINT('',(1.394927520032E2,6.941249547875E1,
-2.831256054493E-1));
#6932=CARTESIAN_POINT('',(1.401828679365E2,6.942521931376E1,
-7.761461139159E-1));
#6933=CARTESIAN_POINT('',(1.408729838699E2,6.943794314877E1,-1.269166622383E0));
#6934=CARTESIAN_POINT('',(1.387987932291E2,6.957744581901E1,2.098949029120E-1));
#6935=CARTESIAN_POINT('',(1.394887825555E2,6.959605681995E1,
-2.831256056882E-1));
#6936=CARTESIAN_POINT('',(1.401787718819E2,6.961466782088E1,
-7.761461142883E-1));
#6937=CARTESIAN_POINT('',(1.408687612084E2,6.963327882182E1,-1.269166622889E0));
#6938=CARTESIAN_POINT('',(1.387918463666E2,6.979915556486E1,2.098949029634E-1));
#6939=CARTESIAN_POINT('',(1.394815991476E2,6.982533558426E1,
-2.831256055716E-1));
#6940=CARTESIAN_POINT('',(1.401713519286E2,6.985151560366E1,
-7.761461141065E-1));
#6941=CARTESIAN_POINT('',(1.408611047097E2,6.987769562306E1,-1.269166622642E0));
#6942=CARTESIAN_POINT('',(1.387760060324E2,7.015289431316E1,2.098949029431E-1));
#6943=CARTESIAN_POINT('',(1.394651970706E2,7.019165011594E1,
-2.831256056174E-1));
#6944=CARTESIAN_POINT('',(1.401543881088E2,7.023040591871E1,
-7.761461141780E-1));
#6945=CARTESIAN_POINT('',(1.408435791471E2,7.026916172149E1,-1.269166622739E0));
#6946=CARTESIAN_POINT('',(1.387470575599E2,7.059330873120E1,2.098949029531E-1));
#6947=CARTESIAN_POINT('',(1.394351678866E2,7.064870514713E1,
-2.831256055951E-1));
#6948=CARTESIAN_POINT('',(1.401232782134E2,7.070410156305E1,
-7.761461141433E-1));
#6949=CARTESIAN_POINT('',(1.408113885402E2,7.075949797898E1,-1.269166622692E0));
#6950=CARTESIAN_POINT('',(1.386965019503E2,7.111884050555E1,2.098949029498E-1));
#6951=CARTESIAN_POINT('',(1.393825436738E2,7.119584933533E1,
-2.831256056023E-1));
#6952=CARTESIAN_POINT('',(1.400685853972E2,7.127285816510E1,
-7.761461141544E-1));
#6953=CARTESIAN_POINT('',(1.407546271207E2,7.134986699488E1,-1.269166622707E0));
#6954=CARTESIAN_POINT('',(1.386289386007E2,7.164125348363E1,2.098949029506E-1));
#6955=CARTESIAN_POINT('',(1.393119731198E2,7.174168980971E1,
-2.831256056004E-1));
#6956=CARTESIAN_POINT('',(1.399950076390E2,7.184212613579E1,
-7.761461141515E-1));
#6957=CARTESIAN_POINT('',(1.406780421582E2,7.194256246187E1,-1.269166622703E0));
#6958=CARTESIAN_POINT('',(1.385140938752E2,7.233324261915E1,2.098949029503E-1));
#6959=CARTESIAN_POINT('',(1.391915195457E2,7.246760305570E1,
-2.831256056010E-1));
#6960=CARTESIAN_POINT('',(1.398689452162E2,7.260196349225E1,
-7.761461141522E-1));
#6961=CARTESIAN_POINT('',(1.405463708868E2,7.273632392880E1,-1.269166622704E0));
#6962=CARTESIAN_POINT('',(1.383783726779E2,7.293221702541E1,2.098949029504E-1));
#6963=CARTESIAN_POINT('',(1.390483351045E2,7.310013922917E1,
-2.831256056009E-1));
#6964=CARTESIAN_POINT('',(1.397182975311E2,7.326806143292E1,
-7.761461141522E-1));
#6965=CARTESIAN_POINT('',(1.403882599578E2,7.343598363667E1,-1.269166622704E0));
#6966=CARTESIAN_POINT('',(1.382314727185E2,7.343989188016E1,2.098949029504E-1));
#6967=CARTESIAN_POINT('',(1.388921755991E2,7.363985516839E1,
-2.831256056009E-1));
#6968=CARTESIAN_POINT('',(1.395528784798E2,7.383981845662E1,
-7.761461141522E-1));
#6969=CARTESIAN_POINT('',(1.402135813605E2,7.403978174486E1,-1.269166622704E0));
#6970=CARTESIAN_POINT('',(1.381248261582E2,7.377687510243E1,2.098949029504E-1));
#6971=CARTESIAN_POINT('',(1.387784869563E2,7.399911094524E1,
-2.831256056009E-1));
#6972=CARTESIAN_POINT('',(1.394321477544E2,7.422134678805E1,
-7.761461141522E-1));
#6973=CARTESIAN_POINT('',(1.400858085525E2,7.444358263085E1,-1.269166622704E0));
#6974=CARTESIAN_POINT('',(1.379763584251E2,7.418940893846E1,2.098949029504E-1));
#6975=CARTESIAN_POINT('',(1.386195529928E2,7.444083681689E1,
-2.831256056009E-1));
#6976=CARTESIAN_POINT('',(1.392627475605E2,7.469226469531E1,
-7.761461141522E-1));
#6977=CARTESIAN_POINT('',(1.399059421282E2,7.494369257374E1,-1.269166622704E0));
#6978=CARTESIAN_POINT('',(1.377720871647E2,7.467049304509E1,2.098949029504E-1));
#6979=CARTESIAN_POINT('',(1.383995630695E2,7.495906768354E1,
-2.831256056009E-1));
#6980=CARTESIAN_POINT('',(1.390270389744E2,7.524764232198E1,
-7.761461141522E-1));
#6981=CARTESIAN_POINT('',(1.396545148793E2,7.553621696042E1,-1.269166622704E0));
#6982=CARTESIAN_POINT('',(1.375786012349E2,7.505883309997E1,2.098949029504E-1));
#6983=CARTESIAN_POINT('',(1.381899258201E2,7.537992278835E1,
-2.831256056009E-1));
#6984=CARTESIAN_POINT('',(1.388012504054E2,7.570101247674E1,
-7.761461141522E-1));
#6985=CARTESIAN_POINT('',(1.394125749907E2,7.602210216512E1,-1.269166622704E0));
#6986=CARTESIAN_POINT('',(1.374087828851E2,7.536152220115E1,2.098949029504E-1));
#6987=CARTESIAN_POINT('',(1.380051155040E2,7.570935196372E1,
-2.831256056009E-1));
#6988=CARTESIAN_POINT('',(1.386014481228E2,7.605718172628E1,
-7.761461141522E-1));
#6989=CARTESIAN_POINT('',(1.391977807416E2,7.640501148884E1,-1.269166622704E0));
#6990=CARTESIAN_POINT('',(1.372736012286E2,7.558442205865E1,2.098949029504E-1));
#6991=CARTESIAN_POINT('',(1.378576026025E2,7.595259692024E1,
-2.831256056009E-1));
#6992=CARTESIAN_POINT('',(1.384416039764E2,7.632077178184E1,
-7.761461141522E-1));
#6993=CARTESIAN_POINT('',(1.390256053504E2,7.668894664343E1,-1.269166622704E0));
#6994=CARTESIAN_POINT('',(1.371303076107E2,7.580306844888E1,2.098949029504E-1));
#6995=CARTESIAN_POINT('',(1.377008489624E2,7.619179244817E1,
-2.831256056009E-1));
#6996=CARTESIAN_POINT('',(1.382713903142E2,7.658051644746E1,
-7.761461141522E-1));
#6997=CARTESIAN_POINT('',(1.388419316659E2,7.696924044675E1,-1.269166622704E0));
#6998=CARTESIAN_POINT('',(1.369784790795E2,7.601737868763E1,2.098949029504E-1));
#6999=CARTESIAN_POINT('',(1.375343900694E2,7.642676319295E1,
-2.831256056009E-1));
#7000=CARTESIAN_POINT('',(1.380903010592E2,7.683614769827E1,
-7.761461141522E-1));
#7001=CARTESIAN_POINT('',(1.386462120491E2,7.724553220359E1,-1.269166622704E0));
#7002=CARTESIAN_POINT('',(1.368202380797E2,7.622408732923E1,2.098949029504E-1));
#7003=CARTESIAN_POINT('',(1.373605773574E2,7.665382002806E1,
-2.831256056009E-1));
#7004=CARTESIAN_POINT('',(1.379009166351E2,7.708355272688E1,
-7.761461141522E-1));
#7005=CARTESIAN_POINT('',(1.384412559128E2,7.751328542571E1,-1.269166622704E0));
#7006=CARTESIAN_POINT('',(1.366002311842E2,7.649030893691E1,2.098949029504E-1));
#7007=CARTESIAN_POINT('',(1.371185737970E2,7.694666681220E1,
-2.831256056009E-1));
#7008=CARTESIAN_POINT('',(1.376369164098E2,7.740302468749E1,
-7.761461141522E-1));
#7009=CARTESIAN_POINT('',(1.381552590226E2,7.785938256278E1,-1.269166622704E0));
#7010=CARTESIAN_POINT('',(1.363084426023E2,7.680527584969E1,2.098949029504E-1));
#7011=CARTESIAN_POINT('',(1.367971391255E2,7.729364955021E1,
-2.831256056009E-1));
#7012=CARTESIAN_POINT('',(1.372858356487E2,7.778202325073E1,
-7.761461141522E-1));
#7013=CARTESIAN_POINT('',(1.377745321719E2,7.827039695124E1,-1.269166622704E0));
#7014=CARTESIAN_POINT('',(1.359940298262E2,7.709692338657E1,2.098949029504E-1));
#7015=CARTESIAN_POINT('',(1.364507644507E2,7.761493134167E1,
-2.831256056009E-1));
#7016=CARTESIAN_POINT('',(1.369074990753E2,7.813293929676E1,
-7.761461141522E-1));
#7017=CARTESIAN_POINT('',(1.373642336998E2,7.865094725186E1,-1.269166622704E0));
#7018=CARTESIAN_POINT('',(1.357288351384E2,7.731644722507E1,2.098949029504E-1));
#7019=CARTESIAN_POINT('',(1.361590396464E2,7.785640991654E1,
-2.831256056009E-1));
#7020=CARTESIAN_POINT('',(1.365892441544E2,7.839637260802E1,
-7.761461141522E-1));
#7021=CARTESIAN_POINT('',(1.370194486623E2,7.893633529949E1,-1.269166622704E0));
#7022=CARTESIAN_POINT('',(1.355230667166E2,7.747425649903E1,2.098949029504E-1));
#7023=CARTESIAN_POINT('',(1.359330070567E2,7.802975511416E1,
-2.831256056009E-1));
#7024=CARTESIAN_POINT('',(1.363429473968E2,7.858525372929E1,
-7.761461141522E-1));
#7025=CARTESIAN_POINT('',(1.367528877369E2,7.914075234442E1,-1.269166622704E0));
#7026=CARTESIAN_POINT('',(1.353104813654E2,7.762524676394E1,2.098949029504E-1));
#7027=CARTESIAN_POINT('',(1.356999119199E2,7.819530604787E1,
-2.831256056009E-1));
#7028=CARTESIAN_POINT('',(1.360893424744E2,7.876536533181E1,
-7.761461141522E-1));
#7029=CARTESIAN_POINT('',(1.364787730289E2,7.933542461574E1,-1.269166622704E0));
#7030=CARTESIAN_POINT('',(1.350907966927E2,7.776959963106E1,2.098949029504E-1));
#7031=CARTESIAN_POINT('',(1.354595614746E2,7.835323101149E1,
-2.831256056009E-1));
#7032=CARTESIAN_POINT('',(1.358283262566E2,7.893686239192E1,
-7.761461141522E-1));
#7033=CARTESIAN_POINT('',(1.361970910385E2,7.952049377234E1,-1.269166622704E0));
#7034=CARTESIAN_POINT('',(1.348674634650E2,7.790531793603E1,2.098949029504E-1));
#7035=CARTESIAN_POINT('',(1.352158269428E2,7.850133953285E1,
-2.831256056009E-1));
#7036=CARTESIAN_POINT('',(1.355641904206E2,7.909736112966E1,
-7.761461141522E-1));
#7037=CARTESIAN_POINT('',(1.359125538984E2,7.969338272647E1,-1.269166622704E0));
#7038=CARTESIAN_POINT('',(1.345644836643E2,7.807563926893E1,2.098949029504E-1));
#7039=CARTESIAN_POINT('',(1.348860579616E2,7.868671041389E1,
-2.831256056009E-1));
#7040=CARTESIAN_POINT('',(1.352076322589E2,7.929778155885E1,
-7.761461141522E-1));
#7041=CARTESIAN_POINT('',(1.355292065562E2,7.990885270381E1,-1.269166622704E0));
#7042=CARTESIAN_POINT('',(1.341765562521E2,7.826926935405E1,2.098949029504E-1));
#7043=CARTESIAN_POINT('',(1.344656214617E2,7.889651819825E1,
-2.831256056009E-1));
#7044=CARTESIAN_POINT('',(1.347546866713E2,7.952376704245E1,
-7.761461141522E-1));
#7045=CARTESIAN_POINT('',(1.350437518809E2,8.015101588664E1,-1.269166622704E0));
#7046=CARTESIAN_POINT('',(1.336972278587E2,7.847325605900E1,2.098949029504E-1));
#7047=CARTESIAN_POINT('',(1.339492385996E2,7.911622041445E1,
-2.831256056009E-1));
#7048=CARTESIAN_POINT('',(1.342012493405E2,7.975918476990E1,
-7.761461141522E-1));
#7049=CARTESIAN_POINT('',(1.344532600813E2,8.040214912534E1,-1.269166622704E0));
#7050=CARTESIAN_POINT('',(1.332049630277E2,7.865094242004E1,2.098949029504E-1));
#7051=CARTESIAN_POINT('',(1.334220852294E2,7.930645295292E1,
-2.831256056009E-1));
#7052=CARTESIAN_POINT('',(1.336392074311E2,7.996196348581E1,
-7.761461141522E-1));
#7053=CARTESIAN_POINT('',(1.338563296329E2,8.061747401869E1,-1.269166622704E0));
#7054=CARTESIAN_POINT('',(1.327848094175E2,7.877858249424E1,2.098949029504E-1));
#7055=CARTESIAN_POINT('',(1.329747343797E2,7.944232186013E1,
-2.831256056009E-1));
#7056=CARTESIAN_POINT('',(1.331646593418E2,8.010606122602E1,
-7.761461141522E-1));
#7057=CARTESIAN_POINT('',(1.333545843040E2,8.076980059192E1,-1.269166622704E0));
#7058=CARTESIAN_POINT('',(1.324427888117E2,7.886930106482E1,2.098949029504E-1));
#7059=CARTESIAN_POINT('',(1.326120542804E2,7.953851446549E1,
-2.831256056009E-1));
#7060=CARTESIAN_POINT('',(1.327813197490E2,8.020772786617E1,
-7.761461141522E-1));
#7061=CARTESIAN_POINT('',(1.329505852177E2,8.087694126685E1,-1.269166622704E0));
#7062=CARTESIAN_POINT('',(1.320995862646E2,7.895204234690E1,2.098949029504E-1));
#7063=CARTESIAN_POINT('',(1.322490623970E2,7.962602124145E1,
-2.831256056009E-1));
#7064=CARTESIAN_POINT('',(1.323985385294E2,8.030000013600E1,
-7.761461141522E-1));
#7065=CARTESIAN_POINT('',(1.325480146619E2,8.097397903055E1,-1.269166622704E0));
#7066=CARTESIAN_POINT('',(1.314956287614E2,7.907709652632E1,2.098949029504E-1));
#7067=CARTESIAN_POINT('',(1.316126354062E2,7.975776397306E1,
-2.831256056009E-1));
#7068=CARTESIAN_POINT('',(1.317296420509E2,8.043843141981E1,
-7.761461141522E-1));
#7069=CARTESIAN_POINT('',(1.318466486957E2,8.111909886655E1,-1.269166622704E0));
#7070=CARTESIAN_POINT('',(1.306243707198E2,7.920462729378E1,2.098949029504E-1));
#7071=CARTESIAN_POINT('',(1.307006336280E2,7.989112204442E1,
-2.831256056009E-1));
#7072=CARTESIAN_POINT('',(1.307768965362E2,8.057761679506E1,
-7.761461141522E-1));
#7073=CARTESIAN_POINT('',(1.308531594444E2,8.126411154570E1,-1.269166622704E0));
#7074=CARTESIAN_POINT('',(1.295675914956E2,7.928907972319E1,2.098949029504E-1));
#7075=CARTESIAN_POINT('',(1.296023286997E2,7.997878902901E1,
-2.831256056009E-1));
#7076=CARTESIAN_POINT('',(1.296370659039E2,8.066849833483E1,
-7.761461141522E-1));
#7077=CARTESIAN_POINT('',(1.296718031081E2,8.135820764065E1,-1.269166622704E0));
#7078=CARTESIAN_POINT('',(1.287798180854E2,7.930798829817E1,2.098949029504E-1));
#7079=CARTESIAN_POINT('',(1.287882932599E2,7.999827190897E1,
-2.831256056009E-1));
#7080=CARTESIAN_POINT('',(1.287967684343E2,8.068855551978E1,
-7.761461141522E-1));
#7081=CARTESIAN_POINT('',(1.288052436087E2,8.137883913059E1,-1.269166622704E0));
#7082=CARTESIAN_POINT('',(1.283454731743E2,7.930575003815E1,2.098949029504E-1));
#7083=CARTESIAN_POINT('',(1.283407310645E2,7.999596717971E1,
-2.831256056009E-1));
#7084=CARTESIAN_POINT('',(1.283359889547E2,8.068618432126E1,
-7.761461141522E-1));
#7085=CARTESIAN_POINT('',(1.283312468449E2,8.137640146281E1,-1.269166622704E0));
#7086=CARTESIAN_POINT('',(1.282681176227E2,7.930496522314E1,2.098949029504E-1));
#7087=CARTESIAN_POINT('',(1.282610593688E2,7.999515995346E1,
-2.831256056009E-1));
#7088=CARTESIAN_POINT('',(1.282540011149E2,8.068535468378E1,
-7.761461141522E-1));
#7089=CARTESIAN_POINT('',(1.282469428610E2,8.137554941409E1,-1.269166622704E0));
#7090=B_SPLINE_SURFACE_WITH_KNOTS('',3,3,((#6882,#6883,#6884,#6885),(#6886,
#6887,#6888,#6889),(#6890,#6891,#6892,#6893),(#6894,#6895,#6896,#6897),(#6898,
#6899,#6900,#6901),(#6902,#6903,#6904,#6905),(#6906,#6907,#6908,#6909),(#6910,
#6911,#6912,#6913),(#6914,#6915,#6916,#6917),(#6918,#6919,#6920,#6921),(#6922,
#6923,#6924,#6925),(#6926,#6927,#6928,#6929),(#6930,#6931,#6932,#6933),(#6934,
#6935,#6936,#6937),(#6938,#6939,#6940,#6941),(#6942,#6943,#6944,#6945),(#6946,
#6947,#6948,#6949),(#6950,#6951,#6952,#6953),(#6954,#6955,#6956,#6957),(#6958,
#6959,#6960,#6961),(#6962,#6963,#6964,#6965),(#6966,#6967,#6968,#6969),(#6970,
#6971,#6972,#6973),(#6974,#6975,#6976,#6977),(#6978,#6979,#6980,#6981),(#6982,
#6983,#6984,#6985),(#6986,#6987,#6988,#6989),(#6990,#6991,#6992,#6993),(#6994,
#6995,#6996,#6997),(#6998,#6999,#7000,#7001),(#7002,#7003,#7004,#7005),(#7006,
#7007,#7008,#7009),(#7010,#7011,#7012,#7013),(#7014,#7015,#7016,#7017),(#7018,
#7019,#7020,#7021),(#7022,#7023,#7024,#7025),(#7026,#7027,#7028,#7029),(#7030,
#7031,#7032,#7033),(#7034,#7035,#7036,#7037),(#7038,#7039,#7040,#7041),(#7042,
#7043,#7044,#7045),(#7046,#7047,#7048,#7049),(#7050,#7051,#7052,#7053),(#7054,
#7055,#7056,#7057),(#7058,#7059,#7060,#7061),(#7062,#7063,#7064,#7065),(#7066,
#7067,#7068,#7069),(#7070,#7071,#7072,#7073),(#7074,#7075,#7076,#7077),(#7078,
#7079,#7080,#7081),(#7082,#7083,#7084,#7085),(#7086,#7087,#7088,#7089)),
.UNSPECIFIED.,.F.,.F.,.F.,(4,1,1,1,1,1,1,1,1,1,1,1,1,1,1,1,1,1,1,1,1,1,1,1,1,1,
1,1,1,1,1,1,1,1,1,1,1,1,1,1,1,1,1,1,1,1,1,1,1,4),(4,4),(-8.849248975379E-5,
2.182511158085E-4,4.625919448633E-4,9.512736029727E-4,1.928636919191E-3,
2.906000235410E-3,3.883363551628E-3,5.838090184067E-3,7.792816816504E-3,
1.170227008139E-2,1.561172334625E-2,2.343062987601E-2,3.124953640576E-2,
4.688734946525E-2,6.252516252475E-2,9.377432417396E-2,1.250234858231E-1,
1.562726474724E-1,1.875218091216E-1,2.500201324199E-1,2.656447132445E-1,
2.812692940692E-1,3.125184557184E-1,3.437676173675E-1,3.750167790168E-1,
3.906413598414E-1,4.062659406660E-1,4.218905214906E-1,4.375151023150E-1,
4.531396831398E-1,4.687642639644E-1,5.000134256136E-1,5.312625872628E-1,
5.468871680873E-1,5.625117489119E-1,5.781363297366E-1,5.937609105611E-1,
6.093854913858E-1,6.250100722103E-1,6.562592338596E-1,6.875083955088E-1,
7.187575571579E-1,7.500067188072E-1,7.656312996317E-1,7.812558804563E-1,
8.125050421056E-1,8.750033654039E-1,9.375016887024E-1,1.E0,1.013529778724E0),(
4.262557857210E-6,9.999999999280E-1),.UNSPECIFIED.);
#7092=ORIENTED_EDGE('',*,*,#7091,.T.);
#7093=ORIENTED_EDGE('',*,*,#6581,.T.);
#7094=ORIENTED_EDGE('',*,*,#6873,.T.);
#7096=ORIENTED_EDGE('',*,*,#7095,.T.);
#7097=EDGE_LOOP('',(#7092,#7093,#7094,#7096));
#7098=FACE_OUTER_BOUND('',#7097,.F.);
#7099=ADVANCED_FACE('',(#7098),#7090,.F.);
#7100=CARTESIAN_POINT('',(-1.405E2,7.96E1,0.E0));
#7101=DIRECTION('',(0.E0,-5.812381937191E-1,-8.137334712067E-1));
#7102=DIRECTION('',(-1.E0,0.E0,0.E0));
#7103=AXIS2_PLACEMENT_3D('',#7100,#7101,#7102);
#7104=PLANE('',#7103);
#7106=ORIENTED_EDGE('',*,*,#7105,.F.);
#7107=ORIENTED_EDGE('',*,*,#6495,.F.);
#7108=ORIENTED_EDGE('',*,*,#6515,.F.);
#7109=ORIENTED_EDGE('',*,*,#7091,.F.);
#7111=ORIENTED_EDGE('',*,*,#7110,.F.);
#7112=EDGE_LOOP('',(#7106,#7107,#7108,#7109,#7111));
#7113=FACE_OUTER_BOUND('',#7112,.F.);
#7114=ADVANCED_FACE('',(#7113),#7104,.F.);
#7115=CARTESIAN_POINT('',(-1.285000514556E2,7.928671979588E1,
2.232415308120E-1));
#7116=CARTESIAN_POINT('',(-1.284994476536E2,7.998336303868E1,
-2.742228738785E-1));
#7117=CARTESIAN_POINT('',(-1.284988438516E2,8.068000628148E1,
-7.716872785690E-1));
#7118=CARTESIAN_POINT('',(-1.284982400495E2,8.137664952428E1,
-1.269151683260E0));
#7119=CARTESIAN_POINT('',(-1.284976527288E2,7.928911288722E1,
2.232415088356E-1));
#7120=CARTESIAN_POINT('',(-1.284992845181E2,7.998520980426E1,
-2.742228252022E-1));
#7121=CARTESIAN_POINT('',(-1.285009163074E2,8.068130672130E1,
-7.716871592400E-1));
#7122=CARTESIAN_POINT('',(-1.285025480967E2,8.137740363835E1,
-1.269151493278E0));
#7123=CARTESIAN_POINT('',(-1.285091405768E2,7.928679072064E1,
2.232417033640E-1));
#7124=CARTESIAN_POINT('',(-1.285087341674E2,7.998338496175E1,
-2.742232559434E-1));
#7125=CARTESIAN_POINT('',(-1.285083277580E2,8.067997920287E1,
-7.716882152507E-1));
#7126=CARTESIAN_POINT('',(-1.285079213485E2,8.137657344399E1,
-1.269153174558E0));
#7127=CARTESIAN_POINT('',(-1.285180538485E2,7.928782137602E1,
2.232416164632E-1));
#7128=CARTESIAN_POINT('',(-1.285189975313E2,7.998419320342E1,
-2.742230635206E-1));
#7129=CARTESIAN_POINT('',(-1.285199412141E2,8.068056503082E1,
-7.716877435043E-1));
#7130=CARTESIAN_POINT('',(-1.285208848968E2,8.137693685822E1,
-1.269152423488E0));
#7131=CARTESIAN_POINT('',(-1.285390630342E2,7.928716916243E1,
2.232416693044E-1));
#7132=CARTESIAN_POINT('',(-1.285400142335E2,7.998367537148E1,
-2.742231805257E-1));
#7133=CARTESIAN_POINT('',(-1.285409654328E2,8.068018158052E1,
-7.716880303558E-1));
#7134=CARTESIAN_POINT('',(-1.285419166321E2,8.137668778956E1,
-1.269152880186E0));
#7135=CARTESIAN_POINT('',(-1.285660307780E2,7.928746008693E1,
2.232416397043E-1));
#7136=CARTESIAN_POINT('',(-1.285681957606E2,7.998388861279E1,
-2.742231149824E-1));
#7137=CARTESIAN_POINT('',(-1.285703607432E2,8.068031713864E1,
-7.716878696692E-1));
#7138=CARTESIAN_POINT('',(-1.285725257257E2,8.137674566449E1,
-1.269152624356E0));
#7139=CARTESIAN_POINT('',(-1.285996841566E2,7.928722212655E1,
2.232416491649E-1));
#7140=CARTESIAN_POINT('',(-1.286027968296E2,7.998367086020E1,
-2.742231359314E-1));
#7141=CARTESIAN_POINT('',(-1.286059095026E2,8.068011959385E1,
-7.716879210277E-1));
#7142=CARTESIAN_POINT('',(-1.286090221757E2,8.137656832750E1,
-1.269152706124E0));
#7143=CARTESIAN_POINT('',(-1.286440887724E2,7.928702490694E1,
2.232416460683E-1));
#7144=CARTESIAN_POINT('',(-1.286486509079E2,7.998345827370E1,
-2.742231290744E-1));
#7145=CARTESIAN_POINT('',(-1.286532130433E2,8.067989164046E1,
-7.716879042172E-1));
#7146=CARTESIAN_POINT('',(-1.286577751787E2,8.137632500722E1,
-1.269152679360E0));
#7147=CARTESIAN_POINT('',(-1.286997273342E2,7.928658722623E1,
2.232416475768E-1));
#7148=CARTESIAN_POINT('',(-1.287060520715E2,7.998301105598E1,
-2.742231324148E-1));
#7149=CARTESIAN_POINT('',(-1.287123768089E2,8.067943488574E1,
-7.716879124064E-1));
#7150=CARTESIAN_POINT('',(-1.287187015463E2,8.137585871549E1,
-1.269152692398E0));
#7151=CARTESIAN_POINT('',(-1.287886129025E2,7.928564951415E1,
2.232416469843E-1));
#7152=CARTESIAN_POINT('',(-1.287978185321E2,7.998204140147E1,
-2.742231311031E-1));
#7153=CARTESIAN_POINT('',(-1.288070241617E2,8.067843328878E1,
-7.716879091905E-1));
#7154=CARTESIAN_POINT('',(-1.288162297913E2,8.137482517610E1,
-1.269152687278E0));
#7155=CARTESIAN_POINT('',(-1.288996564915E2,7.928394809864E1,
2.232416472730E-1));
#7156=CARTESIAN_POINT('',(-1.289125016613E2,7.998028528059E1,
-2.742231317420E-1));
#7157=CARTESIAN_POINT('',(-1.289253468311E2,8.067662246253E1,
-7.716879107570E-1));
#7158=CARTESIAN_POINT('',(-1.289381920009E2,8.137295964448E1,
-1.269152689772E0));
#7159=CARTESIAN_POINT('',(-1.290771068333E2,7.928011030677E1,
2.232416471596E-1));
#7160=CARTESIAN_POINT('',(-1.290958917932E2,7.997631904626E1,
-2.742231314909E-1));
#7161=CARTESIAN_POINT('',(-1.291146767532E2,8.067252778574E1,
-7.716879101414E-1));
#7162=CARTESIAN_POINT('',(-1.291334617132E2,8.136873652523E1,
-1.269152688792E0));
#7163=CARTESIAN_POINT('',(-1.292985376874E2,7.927316972076E1,
2.232416472148E-1));
#7164=CARTESIAN_POINT('',(-1.293249567559E2,7.996914013559E1,
-2.742231316131E-1));
#7165=CARTESIAN_POINT('',(-1.293513758244E2,8.066511055042E1,
-7.716879104410E-1));
#7166=CARTESIAN_POINT('',(-1.293777948930E2,8.136108096525E1,
-1.269152689269E0));
#7167=CARTESIAN_POINT('',(-1.296518748949E2,7.925734685271E1,
2.232416471931E-1));
#7168=CARTESIAN_POINT('',(-1.296909813007E2,7.995275039364E1,
-2.742231315652E-1));
#7169=CARTESIAN_POINT('',(-1.297300877065E2,8.064815393457E1,
-7.716879103236E-1));
#7170=CARTESIAN_POINT('',(-1.297691941123E2,8.134355747549E1,
-1.269152689082E0));
#7171=CARTESIAN_POINT('',(-1.300918091588E2,7.922842941745E1,
2.232416472036E-1));
#7172=CARTESIAN_POINT('',(-1.301477049058E2,7.992274264252E1,
-2.742231315886E-1));
#7173=CARTESIAN_POINT('',(-1.302036006529E2,8.061705586760E1,
-7.716879103808E-1));
#7174=CARTESIAN_POINT('',(-1.302594963999E2,8.131136909267E1,
-1.269152689173E0));
#7175=CARTESIAN_POINT('',(-1.307917379526E2,7.916109668231E1,
2.232416471996E-1));
#7176=CARTESIAN_POINT('',(-1.308767100666E2,7.985262688065E1,
-2.742231315793E-1));
#7177=CARTESIAN_POINT('',(-1.309616821805E2,8.054415707900E1,
-7.716879103581E-1));
#7178=CARTESIAN_POINT('',(-1.310466542945E2,8.123568727735E1,
-1.269152689137E0));
#7179=CARTESIAN_POINT('',(-1.316587293570E2,7.903447478283E1,
2.232416472016E-1));
#7180=CARTESIAN_POINT('',(-1.317846254466E2,7.972015859841E1,
-2.742231315839E-1));
#7181=CARTESIAN_POINT('',(-1.319105215362E2,8.040584241399E1,
-7.716879103694E-1));
#7182=CARTESIAN_POINT('',(-1.320364176259E2,8.109152622957E1,
-1.269152689155E0));
#7183=CARTESIAN_POINT('',(-1.324276711392E2,7.886023587262E1,
2.232416472010E-1));
#7184=CARTESIAN_POINT('',(-1.325971070565E2,7.953623758966E1,
-2.742231315827E-1));
#7185=CARTESIAN_POINT('',(-1.327665429738E2,8.021223930670E1,
-7.716879103663E-1));
#7186=CARTESIAN_POINT('',(-1.329359788911E2,8.088824102374E1,
-1.269152689150E0));
#7187=CARTESIAN_POINT('',(-1.329344785986E2,7.871358658146E1,
2.232416472011E-1));
#7188=CARTESIAN_POINT('',(-1.331362444303E2,7.938024528360E1,
-2.742231315826E-1));
#7189=CARTESIAN_POINT('',(-1.333380102619E2,8.004690398573E1,
-7.716879103663E-1));
#7190=CARTESIAN_POINT('',(-1.335397760935E2,8.071356268787E1,
-1.269152689150E0));
#7191=CARTESIAN_POINT('',(-1.332708588720E2,7.860713066024E1,
2.232416472011E-1));
#7192=CARTESIAN_POINT('',(-1.334950980314E2,7.926668379980E1,
-2.742231315826E-1));
#7193=CARTESIAN_POINT('',(-1.337193371908E2,7.992623693936E1,
-7.716879103663E-1));
#7194=CARTESIAN_POINT('',(-1.339435763502E2,8.058579007893E1,
-1.269152689150E0));
#7195=CARTESIAN_POINT('',(-1.336826024394E2,7.845894626218E1,
2.232416472011E-1));
#7196=CARTESIAN_POINT('',(-1.339362967823E2,7.910793882497E1,
-2.742231315826E-1));
#7197=CARTESIAN_POINT('',(-1.341899911251E2,7.975693138775E1,
-7.716879103663E-1));
#7198=CARTESIAN_POINT('',(-1.344436854680E2,8.040592395054E1,
-1.269152689150E0));
#7199=CARTESIAN_POINT('',(-1.341626809322E2,7.825510052774E1,
2.232416472011E-1));
#7200=CARTESIAN_POINT('',(-1.344538568898E2,7.888823273375E1,
-2.742231315826E-1));
#7201=CARTESIAN_POINT('',(-1.347450328473E2,7.952136493976E1,
-7.716879103663E-1));
#7202=CARTESIAN_POINT('',(-1.350362088049E2,8.015449714578E1,
-1.269152689150E0));
#7203=CARTESIAN_POINT('',(-1.345501407598E2,7.806205183626E1,
2.232416472011E-1));
#7204=CARTESIAN_POINT('',(-1.348741248700E2,7.867888712874E1,
-2.742231315826E-1));
#7205=CARTESIAN_POINT('',(-1.351981089803E2,7.929572242123E1,
-7.716879103663E-1));
#7206=CARTESIAN_POINT('',(-1.355220930905E2,7.991255771371E1,
-1.269152689150E0));
#7207=CARTESIAN_POINT('',(-1.348521059703E2,7.789263933989E1,
2.232416472010E-1));
#7208=CARTESIAN_POINT('',(-1.352030711998E2,7.849434752266E1,
-2.742231315827E-1));
#7209=CARTESIAN_POINT('',(-1.355540364292E2,7.909605570543E1,
-7.716879103663E-1));
#7210=CARTESIAN_POINT('',(-1.359050016587E2,7.969776388820E1,
-1.269152689150E0));
#7211=CARTESIAN_POINT('',(-1.350744550580E2,7.775779150688E1,
2.232416472011E-1));
#7212=CARTESIAN_POINT('',(-1.354459487847E2,7.834705728644E1,
-2.742231315826E-1));
#7213=CARTESIAN_POINT('',(-1.358174425115E2,7.893632306601E1,
-7.716879103663E-1));
#7214=CARTESIAN_POINT('',(-1.361889362382E2,7.952558884557E1,
-1.269152689150E0));
#7215=CARTESIAN_POINT('',(-1.352925451548E2,7.761486227041E1,
2.232416472011E-1));
#7216=CARTESIAN_POINT('',(-1.356847732568E2,7.819054669408E1,
-2.742231315826E-1));
#7217=CARTESIAN_POINT('',(-1.360770013587E2,7.876623111775E1,
-7.716879103663E-1));
#7218=CARTESIAN_POINT('',(-1.364692294607E2,7.934191554142E1,
-1.269152689150E0));
#7219=CARTESIAN_POINT('',(-1.355062960853E2,7.746342980334E1,
2.232416472011E-1));
#7220=CARTESIAN_POINT('',(-1.359193709348E2,7.802435198157E1,
-2.742231315826E-1));
#7221=CARTESIAN_POINT('',(-1.363324457843E2,7.858527415980E1,
-7.716879103663E-1));
#7222=CARTESIAN_POINT('',(-1.367455206338E2,7.914619633803E1,
-1.269152689150E0));
#7223=CARTESIAN_POINT('',(-1.357124538731E2,7.730561035118E1,
2.232416472011E-1));
#7224=CARTESIAN_POINT('',(-1.361460603423E2,7.785082044807E1,
-2.742231315826E-1));
#7225=CARTESIAN_POINT('',(-1.365796668115E2,7.839603054495E1,
-7.716879103663E-1));
#7226=CARTESIAN_POINT('',(-1.370132732808E2,7.894124064184E1,
-1.269152689150E0));
#7227=CARTESIAN_POINT('',(-1.359779547006E2,7.708619893570E1,
2.232416472011E-1));
#7228=CARTESIAN_POINT('',(-1.364384263556E2,7.760921408160E1,
-2.742231315826E-1));
#7229=CARTESIAN_POINT('',(-1.368988980105E2,7.813222922750E1,
-7.716879103663E-1));
#7230=CARTESIAN_POINT('',(-1.373593696654E2,7.865524437339E1,
-1.269152689150E0));
#7231=CARTESIAN_POINT('',(-1.362920549010E2,7.679521291426E1,
2.232416472011E-1));
#7232=CARTESIAN_POINT('',(-1.367848309837E2,7.728831472972E1,
-2.742231315826E-1));
#7233=CARTESIAN_POINT('',(-1.372776070664E2,7.778141654517E1,
-7.716879103663E-1));
#7234=CARTESIAN_POINT('',(-1.377703831491E2,7.827451836063E1,
-1.269152689150E0));
#7235=CARTESIAN_POINT('',(-1.365829001977E2,7.648166539088E1,
2.232416472011E-1));
#7236=CARTESIAN_POINT('',(-1.371055776692E2,7.694251719116E1,
-2.742231315826E-1));
#7237=CARTESIAN_POINT('',(-1.376282551406E2,7.740336899144E1,
-7.716879103663E-1));
#7238=CARTESIAN_POINT('',(-1.381509326121E2,7.786422079173E1,
-1.269152689150E0));
#7239=CARTESIAN_POINT('',(-1.368018296912E2,7.621718890990E1,
2.232416472011E-1));
#7240=CARTESIAN_POINT('',(-1.373466598072E2,7.665127144128E1,
-2.742231315826E-1));
#7241=CARTESIAN_POINT('',(-1.378914899232E2,7.708535397266E1,
-7.716879103663E-1));
#7242=CARTESIAN_POINT('',(-1.384363200392E2,7.751943650404E1,
-1.269152689150E0));
#7243=CARTESIAN_POINT('',(-1.369592183863E2,7.601196906693E1,
2.232416472011E-1));
#7244=CARTESIAN_POINT('',(-1.375197244726E2,7.642560476172E1,
-2.742231315826E-1));
#7245=CARTESIAN_POINT('',(-1.380802305589E2,7.683924045652E1,
-7.716879103663E-1));
#7246=CARTESIAN_POINT('',(-1.386407366451E2,7.725287615132E1,
-1.269152689150E0));
#7247=CARTESIAN_POINT('',(-1.371098144739E2,7.579993894388E1,
2.232416472011E-1));
#7248=CARTESIAN_POINT('',(-1.376850124842E2,7.619287997024E1,
-2.742231315826E-1));
#7249=CARTESIAN_POINT('',(-1.382602104945E2,7.658582099660E1,
-7.716879103663E-1));
#7250=CARTESIAN_POINT('',(-1.388354085048E2,7.697876202296E1,
-1.269152689150E0));
#7251=CARTESIAN_POINT('',(-1.372537999257E2,7.558081372204E1,
2.232416472011E-1));
#7252=CARTESIAN_POINT('',(-1.378426923765E2,7.595290268693E1,
-2.742231315826E-1));
#7253=CARTESIAN_POINT('',(-1.384315848272E2,7.632499165181E1,
-7.716879103663E-1));
#7254=CARTESIAN_POINT('',(-1.390204772779E2,7.669708061669E1,
-1.269152689150E0));
#7255=CARTESIAN_POINT('',(-1.373891828105E2,7.535803278569E1,
2.232416472011E-1));
#7256=CARTESIAN_POINT('',(-1.379905771676E2,7.570953654148E1,
-2.742231315826E-1));
#7257=CARTESIAN_POINT('',(-1.385919715247E2,7.606104029728E1,
-7.716879103663E-1));
#7258=CARTESIAN_POINT('',(-1.391933658818E2,7.641254405308E1,
-1.269152689150E0));
#7259=CARTESIAN_POINT('',(-1.375590967314E2,7.505577820512E1,
2.232416472011E-1));
#7260=CARTESIAN_POINT('',(-1.381756762989E2,7.538025129276E1,
-2.742231315826E-1));
#7261=CARTESIAN_POINT('',(-1.387922558665E2,7.570472438039E1,
-7.716879103663E-1));
#7262=CARTESIAN_POINT('',(-1.394088354340E2,7.602919746803E1,
-1.269152689150E0));
#7263=CARTESIAN_POINT('',(-1.377522888639E2,7.466873085872E1,
2.232416472011E-1));
#7264=CARTESIAN_POINT('',(-1.383851919625E2,7.496040180965E1,
-2.742231315826E-1));
#7265=CARTESIAN_POINT('',(-1.390180950610E2,7.525207276058E1,
-7.716879103663E-1));
#7266=CARTESIAN_POINT('',(-1.396509981596E2,7.554374371152E1,
-1.269152689150E0));
#7267=CARTESIAN_POINT('',(-1.379558501282E2,7.419040558082E1,
2.232416472011E-1));
#7268=CARTESIAN_POINT('',(-1.386046104035E2,7.444468804023E1,
-2.742231315826E-1));
#7269=CARTESIAN_POINT('',(-1.392533706788E2,7.469897049965E1,
-7.716879103663E-1));
#7270=CARTESIAN_POINT('',(-1.399021309541E2,7.495325295907E1,
-1.269152689150E0));
#7271=CARTESIAN_POINT('',(-1.381331968471E2,7.369908523071E1,
2.232416472011E-1));
#7272=CARTESIAN_POINT('',(-1.387946163957E2,7.391816465267E1,
-2.742231315826E-1));
#7273=CARTESIAN_POINT('',(-1.394560359443E2,7.413724407462E1,
-7.716879103663E-1));
#7274=CARTESIAN_POINT('',(-1.401174554929E2,7.435632349658E1,
-1.269152689150E0));
#7275=CARTESIAN_POINT('',(-1.382606141554E2,7.327966788730E1,
2.232416472011E-1));
#7276=CARTESIAN_POINT('',(-1.389303367148E2,7.347130490369E1,
-2.742231315826E-1));
#7277=CARTESIAN_POINT('',(-1.396000592741E2,7.366294192008E1,
-7.716879103663E-1));
#7278=CARTESIAN_POINT('',(-1.402697818335E2,7.385457893648E1,
-1.269152689150E0));
#7279=CARTESIAN_POINT('',(-1.383511845364E2,7.293820656229E1,
2.232416472010E-1));
#7280=CARTESIAN_POINT('',(-1.390264304755E2,7.310899785284E1,
-2.742231315827E-1));
#7281=CARTESIAN_POINT('',(-1.397016764147E2,7.327978914339E1,
-7.716879103663E-1));
#7282=CARTESIAN_POINT('',(-1.403769223539E2,7.345058043394E1,
-1.269152689150E0));
#7283=CARTESIAN_POINT('',(-1.384337968099E2,7.259553973983E1,
2.232416472011E-1));
#7284=CARTESIAN_POINT('',(-1.391138512009E2,7.274636330571E1,
-2.742231315826E-1));
#7285=CARTESIAN_POINT('',(-1.397939055919E2,7.289718687159E1,
-7.716879103663E-1));
#7286=CARTESIAN_POINT('',(-1.404739599829E2,7.304801043747E1,
-1.269152689150E0));
#7287=CARTESIAN_POINT('',(-1.385586699209E2,7.199246123044E1,
2.232416472011E-1));
#7288=CARTESIAN_POINT('',(-1.392454731572E2,7.211052261664E1,
-2.742231315826E-1));
#7289=CARTESIAN_POINT('',(-1.399322763935E2,7.222858400284E1,
-7.716879103663E-1));
#7290=CARTESIAN_POINT('',(-1.406190796297E2,7.234664538904E1,
-1.269152689150E0));
#7291=CARTESIAN_POINT('',(-1.386860429353E2,7.112230617783E1,
2.232416472011E-1));
#7292=CARTESIAN_POINT('',(-1.393787260050E2,7.119925654824E1,
-2.742231315826E-1));
#7293=CARTESIAN_POINT('',(-1.400714090746E2,7.127620691865E1,
-7.716879103663E-1));
#7294=CARTESIAN_POINT('',(-1.407640921443E2,7.135315728906E1,
-1.269152689150E0));
#7295=CARTESIAN_POINT('',(-1.387704083425E2,7.006665110861E1,
2.232416472010E-1));
#7296=CARTESIAN_POINT('',(-1.394663349445E2,7.010170144673E1,
-2.742231315827E-1));
#7297=CARTESIAN_POINT('',(-1.401622615466E2,7.013675178485E1,
-7.716879103663E-1));
#7298=CARTESIAN_POINT('',(-1.408581881486E2,7.017180212297E1,
-1.269152689150E0));
#7299=CARTESIAN_POINT('',(-1.387915053574E2,6.918777299817E1,
2.232416472011E-1));
#7300=CARTESIAN_POINT('',(-1.394880790415E2,6.919323332782E1,
-2.742231315826E-1));
#7301=CARTESIAN_POINT('',(-1.401846527256E2,6.919869365748E1,
-7.716879103663E-1));
#7302=CARTESIAN_POINT('',(-1.408812264097E2,6.920415398713E1,
-1.269152689150E0));
#7303=CARTESIAN_POINT('',(-1.387855446763E2,6.866102028374E1,
2.232416472011E-1));
#7304=CARTESIAN_POINT('',(-1.394819377822E2,6.865062057718E1,
-2.742231315826E-1));
#7305=CARTESIAN_POINT('',(-1.401783308881E2,6.864022087063E1,
-7.716879103663E-1));
#7306=CARTESIAN_POINT('',(-1.408747239939E2,6.862982116408E1,
-1.269152689150E0));
#7307=CARTESIAN_POINT('',(-1.387818399652E2,6.849109400342E1,
2.232416472011E-1));
#7308=CARTESIAN_POINT('',(-1.394781322274E2,6.847575016784E1,
-2.742231315826E-1));
#7309=CARTESIAN_POINT('',(-1.401744244896E2,6.846040633227E1,
-7.716879103663E-1));
#7310=CARTESIAN_POINT('',(-1.408707167518E2,6.844506249670E1,
-1.269152689150E0));
#7311=B_SPLINE_SURFACE_WITH_KNOTS('',3,3,((#7115,#7116,#7117,#7118),(#7119,
#7120,#7121,#7122),(#7123,#7124,#7125,#7126),(#7127,#7128,#7129,#7130),(#7131,
#7132,#7133,#7134),(#7135,#7136,#7137,#7138),(#7139,#7140,#7141,#7142),(#7143,
#7144,#7145,#7146),(#7147,#7148,#7149,#7150),(#7151,#7152,#7153,#7154),(#7155,
#7156,#7157,#7158),(#7159,#7160,#7161,#7162),(#7163,#7164,#7165,#7166),(#7167,
#7168,#7169,#7170),(#7171,#7172,#7173,#7174),(#7175,#7176,#7177,#7178),(#7179,
#7180,#7181,#7182),(#7183,#7184,#7185,#7186),(#7187,#7188,#7189,#7190),(#7191,
#7192,#7193,#7194),(#7195,#7196,#7197,#7198),(#7199,#7200,#7201,#7202),(#7203,
#7204,#7205,#7206),(#7207,#7208,#7209,#7210),(#7211,#7212,#7213,#7214),(#7215,
#7216,#7217,#7218),(#7219,#7220,#7221,#7222),(#7223,#7224,#7225,#7226),(#7227,
#7228,#7229,#7230),(#7231,#7232,#7233,#7234),(#7235,#7236,#7237,#7238),(#7239,
#7240,#7241,#7242),(#7243,#7244,#7245,#7246),(#7247,#7248,#7249,#7250),(#7251,
#7252,#7253,#7254),(#7255,#7256,#7257,#7258),(#7259,#7260,#7261,#7262),(#7263,
#7264,#7265,#7266),(#7267,#7268,#7269,#7270),(#7271,#7272,#7273,#7274),(#7275,
#7276,#7277,#7278),(#7279,#7280,#7281,#7282),(#7283,#7284,#7285,#7286),(#7287,
#7288,#7289,#7290),(#7291,#7292,#7293,#7294),(#7295,#7296,#7297,#7298),(#7299,
#7300,#7301,#7302),(#7303,#7304,#7305,#7306),(#7307,#7308,#7309,#7310)),
.UNSPECIFIED.,.F.,.F.,.F.,(4,1,1,1,1,1,1,1,1,1,1,1,1,1,1,1,1,1,1,1,1,1,1,1,1,1,
1,1,1,1,1,1,1,1,1,1,1,1,1,1,1,1,1,1,1,1,4),(4,4),(-8.120599789887E-5,
4.589289786958E-4,9.474562139792E-4,1.924510684546E-3,3.878619625679E-3,
5.832728566813E-3,7.786837507947E-3,1.169505539022E-2,1.560327327249E-2,
2.341970903701E-2,3.123614480155E-2,4.686901633062E-2,6.250188785968E-2,
9.375182531329E-2,1.250017627669E-1,1.875016376742E-1,2.500015125813E-1,
2.656264813081E-1,2.812514500349E-1,3.125013874886E-1,3.437513249422E-1,
3.750012623958E-1,3.906262311225E-1,4.062511998494E-1,4.218761685762E-1,
4.375011373030E-1,4.531261060298E-1,4.687510747565E-1,5.000010122101E-1,
5.312509496638E-1,5.468759183906E-1,5.625008871173E-1,5.781258558442E-1,
5.937508245709E-1,6.093757932978E-1,6.250007620246E-1,6.562506994783E-1,
6.875006369318E-1,7.187505743854E-1,7.500005118390E-1,7.656254805658E-1,
7.812504492927E-1,8.125003867462E-1,8.750002616534E-1,9.375001365607E-1,1.E0,
1.029690468583E0),(-8.678331354205E-3,9.999998330200E-1),.UNSPECIFIED.);
#7313=ORIENTED_EDGE('',*,*,#7312,.T.);
#7314=ORIENTED_EDGE('',*,*,#6237,.T.);
#7315=ORIENTED_EDGE('',*,*,#7105,.T.);
#7317=ORIENTED_EDGE('',*,*,#7316,.T.);
#7318=EDGE_LOOP('',(#7313,#7314,#7315,#7317));
#7319=FACE_OUTER_BOUND('',#7318,.F.);
#7320=ADVANCED_FACE('',(#7319),#7311,.F.);
#7321=CARTESIAN_POINT('',(-1.391E2,-8.1E1,0.E0));
#7322=DIRECTION('',(5.812381937191E-1,0.E0,-8.137334712067E-1));
#7323=DIRECTION('',(0.E0,-1.E0,0.E0));
#7324=AXIS2_PLACEMENT_3D('',#7321,#7322,#7323);
#7325=PLANE('',#7324);
#7327=ORIENTED_EDGE('',*,*,#7326,.F.);
#7329=ORIENTED_EDGE('',*,*,#7328,.F.);
#7330=ORIENTED_EDGE('',*,*,#7312,.F.);
#7332=ORIENTED_EDGE('',*,*,#7331,.F.);
#7333=EDGE_LOOP('',(#7327,#7329,#7330,#7332));
#7334=FACE_OUTER_BOUND('',#7333,.F.);
#7335=ADVANCED_FACE('',(#7334),#7325,.F.);
#7336=CARTESIAN_POINT('',(-1.416724256771E2,-3.805940726261E1,
4.019467746555E-1));
#7337=CARTESIAN_POINT('',(-1.415392431592E2,-3.798712458988E1,
-2.228886128447E-1));
#7338=CARTESIAN_POINT('',(-1.414060606413E2,-3.791484191714E1,
-8.477240003449E-1));
#7339=CARTESIAN_POINT('',(-1.412728781233E2,-3.784255924441E1,
-1.472559387845E0));
#7340=CARTESIAN_POINT('',(-1.414738910295E2,-3.802529532914E1,
4.019467746590E-1));
#7341=CARTESIAN_POINT('',(-1.413927122680E2,-3.800079749517E1,
-2.228886128417E-1));
#7342=CARTESIAN_POINT('',(-1.413115335064E2,-3.797629966121E1,
-8.477240003423E-1));
#7343=CARTESIAN_POINT('',(-1.412303547449E2,-3.795180182725E1,
-1.472559387843E0));
#7344=CARTESIAN_POINT('',(-1.412815458055E2,-3.800709719270E1,
4.019467746532E-1));
#7345=CARTESIAN_POINT('',(-1.412402842364E2,-3.800591163847E1,
-2.228886128489E-1));
#7346=CARTESIAN_POINT('',(-1.411990226673E2,-3.800472608424E1,
-8.477240003511E-1));
#7347=CARTESIAN_POINT('',(-1.411577610982E2,-3.800354053002E1,
-1.472559387853E0));
#7348=CARTESIAN_POINT('',(-1.410005807201E2,-3.800262756091E1,
4.019467746530E-1));
#7349=CARTESIAN_POINT('',(-1.410178976792E2,-3.800315035733E1,
-2.228886128486E-1));
#7350=CARTESIAN_POINT('',(-1.410352146382E2,-3.800367315375E1,
-8.477240003502E-1));
#7351=CARTESIAN_POINT('',(-1.410525315973E2,-3.800419595017E1,
-1.472559387852E0));
#7352=CARTESIAN_POINT('',(-1.408178392729E2,-3.800671151123E1,
4.019467746527E-1));
#7353=CARTESIAN_POINT('',(-1.408734973354E2,-3.799813811787E1,
-2.228886128485E-1));
#7354=CARTESIAN_POINT('',(-1.409291553980E2,-3.798956472451E1,
-8.477240003497E-1));
#7355=CARTESIAN_POINT('',(-1.409848134605E2,-3.798099133114E1,
-1.472559387851E0));
#7356=CARTESIAN_POINT('',(-1.405439361106E2,-3.803047252083E1,
4.019467746523E-1));
#7357=CARTESIAN_POINT('',(-1.406647093716E2,-3.798334398434E1,
-2.228886128484E-1));
#7358=CARTESIAN_POINT('',(-1.407854826326E2,-3.793621544785E1,
-8.477240003491E-1));
#7359=CARTESIAN_POINT('',(-1.409062558937E2,-3.788908691137E1,
-1.472559387850E0));
#7360=CARTESIAN_POINT('',(-1.402531357603E2,-3.806881188254E1,
4.019467746523E-1));
#7361=CARTESIAN_POINT('',(-1.404596305884E2,-3.796060453308E1,
-2.228886128484E-1));
#7362=CARTESIAN_POINT('',(-1.406661254166E2,-3.785239718362E1,
-8.477240003491E-1));
#7363=CARTESIAN_POINT('',(-1.408726202447E2,-3.774418983417E1,
-1.472559387850E0));
#7364=CARTESIAN_POINT('',(-1.399515780642E2,-3.812006913610E1,
4.019467746512E-1));
#7365=CARTESIAN_POINT('',(-1.402625227329E2,-3.793931529443E1,
-2.228886128478E-1));
#7366=CARTESIAN_POINT('',(-1.405734674017E2,-3.775856145277E1,
-8.477240003468E-1));
#7367=CARTESIAN_POINT('',(-1.408844120705E2,-3.757780761111E1,
-1.472559387846E0));
#7368=CARTESIAN_POINT('',(-1.396459045371E2,-3.815338414020E1,
4.019467746542E-1));
#7369=CARTESIAN_POINT('',(-1.400721821510E2,-3.790738597547E1,
-2.228886128495E-1));
#7370=CARTESIAN_POINT('',(-1.404984597649E2,-3.766138781074E1,
-8.477240003532E-1));
#7371=CARTESIAN_POINT('',(-1.409247373788E2,-3.741538964601E1,
-1.472559387857E0));
#7372=CARTESIAN_POINT('',(-1.393511563768E2,-3.812774633922E1,
4.019467746524E-1));
#7373=CARTESIAN_POINT('',(-1.398938895412E2,-3.784298178420E1,
-2.228886128483E-1));
#7374=CARTESIAN_POINT('',(-1.404366227056E2,-3.755821722919E1,
-8.477240003491E-1));
#7375=CARTESIAN_POINT('',(-1.409793558700E2,-3.727345267417E1,
-1.472559387850E0));
#7376=CARTESIAN_POINT('',(-1.390756948281E2,-3.803293523147E1,
4.019467746315E-1));
#7377=CARTESIAN_POINT('',(-1.397297601980E2,-3.773988334988E1,
-2.228886128370E-1));
#7378=CARTESIAN_POINT('',(-1.403838255679E2,-3.744683146830E1,
-8.477240003055E-1));
#7379=CARTESIAN_POINT('',(-1.410378909378E2,-3.715377958672E1,
-1.472559387774E0));
#7380=CARTESIAN_POINT('',(-1.387707214395E2,-3.779845793213E1,
4.019467745844E-1));
#7381=CARTESIAN_POINT('',(-1.395495920837E2,-3.754215124498E1,
-2.228886128102E-1));
#7382=CARTESIAN_POINT('',(-1.403284627280E2,-3.728584455783E1,
-8.477240002049E-1));
#7383=CARTESIAN_POINT('',(-1.411073333723E2,-3.702953787068E1,
-1.472559387600E0));
#7384=CARTESIAN_POINT('',(-1.385687887226E2,-3.736853188230E1,
4.019467745168E-1));
#7385=CARTESIAN_POINT('',(-1.394306197531E2,-3.721863885327E1,
-2.228886127809E-1));
#7386=CARTESIAN_POINT('',(-1.402924507837E2,-3.706874582424E1,
-8.477240000787E-1));
#7387=CARTESIAN_POINT('',(-1.411542818142E2,-3.691885279521E1,
-1.472559387376E0));
#7388=CARTESIAN_POINT('',(-1.385371318219E2,-3.699841375656E1,
4.019467744604E-1));
#7389=CARTESIAN_POINT('',(-1.394119654246E2,-3.694544355676E1,
-2.228886127258E-1));
#7390=CARTESIAN_POINT('',(-1.402867990272E2,-3.689247335697E1,
-8.477239999120E-1));
#7391=CARTESIAN_POINT('',(-1.411616326299E2,-3.683950315717E1,
-1.472559387098E0));
#7392=CARTESIAN_POINT('',(-1.385372709463E2,-3.681312299461E1,
4.019467744765E-1));
#7393=CARTESIAN_POINT('',(-1.394120473734E2,-3.680857897627E1,
-2.228886127511E-1));
#7394=CARTESIAN_POINT('',(-1.402868238005E2,-3.680403495793E1,
-8.477239999787E-1));
#7395=CARTESIAN_POINT('',(-1.411616002276E2,-3.679949093958E1,
-1.472559387206E0));
#7396=CARTESIAN_POINT('',(-1.385372716167E2,-3.681243944477E1,
4.019467744762E-1));
#7397=CARTESIAN_POINT('',(-1.394120477683E2,-3.680807407285E1,
-2.228886127507E-1));
#7398=CARTESIAN_POINT('',(-1.402868239200E2,-3.680370870093E1,
-8.477239999775E-1));
#7399=CARTESIAN_POINT('',(-1.411616000716E2,-3.679934332901E1,
-1.472559387204E0));
#7400=CARTESIAN_POINT('',(-1.385374933145E2,-3.662539791936E1,
4.019467743061E-1));
#7401=CARTESIAN_POINT('',(-1.394121783736E2,-3.666991579712E1,
-2.228886126250E-1));
#7402=CARTESIAN_POINT('',(-1.402868634328E2,-3.671443367489E1,
-8.477239995562E-1));
#7403=CARTESIAN_POINT('',(-1.411615484920E2,-3.675895155266E1,
-1.472559386487E0));
#7404=CARTESIAN_POINT('',(-1.385539258796E2,-3.643911819290E1,
4.019466623813E-1));
#7405=CARTESIAN_POINT('',(-1.394218570332E2,-3.653221645527E1,
-2.228883579560E-1));
#7406=CARTESIAN_POINT('',(-1.402897881868E2,-3.662531471763E1,
-8.477233782934E-1));
#7407=CARTESIAN_POINT('',(-1.411577193404E2,-3.671841298E1,-1.472558398631E0));
#7408=CARTESIAN_POINT('',(-1.385694829410E2,-3.626069667436E1,
4.019467023497E-1));
#7409=CARTESIAN_POINT('',(-1.394310316375E2,-3.639884752085E1,
-2.228883696565E-1));
#7410=CARTESIAN_POINT('',(-1.402925803339E2,-3.653699836734E1,
-8.477234416626E-1));
#7411=CARTESIAN_POINT('',(-1.411541290304E2,-3.667514921383E1,
-1.472558513669E0));
#7412=B_SPLINE_SURFACE_WITH_KNOTS('',3,3,((#7336,#7337,#7338,#7339),(#7340,
#7341,#7342,#7343),(#7344,#7345,#7346,#7347),(#7348,#7349,#7350,#7351),(#7352,
#7353,#7354,#7355),(#7356,#7357,#7358,#7359),(#7360,#7361,#7362,#7363),(#7364,
#7365,#7366,#7367),(#7368,#7369,#7370,#7371),(#7372,#7373,#7374,#7375),(#7376,
#7377,#7378,#7379),(#7380,#7381,#7382,#7383),(#7384,#7385,#7386,#7387),(#7388,
#7389,#7390,#7391),(#7392,#7393,#7394,#7395),(#7396,#7397,#7398,#7399),(#7400,
#7401,#7402,#7403),(#7404,#7405,#7406,#7407),(#7408,#7409,#7410,#7411)),
.UNSPECIFIED.,.F.,.F.,.F.,(4,1,1,1,1,1,1,1,1,1,1,1,1,1,1,1,4),(4,4),(
-1.876127607996E-1,0.E0,5.421180838485E-3,9.430909884046E-2,1.831827024167E-1,
2.720563059931E-1,3.609299095694E-1,4.406663350943E-1,5.204027606191E-1,
6.001391861440E-1,6.798756116688E-1,8.393484627186E-1,9.994079528141E-1,
9.996199766277E-1,9.998343513515E-1,1.E0,1.161624416781E0),(7.433764719900E-6,
1.000687646734E0),.UNSPECIFIED.);
#7414=ORIENTED_EDGE('',*,*,#7413,.T.);
#7416=ORIENTED_EDGE('',*,*,#7415,.T.);
#7418=ORIENTED_EDGE('',*,*,#7417,.T.);
#7419=ORIENTED_EDGE('',*,*,#7326,.T.);
#7421=ORIENTED_EDGE('',*,*,#7420,.T.);
#7422=EDGE_LOOP('',(#7414,#7416,#7418,#7419,#7421));
#7423=FACE_OUTER_BOUND('',#7422,.F.);
#7424=ADVANCED_FACE('',(#7423),#7412,.T.);
#7425=CARTESIAN_POINT('',(-1.405E2,-8.1E1,-9.E0));
#7426=DIRECTION('',(0.E0,0.E0,1.E0));
#7427=DIRECTION('',(1.E0,0.E0,0.E0));
#7428=AXIS2_PLACEMENT_3D('',#7425,#7426,#7427);
#7429=CYLINDRICAL_SURFACE('',#7428,4.3E1);
#7430=ORIENTED_EDGE('',*,*,#6256,.F.);
#7432=ORIENTED_EDGE('',*,*,#7431,.T.);
#7433=ORIENTED_EDGE('',*,*,#7415,.F.);
#7434=ORIENTED_EDGE('',*,*,#7413,.F.);
#7436=ORIENTED_EDGE('',*,*,#7435,.F.);
#7438=ORIENTED_EDGE('',*,*,#7437,.T.);
#7439=EDGE_LOOP('',(#7430,#7432,#7433,#7434,#7436,#7438));
#7440=FACE_OUTER_BOUND('',#7439,.F.);
#7441=ADVANCED_FACE('',(#7440),#7429,.T.);
#7442=CARTESIAN_POINT('',(-1.363443654384E2,-3.667745501184E1,
-9.157285205168E0));
#7443=CARTESIAN_POINT('',(-1.364159718200E2,-3.667218212091E1,
-9.089261274102E0));
#7444=CARTESIAN_POINT('',(-1.366394784388E2,-3.665379202149E1,
-8.881071798730E0));
#7445=CARTESIAN_POINT('',(-1.371611374171E2,-3.661448363929E1,
-8.372515156586E0));
#7446=CARTESIAN_POINT('',(-1.378827012203E2,-3.657240885279E1,
-7.587915295478E0));
#7447=CARTESIAN_POINT('',(-1.385310620319E2,-3.654756095286E1,
-6.751101173421E0));
#7448=CARTESIAN_POINT('',(-1.390004701731E2,-3.653578032405E1,
-6.041374749537E0));
#7449=CARTESIAN_POINT('',(-1.394259919693E2,-3.652871850464E1,
-5.315699517242E0));
#7450=CARTESIAN_POINT('',(-1.397839652854E2,-3.652708921731E1,
-4.564834608376E0));
#7451=CARTESIAN_POINT('',(-1.400676188495E2,-3.652824761750E1,
-3.785779071536E0));
#7452=CARTESIAN_POINT('',(-1.402420186143E2,-3.652987048081E1,
-3.184526067506E0));
#7453=CARTESIAN_POINT('',(-1.403743124499E2,-3.653159502363E1,
-2.572923153770E0));
#7454=CARTESIAN_POINT('',(-1.404478862163E2,-3.653279623077E1,
-2.060697719863E0));
#7455=CARTESIAN_POINT('',(-1.404851745013E2,-3.653343513050E1,
-1.647690882694E0));
#7456=CARTESIAN_POINT('',(-1.404996273737E2,-3.653369381082E1,
-1.384920278579E0));
#7457=CARTESIAN_POINT('',(-1.405082398434E2,-3.653384838128E1,
-1.079191714635E0));
#7458=CARTESIAN_POINT('',(-1.405068373850E2,-3.653382382961E1,
-8.840199200673E-1));
#7459=CARTESIAN_POINT('',(-1.405047134198E2,-3.653378411772E1,
-6.952403521541E-1));
#7460=CARTESIAN_POINT('',(-1.363540196815E2,-3.790011570506E1,
-9.059075338660E0));
#7461=CARTESIAN_POINT('',(-1.364268127072E2,-3.789350339046E1,
-8.991657357234E0));
#7462=CARTESIAN_POINT('',(-1.366453669079E2,-3.787338226980E1,
-8.787361693354E0));
#7463=CARTESIAN_POINT('',(-1.371538001559E2,-3.783031614745E1,
-8.288727432211E0));
#7464=CARTESIAN_POINT('',(-1.378595379950E2,-3.778181862827E1,
-7.518681267170E0));
#7465=CARTESIAN_POINT('',(-1.384953381369E2,-3.775021296297E1,
-6.696346243403E0));
#7466=CARTESIAN_POINT('',(-1.389571339166E2,-3.773293372387E1,
-5.997693739415E0));
#7467=CARTESIAN_POINT('',(-1.393766866253E2,-3.772053588070E1,
-5.282416071594E0));
#7468=CARTESIAN_POINT('',(-1.397310604202E2,-3.771396588843E1,
-4.540610701098E0));
#7469=CARTESIAN_POINT('',(-1.400127961926E2,-3.771094771105E1,
-3.769090348148E0));
#7470=CARTESIAN_POINT('',(-1.401864190101E2,-3.770990336372E1,
-3.172708059411E0));
#7471=CARTESIAN_POINT('',(-1.403183963180E2,-3.770955026618E1,
-2.565138269698E0));
#7472=CARTESIAN_POINT('',(-1.403919124317E2,-3.770957135789E1,
-2.055731700022E0));
#7473=CARTESIAN_POINT('',(-1.404291910497E2,-3.770960980488E1,
-1.644741947630E0));
#7474=CARTESIAN_POINT('',(-1.404436461227E2,-3.770963483574E1,
-1.383218056576E0));
#7475=CARTESIAN_POINT('',(-1.404522604232E2,-3.770965027060E1,
-1.078781652336E0));
#7476=CARTESIAN_POINT('',(-1.404508580527E2,-3.770964835547E1,
-8.849180620469E-1));
#7477=CARTESIAN_POINT('',(-1.404487326575E2,-3.770964301790E1,
-6.938751160206E-1));
#7478=CARTESIAN_POINT('',(-1.366061597029E2,-3.836390978287E1,
-9.281340126910E0));
#7479=CARTESIAN_POINT('',(-1.366749303610E2,-3.835750553639E1,
-9.216694230605E0));
#7480=CARTESIAN_POINT('',(-1.368934346103E2,-3.833780732244E1,
-9.009699975847E0));
#7481=CARTESIAN_POINT('',(-1.374051289906E2,-3.829565109631E1,
-8.501241225385E0));
#7482=CARTESIAN_POINT('',(-1.381150637499E2,-3.824837468295E1,
-7.716140051068E0));
#7483=CARTESIAN_POINT('',(-1.387570827294E2,-3.821779542635E1,
-6.874550235369E0));
#7484=CARTESIAN_POINT('',(-1.392243380721E2,-3.820123909281E1,
-6.157831222943E0));
#7485=CARTESIAN_POINT('',(-1.396495389556E2,-3.818948463316E1,
-5.422813330098E0));
#7486=CARTESIAN_POINT('',(-1.400095431435E2,-3.818344504320E1,
-4.658627959462E0));
#7487=CARTESIAN_POINT('',(-1.402962360426E2,-3.818084150005E1,
-3.862340832139E0));
#7488=CARTESIAN_POINT('',(-1.404730818653E2,-3.818005019396E1,
-3.246195062550E0));
#7489=CARTESIAN_POINT('',(-1.406075775839E2,-3.817988807904E1,
-2.618059064672E0));
#7490=CARTESIAN_POINT('',(-1.406825157232E2,-3.818001470131E1,
-2.091248849650E0));
#7491=CARTESIAN_POINT('',(-1.407205051444E2,-3.818010647442E1,
-1.666393912348E0));
#7492=CARTESIAN_POINT('',(-1.407352332039E2,-3.818015212165E1,
-1.395844136935E0));
#7493=CARTESIAN_POINT('',(-1.407440078051E2,-3.818017982631E1,
-1.081858836424E0));
#7494=CARTESIAN_POINT('',(-1.407425786343E2,-3.818017590704E1,
-8.782094693727E-1));
#7495=CARTESIAN_POINT('',(-1.407404153382E2,-3.818016755845E1,
-7.040748956558E-1));
#7496=CARTESIAN_POINT('',(-1.371007855030E2,-3.806883724529E1,
-9.824079569917E0));
#7497=CARTESIAN_POINT('',(-1.371603247815E2,-3.806418855870E1,
-9.764371894220E0));
#7498=CARTESIAN_POINT('',(-1.373836815460E2,-3.804706717943E1,
-9.548086646208E0));
#7499=CARTESIAN_POINT('',(-1.379151239208E2,-3.801048848583E1,
-9.010056536107E0));
#7500=CARTESIAN_POINT('',(-1.386492784844E2,-3.797207701683E1,
-8.180291647173E0));
#7501=CARTESIAN_POINT('',(-1.393162958095E2,-3.795030834302E1,
-7.285713149318E0));
#7502=CARTESIAN_POINT('',(-1.398020826397E2,-3.794069643092E1,
-6.521787200124E0));
#7503=CARTESIAN_POINT('',(-1.402445489604E2,-3.793556476203E1,
-5.736891292752E0));
#7504=CARTESIAN_POINT('',(-1.406194134554E2,-3.793552668167E1,
-4.918886383473E0));
#7505=CARTESIAN_POINT('',(-1.409179383996E2,-3.793792898451E1,
-4.065530523505E0));
#7506=CARTESIAN_POINT('',(-1.411020071801E2,-3.794031097156E1,
-3.404987076925E0));
#7507=CARTESIAN_POINT('',(-1.412418562478E2,-3.794260846219E1,
-2.731685538695E0));
#7508=CARTESIAN_POINT('',(-1.413196960912E2,-3.794412626102E1,
-2.167249168741E0));
#7509=CARTESIAN_POINT('',(-1.413591167858E2,-3.794492513909E1,
-1.712646776845E0));
#7510=CARTESIAN_POINT('',(-1.413743886176E2,-3.794524566860E1,
-1.422798519655E0));
#7511=CARTESIAN_POINT('',(-1.413834819890E2,-3.794543704840E1,
-1.088423266900E0));
#7512=CARTESIAN_POINT('',(-1.413819991296E2,-3.794540648427E1,
-8.638941420444E-1));
#7513=CARTESIAN_POINT('',(-1.413797614620E2,-3.794535773930E1,
-7.258396910599E-1));
#7514=B_SPLINE_SURFACE_WITH_KNOTS('',3,3,((#7442,#7443,#7444,#7445,#7446,#7447,
#7448,#7449,#7450,#7451,#7452,#7453,#7454,#7455,#7456,#7457,#7458,#7459),(#7460,
#7461,#7462,#7463,#7464,#7465,#7466,#7467,#7468,#7469,#7470,#7471,#7472,#7473,
#7474,#7475,#7476,#7477),(#7478,#7479,#7480,#7481,#7482,#7483,#7484,#7485,#7486,
#7487,#7488,#7489,#7490,#7491,#7492,#7493,#7494,#7495),(#7496,#7497,#7498,#7499,
#7500,#7501,#7502,#7503,#7504,#7505,#7506,#7507,#7508,#7509,#7510,#7511,#7512,
#7513)),.UNSPECIFIED.,.F.,.F.,.F.,(4,4),(4,1,1,1,1,1,1,1,1,1,1,1,1,1,1,4),(
-1.076118086035E-1,1.229179949985E0),(1.330383175853E-2,1.357504443731E-2,
1.423710365028E-2,1.556122207622E-2,1.688534050215E-2,1.754739971512E-2,
1.820945892809E-2,1.953357735402E-2,2.019563656699E-2,2.085769577996E-2,
2.151975499293E-2,2.218181420590E-2,2.251284381238E-2,2.284387341886E-2,
2.302199546724E-2,2.348145817329E-2),.UNSPECIFIED.);
#7515=ORIENTED_EDGE('',*,*,#7417,.F.);
#7516=ORIENTED_EDGE('',*,*,#7431,.F.);
#7517=ORIENTED_EDGE('',*,*,#6254,.F.);
#7519=ORIENTED_EDGE('',*,*,#7518,.F.);
#7520=EDGE_LOOP('',(#7515,#7516,#7517,#7519));
#7521=FACE_OUTER_BOUND('',#7520,.F.);
#7522=ADVANCED_FACE('',(#7521),#7514,.T.);
#7523=CARTESIAN_POINT('',(-1.404965402054E2,6.899999995567E1,
-7.491585709972E-1));
#7524=CARTESIAN_POINT('',(-1.404988504177E2,6.899999995567E1,
-8.329168349275E-1));
#7525=CARTESIAN_POINT('',(-1.405391507317E2,6.899999995567E1,
-3.754756824785E0));
#7526=CARTESIAN_POINT('',(-1.391360050076E2,6.899999995567E1,
-6.561329630402E0));
#7527=CARTESIAN_POINT('',(-1.363766353604E2,6.899999995567E1,
-9.114904958209E0));
#7528=CARTESIAN_POINT('',(-1.363138942827E2,6.899999995567E1,
-9.172225893994E0));
#7530=DIRECTION('',(0.E0,-1.E0,0.E0));
#7531=VECTOR('',#7530,1.E0);
#7532=SURFACE_OF_LINEAR_EXTRUSION('',#7529,#7531);
#7533=ORIENTED_EDGE('',*,*,#6252,.T.);
#7534=ORIENTED_EDGE('',*,*,#6239,.T.);
#7535=ORIENTED_EDGE('',*,*,#7328,.T.);
#7536=ORIENTED_EDGE('',*,*,#7518,.T.);
#7537=EDGE_LOOP('',(#7533,#7534,#7535,#7536));
#7538=FACE_OUTER_BOUND('',#7537,.F.);
#7539=ADVANCED_FACE('',(#7538),#7532,.T.);
#7540=CARTESIAN_POINT('',(-1.410817130421E2,-3.815108769426E1,
-4.948683841942E-5));
#7541=CARTESIAN_POINT('',(-1.410817390842E2,-3.814916943332E1,
-1.425868327379E-5));
#7542=CARTESIAN_POINT('',(-1.410830542124E2,-3.805229724504E1,
8.231500201774E-4));
#7543=CARTESIAN_POINT('',(-1.410837180317E2,-3.800340040307E1,
-4.820284682826E-2));
#7544=CARTESIAN_POINT('',(-1.410837050105E2,-3.800435953898E1,
-1.452066284428E-1));
#7545=CARTESIAN_POINT('',(-1.410837044999E2,-3.800439715172E1,
-1.471274607759E-1));
#7547=CARTESIAN_POINT('',(-1.405E2,-8.1E1,-7.071067811865E-2));
#7548=DIRECTION('',(0.E0,0.E0,-1.E0));
#7549=AXIS1_PLACEMENT('',#7547,#7548);
#7550=SURFACE_OF_REVOLUTION('',#7546,#7549);
#7552=ORIENTED_EDGE('',*,*,#7551,.F.);
#7554=ORIENTED_EDGE('',*,*,#7553,.T.);
#7556=ORIENTED_EDGE('',*,*,#7555,.T.);
#7557=ORIENTED_EDGE('',*,*,#7435,.T.);
#7559=ORIENTED_EDGE('',*,*,#7558,.F.);
#7561=ORIENTED_EDGE('',*,*,#7560,.F.);
#7563=ORIENTED_EDGE('',*,*,#7562,.F.);
#7564=EDGE_LOOP('',(#7552,#7554,#7556,#7557,#7559,#7561,#7563));
#7565=FACE_OUTER_BOUND('',#7564,.F.);
#7566=ADVANCED_FACE('',(#7565),#7550,.T.);
#7567=CARTESIAN_POINT('',(-9.746263876557E1,-8.063972184378E1,
-1.196482420179E-1));
#7568=CARTESIAN_POINT('',(-9.747992951027E1,-8.105094704290E1,
-1.388149737077E-1));
#7569=CARTESIAN_POINT('',(-9.751247770190E1,-8.143521668931E1,
-1.532537327877E-1));
#7570=CARTESIAN_POINT('',(-9.750295274175E1,-8.181823902450E1,
-1.446213967922E-1));
#7571=CARTESIAN_POINT('',(-9.749019566004E1,-8.063827226678E1,
-3.769804858949E-2));
#7572=CARTESIAN_POINT('',(-9.749229327180E1,-8.104983279257E1,
-4.373698715104E-2));
#7573=CARTESIAN_POINT('',(-9.750122713826E1,-8.143649397631E1,
-4.828626453439E-2));
#7574=CARTESIAN_POINT('',(-9.750475406793E1,-8.181755534284E1,
-4.556644001956E-2));
#7575=CARTESIAN_POINT('',(-9.754750710360E1,-8.063554419823E1,
2.154780370642E-3));
#7576=CARTESIAN_POINT('',(-9.754516758918E1,-8.104528596895E1,
2.499959677233E-3));
#7577=CARTESIAN_POINT('',(-9.754891392659E1,-8.143553556020E1,
2.759991534930E-3));
#7578=CARTESIAN_POINT('',(-9.755542236338E1,-8.181788636757E1,
2.604529257825E-3));
#7579=CARTESIAN_POINT('',(-9.763457309628E1,-8.063153763813E1,
-8.975513748061E-5));
#7580=CARTESIAN_POINT('',(-9.763855246239E1,-8.103730657204E1,
-1.041332228486E-4));
#7581=CARTESIAN_POINT('',(-9.765553806689E1,-8.143234144100E1,
-1.149645797028E-4));
#7582=CARTESIAN_POINT('',(-9.765495762813E1,-8.181923209868E1,
-1.084889600783E-4));
#7583=B_SPLINE_SURFACE_WITH_KNOTS('',3,3,((#7567,#7568,#7569,#7570),(#7571,
#7572,#7573,#7574),(#7575,#7576,#7577,#7578),(#7579,#7580,#7581,#7582)),
.UNSPECIFIED.,.F.,.F.,.F.,(4,4),(4,4),(-2.015585327114E-2,1.027941069334E0),(
1.327335384566E-2,1.446718619481E-2),.UNSPECIFIED.);
#7585=ORIENTED_EDGE('',*,*,#7584,.F.);
#7587=ORIENTED_EDGE('',*,*,#7586,.F.);
#7588=ORIENTED_EDGE('',*,*,#7551,.T.);
#7590=ORIENTED_EDGE('',*,*,#7589,.F.);
#7591=EDGE_LOOP('',(#7585,#7587,#7588,#7590));
#7592=FACE_OUTER_BOUND('',#7591,.F.);
#7593=ADVANCED_FACE('',(#7592),#7583,.T.);
#7594=CARTESIAN_POINT('',(-9.608766602859E1,-7.970466415329E1,
-6.947025072292E-2));
#7595=CARTESIAN_POINT('',(-9.627665136878E1,-7.969255725179E1,
-6.975099171616E-2));
#7596=CARTESIAN_POINT('',(-9.652402315449E1,-7.969221362141E1,
-6.917277948996E-2));
#7597=CARTESIAN_POINT('',(-9.677748149858E1,-7.974674354884E1,
-7.045819691963E-2));
#7598=CARTESIAN_POINT('',(-9.687835632139E1,-7.977878050604E1,
-7.142883687013E-2));
#7599=CARTESIAN_POINT('',(-9.695180888710E1,-7.980780494227E1,
-7.237893395968E-2));
#7600=CARTESIAN_POINT('',(-9.702157471569E1,-7.984237021596E1,
-7.372046415188E-2));
#7601=CARTESIAN_POINT('',(-9.710786251220E1,-7.989578351991E1,
-7.622103207787E-2));
#7602=CARTESIAN_POINT('',(-9.720348322389E1,-7.997563373648E1,
-8.063092703127E-2));
#7603=CARTESIAN_POINT('',(-9.729715774443E1,-8.009040152520E1,
-8.805825090930E-2));
#7604=CARTESIAN_POINT('',(-9.735690500230E1,-8.020081231569E1,
-9.616605623802E-2));
#7605=CARTESIAN_POINT('',(-9.739270196545E1,-8.029592025655E1,
-1.036750189325E-1));
#7606=CARTESIAN_POINT('',(-9.742104272697E1,-8.039409184723E1,
-1.114635983916E-1));
#7607=CARTESIAN_POINT('',(-9.746537572790E1,-8.063580891329E1,
-1.302130256611E-1));
#7608=CARTESIAN_POINT('',(-9.746921697041E1,-8.088318132638E1,
-1.451558859878E-1));
#7609=CARTESIAN_POINT('',(-9.748604550126E1,-8.109228097513E1,
-1.498388575103E-1));
#7610=CARTESIAN_POINT('',(-9.608385247927E1,-7.964228775388E1,
-2.133933472216E-2));
#7611=CARTESIAN_POINT('',(-9.627516691770E1,-7.963060159452E1,
-2.142557057068E-2));
#7612=CARTESIAN_POINT('',(-9.652849540940E1,-7.962929511281E1,
-2.124795980766E-2));
#7613=CARTESIAN_POINT('',(-9.679245199994E1,-7.968648139260E1,
-2.164280439949E-2));
#7614=CARTESIAN_POINT('',(-9.689822087911E1,-7.972044529614E1,
-2.194095807799E-2));
#7615=CARTESIAN_POINT('',(-9.697562481587E1,-7.975133029324E1,
-2.223280155921E-2));
#7616=CARTESIAN_POINT('',(-9.704953726630E1,-7.978848840401E1,
-2.264488243575E-2));
#7617=CARTESIAN_POINT('',(-9.714125774225E1,-7.984647693998E1,
-2.341298756584E-2));
#7618=CARTESIAN_POINT('',(-9.724306584678E1,-7.993364024142E1,
-2.476758501611E-2));
#7619=CARTESIAN_POINT('',(-9.734171356177E1,-8.005857612721E1,
-2.704905296352E-2));
#7620=CARTESIAN_POINT('',(-9.740224486977E1,-8.017781174090E1,
-2.953954594390E-2));
#7621=CARTESIAN_POINT('',(-9.743606854414E1,-8.027925909129E1,
-3.184609107201E-2));
#7622=CARTESIAN_POINT('',(-9.746116613057E1,-8.038283110445E1,
-3.423852671688E-2));
#7623=CARTESIAN_POINT('',(-9.749414891430E1,-8.063433158010E1,
-3.999783088217E-2));
#7624=CARTESIAN_POINT('',(-9.748285829551E1,-8.088347013355E1,
-4.458786323265E-2));
#7625=CARTESIAN_POINT('',(-9.749314700502E1,-8.109039028675E1,
-4.602634223298E-2));
#7626=CARTESIAN_POINT('',(-9.607931282357E1,-7.957187263546E1,
1.781756379102E-3));
#7627=CARTESIAN_POINT('',(-9.627361351842E1,-7.956062379888E1,
1.788956757083E-3));
#7628=CARTESIAN_POINT('',(-9.653349847576E1,-7.955835404437E1,
1.774126908174E-3));
#7629=CARTESIAN_POINT('',(-9.680939059809E1,-7.961818311706E1,
1.807094987024E-3));
#7630=CARTESIAN_POINT('',(-9.692081294606E1,-7.965406599687E1,
1.831989728372E-3));
#7631=CARTESIAN_POINT('',(-9.700282800261E1,-7.968680767779E1,
1.856357591341E-3));
#7632=CARTESIAN_POINT('',(-9.708166311516E1,-7.972654434939E1,
1.890764836932E-3));
#7633=CARTESIAN_POINT('',(-9.718005555305E1,-7.978908188522E1,
1.954898805176E-3));
#7634=CARTESIAN_POINT('',(-9.729003194148E1,-7.988355590707E1,
2.068002736472E-3));
#7635=CARTESIAN_POINT('',(-9.739691729494E1,-8.001886726404E1,
2.258496963315E-3));
#7636=CARTESIAN_POINT('',(-9.746182516808E1,-8.014730547338E1,
2.466444015690E-3));
#7637=CARTESIAN_POINT('',(-9.749721491774E1,-8.025577010063E1,
2.659032095375E-3));
#7638=CARTESIAN_POINT('',(-9.752302157825E1,-8.036577898986E1,
2.858791718979E-3));
#7639=CARTESIAN_POINT('',(-9.755494644614E1,-8.063005253093E1,
3.339672546329E-3));
#7640=CARTESIAN_POINT('',(-9.753871111798E1,-8.088275331246E1,
3.722923454932E-3));
#7641=CARTESIAN_POINT('',(-9.754773556692E1,-8.108396778721E1,
3.843031188772E-3));
#7642=CARTESIAN_POINT('',(-9.607404706146E1,-7.949341879802E1,
-1.069774191208E-4));
#7643=CARTESIAN_POINT('',(-9.627199117088E1,-7.948262386486E1,
-1.074097329181E-4));
#7644=CARTESIAN_POINT('',(-9.653903235357E1,-7.947939041610E1,
-1.065193424136E-4));
#7645=CARTESIAN_POINT('',(-9.682829729304E1,-7.954184872225E1,
-1.084987600420E-4));
#7646=CARTESIAN_POINT('',(-9.694613252216E1,-7.957964260823E1,
-1.099934510165E-4));
#7647=CARTESIAN_POINT('',(-9.703341844730E1,-7.961423709592E1,
-1.114565079867E-4));
#7648=CARTESIAN_POINT('',(-9.711795226225E1,-7.965653805210E1,
-1.135223338066E-4));
#7649=CARTESIAN_POINT('',(-9.722425594462E1,-7.972359835561E1,
-1.173729648365E-4));
#7650=CARTESIAN_POINT('',(-9.734438150794E1,-7.982538073337E1,
-1.241637735043E-4));
#7651=CARTESIAN_POINT('',(-9.746276894395E1,-7.997127493569E1,
-1.356011287933E-4));
#7652=CARTESIAN_POINT('',(-9.753564589724E1,-8.010929351313E1,
-1.480863592316E-4));
#7653=CARTESIAN_POINT('',(-9.757614108619E1,-8.022545328458E1,
-1.596494303456E-4));
#7654=CARTESIAN_POINT('',(-9.760660907003E1,-8.034293550352E1,
-1.716430840399E-4));
#7655=CARTESIAN_POINT('',(-9.764776832341E1,-8.062297176573E1,
-2.005153756847E-4));
#7656=CARTESIAN_POINT('',(-9.763677543786E1,-8.088103086314E1,
-2.235259250288E-4));
#7657=CARTESIAN_POINT('',(-9.764981118695E1,-8.107301347650E1,
-2.307372450129E-4));
#7658=B_SPLINE_SURFACE_WITH_KNOTS('',3,3,((#7594,#7595,#7596,#7597,#7598,#7599,
#7600,#7601,#7602,#7603,#7604,#7605,#7606,#7607,#7608,#7609),(#7610,#7611,#7612,
#7613,#7614,#7615,#7616,#7617,#7618,#7619,#7620,#7621,#7622,#7623,#7624,#7625),(
#7626,#7627,#7628,#7629,#7630,#7631,#7632,#7633,#7634,#7635,#7636,#7637,#7638,
#7639,#7640,#7641),(#7642,#7643,#7644,#7645,#7646,#7647,#7648,#7649,#7650,#7651,
#7652,#7653,#7654,#7655,#7656,#7657)),.UNSPECIFIED.,.F.,.F.,.F.,(4,4),(4,1,1,1,
1,1,1,1,1,1,1,1,1,4),(-6.764026041123E-2,1.041895904169E0),(1.108020238419E-2,
1.168171092634E-2,1.186329639340E-2,1.195408912693E-2,1.204488186046E-2,
1.213567459400E-2,1.222646732753E-2,1.240805279459E-2,1.258963826165E-2,
1.277122372871E-2,1.286201646224E-2,1.295280919578E-2,1.313439466284E-2,
1.371053998225E-2),.UNSPECIFIED.);
#7659=ORIENTED_EDGE('',*,*,#7584,.T.);
#7661=ORIENTED_EDGE('',*,*,#7660,.F.);
#7663=ORIENTED_EDGE('',*,*,#7662,.F.);
#7665=ORIENTED_EDGE('',*,*,#7664,.F.);
#7666=EDGE_LOOP('',(#7659,#7661,#7663,#7665));
#7667=FACE_OUTER_BOUND('',#7666,.F.);
#7668=ADVANCED_FACE('',(#7667),#7658,.T.);
#7669=CARTESIAN_POINT('',(-1.405E2,-8.1E1,0.E0));
#7670=DIRECTION('',(0.E0,0.E0,1.E0));
#7671=DIRECTION('',(1.E0,0.E0,0.E0));
#7672=AXIS2_PLACEMENT_3D('',#7669,#7670,#7671);
#7673=PLANE('',#7672);
#7674=ORIENTED_EDGE('',*,*,#7589,.T.);
#7675=ORIENTED_EDGE('',*,*,#7562,.T.);
#7676=ORIENTED_EDGE('',*,*,#7560,.T.);
#7678=ORIENTED_EDGE('',*,*,#7677,.T.);
#7680=ORIENTED_EDGE('',*,*,#7679,.F.);
#7682=ORIENTED_EDGE('',*,*,#7681,.T.);
#7684=ORIENTED_EDGE('',*,*,#7683,.F.);
#7686=ORIENTED_EDGE('',*,*,#7685,.T.);
#7688=ORIENTED_EDGE('',*,*,#7687,.F.);
#7690=ORIENTED_EDGE('',*,*,#7689,.T.);
#7692=ORIENTED_EDGE('',*,*,#7691,.F.);
#7693=ORIENTED_EDGE('',*,*,#7660,.T.);
#7694=EDGE_LOOP('',(#7674,#7675,#7676,#7678,#7680,#7682,#7684,#7686,#7688,#7690,
#7692,#7693));
#7695=FACE_OUTER_BOUND('',#7694,.F.);
#7697=ORIENTED_EDGE('',*,*,#7696,.T.);
#7699=ORIENTED_EDGE('',*,*,#7698,.T.);
#7700=EDGE_LOOP('',(#7697,#7699));
#7701=FACE_BOUND('',#7700,.F.);
#7703=ORIENTED_EDGE('',*,*,#7702,.T.);
#7705=ORIENTED_EDGE('',*,*,#7704,.T.);
#7707=ORIENTED_EDGE('',*,*,#7706,.F.);
#7709=ORIENTED_EDGE('',*,*,#7708,.T.);
#7711=ORIENTED_EDGE('',*,*,#7710,.F.);
#7713=ORIENTED_EDGE('',*,*,#7712,.T.);
#7715=ORIENTED_EDGE('',*,*,#7714,.F.);
#7717=ORIENTED_EDGE('',*,*,#7716,.T.);
#7719=ORIENTED_EDGE('',*,*,#7718,.F.);
#7721=ORIENTED_EDGE('',*,*,#7720,.T.);
#7722=EDGE_LOOP('',(#7703,#7705,#7707,#7709,#7711,#7713,#7715,#7717,#7719,
#7721));
#7723=FACE_BOUND('',#7722,.F.);
#7724=ADVANCED_FACE('',(#7695,#7701,#7723),#7673,.T.);
#7725=CARTESIAN_POINT('',(-1.413073379299E2,-3.800321930337E1,
-1.532486186139E-1));
#7726=CARTESIAN_POINT('',(-1.411747524020E2,-3.800657084977E1,
-1.562168794469E-1));
#7727=CARTESIAN_POINT('',(-1.409845364458E2,-3.800379311734E1,
-1.563757199407E-1));
#7728=CARTESIAN_POINT('',(-1.407337757409E2,-3.799264858171E1,
-1.509695929302E-1));
#7729=CARTESIAN_POINT('',(-1.405858820572E2,-3.798451462855E1,
-1.461596317120E-1));
#7730=CARTESIAN_POINT('',(-1.404664848734E2,-3.797766365399E1,
-1.414936126328E-1));
#7731=CARTESIAN_POINT('',(-1.403757930876E2,-3.797248800350E1,
-1.376895557350E-1));
#7732=CARTESIAN_POINT('',(-1.402859878458E2,-3.796752166748E1,
-1.334054391792E-1));
#7733=CARTESIAN_POINT('',(-1.401702492425E2,-3.796019652355E1,
-1.269216518449E-1));
#7734=CARTESIAN_POINT('',(-1.400317232644E2,-3.794758156972E1,
-1.178125901059E-1));
#7735=CARTESIAN_POINT('',(-1.398759090079E2,-3.792035939681E1,
-1.062708005553E-1));
#7736=CARTESIAN_POINT('',(-1.397296176480E2,-3.787420812883E1,
-9.499562222506E-2));
#7737=CARTESIAN_POINT('',(-1.395955931651E2,-3.780328254580E1,
-8.548278713896E-2));
#7738=CARTESIAN_POINT('',(-1.394788891879E2,-3.770990053206E1,
-7.818834407494E-2));
#7739=CARTESIAN_POINT('',(-1.393973931006E2,-3.761443327923E1,
-7.381800858412E-2));
#7740=CARTESIAN_POINT('',(-1.393428803552E2,-3.752832701021E1,
-7.133266686325E-2));
#7741=CARTESIAN_POINT('',(-1.393076934632E2,-3.745890257138E1,
-6.999928037512E-2));
#7742=CARTESIAN_POINT('',(-1.392781544033E2,-3.738549276026E1,
-6.905597395431E-2));
#7743=CARTESIAN_POINT('',(-1.392453940610E2,-3.728376542237E1,
-6.808890700845E-2));
#7744=CARTESIAN_POINT('',(-1.391890800102E2,-3.702551239559E1,
-6.679572821234E-2));
#7745=CARTESIAN_POINT('',(-1.391889984659E2,-3.677250083070E1,
-6.736592819860E-2));
#7746=CARTESIAN_POINT('',(-1.392023346437E2,-3.658641872107E1,
-6.709354561013E-2));
#7747=CARTESIAN_POINT('',(-1.413066564734E2,-3.800188865160E1,
-4.907501011844E-2));
#7748=CARTESIAN_POINT('',(-1.411747811798E2,-3.800072417795E1,
-5.002554025529E-2));
#7749=CARTESIAN_POINT('',(-1.409848382443E2,-3.799802109965E1,
-5.007640595910E-2));
#7750=CARTESIAN_POINT('',(-1.407337027979E2,-3.799402107741E1,
-4.834519467543E-2));
#7751=CARTESIAN_POINT('',(-1.405854552252E2,-3.799172917637E1,
-4.680489436087E-2));
#7752=CARTESIAN_POINT('',(-1.404657265998E2,-3.799008057410E1,
-4.531068883009E-2));
#7753=CARTESIAN_POINT('',(-1.403748621245E2,-3.798890278697E1,
-4.409251060151E-2));
#7754=CARTESIAN_POINT('',(-1.402846359756E2,-3.798809037387E1,
-4.272060222660E-2));
#7755=CARTESIAN_POINT('',(-1.401675353858E2,-3.798652177762E1,
-4.064429033603E-2));
#7756=CARTESIAN_POINT('',(-1.400259636561E2,-3.798097096993E1,
-3.772728331147E-2));
#7757=CARTESIAN_POINT('',(-1.398642445333E2,-3.796061104022E1,
-3.403124060576E-2));
#7758=CARTESIAN_POINT('',(-1.397094402136E2,-3.791844700426E1,
-3.042057516780E-2));
#7759=CARTESIAN_POINT('',(-1.395651574238E2,-3.784669637334E1,
-2.737426726418E-2));
#7760=CARTESIAN_POINT('',(-1.394385789965E2,-3.774855476830E1,
-2.503835800499E-2));
#7761=CARTESIAN_POINT('',(-1.393499255355E2,-3.764714508987E1,
-2.363883962517E-2));
#7762=CARTESIAN_POINT('',(-1.392909207825E2,-3.755579396528E1,
-2.284295532159E-2));
#7763=CARTESIAN_POINT('',(-1.392531801665E2,-3.748235620863E1,
-2.241596318300E-2));
#7764=CARTESIAN_POINT('',(-1.392218022089E2,-3.740509187461E1,
-2.211388690614E-2));
#7765=CARTESIAN_POINT('',(-1.391871304402E2,-3.729854236048E1,
-2.180420176457E-2));
#7766=CARTESIAN_POINT('',(-1.391281460212E2,-3.702980359245E1,
-2.139008538900E-2));
#7767=CARTESIAN_POINT('',(-1.391289938537E2,-3.677084498355E1,
-2.157268129325E-2));
#7768=CARTESIAN_POINT('',(-1.391419503728E2,-3.658305795223E1,
-2.148545585253E-2));
#7769=CARTESIAN_POINT('',(-1.413069276636E2,-3.805177685541E1,
1.988132495859E-3));
#7770=CARTESIAN_POINT('',(-1.411746162626E2,-3.804950688595E1,
2.026640482879E-3));
#7771=CARTESIAN_POINT('',(-1.409836605617E2,-3.804678668541E1,
2.028701160158E-3));
#7772=CARTESIAN_POINT('',(-1.407312950216E2,-3.804457909465E1,
1.958566128054E-3));
#7773=CARTESIAN_POINT('',(-1.405825290883E2,-3.804379851429E1,
1.896165303251E-3));
#7774=CARTESIAN_POINT('',(-1.404625207764E2,-3.804353687225E1,
1.835631875668E-3));
#7775=CARTESIAN_POINT('',(-1.403717041743E2,-3.804344954160E1,
1.786280898130E-3));
#7776=CARTESIAN_POINT('',(-1.402811134172E2,-3.804380081564E1,
1.730701987096E-3));
#7777=CARTESIAN_POINT('',(-1.401621619987E2,-3.804380041380E1,
1.646586199217E-3));
#7778=CARTESIAN_POINT('',(-1.400163300389E2,-3.803994927603E1,
1.528412072668E-3));
#7779=CARTESIAN_POINT('',(-1.398469181630E2,-3.802029852667E1,
1.378677562342E-3));
#7780=CARTESIAN_POINT('',(-1.396823688638E2,-3.797681933055E1,
1.232401865785E-3));
#7781=CARTESIAN_POINT('',(-1.395274096344E2,-3.790019284237E1,
1.108989487043E-3));
#7782=CARTESIAN_POINT('',(-1.393907487145E2,-3.779420476324E1,
1.014356860494E-3));
#7783=CARTESIAN_POINT('',(-1.392949388993E2,-3.768497495277E1,
9.576594097393E-4));
#7784=CARTESIAN_POINT('',(-1.392314658997E2,-3.758720482982E1,
9.254164526188E-4));
#7785=CARTESIAN_POINT('',(-1.391911850303E2,-3.750902195137E1,
9.081180976255E-4));
#7786=CARTESIAN_POINT('',(-1.391579719085E2,-3.742728078994E1,
8.958803484962E-4));
#7787=CARTESIAN_POINT('',(-1.391213961262E2,-3.731518692206E1,
8.833343481538E-4));
#7788=CARTESIAN_POINT('',(-1.390597536284E2,-3.703458011014E1,
8.665576175492E-4));
#7789=CARTESIAN_POINT('',(-1.390615305976E2,-3.676910140150E1,
8.739549639892E-4));
#7790=CARTESIAN_POINT('',(-1.390740926430E2,-3.657905609948E1,
8.704212769096E-4));
#7791=CARTESIAN_POINT('',(-1.413081515004E2,-3.815288391483E1,
-5.919077091202E-5));
#7792=CARTESIAN_POINT('',(-1.411742576505E2,-3.815291897379E1,
-6.033723244915E-5));
#7793=CARTESIAN_POINT('',(-1.409810033981E2,-3.815008987462E1,
-6.039858302639E-5));
#7794=CARTESIAN_POINT('',(-1.407265524121E2,-3.814432263344E1,
-5.831051966705E-5));
#7795=CARTESIAN_POINT('',(-1.405771036467E2,-3.814072264229E1,
-5.645271947844E-5));
#7796=CARTESIAN_POINT('',(-1.404568674030E2,-3.813803254847E1,
-5.465051552498E-5));
#7797=CARTESIAN_POINT('',(-1.403663192371E2,-3.813612826741E1,
-5.318123598160E-5));
#7798=CARTESIAN_POINT('',(-1.402754201704E2,-3.813465299275E1,
-5.152653811941E-5));
#7799=CARTESIAN_POINT('',(-1.401541290809E2,-3.813203243205E1,
-4.902223906460E-5));
#7800=CARTESIAN_POINT('',(-1.400028224129E2,-3.812451648804E1,
-4.550395360476E-5));
#7801=CARTESIAN_POINT('',(-1.398239298970E2,-3.809942185615E1,
-4.104605096664E-5));
#7802=CARTESIAN_POINT('',(-1.396484035990E2,-3.804932510770E1,
-3.669112428896E-5));
#7803=CARTESIAN_POINT('',(-1.394823497966E2,-3.796377195289E1,
-3.301688534736E-5));
#7804=CARTESIAN_POINT('',(-1.393353983420E2,-3.784685051692E1,
-3.019947849419E-5));
#7805=CARTESIAN_POINT('',(-1.392324331918E2,-3.772792286793E1,
-2.851147941670E-5));
#7806=CARTESIAN_POINT('',(-1.391645157070E2,-3.762255960384E1,
-2.755154063365E-5));
#7807=CARTESIAN_POINT('',(-1.391217080548E2,-3.753889979960E1,
-2.703653322368E-5));
#7808=CARTESIAN_POINT('',(-1.390866635019E2,-3.745205950626E1,
-2.667219040092E-5));
#7809=CARTESIAN_POINT('',(-1.390481911192E2,-3.733369910709E1,
-2.629867030907E-5));
#7810=CARTESIAN_POINT('',(-1.389839028320E2,-3.703984194866E1,
-2.579919272355E-5));
#7811=CARTESIAN_POINT('',(-1.389866086976E2,-3.676727008457E1,
-2.601942685790E-5));
#7812=CARTESIAN_POINT('',(-1.389987614549E2,-3.657441316286E1,
-2.591422176797E-5));
#7813=B_SPLINE_SURFACE_WITH_KNOTS('',3,3,((#7725,#7726,#7727,#7728,#7729,#7730,
#7731,#7732,#7733,#7734,#7735,#7736,#7737,#7738,#7739,#7740,#7741,#7742,#7743,
#7744,#7745,#7746),(#7747,#7748,#7749,#7750,#7751,#7752,#7753,#7754,#7755,#7756,
#7757,#7758,#7759,#7760,#7761,#7762,#7763,#7764,#7765,#7766,#7767,#7768),(#7769,
#7770,#7771,#7772,#7773,#7774,#7775,#7776,#7777,#7778,#7779,#7780,#7781,#7782,
#7783,#7784,#7785,#7786,#7787,#7788,#7789,#7790),(#7791,#7792,#7793,#7794,#7795,
#7796,#7797,#7798,#7799,#7800,#7801,#7802,#7803,#7804,#7805,#7806,#7807,#7808,
#7809,#7810,#7811,#7812)),.UNSPECIFIED.,.F.,.F.,.F.,(4,4),(4,1,1,1,1,1,1,1,1,1,
1,1,1,1,1,1,1,1,1,4),(-4.921154753077E-2,1.020620147886E0),(9.292565955888E-3,
9.706133562367E-3,9.887138812761E-3,1.006814406316E-2,1.015864668835E-2,
1.024914931355E-2,1.033965193875E-2,1.043015456394E-2,1.061115981434E-2,
1.079216506473E-2,1.097317031513E-2,1.115417556552E-2,1.133518081591E-2,
1.151618606631E-2,1.160668869150E-2,1.169719131670E-2,1.178769394190E-2,
1.187819656710E-2,1.205920181749E-2,1.266176820652E-2),.UNSPECIFIED.);
#7814=ORIENTED_EDGE('',*,*,#7558,.T.);
#7815=ORIENTED_EDGE('',*,*,#7420,.F.);
#7817=ORIENTED_EDGE('',*,*,#7816,.T.);
#7818=ORIENTED_EDGE('',*,*,#7677,.F.);
#7819=EDGE_LOOP('',(#7814,#7815,#7817,#7818));
#7820=FACE_OUTER_BOUND('',#7819,.F.);
#7821=ADVANCED_FACE('',(#7820),#7813,.T.);
#7822=CARTESIAN_POINT('',(-1.389947910762E2,-3.681055313520E1,
-3.283007475987E-1));
#7823=DIRECTION('',(0.E0,1.E0,0.E0));
#7824=DIRECTION('',(-5.810773168155E-1,0.E0,8.138483592676E-1));
#7825=AXIS2_PLACEMENT_3D('',#7822,#7823,#7824);
#7826=CYLINDRICAL_SURFACE('',#7825,3.283008082160E-1);
#7827=ORIENTED_EDGE('',*,*,#7816,.F.);
#7828=ORIENTED_EDGE('',*,*,#7331,.T.);
#7830=ORIENTED_EDGE('',*,*,#7829,.F.);
#7831=ORIENTED_EDGE('',*,*,#7679,.T.);
#7832=EDGE_LOOP('',(#7827,#7828,#7830,#7831));
#7833=FACE_OUTER_BOUND('',#7832,.F.);
#7834=ADVANCED_FACE('',(#7833),#7826,.T.);
#7835=CARTESIAN_POINT('',(-1.392034761576E2,6.876488569200E1,
-7.570592985317E-2));
#7836=CARTESIAN_POINT('',(-1.392112198312E2,6.955810521276E1,
-7.570617760491E-2));
#7837=CARTESIAN_POINT('',(-1.391532013088E2,7.108855115398E1,
-7.570615370125E-2));
#7838=CARTESIAN_POINT('',(-1.388152545111E2,7.295773181979E1,
-7.570597161814E-2));
#7839=CARTESIAN_POINT('',(-1.383653456039E2,7.433085793584E1,
-7.570600843617E-2));
#7840=CARTESIAN_POINT('',(-1.377664437443E2,7.564634598501E1,
-7.570597839399E-2));
#7841=CARTESIAN_POINT('',(-1.368912037210E2,7.686051102133E1,
-7.570606870012E-2));
#7842=CARTESIAN_POINT('',(-1.357762861042E2,7.780918600317E1,
-7.570587431327E-2));
#7843=CARTESIAN_POINT('',(-1.348410787443E2,7.839541860387E1,
-7.570575000122E-2));
#7844=CARTESIAN_POINT('',(-1.338373855622E2,7.886036173402E1,
-7.570571765510E-2));
#7845=CARTESIAN_POINT('',(-1.327939518018E2,7.920557486914E1,
-7.570598855276E-2));
#7846=CARTESIAN_POINT('',(-1.317369613568E2,7.944580346977E1,
-7.570630414889E-2));
#7847=CARTESIAN_POINT('',(-1.302332102773E2,7.966761363264E1,
-7.570635667090E-2));
#7848=CARTESIAN_POINT('',(-1.290697080841E2,7.971099697145E1,
-7.570614601445E-2));
#7849=CARTESIAN_POINT('',(-1.282654778107E2,7.970353345742E1,
-7.570593658097E-2));
#7850=CARTESIAN_POINT('',(-1.391404729613E2,6.876552929948E1,
-2.424569178033E-2));
#7851=CARTESIAN_POINT('',(-1.391482082524E2,6.955660649593E1,
-2.424577112560E-2));
#7852=CARTESIAN_POINT('',(-1.390902283640E2,7.108230693731E1,
-2.424576347015E-2));
#7853=CARTESIAN_POINT('',(-1.387537552773E2,7.294310376867E1,
-2.424570515602E-2));
#7854=CARTESIAN_POINT('',(-1.383064745691E2,7.430804114152E1,
-2.424571694745E-2));
#7855=CARTESIAN_POINT('',(-1.377116844142E2,7.561435834512E1,
-2.424570732606E-2));
#7856=CARTESIAN_POINT('',(-1.368439874243E2,7.681786242558E1,
-2.424573624766E-2));
#7857=CARTESIAN_POINT('',(-1.357387289623E2,7.775838810964E1,
-2.424567399302E-2));
#7858=CARTESIAN_POINT('',(-1.348109573623E2,7.833998629537E1,
-2.424563418066E-2));
#7859=CARTESIAN_POINT('',(-1.338144599324E2,7.880157233699E1,
-2.424562382147E-2));
#7860=CARTESIAN_POINT('',(-1.327773449952E2,7.914469749615E1,
-2.424571057954E-2));
#7861=CARTESIAN_POINT('',(-1.317255463340E2,7.938375290862E1,
-2.424581165278E-2));
#7862=CARTESIAN_POINT('',(-1.302280666824E2,7.960462391885E1,
-2.424582847353E-2));
#7863=CARTESIAN_POINT('',(-1.290681797254E2,7.964798661624E1,
-2.424576100838E-2));
#7864=CARTESIAN_POINT('',(-1.282661190364E2,7.964053003491E1,
-2.424569393500E-2));
#7865=CARTESIAN_POINT('',(-1.390690626759E2,6.876625878892E1,
9.799160497087E-4));
#7866=CARTESIAN_POINT('',(-1.390767883967E2,6.955490779285E1,
9.799192566003E-4));
#7867=CARTESIAN_POINT('',(-1.390188523038E2,7.107522949953E1,
9.799189472350E-4));
#7868=CARTESIAN_POINT('',(-1.386840496305E2,7.292652375961E1,
9.799165903324E-4));
#7869=CARTESIAN_POINT('',(-1.382397478165E2,7.428217968750E1,
9.799170668438E-4));
#7870=CARTESIAN_POINT('',(-1.376496180361E2,7.557810229727E1,
9.799166780482E-4));
#7871=CARTESIAN_POINT('',(-1.367904706037E2,7.676952281070E1,
9.799178469093E-4));
#7872=CARTESIAN_POINT('',(-1.356961602354E2,7.770081180525E1,
9.799153308489E-4));
#7873=CARTESIAN_POINT('',(-1.347768166261E2,7.827715719860E1,
9.799137217795E-4));
#7874=CARTESIAN_POINT('',(-1.337884751443E2,7.873493819529E1,
9.799133030914E-4));
#7875=CARTESIAN_POINT('',(-1.327585221842E2,7.907569668659E1,
9.799168095127E-4));
#7876=CARTESIAN_POINT('',(-1.317126080813E2,7.931342227339E1,
9.799208945252E-4));
#7877=CARTESIAN_POINT('',(-1.302222367343E2,7.953322879614E1,
9.799215743989E-4));
#7878=CARTESIAN_POINT('',(-1.290664474427E2,7.957656815607E1,
9.799188477134E-4));
#7879=CARTESIAN_POINT('',(-1.282668458201E2,7.956911949136E1,
9.799161367884E-4));
#7880=CARTESIAN_POINT('',(-1.389892453017E2,6.876707416033E1,
-2.910636304021E-5));
#7881=CARTESIAN_POINT('',(-1.389969602641E2,6.955300910355E1,
-2.910645829620E-5));
#7882=CARTESIAN_POINT('',(-1.389390731285E2,7.106731884059E1,
-2.910644910825E-5));
#7883=CARTESIAN_POINT('',(-1.386061375708E2,7.290799179262E1,
-2.910637909921E-5));
#7884=CARTESIAN_POINT('',(-1.381651653463E2,7.425327357374E1,
-2.910639325145E-5));
#7885=CARTESIAN_POINT('',(-1.375802446102E2,7.553757784143E1,
-2.910638170498E-5));
#7886=CARTESIAN_POINT('',(-1.367306532594E2,7.671549217667E1,
-2.910641642249E-5));
#7887=CARTESIAN_POINT('',(-1.356485799240E2,7.763645709007E1,
-2.910634168897E-5));
#7888=CARTESIAN_POINT('',(-1.347386565354E2,7.820693131357E1,
-2.910629389459E-5));
#7889=CARTESIAN_POINT('',(-1.337594311980E2,7.866045930886E1,
-2.910628145812E-5));
#7890=CARTESIAN_POINT('',(-1.327374833699E2,7.899857244046E1,
-2.910638560899E-5));
#7891=CARTESIAN_POINT('',(-1.316981465990E2,7.923481156410E1,
-2.910650694657E-5));
#7892=CARTESIAN_POINT('',(-1.302157204333E2,7.945342826450E1,
-2.910652714216E-5));
#7893=CARTESIAN_POINT('',(-1.290645112364E2,7.949674159093E1,
-2.910644615135E-5));
#7894=CARTESIAN_POINT('',(-1.282676581620E2,7.948930182681E1,
-2.910636562662E-5));
#7895=B_SPLINE_SURFACE_WITH_KNOTS('',3,3,((#7835,#7836,#7837,#7838,#7839,#7840,
#7841,#7842,#7843,#7844,#7845,#7846,#7847,#7848,#7849),(#7850,#7851,#7852,#7853,
#7854,#7855,#7856,#7857,#7858,#7859,#7860,#7861,#7862,#7863,#7864),(#7865,#7866,
#7867,#7868,#7869,#7870,#7871,#7872,#7873,#7874,#7875,#7876,#7877,#7878,#7879),(
#7880,#7881,#7882,#7883,#7884,#7885,#7886,#7887,#7888,#7889,#7890,#7891,#7892,
#7893,#7894)),.UNSPECIFIED.,.F.,.F.,.F.,(4,4),(4,1,1,1,1,1,1,1,1,1,1,1,4),(
-1.137146536638E-1,1.021837501905E0),(6.934800182968E-2,7.173534507797E-2,
7.388714114783E-2,7.496303918277E-2,7.603893721770E-2,7.819073328756E-2,
7.926663132249E-2,8.034252935742E-2,8.141842739236E-2,8.249432542729E-2,
8.357022346222E-2,8.464612149715E-2,8.702968589223E-2),.UNSPECIFIED.);
#7896=ORIENTED_EDGE('',*,*,#7829,.T.);
#7897=ORIENTED_EDGE('',*,*,#7316,.F.);
#7899=ORIENTED_EDGE('',*,*,#7898,.T.);
#7900=ORIENTED_EDGE('',*,*,#7681,.F.);
#7901=EDGE_LOOP('',(#7896,#7897,#7899,#7900));
#7902=FACE_OUTER_BOUND('',#7901,.F.);
#7903=ADVANCED_FACE('',(#7902),#7895,.T.);
#7904=CARTESIAN_POINT('',(-1.285E2,7.949479108901E1,-3.283006636901E-1));
#7905=DIRECTION('',(1.E0,0.E0,0.E0));
#7906=DIRECTION('',(0.E0,5.810600540845E-1,8.138606843602E-1));
#7907=AXIS2_PLACEMENT_3D('',#7904,#7905,#7906);
#7908=CYLINDRICAL_SURFACE('',#7907,3.283007242996E-1);
#7909=ORIENTED_EDGE('',*,*,#7898,.F.);
#7910=ORIENTED_EDGE('',*,*,#7110,.T.);
#7912=ORIENTED_EDGE('',*,*,#7911,.F.);
#7913=ORIENTED_EDGE('',*,*,#7683,.T.);
#7914=EDGE_LOOP('',(#7909,#7910,#7912,#7913));
#7915=FACE_OUTER_BOUND('',#7914,.F.);
#7916=ADVANCED_FACE('',(#7915),#7908,.T.);
#7917=CARTESIAN_POINT('',(1.282650089796E2,7.969141398611E1,
-6.625138795223E-2));
#7918=CARTESIAN_POINT('',(1.290578183355E2,7.969915605076E1,
-6.625160475396E-2));
#7919=CARTESIAN_POINT('',(1.305873557139E2,7.964114492200E1,
-6.625158383670E-2));
#7920=CARTESIAN_POINT('',(1.324549312297E2,7.930348027713E1,
-6.625142449728E-2));
#7921=CARTESIAN_POINT('',(1.338264895845E2,7.885407454745E1,
-6.625145672276E-2));
#7922=CARTESIAN_POINT('',(1.351402218444E2,7.825595988739E1,
-6.625143042615E-2));
#7923=CARTESIAN_POINT('',(1.363523458049E2,7.738216400292E1,
-6.625150945749E-2));
#7924=CARTESIAN_POINT('',(1.372994605770E2,7.626909566387E1,
-6.625133934517E-2));
#7925=CARTESIAN_POINT('',(1.378848059039E2,7.533531190512E1,
-6.625123056089E-2));
#7926=CARTESIAN_POINT('',(1.383491063084E2,7.433299637385E1,
-6.625120225730E-2));
#7927=CARTESIAN_POINT('',(1.386939196926E2,7.329077237316E1,
-6.625143931603E-2));
#7928=CARTESIAN_POINT('',(1.389339236814E2,7.223477591241E1,
-6.625171550632E-2));
#7929=CARTESIAN_POINT('',(1.391555540393E2,7.073222552428E1,
-6.625176150549E-2));
#7930=CARTESIAN_POINT('',(1.391989334273E2,6.956941548564E1,
-6.625157715820E-2));
#7931=CARTESIAN_POINT('',(1.391914712418E2,6.876560059169E1,
-6.625139382205E-2));
#7932=CARTESIAN_POINT('',(1.282656212335E2,7.963148062168E1,
-2.121776602845E-2));
#7933=CARTESIAN_POINT('',(1.290563926445E2,7.963921470417E1,
-2.121783546179E-2));
#7934=CARTESIAN_POINT('',(1.305814157449E2,7.958124032765E1,
-2.121782876280E-2));
#7935=CARTESIAN_POINT('',(1.324410159303E2,7.924497759332E1,
-2.121777773244E-2));
#7936=CARTESIAN_POINT('',(1.338047845378E2,7.879807200239E1,
-2.121778805307E-2));
#7937=CARTESIAN_POINT('',(1.351097928021E2,7.820386870509E1,
-2.121777963123E-2));
#7938=CARTESIAN_POINT('',(1.363117752593E2,7.733724831825E1,
-2.121780494193E-2));
#7939=CARTESIAN_POINT('',(1.372511378133E2,7.623336849501E1,
-2.121775046153E-2));
#7940=CARTESIAN_POINT('',(1.378320745413E2,7.530665818997E1,
-2.121771562210E-2));
#7941=CARTESIAN_POINT('',(1.382931814327E2,7.431118779786E1,
-2.121770655755E-2));
#7942=CARTESIAN_POINT('',(1.386360085689E2,7.327497473251E1,
-2.121778247833E-2));
#7943=CARTESIAN_POINT('',(1.388748965225E2,7.222391708446E1,
-2.121787093146E-2));
#7944=CARTESIAN_POINT('',(1.390956334865E2,7.072733255142E1,
-2.121788566328E-2));
#7945=CARTESIAN_POINT('',(1.391389932457E2,6.956796159835E1,
-2.121782662394E-2));
#7946=CARTESIAN_POINT('',(1.391315376621E2,6.876621057280E1,
-2.121776790834E-2));
#7947=CARTESIAN_POINT('',(1.282663086448E2,7.956419008823E1,8.575394782018E-4));
#7948=CARTESIAN_POINT('',(1.290547919427E2,7.957191514895E1,8.575422843291E-4));
#7949=CARTESIAN_POINT('',(1.305747466112E2,7.951398204175E1,8.575420135973E-4));
#7950=CARTESIAN_POINT('',(1.324253924436E2,7.917929335506E1,8.575399512281E-4));
#7951=CARTESIAN_POINT('',(1.337804150642E2,7.873519480160E1,8.575403682932E-4));
#7952=CARTESIAN_POINT('',(1.350756284123E2,7.814538301623E1,8.575400279633E-4));
#7953=CARTESIAN_POINT('',(1.362662244177E2,7.728681895119E1,8.575410509115E-4));
#7954=CARTESIAN_POINT('',(1.371968831612E2,7.619325561361E1,8.575388490093E-4));
#7955=CARTESIAN_POINT('',(1.377728701391E2,7.527448707777E1,8.575374409476E-4));
#7956=CARTESIAN_POINT('',(1.382303915040E2,7.428670210679E1,8.575370746032E-4));
#7957=CARTESIAN_POINT('',(1.385709885046E2,7.325723783383E1,8.575401430202E-4));
#7958=CARTESIAN_POINT('',(1.388086233476E2,7.221172525539E1,8.575437179167E-4));
#7959=CARTESIAN_POINT('',(1.390283572348E2,7.072183894078E1,8.575443132723E-4));
#7960=CARTESIAN_POINT('',(1.390716950059E2,6.956632925440E1,8.575419271473E-4));
#7961=CARTESIAN_POINT('',(1.390642468851E2,6.876689542709E1,8.575395541763E-4));
#7962=CARTESIAN_POINT('',(1.282670712135E2,7.948954238573E1,
-2.547143224030E-5));
#7963=CARTESIAN_POINT('',(1.290530162299E2,7.949725738507E1,
-2.547151558770E-5));
#7964=CARTESIAN_POINT('',(1.305673483133E2,7.943937006432E1,
-2.547150754659E-5));
#7965=CARTESIAN_POINT('',(1.324080607694E2,7.910642756232E1,
-2.547144629049E-5));
#7966=CARTESIAN_POINT('',(1.337533811633E2,7.866544294506E1,
-2.547145867698E-5));
#7967=CARTESIAN_POINT('',(1.350377286749E2,7.808050282080E1,
-2.547144856960E-5));
#7968=CARTESIAN_POINT('',(1.362156932808E2,7.723087590171E1,
-2.547147895376E-5));
#7969=CARTESIAN_POINT('',(1.371366966207E2,7.614875701968E1,
-2.547141355033E-5));
#7970=CARTESIAN_POINT('',(1.377071926970E2,7.523879856852E1,
-2.547137172716E-5));
#7971=CARTESIAN_POINT('',(1.381607365220E2,7.425953930061E1,
-2.547136084595E-5));
#7972=CARTESIAN_POINT('',(1.384988594998E2,7.323756167710E1,
-2.547145198674E-5));
#7973=CARTESIAN_POINT('',(1.387351041561E2,7.219820042520E1,
-2.547155817063E-5));
#7974=CARTESIAN_POINT('',(1.389537252844E2,7.071574469238E1,
-2.547157585309E-5));
#7975=CARTESIAN_POINT('',(1.389970387082E2,6.956451845381E1,
-2.547150497858E-5));
#7976=CARTESIAN_POINT('',(1.389895989113E2,6.876765515452E1,
-2.547143449685E-5));
#7977=B_SPLINE_SURFACE_WITH_KNOTS('',3,3,((#7917,#7918,#7919,#7920,#7921,#7922,
#7923,#7924,#7925,#7926,#7927,#7928,#7929,#7930,#7931),(#7932,#7933,#7934,#7935,
#7936,#7937,#7938,#7939,#7940,#7941,#7942,#7943,#7944,#7945,#7946),(#7947,#7948,
#7949,#7950,#7951,#7952,#7953,#7954,#7955,#7956,#7957,#7958,#7959,#7960,#7961),(
#7962,#7963,#7964,#7965,#7966,#7967,#7968,#7969,#7970,#7971,#7972,#7973,#7974,
#7975,#7976)),.UNSPECIFIED.,.F.,.F.,.F.,(4,4),(4,1,1,1,1,1,1,1,1,1,1,1,4),(
-4.185306915542E-2,1.020428461842E0),(6.934800191837E-2,7.173534507796E-2,
7.388714114782E-2,7.496303918276E-2,7.603893721769E-2,7.819073328755E-2,
7.926663132248E-2,8.034252935741E-2,8.141842739234E-2,8.249432542727E-2,
8.357022346221E-2,8.464612149714E-2,8.702968587618E-2),.UNSPECIFIED.);
#7978=ORIENTED_EDGE('',*,*,#7911,.T.);
#7979=ORIENTED_EDGE('',*,*,#7095,.F.);
#7981=ORIENTED_EDGE('',*,*,#7980,.T.);
#7982=ORIENTED_EDGE('',*,*,#7685,.F.);
#7983=EDGE_LOOP('',(#7978,#7979,#7981,#7982));
#7984=FACE_OUTER_BOUND('',#7983,.F.);
#7985=ADVANCED_FACE('',(#7984),#7977,.T.);
#7986=CARTESIAN_POINT('',(1.389947910890E2,6.9E1,-3.283006636262E-1));
#7987=DIRECTION('',(0.E0,-1.E0,0.E0));
#7988=DIRECTION('',(5.810600551059E-1,0.E0,8.138606836310E-1));
#7989=AXIS2_PLACEMENT_3D('',#7986,#7987,#7988);
#7990=CYLINDRICAL_SURFACE('',#7989,3.283007242356E-1);
#7991=ORIENTED_EDGE('',*,*,#7980,.F.);
#7992=ORIENTED_EDGE('',*,*,#6877,.T.);
#7994=ORIENTED_EDGE('',*,*,#7993,.F.);
#7995=ORIENTED_EDGE('',*,*,#7687,.T.);
#7996=EDGE_LOOP('',(#7991,#7992,#7994,#7995));
#7997=FACE_OUTER_BOUND('',#7996,.F.);
#7998=ADVANCED_FACE('',(#7997),#7990,.T.);
#7999=CARTESIAN_POINT('',(1.391948994942E2,-6.876497347012E1,
-6.890264925991E-2));
#8000=CARTESIAN_POINT('',(1.392026420204E2,-6.955790130206E1,
-6.890287474904E-2));
#8001=CARTESIAN_POINT('',(1.391446287515E2,-7.108770117936E1,
-6.890285297762E-2));
#8002=CARTESIAN_POINT('',(1.388068825811E2,-7.295574049388E1,
-6.890268726801E-2));
#8003=CARTESIAN_POINT('',(1.383573314525E2,-7.432775187108E1,
-6.890272079090E-2));
#8004=CARTESIAN_POINT('',(1.377589893217E2,-7.564199148724E1,
-6.890269343347E-2));
#8005=CARTESIAN_POINT('',(1.368847761363E2,-7.685470524071E1,
-6.890277562805E-2));
#8006=CARTESIAN_POINT('',(1.357711734264E2,-7.780227085377E1,
-6.890259871522E-2));
#8007=CARTESIAN_POINT('',(1.348369783015E2,-7.838787256882E1,
-6.890248557826E-2));
#8008=CARTESIAN_POINT('',(1.338342646815E2,-7.885235869646E1,
-6.890245614019E-2));
#8009=CARTESIAN_POINT('',(1.327916911066E2,-7.919728759358E1,
-6.890270268332E-2));
#8010=CARTESIAN_POINT('',(1.317354074226E2,-7.943735648680E1,
-6.890298991595E-2));
#8011=CARTESIAN_POINT('',(1.302325104442E2,-7.965903874791E1,
-6.890303773628E-2));
#8012=CARTESIAN_POINT('',(1.290695007737E2,-7.970241930358E1,
-6.890284601567E-2));
#8013=CARTESIAN_POINT('',(1.282655662239E2,-7.969495677189E1,
-6.890265537667E-2));
#8014=CARTESIAN_POINT('',(1.391340702718E2,-6.876559486896E1,
-2.206686293319E-2));
#8015=CARTESIAN_POINT('',(1.391418046987E2,-6.955645429938E1,
-2.206693514850E-2));
#8016=CARTESIAN_POINT('',(1.390838287314E2,-7.108167242411E1,
-2.206692817592E-2));
#8017=CARTESIAN_POINT('',(1.387475054250E2,-7.294161719461E1,
-2.206687510570E-2));
#8018=CARTESIAN_POINT('',(1.383004918064E2,-7.430572238724E1,
-2.206688584176E-2));
#8019=CARTESIAN_POINT('',(1.377061195035E2,-7.561110760502E1,
-2.206687708024E-2));
#8020=CARTESIAN_POINT('',(1.368391890723E2,-7.681352826517E1,
-2.206690340399E-2));
#8021=CARTESIAN_POINT('',(1.357349122233E2,-7.775322578197E1,
-2.206684674563E-2));
#8022=CARTESIAN_POINT('',(1.348078962824E2,-7.833435299913E1,
-2.206681051221E-2));
#8023=CARTESIAN_POINT('',(1.338121301199E2,-7.879559787809E1,
-2.206680108433E-2));
#8024=CARTESIAN_POINT('',(1.327756573300E2,-7.913851084006E1,
-2.206688004260E-2));
#8025=CARTESIAN_POINT('',(1.317243862821E2,-7.937744701927E1,
-2.206697203219E-2));
#8026=CARTESIAN_POINT('',(1.302275443316E2,-7.959822253286E1,
-2.206698734721E-2));
#8027=CARTESIAN_POINT('',(1.290680251514E2,-7.964158316418E1,
-2.206692594648E-2));
#8028=CARTESIAN_POINT('',(1.282661853200E2,-7.963412733099E1,
-2.206686489210E-2));
#8029=CARTESIAN_POINT('',(1.390655894597E2,-6.876629443197E1,
8.918565709458E-4));
#8030=CARTESIAN_POINT('',(1.390733147065E2,-6.955482528210E1,
8.918594897783E-4));
#8031=CARTESIAN_POINT('',(1.390153807382E2,-7.107488532475E1,
8.918592080092E-4));
#8032=CARTESIAN_POINT('',(1.386806593215E2,-7.292571734924E1,
8.918570629386E-4));
#8033=CARTESIAN_POINT('',(1.382365023932E2,-7.428092185068E1,
8.918574968712E-4));
#8034=CARTESIAN_POINT('',(1.376465992820E2,-7.557633889343E1,
8.918571427597E-4));
#8035=CARTESIAN_POINT('',(1.367878676783E2,-7.676717169142E1,
8.918582066623E-4));
#8036=CARTESIAN_POINT('',(1.356940897990E2,-7.769801143823E1,
8.918559167588E-4));
#8037=CARTESIAN_POINT('',(1.347751561063E2,-7.827410135027E1,
8.918544523580E-4));
#8038=CARTESIAN_POINT('',(1.337872113097E2,-7.873169727949E1,
8.918540713248E-4));
#8039=CARTESIAN_POINT('',(1.327576066897E2,-7.907234065900E1,
8.918572624907E-4));
#8040=CARTESIAN_POINT('',(1.317119787965E2,-7.931000156287E1,
8.918609803161E-4));
#8041=CARTESIAN_POINT('',(1.302219535450E2,-7.952975625726E1,
8.918615992620E-4));
#8042=CARTESIAN_POINT('',(1.290663639308E2,-7.957309451042E1,
8.918591177033E-4));
#8043=CARTESIAN_POINT('',(1.282668822854E2,-7.956564627126E1,
8.918566501784E-4));
#8044=CARTESIAN_POINT('',(1.389894570579E2,-6.876707215915E1,
-2.649074748825E-5));
#8045=CARTESIAN_POINT('',(1.389971720432E2,-6.955301425020E1,
-2.649083419110E-5));
#8046=CARTESIAN_POINT('',(1.389392847723E2,-7.106733988124E1,
-2.649082582272E-5));
#8047=CARTESIAN_POINT('',(1.386063442708E2,-7.290804095777E1,
-2.649076210267E-5));
#8048=CARTESIAN_POINT('',(1.381653632128E2,-7.425335026140E1,
-2.649077499236E-5));
#8049=CARTESIAN_POINT('',(1.375804286574E2,-7.553768535245E1,
-2.649076447406E-5));
#8050=CARTESIAN_POINT('',(1.367308119542E2,-7.671563551944E1,
-2.649079607506E-5));
#8051=CARTESIAN_POINT('',(1.356487061542E2,-7.763662782256E1,
-2.649072805848E-5));
#8052=CARTESIAN_POINT('',(1.347387577736E2,-7.820711762224E1,
-2.649068456183E-5));
#8053=CARTESIAN_POINT('',(1.337595082512E2,-7.866065690070E1,
-2.649067324416E-5));
#8054=CARTESIAN_POINT('',(1.327375391856E2,-7.899877705038E1,
-2.649076803059E-5));
#8055=CARTESIAN_POINT('',(1.316981849653E2,-7.923502011758E1,
-2.649087845978E-5));
#8056=CARTESIAN_POINT('',(1.302157380835E2,-7.945363992109E1,
-2.649089684353E-5));
#8057=CARTESIAN_POINT('',(1.290645171116E2,-7.949695334232E1,
-2.649082313454E-5));
#8058=CARTESIAN_POINT('',(1.282676571196E2,-7.948951359273E1,
-2.649074984349E-5));
#8059=B_SPLINE_SURFACE_WITH_KNOTS('',3,3,((#7999,#8000,#8001,#8002,#8003,#8004,
#8005,#8006,#8007,#8008,#8009,#8010,#8011,#8012,#8013),(#8014,#8015,#8016,#8017,
#8018,#8019,#8020,#8021,#8022,#8023,#8024,#8025,#8026,#8027,#8028),(#8029,#8030,
#8031,#8032,#8033,#8034,#8035,#8036,#8037,#8038,#8039,#8040,#8041,#8042,#8043),(
#8044,#8045,#8046,#8047,#8048,#8049,#8050,#8051,#8052,#8053,#8054,#8055,#8056,
#8057,#8058)),.UNSPECIFIED.,.F.,.F.,.F.,(4,4),(4,1,1,1,1,1,1,1,1,1,1,1,4),(
-6.249512282621E-2,1.020833205194E0),(6.934800199369E-2,7.173534507796E-2,
7.388714114782E-2,7.496303918275E-2,7.603893721769E-2,7.819073328755E-2,
7.926663132248E-2,8.034252935741E-2,8.141842739234E-2,8.249432542728E-2,
8.357022346221E-2,8.464612149714E-2,8.702968478267E-2),.UNSPECIFIED.);
#8060=ORIENTED_EDGE('',*,*,#7689,.F.);
#8061=ORIENTED_EDGE('',*,*,#7993,.T.);
#8062=ORIENTED_EDGE('',*,*,#6863,.F.);
#8064=ORIENTED_EDGE('',*,*,#8063,.T.);
#8065=EDGE_LOOP('',(#8060,#8061,#8062,#8064));
#8066=FACE_OUTER_BOUND('',#8065,.F.);
#8067=ADVANCED_FACE('',(#8066),#8059,.T.);
#8068=CARTESIAN_POINT('',(1.285E2,-7.949479109559E1,-3.283006207478E-1));
#8069=DIRECTION('',(-1.E0,0.E0,0.E0));
#8070=DIRECTION('',(0.E0,-5.810345423134E-1,8.138788980178E-1));
#8071=AXIS2_PLACEMENT_3D('',#8068,#8069,#8070);
#8072=CYLINDRICAL_SURFACE('',#8071,3.283006813532E-1);
#8073=ORIENTED_EDGE('',*,*,#8063,.F.);
#8074=ORIENTED_EDGE('',*,*,#6701,.T.);
#8075=ORIENTED_EDGE('',*,*,#7662,.T.);
#8076=ORIENTED_EDGE('',*,*,#7691,.T.);
#8077=EDGE_LOOP('',(#8073,#8074,#8075,#8076));
#8078=FACE_OUTER_BOUND('',#8077,.F.);
#8079=ADVANCED_FACE('',(#8078),#8072,.T.);
#8080=CARTESIAN_POINT('',(-1.405E2,-8.1E1,-1.3125E0));
#8081=DIRECTION('',(0.E0,0.E0,1.E0));
#8082=DIRECTION('',(1.E0,0.E0,0.E0));
#8083=AXIS2_PLACEMENT_3D('',#8080,#8081,#8082);
#8084=CONICAL_SURFACE('',#8083,3.99E1,5.799461679192E1);
#8086=ORIENTED_EDGE('',*,*,#8085,.T.);
#8088=ORIENTED_EDGE('',*,*,#8087,.F.);
#8089=ORIENTED_EDGE('',*,*,#7696,.F.);
#8091=ORIENTED_EDGE('',*,*,#8090,.T.);
#8092=EDGE_LOOP('',(#8086,#8088,#8089,#8091));
#8093=FACE_OUTER_BOUND('',#8092,.F.);
#8094=ADVANCED_FACE('',(#8093),#8084,.F.);
#8095=CARTESIAN_POINT('',(-1.405E2,-8.1E1,-4.92E1));
#8096=DIRECTION('',(0.E0,0.E0,1.E0));
#8097=DIRECTION('',(1.E0,0.E0,0.E0));
#8098=AXIS2_PLACEMENT_3D('',#8095,#8096,#8097);
#8099=CYLINDRICAL_SURFACE('',#8098,3.78E1);
#8101=ORIENTED_EDGE('',*,*,#8100,.T.);
#8103=ORIENTED_EDGE('',*,*,#8102,.F.);
#8105=ORIENTED_EDGE('',*,*,#8104,.T.);
#8107=ORIENTED_EDGE('',*,*,#8106,.F.);
#8109=ORIENTED_EDGE('',*,*,#8108,.T.);
#8111=ORIENTED_EDGE('',*,*,#8110,.F.);
#8113=ORIENTED_EDGE('',*,*,#8112,.F.);
#8114=ORIENTED_EDGE('',*,*,#8085,.F.);
#8116=ORIENTED_EDGE('',*,*,#8115,.T.);
#8118=ORIENTED_EDGE('',*,*,#8117,.F.);
#8120=ORIENTED_EDGE('',*,*,#8119,.T.);
#8122=ORIENTED_EDGE('',*,*,#8121,.F.);
#8123=EDGE_LOOP('',(#8101,#8103,#8105,#8107,#8109,#8111,#8113,#8114,#8116,#8118,
#8120,#8122));
#8124=FACE_OUTER_BOUND('',#8123,.F.);
#8125=ADVANCED_FACE('',(#8124),#8099,.F.);
#8126=CARTESIAN_POINT('',(-1.590222131779E2,-1.007364267403E2,-1.57E1));
#8127=DIRECTION('',(1.E0,0.E0,0.E0));
#8128=DIRECTION('',(0.E0,-1.E0,0.E0));
#8129=AXIS2_PLACEMENT_3D('',#8126,#8127,#8128);
#8130=PLANE('',#8129);
#8132=ORIENTED_EDGE('',*,*,#8131,.F.);
#8134=ORIENTED_EDGE('',*,*,#8133,.T.);
#8136=ORIENTED_EDGE('',*,*,#8135,.F.);
#8138=ORIENTED_EDGE('',*,*,#8137,.F.);
#8140=ORIENTED_EDGE('',*,*,#8139,.T.);
#8142=ORIENTED_EDGE('',*,*,#8141,.F.);
#8143=ORIENTED_EDGE('',*,*,#8100,.F.);
#8145=ORIENTED_EDGE('',*,*,#8144,.T.);
#8146=EDGE_LOOP('',(#8132,#8134,#8136,#8138,#8140,#8142,#8143,#8145));
#8147=FACE_OUTER_BOUND('',#8146,.F.);
#8148=ADVANCED_FACE('',(#8147),#8130,.T.);
#8149=CARTESIAN_POINT('',(-1.607899801310E2,-9.916865978733E1,-1.82E1));
#8150=DIRECTION('',(-7.071067811717E-1,-7.071067812014E-1,0.E0));
#8151=DIRECTION('',(7.071067812014E-1,-7.071067811717E-1,0.E0));
#8152=AXIS2_PLACEMENT_3D('',#8149,#8150,#8151);
#8153=PLANE('',#8152);
#8154=ORIENTED_EDGE('',*,*,#8131,.T.);
#8156=ORIENTED_EDGE('',*,*,#8155,.F.);
#8158=ORIENTED_EDGE('',*,*,#8157,.F.);
#8160=ORIENTED_EDGE('',*,*,#8159,.T.);
#8161=EDGE_LOOP('',(#8154,#8156,#8158,#8160));
#8162=FACE_OUTER_BOUND('',#8161,.F.);
#8163=ADVANCED_FACE('',(#8162),#8153,.F.);
#8164=CARTESIAN_POINT('',(0.E0,0.E0,-1.32E1));
#8165=DIRECTION('',(0.E0,0.E0,-1.E0));
#8166=DIRECTION('',(-1.E0,0.E0,0.E0));
#8167=AXIS2_PLACEMENT_3D('',#8164,#8165,#8166);
#8168=PLANE('',#8167);
#8169=ORIENTED_EDGE('',*,*,#8155,.T.);
#8170=ORIENTED_EDGE('',*,*,#8144,.F.);
#8171=ORIENTED_EDGE('',*,*,#8121,.T.);
#8173=ORIENTED_EDGE('',*,*,#8172,.F.);
#8174=EDGE_LOOP('',(#8169,#8170,#8171,#8173));
#8175=FACE_OUTER_BOUND('',#8174,.F.);
#8177=ORIENTED_EDGE('',*,*,#8176,.T.);
#8179=ORIENTED_EDGE('',*,*,#8178,.T.);
#8180=EDGE_LOOP('',(#8177,#8179));
#8181=FACE_BOUND('',#8180,.F.);
#8182=ADVANCED_FACE('',(#8175,#8181),#8168,.F.);
#8183=CARTESIAN_POINT('',(-1.618546247925E2,-1.023546247900E2,-1.82E1));
#8184=DIRECTION('',(0.E0,0.E0,1.E0));
#8185=DIRECTION('',(1.E0,0.E0,0.E0));
#8186=AXIS2_PLACEMENT_3D('',#8183,#8184,#8185);
#8187=CYLINDRICAL_SURFACE('',#8186,1.1E0);
#8189=ORIENTED_EDGE('',*,*,#8188,.F.);
#8191=ORIENTED_EDGE('',*,*,#8190,.F.);
#8192=ORIENTED_EDGE('',*,*,#8176,.F.);
#8194=ORIENTED_EDGE('',*,*,#8193,.T.);
#8195=EDGE_LOOP('',(#8189,#8191,#8192,#8194));
#8196=FACE_OUTER_BOUND('',#8195,.F.);
#8197=ADVANCED_FACE('',(#8196),#8187,.F.);
#8198=CARTESIAN_POINT('',(0.E0,0.E0,-1.54E1));
#8199=DIRECTION('',(0.E0,0.E0,-1.E0));
#8200=DIRECTION('',(-1.E0,0.E0,0.E0));
#8201=AXIS2_PLACEMENT_3D('',#8198,#8199,#8200);
#8202=PLANE('',#8201);
#8203=ORIENTED_EDGE('',*,*,#8159,.F.);
#8205=ORIENTED_EDGE('',*,*,#8204,.F.);
#8207=ORIENTED_EDGE('',*,*,#8206,.T.);
#8208=ORIENTED_EDGE('',*,*,#8133,.F.);
#8209=EDGE_LOOP('',(#8203,#8205,#8207,#8208));
#8210=FACE_OUTER_BOUND('',#8209,.F.);
#8211=ORIENTED_EDGE('',*,*,#8188,.T.);
#8213=ORIENTED_EDGE('',*,*,#8212,.T.);
#8214=EDGE_LOOP('',(#8211,#8213));
#8215=FACE_BOUND('',#8214,.F.);
#8216=ADVANCED_FACE('',(#8210,#8215),#8202,.T.);
#8217=CARTESIAN_POINT('',(-1.618546247925E2,-1.023546247900E2,-1.82E1));
#8218=DIRECTION('',(0.E0,0.E0,1.E0));
#8219=DIRECTION('',(1.E0,0.E0,0.E0));
#8220=AXIS2_PLACEMENT_3D('',#8217,#8218,#8219);
#8221=CYLINDRICAL_SURFACE('',#8220,1.1E0);
#8222=ORIENTED_EDGE('',*,*,#8212,.F.);
#8223=ORIENTED_EDGE('',*,*,#8193,.F.);
#8224=ORIENTED_EDGE('',*,*,#8178,.F.);
#8225=ORIENTED_EDGE('',*,*,#8190,.T.);
#8226=EDGE_LOOP('',(#8222,#8223,#8224,#8225));
#8227=FACE_OUTER_BOUND('',#8226,.F.);
#8228=ADVANCED_FACE('',(#8227),#8221,.F.);
#8229=CARTESIAN_POINT('',(-1.736802293390E2,-9.952221317793E1,-1.57E1));
#8230=DIRECTION('',(6.783529299452E-14,1.E0,0.E0));
#8231=DIRECTION('',(1.E0,-6.783529299452E-14,0.E0));
#8232=AXIS2_PLACEMENT_3D('',#8229,#8230,#8231);
#8233=PLANE('',#8232);
#8234=ORIENTED_EDGE('',*,*,#8157,.T.);
#8235=ORIENTED_EDGE('',*,*,#8172,.T.);
#8236=ORIENTED_EDGE('',*,*,#8119,.F.);
#8238=ORIENTED_EDGE('',*,*,#8237,.F.);
#8240=ORIENTED_EDGE('',*,*,#8239,.F.);
#8242=ORIENTED_EDGE('',*,*,#8241,.T.);
#8244=ORIENTED_EDGE('',*,*,#8243,.T.);
#8245=ORIENTED_EDGE('',*,*,#8204,.T.);
#8246=EDGE_LOOP('',(#8234,#8235,#8236,#8238,#8240,#8242,#8244,#8245));
#8247=FACE_OUTER_BOUND('',#8246,.F.);
#8248=ADVANCED_FACE('',(#8247),#8233,.T.);
#8249=CARTESIAN_POINT('',(0.E0,0.E0,-5.E0));
#8250=DIRECTION('',(0.E0,0.E0,-1.E0));
#8251=DIRECTION('',(-1.E0,0.E0,0.E0));
#8252=AXIS2_PLACEMENT_3D('',#8249,#8250,#8251);
#8253=PLANE('',#8252);
#8255=ORIENTED_EDGE('',*,*,#8254,.T.);
#8257=ORIENTED_EDGE('',*,*,#8256,.T.);
#8258=ORIENTED_EDGE('',*,*,#8237,.T.);
#8259=ORIENTED_EDGE('',*,*,#8117,.T.);
#8261=ORIENTED_EDGE('',*,*,#8260,.T.);
#8263=ORIENTED_EDGE('',*,*,#8262,.T.);
#8265=ORIENTED_EDGE('',*,*,#8264,.T.);
#8267=ORIENTED_EDGE('',*,*,#8266,.T.);
#8269=ORIENTED_EDGE('',*,*,#8268,.T.);
#8271=ORIENTED_EDGE('',*,*,#8270,.T.);
#8272=EDGE_LOOP('',(#8255,#8257,#8258,#8259,#8261,#8263,#8265,#8267,#8269,
#8271));
#8273=FACE_OUTER_BOUND('',#8272,.F.);
#8274=ADVANCED_FACE('',(#8273),#8253,.T.);
#8275=CARTESIAN_POINT('',(-1.752512166907E2,-1.001948675046E2,
-6.855868875218E1));
#8276=DIRECTION('',(0.E0,0.E0,1.E0));
#8277=DIRECTION('',(-8.753455085812E-1,-4.834979220294E-1,0.E0));
#8278=AXIS2_PLACEMENT_3D('',#8275,#8276,#8277);
#8279=CYLINDRICAL_SURFACE('',#8278,5.E-1);
#8281=ORIENTED_EDGE('',*,*,#8280,.T.);
#8282=ORIENTED_EDGE('',*,*,#8254,.F.);
#8284=ORIENTED_EDGE('',*,*,#8283,.T.);
#8285=ORIENTED_EDGE('',*,*,#6304,.F.);
#8286=EDGE_LOOP('',(#8281,#8282,#8284,#8285));
#8287=FACE_OUTER_BOUND('',#8286,.F.);
#8288=ADVANCED_FACE('',(#8287),#8279,.F.);
#8289=CARTESIAN_POINT('',(-1.753635533974E2,-1.010143109925E2,-5.E0));
#8290=DIRECTION('',(-7.071067811882E-1,7.071067811849E-1,0.E0));
#8291=DIRECTION('',(7.071067811849E-1,7.071067811882E-1,0.E0));
#8292=AXIS2_PLACEMENT_3D('',#8289,#8290,#8291);
#8293=PLANE('',#8292);
#8295=ORIENTED_EDGE('',*,*,#8294,.F.);
#8297=ORIENTED_EDGE('',*,*,#8296,.F.);
#8299=ORIENTED_EDGE('',*,*,#8298,.F.);
#8301=ORIENTED_EDGE('',*,*,#8300,.F.);
#8302=ORIENTED_EDGE('',*,*,#8239,.T.);
#8303=ORIENTED_EDGE('',*,*,#8256,.F.);
#8304=ORIENTED_EDGE('',*,*,#8280,.F.);
#8305=ORIENTED_EDGE('',*,*,#6302,.T.);
#8306=EDGE_LOOP('',(#8295,#8297,#8299,#8301,#8302,#8303,#8304,#8305));
#8307=FACE_OUTER_BOUND('',#8306,.F.);
#8308=ADVANCED_FACE('',(#8307),#8293,.T.);
#8309=CARTESIAN_POINT('',(-1.405E2,-8.1E1,-1.57E1));
#8310=DIRECTION('',(0.E0,0.E0,-1.E0));
#8311=DIRECTION('',(-1.E0,0.E0,0.E0));
#8312=AXIS2_PLACEMENT_3D('',#8309,#8310,#8311);
#8313=CYLINDRICAL_SURFACE('',#8312,3.95E1);
#8315=ORIENTED_EDGE('',*,*,#8314,.T.);
#8317=ORIENTED_EDGE('',*,*,#8316,.F.);
#8318=ORIENTED_EDGE('',*,*,#8294,.T.);
#8319=ORIENTED_EDGE('',*,*,#6300,.F.);
#8320=EDGE_LOOP('',(#8315,#8317,#8318,#8319));
#8321=FACE_OUTER_BOUND('',#8320,.F.);
#8322=ADVANCED_FACE('',(#8321),#8313,.T.);
#8323=CARTESIAN_POINT('',(-1.588993018148E2,-1.142485442197E2,-5.E0));
#8324=DIRECTION('',(7.071067812069E-1,-7.071067811662E-1,0.E0));
#8325=DIRECTION('',(-7.071067811662E-1,-7.071067812069E-1,0.E0));
#8326=AXIS2_PLACEMENT_3D('',#8323,#8324,#8325);
#8327=PLANE('',#8326);
#8328=ORIENTED_EDGE('',*,*,#8314,.F.);
#8329=ORIENTED_EDGE('',*,*,#6298,.T.);
#8331=ORIENTED_EDGE('',*,*,#8330,.F.);
#8333=ORIENTED_EDGE('',*,*,#8332,.F.);
#8334=ORIENTED_EDGE('',*,*,#8139,.F.);
#8336=ORIENTED_EDGE('',*,*,#8335,.F.);
#8338=ORIENTED_EDGE('',*,*,#8337,.T.);
#8340=ORIENTED_EDGE('',*,*,#8339,.F.);
#8341=EDGE_LOOP('',(#8328,#8329,#8331,#8333,#8334,#8336,#8338,#8340));
#8342=FACE_OUTER_BOUND('',#8341,.F.);
#8343=ADVANCED_FACE('',(#8342),#8327,.T.);
#8344=CARTESIAN_POINT('',(-1.596948675045E2,-1.157512166907E2,
3.952086177472E1));
#8345=DIRECTION('',(0.E0,0.E0,-1.E0));
#8346=DIRECTION('',(-4.834979220281E-1,-8.753455085819E-1,0.E0));
#8347=AXIS2_PLACEMENT_3D('',#8344,#8345,#8346);
#8348=CYLINDRICAL_SURFACE('',#8347,5.E-1);
#8349=ORIENTED_EDGE('',*,*,#8330,.T.);
#8350=ORIENTED_EDGE('',*,*,#6296,.F.);
#8352=ORIENTED_EDGE('',*,*,#8351,.T.);
#8354=ORIENTED_EDGE('',*,*,#8353,.F.);
#8355=EDGE_LOOP('',(#8349,#8350,#8352,#8354));
#8356=FACE_OUTER_BOUND('',#8355,.F.);
#8357=ADVANCED_FACE('',(#8356),#8348,.F.);
#8358=CARTESIAN_POINT('',(-1.405E2,-8.1E1,-9.E0));
#8359=DIRECTION('',(0.E0,0.E0,-1.E0));
#8360=DIRECTION('',(-1.E0,0.E0,0.E0));
#8361=AXIS2_PLACEMENT_3D('',#8358,#8359,#8360);
#8362=CYLINDRICAL_SURFACE('',#8361,4.02E1);
#8363=ORIENTED_EDGE('',*,*,#8351,.F.);
#8364=ORIENTED_EDGE('',*,*,#6342,.F.);
#8366=ORIENTED_EDGE('',*,*,#8365,.F.);
#8368=ORIENTED_EDGE('',*,*,#8367,.F.);
#8369=EDGE_LOOP('',(#8363,#8364,#8366,#8368));
#8370=FACE_OUTER_BOUND('',#8369,.F.);
#8371=ADVANCED_FACE('',(#8370),#8362,.F.);
#8372=CARTESIAN_POINT('',(-1.213051324954E2,-1.157512166907E2,
-6.855868875218E1));
#8373=DIRECTION('',(0.E0,0.E0,1.E0));
#8374=DIRECTION('',(4.834979220294E-1,-8.753455085812E-1,0.E0));
#8375=AXIS2_PLACEMENT_3D('',#8372,#8373,#8374);
#8376=CYLINDRICAL_SURFACE('',#8375,5.E-1);
#8378=ORIENTED_EDGE('',*,*,#8377,.T.);
#8380=ORIENTED_EDGE('',*,*,#8379,.F.);
#8381=ORIENTED_EDGE('',*,*,#8365,.T.);
#8382=ORIENTED_EDGE('',*,*,#6340,.F.);
#8383=EDGE_LOOP('',(#8378,#8380,#8381,#8382));
#8384=FACE_OUTER_BOUND('',#8383,.F.);
#8385=ADVANCED_FACE('',(#8384),#8376,.F.);
#8386=CARTESIAN_POINT('',(-1.204856890075E2,-1.158635533974E2,-5.E0));
#8387=DIRECTION('',(-7.071067811849E-1,-7.071067811882E-1,0.E0));
#8388=DIRECTION('',(-7.071067811882E-1,7.071067811849E-1,0.E0));
#8389=AXIS2_PLACEMENT_3D('',#8386,#8387,#8388);
#8390=PLANE('',#8389);
#8392=ORIENTED_EDGE('',*,*,#8391,.F.);
#8394=ORIENTED_EDGE('',*,*,#8393,.F.);
#8396=ORIENTED_EDGE('',*,*,#8395,.F.);
#8398=ORIENTED_EDGE('',*,*,#8397,.F.);
#8400=ORIENTED_EDGE('',*,*,#8399,.T.);
#8402=ORIENTED_EDGE('',*,*,#8401,.F.);
#8403=ORIENTED_EDGE('',*,*,#8377,.F.);
#8404=ORIENTED_EDGE('',*,*,#6338,.T.);
#8405=EDGE_LOOP('',(#8392,#8394,#8396,#8398,#8400,#8402,#8403,#8404));
#8406=FACE_OUTER_BOUND('',#8405,.F.);
#8407=ADVANCED_FACE('',(#8406),#8390,.T.);
#8408=CARTESIAN_POINT('',(-1.405E2,-8.1E1,-1.57E1));
#8409=DIRECTION('',(0.E0,0.E0,-1.E0));
#8410=DIRECTION('',(-1.E0,0.E0,0.E0));
#8411=AXIS2_PLACEMENT_3D('',#8408,#8409,#8410);
#8412=CYLINDRICAL_SURFACE('',#8411,3.95E1);
#8414=ORIENTED_EDGE('',*,*,#8413,.T.);
#8416=ORIENTED_EDGE('',*,*,#8415,.F.);
#8417=ORIENTED_EDGE('',*,*,#8391,.T.);
#8418=ORIENTED_EDGE('',*,*,#6336,.F.);
#8419=EDGE_LOOP('',(#8414,#8416,#8417,#8418));
#8420=FACE_OUTER_BOUND('',#8419,.F.);
#8421=ADVANCED_FACE('',(#8420),#8412,.T.);
#8422=CARTESIAN_POINT('',(-1.072514557803E2,-9.939930181477E1,-5.E0));
#8423=DIRECTION('',(7.071067811662E-1,7.071067812069E-1,0.E0));
#8424=DIRECTION('',(7.071067812069E-1,-7.071067811662E-1,0.E0));
#8425=AXIS2_PLACEMENT_3D('',#8422,#8423,#8424);
#8426=PLANE('',#8425);
#8427=ORIENTED_EDGE('',*,*,#8413,.F.);
#8428=ORIENTED_EDGE('',*,*,#6334,.F.);
#8430=ORIENTED_EDGE('',*,*,#8429,.F.);
#8432=ORIENTED_EDGE('',*,*,#8431,.F.);
#8434=ORIENTED_EDGE('',*,*,#8433,.F.);
#8436=ORIENTED_EDGE('',*,*,#8435,.F.);
#8438=ORIENTED_EDGE('',*,*,#8437,.T.);
#8440=ORIENTED_EDGE('',*,*,#8439,.F.);
#8441=EDGE_LOOP('',(#8427,#8428,#8430,#8432,#8434,#8436,#8438,#8440));
#8442=FACE_OUTER_BOUND('',#8441,.F.);
#8443=ADVANCED_FACE('',(#8442),#8426,.T.);
#8444=CARTESIAN_POINT('',(-1.057487833093E2,-1.001948675045E2,
3.952086177472E1));
#8445=DIRECTION('',(0.E0,0.E0,-1.E0));
#8446=DIRECTION('',(8.753455085819E-1,-4.834979220281E-1,0.E0));
#8447=AXIS2_PLACEMENT_3D('',#8444,#8445,#8446);
#8448=CYLINDRICAL_SURFACE('',#8447,5.E-1);
#8449=ORIENTED_EDGE('',*,*,#8429,.T.);
#8450=ORIENTED_EDGE('',*,*,#6332,.F.);
#8452=ORIENTED_EDGE('',*,*,#8451,.T.);
#8454=ORIENTED_EDGE('',*,*,#8453,.F.);
#8455=EDGE_LOOP('',(#8449,#8450,#8452,#8454));
#8456=FACE_OUTER_BOUND('',#8455,.F.);
#8457=ADVANCED_FACE('',(#8456),#8448,.F.);
#8458=CARTESIAN_POINT('',(-1.405E2,-8.1E1,-9.E0));
#8459=DIRECTION('',(0.E0,0.E0,-1.E0));
#8460=DIRECTION('',(-1.E0,0.E0,0.E0));
#8461=AXIS2_PLACEMENT_3D('',#8458,#8459,#8460);
#8462=CYLINDRICAL_SURFACE('',#8461,4.02E1);
#8464=ORIENTED_EDGE('',*,*,#8463,.F.);
#8466=ORIENTED_EDGE('',*,*,#8465,.F.);
#8468=ORIENTED_EDGE('',*,*,#8467,.F.);
#8469=ORIENTED_EDGE('',*,*,#8451,.F.);
#8470=ORIENTED_EDGE('',*,*,#6330,.F.);
#8471=EDGE_LOOP('',(#8464,#8466,#8468,#8469,#8470));
#8472=FACE_OUTER_BOUND('',#8471,.F.);
#8473=ADVANCED_FACE('',(#8472),#8462,.F.);
#8474=CARTESIAN_POINT('',(-1.057487833093E2,-6.180513249543E1,
-6.855868875218E1));
#8475=DIRECTION('',(0.E0,0.E0,1.E0));
#8476=DIRECTION('',(8.753455085812E-1,4.834979220294E-1,0.E0));
#8477=AXIS2_PLACEMENT_3D('',#8474,#8475,#8476);
#8478=CYLINDRICAL_SURFACE('',#8477,5.E-1);
#8480=ORIENTED_EDGE('',*,*,#8479,.T.);
#8482=ORIENTED_EDGE('',*,*,#8481,.F.);
#8483=ORIENTED_EDGE('',*,*,#8463,.T.);
#8484=ORIENTED_EDGE('',*,*,#6328,.F.);
#8485=EDGE_LOOP('',(#8480,#8482,#8483,#8484));
#8486=FACE_OUTER_BOUND('',#8485,.F.);
#8487=ADVANCED_FACE('',(#8486),#8478,.F.);
#8488=CARTESIAN_POINT('',(-1.056364466026E2,-6.098568900749E1,-5.E0));
#8489=DIRECTION('',(7.071067811882E-1,-7.071067811849E-1,0.E0));
#8490=DIRECTION('',(-7.071067811849E-1,-7.071067811882E-1,0.E0));
#8491=AXIS2_PLACEMENT_3D('',#8488,#8489,#8490);
#8492=PLANE('',#8491);
#8494=ORIENTED_EDGE('',*,*,#8493,.F.);
#8496=ORIENTED_EDGE('',*,*,#8495,.F.);
#8498=ORIENTED_EDGE('',*,*,#8497,.T.);
#8500=ORIENTED_EDGE('',*,*,#8499,.F.);
#8501=ORIENTED_EDGE('',*,*,#8479,.F.);
#8502=ORIENTED_EDGE('',*,*,#6326,.T.);
#8503=EDGE_LOOP('',(#8494,#8496,#8498,#8500,#8501,#8502));
#8504=FACE_OUTER_BOUND('',#8503,.F.);
#8505=ADVANCED_FACE('',(#8504),#8492,.T.);
#8506=CARTESIAN_POINT('',(-1.405E2,-8.1E1,-1.57E1));
#8507=DIRECTION('',(0.E0,0.E0,-1.E0));
#8508=DIRECTION('',(-1.E0,0.E0,0.E0));
#8509=AXIS2_PLACEMENT_3D('',#8506,#8507,#8508);
#8510=CYLINDRICAL_SURFACE('',#8509,3.95E1);
#8512=ORIENTED_EDGE('',*,*,#8511,.T.);
#8514=ORIENTED_EDGE('',*,*,#8513,.F.);
#8515=ORIENTED_EDGE('',*,*,#8493,.T.);
#8516=ORIENTED_EDGE('',*,*,#6324,.F.);
#8517=EDGE_LOOP('',(#8512,#8514,#8515,#8516));
#8518=FACE_OUTER_BOUND('',#8517,.F.);
#8519=ADVANCED_FACE('',(#8518),#8510,.T.);
#8520=CARTESIAN_POINT('',(-1.221006981852E2,-4.775145578030E1,-5.E0));
#8521=DIRECTION('',(-7.071067812069E-1,7.071067811662E-1,0.E0));
#8522=DIRECTION('',(7.071067811662E-1,7.071067812069E-1,0.E0));
#8523=AXIS2_PLACEMENT_3D('',#8520,#8521,#8522);
#8524=PLANE('',#8523);
#8525=ORIENTED_EDGE('',*,*,#8511,.F.);
#8526=ORIENTED_EDGE('',*,*,#6322,.T.);
#8528=ORIENTED_EDGE('',*,*,#8527,.F.);
#8530=ORIENTED_EDGE('',*,*,#8529,.F.);
#8532=ORIENTED_EDGE('',*,*,#8531,.F.);
#8534=ORIENTED_EDGE('',*,*,#8533,.F.);
#8535=EDGE_LOOP('',(#8525,#8526,#8528,#8530,#8532,#8534));
#8536=FACE_OUTER_BOUND('',#8535,.F.);
#8537=ADVANCED_FACE('',(#8536),#8524,.T.);
#8538=CARTESIAN_POINT('',(-1.213051324955E2,-4.624878330930E1,
3.952086177472E1));
#8539=DIRECTION('',(0.E0,0.E0,-1.E0));
#8540=DIRECTION('',(4.834979220281E-1,8.753455085819E-1,0.E0));
#8541=AXIS2_PLACEMENT_3D('',#8538,#8539,#8540);
#8542=CYLINDRICAL_SURFACE('',#8541,5.E-1);
#8543=ORIENTED_EDGE('',*,*,#8527,.T.);
#8544=ORIENTED_EDGE('',*,*,#6320,.F.);
#8546=ORIENTED_EDGE('',*,*,#8545,.T.);
#8548=ORIENTED_EDGE('',*,*,#8547,.F.);
#8549=EDGE_LOOP('',(#8543,#8544,#8546,#8548));
#8550=FACE_OUTER_BOUND('',#8549,.F.);
#8551=ADVANCED_FACE('',(#8550),#8542,.F.);
#8552=CARTESIAN_POINT('',(-1.405E2,-8.1E1,-9.E0));
#8553=DIRECTION('',(0.E0,0.E0,-1.E0));
#8554=DIRECTION('',(-1.E0,0.E0,0.E0));
#8555=AXIS2_PLACEMENT_3D('',#8552,#8553,#8554);
#8556=CYLINDRICAL_SURFACE('',#8555,4.02E1);
#8558=ORIENTED_EDGE('',*,*,#8557,.F.);
#8560=ORIENTED_EDGE('',*,*,#8559,.F.);
#8561=ORIENTED_EDGE('',*,*,#8545,.F.);
#8562=ORIENTED_EDGE('',*,*,#6318,.F.);
#8563=EDGE_LOOP('',(#8558,#8560,#8561,#8562));
#8564=FACE_OUTER_BOUND('',#8563,.F.);
#8565=ADVANCED_FACE('',(#8564),#8556,.F.);
#8566=CARTESIAN_POINT('',(-1.596948675046E2,-4.624878330933E1,
-6.855868875218E1));
#8567=DIRECTION('',(0.E0,0.E0,1.E0));
#8568=DIRECTION('',(-4.834979220294E-1,8.753455085812E-1,0.E0));
#8569=AXIS2_PLACEMENT_3D('',#8566,#8567,#8568);
#8570=CYLINDRICAL_SURFACE('',#8569,5.E-1);
#8572=ORIENTED_EDGE('',*,*,#8571,.T.);
#8574=ORIENTED_EDGE('',*,*,#8573,.F.);
#8575=ORIENTED_EDGE('',*,*,#8557,.T.);
#8576=ORIENTED_EDGE('',*,*,#6316,.F.);
#8577=EDGE_LOOP('',(#8572,#8574,#8575,#8576));
#8578=FACE_OUTER_BOUND('',#8577,.F.);
#8579=ADVANCED_FACE('',(#8578),#8570,.F.);
#8580=CARTESIAN_POINT('',(-1.605143109925E2,-4.613644660257E1,-5.E0));
#8581=DIRECTION('',(7.071067811849E-1,7.071067811882E-1,0.E0));
#8582=DIRECTION('',(7.071067811882E-1,-7.071067811849E-1,0.E0));
#8583=AXIS2_PLACEMENT_3D('',#8580,#8581,#8582);
#8584=PLANE('',#8583);
#8586=ORIENTED_EDGE('',*,*,#8585,.F.);
#8588=ORIENTED_EDGE('',*,*,#8587,.F.);
#8590=ORIENTED_EDGE('',*,*,#8589,.F.);
#8592=ORIENTED_EDGE('',*,*,#8591,.F.);
#8594=ORIENTED_EDGE('',*,*,#8593,.T.);
#8596=ORIENTED_EDGE('',*,*,#8595,.F.);
#8597=ORIENTED_EDGE('',*,*,#8571,.F.);
#8598=ORIENTED_EDGE('',*,*,#6314,.T.);
#8599=EDGE_LOOP('',(#8586,#8588,#8590,#8592,#8594,#8596,#8597,#8598));
#8600=FACE_OUTER_BOUND('',#8599,.F.);
#8601=ADVANCED_FACE('',(#8600),#8584,.T.);
#8602=CARTESIAN_POINT('',(-1.405E2,-8.1E1,-1.57E1));
#8603=DIRECTION('',(0.E0,0.E0,-1.E0));
#8604=DIRECTION('',(-1.E0,0.E0,0.E0));
#8605=AXIS2_PLACEMENT_3D('',#8602,#8603,#8604);
#8606=CYLINDRICAL_SURFACE('',#8605,3.95E1);
#8608=ORIENTED_EDGE('',*,*,#8607,.T.);
#8610=ORIENTED_EDGE('',*,*,#8609,.F.);
#8611=ORIENTED_EDGE('',*,*,#8585,.T.);
#8612=ORIENTED_EDGE('',*,*,#6312,.F.);
#8613=EDGE_LOOP('',(#8608,#8610,#8611,#8612));
#8614=FACE_OUTER_BOUND('',#8613,.F.);
#8615=ADVANCED_FACE('',(#8614),#8606,.T.);
#8616=CARTESIAN_POINT('',(-1.737485442197E2,-6.260069818523E1,-5.E0));
#8617=DIRECTION('',(-7.071067811662E-1,-7.071067812069E-1,0.E0));
#8618=DIRECTION('',(-7.071067812069E-1,7.071067811662E-1,0.E0));
#8619=AXIS2_PLACEMENT_3D('',#8616,#8617,#8618);
#8620=PLANE('',#8619);
#8621=ORIENTED_EDGE('',*,*,#8607,.F.);
#8622=ORIENTED_EDGE('',*,*,#6310,.F.);
#8624=ORIENTED_EDGE('',*,*,#8623,.F.);
#8625=ORIENTED_EDGE('',*,*,#8264,.F.);
#8627=ORIENTED_EDGE('',*,*,#8626,.F.);
#8629=ORIENTED_EDGE('',*,*,#8628,.F.);
#8631=ORIENTED_EDGE('',*,*,#8630,.T.);
#8633=ORIENTED_EDGE('',*,*,#8632,.F.);
#8634=EDGE_LOOP('',(#8621,#8622,#8624,#8625,#8627,#8629,#8631,#8633));
#8635=FACE_OUTER_BOUND('',#8634,.F.);
#8636=ADVANCED_FACE('',(#8635),#8620,.T.);
#8637=CARTESIAN_POINT('',(-1.752512166907E2,-6.180513249548E1,
3.952086177472E1));
#8638=DIRECTION('',(0.E0,0.E0,-1.E0));
#8639=DIRECTION('',(-8.753455085819E-1,4.834979220281E-1,0.E0));
#8640=AXIS2_PLACEMENT_3D('',#8637,#8638,#8639);
#8641=CYLINDRICAL_SURFACE('',#8640,5.E-1);
#8642=ORIENTED_EDGE('',*,*,#8623,.T.);
#8643=ORIENTED_EDGE('',*,*,#6308,.F.);
#8645=ORIENTED_EDGE('',*,*,#8644,.T.);
#8646=ORIENTED_EDGE('',*,*,#8266,.F.);
#8647=EDGE_LOOP('',(#8642,#8643,#8645,#8646));
#8648=FACE_OUTER_BOUND('',#8647,.F.);
#8649=ADVANCED_FACE('',(#8648),#8641,.F.);
#8650=CARTESIAN_POINT('',(-1.405E2,-8.1E1,-9.E0));
#8651=DIRECTION('',(0.E0,0.E0,-1.E0));
#8652=DIRECTION('',(-1.E0,0.E0,0.E0));
#8653=AXIS2_PLACEMENT_3D('',#8650,#8651,#8652);
#8654=CYLINDRICAL_SURFACE('',#8653,4.02E1);
#8655=ORIENTED_EDGE('',*,*,#8283,.F.);
#8656=ORIENTED_EDGE('',*,*,#8270,.F.);
#8657=ORIENTED_EDGE('',*,*,#8268,.F.);
#8658=ORIENTED_EDGE('',*,*,#8644,.F.);
#8659=ORIENTED_EDGE('',*,*,#6306,.F.);
#8660=EDGE_LOOP('',(#8655,#8656,#8657,#8658,#8659));
#8661=FACE_OUTER_BOUND('',#8660,.F.);
#8662=ADVANCED_FACE('',(#8661),#8654,.F.);
#8663=CARTESIAN_POINT('',(-1.602364267403E2,-6.247778682207E1,-1.57E1));
#8664=DIRECTION('',(0.E0,-1.E0,0.E0));
#8665=DIRECTION('',(-1.E0,0.E0,0.E0));
#8666=AXIS2_PLACEMENT_3D('',#8663,#8664,#8665);
#8667=PLANE('',#8666);
#8669=ORIENTED_EDGE('',*,*,#8668,.F.);
#8671=ORIENTED_EDGE('',*,*,#8670,.T.);
#8673=ORIENTED_EDGE('',*,*,#8672,.F.);
#8675=ORIENTED_EDGE('',*,*,#8674,.F.);
#8676=ORIENTED_EDGE('',*,*,#8626,.T.);
#8677=ORIENTED_EDGE('',*,*,#8262,.F.);
#8679=ORIENTED_EDGE('',*,*,#8678,.F.);
#8681=ORIENTED_EDGE('',*,*,#8680,.T.);
#8682=EDGE_LOOP('',(#8669,#8671,#8673,#8675,#8676,#8677,#8679,#8681));
#8683=FACE_OUTER_BOUND('',#8682,.F.);
#8684=ADVANCED_FACE('',(#8683),#8667,.T.);
#8685=CARTESIAN_POINT('',(-1.586686597873E2,-6.071001986915E1,-1.82E1));
#8686=DIRECTION('',(-7.071067811731E-1,7.071067812E-1,0.E0));
#8687=DIRECTION('',(-7.071067812E-1,-7.071067811731E-1,0.E0));
#8688=AXIS2_PLACEMENT_3D('',#8685,#8686,#8687);
#8689=PLANE('',#8688);
#8690=ORIENTED_EDGE('',*,*,#8668,.T.);
#8692=ORIENTED_EDGE('',*,*,#8691,.F.);
#8694=ORIENTED_EDGE('',*,*,#8693,.F.);
#8696=ORIENTED_EDGE('',*,*,#8695,.T.);
#8697=EDGE_LOOP('',(#8690,#8692,#8694,#8696));
#8698=FACE_OUTER_BOUND('',#8697,.F.);
#8699=ADVANCED_FACE('',(#8698),#8689,.F.);
#8700=CARTESIAN_POINT('',(0.E0,0.E0,-1.32E1));
#8701=DIRECTION('',(0.E0,0.E0,-1.E0));
#8702=DIRECTION('',(-1.E0,0.E0,0.E0));
#8703=AXIS2_PLACEMENT_3D('',#8700,#8701,#8702);
#8704=PLANE('',#8703);
#8705=ORIENTED_EDGE('',*,*,#8691,.T.);
#8706=ORIENTED_EDGE('',*,*,#8680,.F.);
#8708=ORIENTED_EDGE('',*,*,#8707,.T.);
#8710=ORIENTED_EDGE('',*,*,#8709,.F.);
#8711=EDGE_LOOP('',(#8705,#8706,#8708,#8710));
#8712=FACE_OUTER_BOUND('',#8711,.F.);
#8714=ORIENTED_EDGE('',*,*,#8713,.T.);
#8716=ORIENTED_EDGE('',*,*,#8715,.T.);
#8717=EDGE_LOOP('',(#8714,#8716));
#8718=FACE_BOUND('',#8717,.F.);
#8719=ADVANCED_FACE('',(#8712,#8718),#8704,.F.);
#8720=CARTESIAN_POINT('',(-1.618546247910E2,-5.964537520754E1,-1.82E1));
#8721=DIRECTION('',(0.E0,0.E0,1.E0));
#8722=DIRECTION('',(1.E0,0.E0,0.E0));
#8723=AXIS2_PLACEMENT_3D('',#8720,#8721,#8722);
#8724=CYLINDRICAL_SURFACE('',#8723,1.1E0);
#8726=ORIENTED_EDGE('',*,*,#8725,.F.);
#8728=ORIENTED_EDGE('',*,*,#8727,.F.);
#8729=ORIENTED_EDGE('',*,*,#8713,.F.);
#8731=ORIENTED_EDGE('',*,*,#8730,.T.);
#8732=EDGE_LOOP('',(#8726,#8728,#8729,#8731));
#8733=FACE_OUTER_BOUND('',#8732,.F.);
#8734=ADVANCED_FACE('',(#8733),#8724,.F.);
#8735=CARTESIAN_POINT('',(0.E0,0.E0,-1.54E1));
#8736=DIRECTION('',(0.E0,0.E0,-1.E0));
#8737=DIRECTION('',(-1.E0,0.E0,0.E0));
#8738=AXIS2_PLACEMENT_3D('',#8735,#8736,#8737);
#8739=PLANE('',#8738);
#8740=ORIENTED_EDGE('',*,*,#8695,.F.);
#8742=ORIENTED_EDGE('',*,*,#8741,.F.);
#8744=ORIENTED_EDGE('',*,*,#8743,.T.);
#8745=ORIENTED_EDGE('',*,*,#8670,.F.);
#8746=EDGE_LOOP('',(#8740,#8742,#8744,#8745));
#8747=FACE_OUTER_BOUND('',#8746,.F.);
#8748=ORIENTED_EDGE('',*,*,#8725,.T.);
#8750=ORIENTED_EDGE('',*,*,#8749,.T.);
#8751=EDGE_LOOP('',(#8748,#8750));
#8752=FACE_BOUND('',#8751,.F.);
#8753=ADVANCED_FACE('',(#8747,#8752),#8739,.T.);
#8754=CARTESIAN_POINT('',(-1.618546247910E2,-5.964537520754E1,-1.82E1));
#8755=DIRECTION('',(0.E0,0.E0,1.E0));
#8756=DIRECTION('',(1.E0,0.E0,0.E0));
#8757=AXIS2_PLACEMENT_3D('',#8754,#8755,#8756);
#8758=CYLINDRICAL_SURFACE('',#8757,1.1E0);
#8759=ORIENTED_EDGE('',*,*,#8749,.F.);
#8760=ORIENTED_EDGE('',*,*,#8730,.F.);
#8761=ORIENTED_EDGE('',*,*,#8715,.F.);
#8762=ORIENTED_EDGE('',*,*,#8727,.T.);
#8763=EDGE_LOOP('',(#8759,#8760,#8761,#8762));
#8764=FACE_OUTER_BOUND('',#8763,.F.);
#8765=ADVANCED_FACE('',(#8764),#8758,.F.);
#8766=CARTESIAN_POINT('',(-1.590222131779E2,-4.781977066096E1,-1.57E1));
#8767=DIRECTION('',(1.E0,-6.777406065456E-14,0.E0));
#8768=DIRECTION('',(-6.777406065456E-14,-1.E0,0.E0));
#8769=AXIS2_PLACEMENT_3D('',#8766,#8767,#8768);
#8770=PLANE('',#8769);
#8771=ORIENTED_EDGE('',*,*,#8693,.T.);
#8772=ORIENTED_EDGE('',*,*,#8709,.T.);
#8774=ORIENTED_EDGE('',*,*,#8773,.F.);
#8776=ORIENTED_EDGE('',*,*,#8775,.F.);
#8777=ORIENTED_EDGE('',*,*,#8593,.F.);
#8779=ORIENTED_EDGE('',*,*,#8778,.T.);
#8781=ORIENTED_EDGE('',*,*,#8780,.T.);
#8782=ORIENTED_EDGE('',*,*,#8741,.T.);
#8783=EDGE_LOOP('',(#8771,#8772,#8774,#8776,#8777,#8779,#8781,#8782));
#8784=FACE_OUTER_BOUND('',#8783,.F.);
#8785=ADVANCED_FACE('',(#8784),#8770,.T.);
#8786=CARTESIAN_POINT('',(-1.405E2,-8.1E1,-4.92E1));
#8787=DIRECTION('',(0.E0,0.E0,1.E0));
#8788=DIRECTION('',(1.E0,0.E0,0.E0));
#8789=AXIS2_PLACEMENT_3D('',#8786,#8787,#8788);
#8790=CYLINDRICAL_SURFACE('',#8789,3.78E1);
#8791=ORIENTED_EDGE('',*,*,#8678,.T.);
#8792=ORIENTED_EDGE('',*,*,#8260,.F.);
#8793=ORIENTED_EDGE('',*,*,#8115,.F.);
#8795=ORIENTED_EDGE('',*,*,#8794,.F.);
#8796=ORIENTED_EDGE('',*,*,#8112,.T.);
#8798=ORIENTED_EDGE('',*,*,#8797,.F.);
#8800=ORIENTED_EDGE('',*,*,#8799,.T.);
#8802=ORIENTED_EDGE('',*,*,#8801,.F.);
#8804=ORIENTED_EDGE('',*,*,#8803,.T.);
#8806=ORIENTED_EDGE('',*,*,#8805,.F.);
#8807=ORIENTED_EDGE('',*,*,#8773,.T.);
#8808=ORIENTED_EDGE('',*,*,#8707,.F.);
#8809=EDGE_LOOP('',(#8791,#8792,#8793,#8795,#8796,#8798,#8800,#8802,#8804,#8806,
#8807,#8808));
#8810=FACE_OUTER_BOUND('',#8809,.F.);
#8811=ADVANCED_FACE('',(#8810),#8790,.F.);
#8812=CARTESIAN_POINT('',(-1.405E2,-8.1E1,-1.3125E0));
#8813=DIRECTION('',(0.E0,0.E0,1.E0));
#8814=DIRECTION('',(1.E0,0.E0,0.E0));
#8815=AXIS2_PLACEMENT_3D('',#8812,#8813,#8814);
#8816=CONICAL_SURFACE('',#8815,3.99E1,5.799461679192E1);
#8817=ORIENTED_EDGE('',*,*,#8090,.F.);
#8818=ORIENTED_EDGE('',*,*,#7698,.F.);
#8819=ORIENTED_EDGE('',*,*,#8087,.T.);
#8820=ORIENTED_EDGE('',*,*,#8794,.T.);
#8821=EDGE_LOOP('',(#8817,#8818,#8819,#8820));
#8822=FACE_OUTER_BOUND('',#8821,.F.);
#8823=ADVANCED_FACE('',(#8822),#8816,.F.);
#8824=CARTESIAN_POINT('',(0.E0,0.E0,-5.E0));
#8825=DIRECTION('',(0.E0,0.E0,-1.E0));
#8826=DIRECTION('',(-1.E0,0.E0,0.E0));
#8827=AXIS2_PLACEMENT_3D('',#8824,#8825,#8826);
#8828=PLANE('',#8827);
#8829=ORIENTED_EDGE('',*,*,#8481,.T.);
#8830=ORIENTED_EDGE('',*,*,#8499,.T.);
#8832=ORIENTED_EDGE('',*,*,#8831,.T.);
#8833=ORIENTED_EDGE('',*,*,#8797,.T.);
#8834=ORIENTED_EDGE('',*,*,#8110,.T.);
#8836=ORIENTED_EDGE('',*,*,#8835,.T.);
#8837=ORIENTED_EDGE('',*,*,#8431,.T.);
#8838=ORIENTED_EDGE('',*,*,#8453,.T.);
#8839=ORIENTED_EDGE('',*,*,#8467,.T.);
#8840=ORIENTED_EDGE('',*,*,#8465,.T.);
#8841=EDGE_LOOP('',(#8829,#8830,#8832,#8833,#8834,#8836,#8837,#8838,#8839,
#8840));
#8842=FACE_OUTER_BOUND('',#8841,.F.);
#8843=ADVANCED_FACE('',(#8842),#8828,.T.);
#8844=CARTESIAN_POINT('',(-1.073197706610E2,-6.247778682207E1,-1.57E1));
#8845=DIRECTION('',(-6.771282831461E-14,-1.E0,0.E0));
#8846=DIRECTION('',(-1.E0,6.771282831461E-14,0.E0));
#8847=AXIS2_PLACEMENT_3D('',#8844,#8845,#8846);
#8848=PLANE('',#8847);
#8850=ORIENTED_EDGE('',*,*,#8849,.T.);
#8852=ORIENTED_EDGE('',*,*,#8851,.T.);
#8853=ORIENTED_EDGE('',*,*,#8799,.F.);
#8854=ORIENTED_EDGE('',*,*,#8831,.F.);
#8855=ORIENTED_EDGE('',*,*,#8497,.F.);
#8857=ORIENTED_EDGE('',*,*,#8856,.T.);
#8858=EDGE_LOOP('',(#8850,#8852,#8853,#8854,#8855,#8857));
#8859=FACE_OUTER_BOUND('',#8858,.F.);
#8860=ADVANCED_FACE('',(#8859),#8848,.T.);
#8861=CARTESIAN_POINT('',(-1.202100198690E2,-6.283134021267E1,-1.82E1));
#8862=DIRECTION('',(7.071067811717E-1,7.071067812014E-1,0.E0));
#8863=DIRECTION('',(-7.071067812014E-1,7.071067811717E-1,0.E0));
#8864=AXIS2_PLACEMENT_3D('',#8861,#8862,#8863);
#8865=PLANE('',#8864);
#8867=ORIENTED_EDGE('',*,*,#8866,.T.);
#8869=ORIENTED_EDGE('',*,*,#8868,.F.);
#8870=ORIENTED_EDGE('',*,*,#8849,.F.);
#8872=ORIENTED_EDGE('',*,*,#8871,.T.);
#8873=EDGE_LOOP('',(#8867,#8869,#8870,#8872));
#8874=FACE_OUTER_BOUND('',#8873,.F.);
#8875=ADVANCED_FACE('',(#8874),#8865,.F.);
#8876=CARTESIAN_POINT('',(-1.219777868221E2,-6.126357325970E1,-1.57E1));
#8877=DIRECTION('',(-1.E0,0.E0,0.E0));
#8878=DIRECTION('',(0.E0,1.E0,0.E0));
#8879=AXIS2_PLACEMENT_3D('',#8876,#8877,#8878);
#8880=PLANE('',#8879);
#8881=ORIENTED_EDGE('',*,*,#8866,.F.);
#8883=ORIENTED_EDGE('',*,*,#8882,.T.);
#8884=ORIENTED_EDGE('',*,*,#8531,.T.);
#8886=ORIENTED_EDGE('',*,*,#8885,.F.);
#8887=ORIENTED_EDGE('',*,*,#8803,.F.);
#8889=ORIENTED_EDGE('',*,*,#8888,.T.);
#8890=EDGE_LOOP('',(#8881,#8883,#8884,#8886,#8887,#8889));
#8891=FACE_OUTER_BOUND('',#8890,.F.);
#8892=ADVANCED_FACE('',(#8891),#8880,.T.);
#8893=CARTESIAN_POINT('',(0.E0,0.E0,-1.54E1));
#8894=DIRECTION('',(0.E0,0.E0,-1.E0));
#8895=DIRECTION('',(-1.E0,0.E0,0.E0));
#8896=AXIS2_PLACEMENT_3D('',#8893,#8894,#8895);
#8897=PLANE('',#8896);
#8898=ORIENTED_EDGE('',*,*,#8871,.F.);
#8899=ORIENTED_EDGE('',*,*,#8856,.F.);
#8900=ORIENTED_EDGE('',*,*,#8495,.T.);
#8901=ORIENTED_EDGE('',*,*,#8513,.T.);
#8902=ORIENTED_EDGE('',*,*,#8533,.T.);
#8903=ORIENTED_EDGE('',*,*,#8882,.F.);
#8904=EDGE_LOOP('',(#8898,#8899,#8900,#8901,#8902,#8903));
#8905=FACE_OUTER_BOUND('',#8904,.F.);
#8907=ORIENTED_EDGE('',*,*,#8906,.T.);
#8909=ORIENTED_EDGE('',*,*,#8908,.T.);
#8910=EDGE_LOOP('',(#8907,#8909));
#8911=FACE_BOUND('',#8910,.F.);
#8912=ADVANCED_FACE('',(#8905,#8911),#8897,.T.);
#8913=CARTESIAN_POINT('',(-1.191453752086E2,-5.964537520896E1,-1.82E1));
#8914=DIRECTION('',(0.E0,0.E0,1.E0));
#8915=DIRECTION('',(1.E0,0.E0,0.E0));
#8916=AXIS2_PLACEMENT_3D('',#8913,#8914,#8915);
#8917=CYLINDRICAL_SURFACE('',#8916,1.1E0);
#8918=ORIENTED_EDGE('',*,*,#8906,.F.);
#8920=ORIENTED_EDGE('',*,*,#8919,.F.);
#8922=ORIENTED_EDGE('',*,*,#8921,.F.);
#8924=ORIENTED_EDGE('',*,*,#8923,.T.);
#8925=EDGE_LOOP('',(#8918,#8920,#8922,#8924));
#8926=FACE_OUTER_BOUND('',#8925,.F.);
#8927=ADVANCED_FACE('',(#8926),#8917,.F.);
#8928=CARTESIAN_POINT('',(-1.191453752086E2,-5.964537520896E1,-1.82E1));
#8929=DIRECTION('',(0.E0,0.E0,1.E0));
#8930=DIRECTION('',(1.E0,0.E0,0.E0));
#8931=AXIS2_PLACEMENT_3D('',#8928,#8929,#8930);
#8932=CYLINDRICAL_SURFACE('',#8931,1.1E0);
#8933=ORIENTED_EDGE('',*,*,#8908,.F.);
#8934=ORIENTED_EDGE('',*,*,#8923,.F.);
#8936=ORIENTED_EDGE('',*,*,#8935,.F.);
#8937=ORIENTED_EDGE('',*,*,#8919,.T.);
#8938=EDGE_LOOP('',(#8933,#8934,#8936,#8937));
#8939=FACE_OUTER_BOUND('',#8938,.F.);
#8940=ADVANCED_FACE('',(#8939),#8932,.F.);
#8941=CARTESIAN_POINT('',(0.E0,0.E0,-1.32E1));
#8942=DIRECTION('',(0.E0,0.E0,-1.E0));
#8943=DIRECTION('',(-1.E0,0.E0,0.E0));
#8944=AXIS2_PLACEMENT_3D('',#8941,#8942,#8943);
#8945=PLANE('',#8944);
#8946=ORIENTED_EDGE('',*,*,#8868,.T.);
#8947=ORIENTED_EDGE('',*,*,#8888,.F.);
#8948=ORIENTED_EDGE('',*,*,#8801,.T.);
#8949=ORIENTED_EDGE('',*,*,#8851,.F.);
#8950=EDGE_LOOP('',(#8946,#8947,#8948,#8949));
#8951=FACE_OUTER_BOUND('',#8950,.F.);
#8952=ORIENTED_EDGE('',*,*,#8921,.T.);
#8953=ORIENTED_EDGE('',*,*,#8935,.T.);
#8954=EDGE_LOOP('',(#8952,#8953));
#8955=FACE_BOUND('',#8954,.F.);
#8956=ADVANCED_FACE('',(#8951,#8955),#8945,.F.);
#8957=CARTESIAN_POINT('',(0.E0,0.E0,-5.E0));
#8958=DIRECTION('',(0.E0,0.E0,-1.E0));
#8959=DIRECTION('',(-1.E0,0.E0,0.E0));
#8960=AXIS2_PLACEMENT_3D('',#8957,#8958,#8959);
#8961=PLANE('',#8960);
#8962=ORIENTED_EDGE('',*,*,#8573,.T.);
#8963=ORIENTED_EDGE('',*,*,#8595,.T.);
#8964=ORIENTED_EDGE('',*,*,#8775,.T.);
#8965=ORIENTED_EDGE('',*,*,#8805,.T.);
#8966=ORIENTED_EDGE('',*,*,#8885,.T.);
#8967=ORIENTED_EDGE('',*,*,#8529,.T.);
#8968=ORIENTED_EDGE('',*,*,#8547,.T.);
#8969=ORIENTED_EDGE('',*,*,#8559,.T.);
#8970=EDGE_LOOP('',(#8962,#8963,#8964,#8965,#8966,#8967,#8968,#8969));
#8971=FACE_OUTER_BOUND('',#8970,.F.);
#8972=ADVANCED_FACE('',(#8971),#8961,.T.);
#8973=CARTESIAN_POINT('',(-1.207635732597E2,-9.952221317793E1,-1.57E1));
#8974=DIRECTION('',(0.E0,1.E0,0.E0));
#8975=DIRECTION('',(1.E0,0.E0,0.E0));
#8976=AXIS2_PLACEMENT_3D('',#8973,#8974,#8975);
#8977=PLANE('',#8976);
#8979=ORIENTED_EDGE('',*,*,#8978,.F.);
#8981=ORIENTED_EDGE('',*,*,#8980,.T.);
#8983=ORIENTED_EDGE('',*,*,#8982,.F.);
#8985=ORIENTED_EDGE('',*,*,#8984,.F.);
#8986=ORIENTED_EDGE('',*,*,#8433,.T.);
#8987=ORIENTED_EDGE('',*,*,#8835,.F.);
#8988=ORIENTED_EDGE('',*,*,#8108,.F.);
#8990=ORIENTED_EDGE('',*,*,#8989,.T.);
#8991=EDGE_LOOP('',(#8979,#8981,#8983,#8985,#8986,#8987,#8988,#8990));
#8992=FACE_OUTER_BOUND('',#8991,.F.);
#8993=ADVANCED_FACE('',(#8992),#8977,.T.);
#8994=CARTESIAN_POINT('',(-1.223313402127E2,-1.012899801308E2,-1.82E1));
#8995=DIRECTION('',(7.071067811731E-1,-7.071067812E-1,0.E0));
#8996=DIRECTION('',(7.071067812E-1,7.071067811731E-1,0.E0));
#8997=AXIS2_PLACEMENT_3D('',#8994,#8995,#8996);
#8998=PLANE('',#8997);
#8999=ORIENTED_EDGE('',*,*,#8978,.T.);
#9001=ORIENTED_EDGE('',*,*,#9000,.F.);
#9003=ORIENTED_EDGE('',*,*,#9002,.F.);
#9005=ORIENTED_EDGE('',*,*,#9004,.T.);
#9006=EDGE_LOOP('',(#8999,#9001,#9003,#9005));
#9007=FACE_OUTER_BOUND('',#9006,.F.);
#9008=ADVANCED_FACE('',(#9007),#8998,.F.);
#9009=CARTESIAN_POINT('',(0.E0,0.E0,-1.32E1));
#9010=DIRECTION('',(0.E0,0.E0,-1.E0));
#9011=DIRECTION('',(-1.E0,0.E0,0.E0));
#9012=AXIS2_PLACEMENT_3D('',#9009,#9010,#9011);
#9013=PLANE('',#9012);
#9014=ORIENTED_EDGE('',*,*,#9000,.T.);
#9015=ORIENTED_EDGE('',*,*,#8989,.F.);
#9016=ORIENTED_EDGE('',*,*,#8106,.T.);
#9018=ORIENTED_EDGE('',*,*,#9017,.F.);
#9019=EDGE_LOOP('',(#9014,#9015,#9016,#9018));
#9020=FACE_OUTER_BOUND('',#9019,.F.);
#9022=ORIENTED_EDGE('',*,*,#9021,.T.);
#9024=ORIENTED_EDGE('',*,*,#9023,.T.);
#9025=EDGE_LOOP('',(#9022,#9024));
#9026=FACE_BOUND('',#9025,.F.);
#9027=ADVANCED_FACE('',(#9020,#9026),#9013,.F.);
#9028=CARTESIAN_POINT('',(-1.191453752100E2,-1.023546247914E2,-1.82E1));
#9029=DIRECTION('',(0.E0,0.E0,1.E0));
#9030=DIRECTION('',(1.E0,0.E0,0.E0));
#9031=AXIS2_PLACEMENT_3D('',#9028,#9029,#9030);
#9032=CYLINDRICAL_SURFACE('',#9031,1.1E0);
#9034=ORIENTED_EDGE('',*,*,#9033,.F.);
#9036=ORIENTED_EDGE('',*,*,#9035,.F.);
#9037=ORIENTED_EDGE('',*,*,#9021,.F.);
#9039=ORIENTED_EDGE('',*,*,#9038,.T.);
#9040=EDGE_LOOP('',(#9034,#9036,#9037,#9039));
#9041=FACE_OUTER_BOUND('',#9040,.F.);
#9042=ADVANCED_FACE('',(#9041),#9032,.F.);
#9043=CARTESIAN_POINT('',(0.E0,0.E0,-1.54E1));
#9044=DIRECTION('',(0.E0,0.E0,-1.E0));
#9045=DIRECTION('',(-1.E0,0.E0,0.E0));
#9046=AXIS2_PLACEMENT_3D('',#9043,#9044,#9045);
#9047=PLANE('',#9046);
#9048=ORIENTED_EDGE('',*,*,#9004,.F.);
#9050=ORIENTED_EDGE('',*,*,#9049,.F.);
#9052=ORIENTED_EDGE('',*,*,#9051,.T.);
#9053=ORIENTED_EDGE('',*,*,#8980,.F.);
#9054=EDGE_LOOP('',(#9048,#9050,#9052,#9053));
#9055=FACE_OUTER_BOUND('',#9054,.F.);
#9056=ORIENTED_EDGE('',*,*,#9033,.T.);
#9058=ORIENTED_EDGE('',*,*,#9057,.T.);
#9059=EDGE_LOOP('',(#9056,#9058));
#9060=FACE_BOUND('',#9059,.F.);
#9061=ADVANCED_FACE('',(#9055,#9060),#9047,.T.);
#9062=CARTESIAN_POINT('',(-1.191453752100E2,-1.023546247914E2,-1.82E1));
#9063=DIRECTION('',(0.E0,0.E0,1.E0));
#9064=DIRECTION('',(1.E0,0.E0,0.E0));
#9065=AXIS2_PLACEMENT_3D('',#9062,#9063,#9064);
#9066=CYLINDRICAL_SURFACE('',#9065,1.1E0);
#9067=ORIENTED_EDGE('',*,*,#9057,.F.);
#9068=ORIENTED_EDGE('',*,*,#9038,.F.);
#9069=ORIENTED_EDGE('',*,*,#9023,.F.);
#9070=ORIENTED_EDGE('',*,*,#9035,.T.);
#9071=EDGE_LOOP('',(#9067,#9068,#9069,#9070));
#9072=FACE_OUTER_BOUND('',#9071,.F.);
#9073=ADVANCED_FACE('',(#9072),#9066,.F.);
#9074=CARTESIAN_POINT('',(-1.219777868221E2,-1.141802293390E2,-1.57E1));
#9075=DIRECTION('',(-1.E0,6.765159597465E-14,0.E0));
#9076=DIRECTION('',(6.765159597465E-14,1.E0,0.E0));
#9077=AXIS2_PLACEMENT_3D('',#9074,#9075,#9076);
#9078=PLANE('',#9077);
#9079=ORIENTED_EDGE('',*,*,#9002,.T.);
#9080=ORIENTED_EDGE('',*,*,#9017,.T.);
#9081=ORIENTED_EDGE('',*,*,#8104,.F.);
#9083=ORIENTED_EDGE('',*,*,#9082,.F.);
#9084=ORIENTED_EDGE('',*,*,#8399,.F.);
#9086=ORIENTED_EDGE('',*,*,#9085,.T.);
#9088=ORIENTED_EDGE('',*,*,#9087,.T.);
#9089=ORIENTED_EDGE('',*,*,#9049,.T.);
#9090=EDGE_LOOP('',(#9079,#9080,#9081,#9083,#9084,#9086,#9088,#9089));
#9091=FACE_OUTER_BOUND('',#9090,.F.);
#9092=ADVANCED_FACE('',(#9091),#9078,.T.);
#9093=CARTESIAN_POINT('',(0.E0,0.E0,-5.E0));
#9094=DIRECTION('',(0.E0,0.E0,-1.E0));
#9095=DIRECTION('',(-1.E0,0.E0,0.E0));
#9096=AXIS2_PLACEMENT_3D('',#9093,#9094,#9095);
#9097=PLANE('',#9096);
#9098=ORIENTED_EDGE('',*,*,#8353,.T.);
#9099=ORIENTED_EDGE('',*,*,#8367,.T.);
#9100=ORIENTED_EDGE('',*,*,#8379,.T.);
#9101=ORIENTED_EDGE('',*,*,#8401,.T.);
#9102=ORIENTED_EDGE('',*,*,#9082,.T.);
#9103=ORIENTED_EDGE('',*,*,#8102,.T.);
#9104=ORIENTED_EDGE('',*,*,#8141,.T.);
#9105=ORIENTED_EDGE('',*,*,#8332,.T.);
#9106=EDGE_LOOP('',(#9098,#9099,#9100,#9101,#9102,#9103,#9104,#9105));
#9107=FACE_OUTER_BOUND('',#9106,.F.);
#9108=ADVANCED_FACE('',(#9107),#9097,.T.);
#9109=CARTESIAN_POINT('',(1.572621424176E2,-3.929042780400E2,-2.9E1));
#9110=DIRECTION('',(-7.071067811882E-1,7.071067811849E-1,0.E0));
#9111=DIRECTION('',(0.E0,0.E0,-1.E0));
#9112=AXIS2_PLACEMENT_3D('',#9109,#9110,#9111);
#9113=CYLINDRICAL_SURFACE('',#9112,5.E-1);
#9114=ORIENTED_EDGE('',*,*,#9085,.F.);
#9115=ORIENTED_EDGE('',*,*,#8397,.T.);
#9117=ORIENTED_EDGE('',*,*,#9116,.F.);
#9119=ORIENTED_EDGE('',*,*,#9118,.F.);
#9121=ORIENTED_EDGE('',*,*,#9120,.F.);
#9122=EDGE_LOOP('',(#9114,#9115,#9117,#9119,#9121));
#9123=FACE_OUTER_BOUND('',#9122,.F.);
#9124=ADVANCED_FACE('',(#9123),#9113,.T.);
#9125=CARTESIAN_POINT('',(-1.062495516901E2,-1.004012059049E2,-1.57E1));
#9126=DIRECTION('',(7.071067811878E-1,-7.071067811852E-1,0.E0));
#9127=DIRECTION('',(-7.071067811852E-1,-7.071067811878E-1,0.E0));
#9128=AXIS2_PLACEMENT_3D('',#9125,#9126,#9127);
#9129=PLANE('',#9128);
#9130=ORIENTED_EDGE('',*,*,#9116,.T.);
#9131=ORIENTED_EDGE('',*,*,#8395,.T.);
#9133=ORIENTED_EDGE('',*,*,#9132,.F.);
#9134=ORIENTED_EDGE('',*,*,#8437,.F.);
#9136=ORIENTED_EDGE('',*,*,#9135,.T.);
#9138=ORIENTED_EDGE('',*,*,#9137,.F.);
#9139=EDGE_LOOP('',(#9130,#9131,#9133,#9134,#9136,#9138));
#9140=FACE_OUTER_BOUND('',#9139,.F.);
#9142=ORIENTED_EDGE('',*,*,#9141,.F.);
#9144=ORIENTED_EDGE('',*,*,#9143,.T.);
#9146=ORIENTED_EDGE('',*,*,#9145,.F.);
#9148=ORIENTED_EDGE('',*,*,#9147,.T.);
#9150=ORIENTED_EDGE('',*,*,#9149,.F.);
#9152=ORIENTED_EDGE('',*,*,#9151,.T.);
#9154=ORIENTED_EDGE('',*,*,#9153,.F.);
#9156=ORIENTED_EDGE('',*,*,#9155,.T.);
#9157=EDGE_LOOP('',(#9142,#9144,#9146,#9148,#9150,#9152,#9154,#9156));
#9158=FACE_BOUND('',#9157,.F.);
#9159=ADVANCED_FACE('',(#9140,#9158),#9129,.T.);
#9160=CARTESIAN_POINT('',(0.E0,0.E0,-1.54E1));
#9161=DIRECTION('',(0.E0,0.E0,-1.E0));
#9162=DIRECTION('',(-1.E0,0.E0,0.E0));
#9163=AXIS2_PLACEMENT_3D('',#9160,#9161,#9162);
#9164=PLANE('',#9163);
#9165=ORIENTED_EDGE('',*,*,#8415,.T.);
#9166=ORIENTED_EDGE('',*,*,#8439,.T.);
#9167=ORIENTED_EDGE('',*,*,#9132,.T.);
#9168=ORIENTED_EDGE('',*,*,#8393,.T.);
#9169=EDGE_LOOP('',(#9165,#9166,#9167,#9168));
#9170=FACE_OUTER_BOUND('',#9169,.F.);
#9171=ADVANCED_FACE('',(#9170),#9164,.T.);
#9172=CARTESIAN_POINT('',(-5.462814920642E2,3.389236276626E2,-2.9E1));
#9173=DIRECTION('',(7.071067812069E-1,-7.071067811662E-1,0.E0));
#9174=DIRECTION('',(0.E0,0.E0,-1.E0));
#9175=AXIS2_PLACEMENT_3D('',#9172,#9173,#9174);
#9176=CYLINDRICAL_SURFACE('',#9175,5.E-1);
#9177=ORIENTED_EDGE('',*,*,#9135,.F.);
#9178=ORIENTED_EDGE('',*,*,#8435,.T.);
#9179=ORIENTED_EDGE('',*,*,#8984,.T.);
#9181=ORIENTED_EDGE('',*,*,#9180,.F.);
#9183=ORIENTED_EDGE('',*,*,#9182,.F.);
#9184=EDGE_LOOP('',(#9177,#9178,#9179,#9181,#9183));
#9185=FACE_OUTER_BOUND('',#9184,.F.);
#9186=ADVANCED_FACE('',(#9185),#9176,.T.);
#9187=CARTESIAN_POINT('',(-1.219777868221E2,-1.137430284581E2,-1.57E1));
#9188=DIRECTION('',(-7.071067811865E-1,7.071067811865E-1,0.E0));
#9189=DIRECTION('',(7.071067811865E-1,7.071067811865E-1,0.E0));
#9190=AXIS2_PLACEMENT_3D('',#9187,#9188,#9189);
#9191=PLANE('',#9190);
#9192=ORIENTED_EDGE('',*,*,#9120,.T.);
#9194=ORIENTED_EDGE('',*,*,#9193,.F.);
#9195=ORIENTED_EDGE('',*,*,#9180,.T.);
#9196=ORIENTED_EDGE('',*,*,#8982,.T.);
#9197=ORIENTED_EDGE('',*,*,#9051,.F.);
#9198=ORIENTED_EDGE('',*,*,#9087,.F.);
#9199=EDGE_LOOP('',(#9192,#9194,#9195,#9196,#9197,#9198));
#9200=FACE_OUTER_BOUND('',#9199,.F.);
#9202=ORIENTED_EDGE('',*,*,#9201,.T.);
#9204=ORIENTED_EDGE('',*,*,#9203,.T.);
#9206=ORIENTED_EDGE('',*,*,#9205,.T.);
#9208=ORIENTED_EDGE('',*,*,#9207,.T.);
#9210=ORIENTED_EDGE('',*,*,#9209,.T.);
#9212=ORIENTED_EDGE('',*,*,#9211,.T.);
#9214=ORIENTED_EDGE('',*,*,#9213,.T.);
#9216=ORIENTED_EDGE('',*,*,#9215,.T.);
#9217=EDGE_LOOP('',(#9202,#9204,#9206,#9208,#9210,#9212,#9214,#9216));
#9218=FACE_BOUND('',#9217,.F.);
#9219=ADVANCED_FACE('',(#9200,#9218),#9191,.T.);
#9220=CARTESIAN_POINT('',(0.E0,0.E0,-2.95E1));
#9221=DIRECTION('',(0.E0,0.E0,-1.E0));
#9222=DIRECTION('',(-1.E0,0.E0,0.E0));
#9223=AXIS2_PLACEMENT_3D('',#9220,#9221,#9222);
#9224=PLANE('',#9223);
#9225=ORIENTED_EDGE('',*,*,#9118,.T.);
#9226=ORIENTED_EDGE('',*,*,#9137,.T.);
#9227=ORIENTED_EDGE('',*,*,#9182,.T.);
#9228=ORIENTED_EDGE('',*,*,#9193,.T.);
#9229=EDGE_LOOP('',(#9225,#9226,#9227,#9228));
#9230=FACE_OUTER_BOUND('',#9229,.F.);
#9231=ADVANCED_FACE('',(#9230),#9224,.T.);
#9232=CARTESIAN_POINT('',(-1.174571941719E2,-1.068712329529E2,-2.26E1));
#9233=DIRECTION('',(-7.071067811852E-1,-7.071067811878E-1,0.E0));
#9234=DIRECTION('',(0.E0,0.E0,-1.E0));
#9235=AXIS2_PLACEMENT_3D('',#9232,#9233,#9234);
#9236=PLANE('',#9235);
#9238=ORIENTED_EDGE('',*,*,#9237,.F.);
#9239=ORIENTED_EDGE('',*,*,#9201,.F.);
#9241=ORIENTED_EDGE('',*,*,#9240,.F.);
#9242=ORIENTED_EDGE('',*,*,#9145,.T.);
#9243=EDGE_LOOP('',(#9238,#9239,#9241,#9242));
#9244=FACE_OUTER_BOUND('',#9243,.F.);
#9245=ADVANCED_FACE('',(#9244),#9236,.F.);
#9246=CARTESIAN_POINT('',(1.699900644787E2,-3.929042780400E2,-2.36E1));
#9247=DIRECTION('',(-7.071067811878E-1,7.071067811852E-1,0.E0));
#9248=DIRECTION('',(-7.071067811852E-1,-7.071067811878E-1,0.E0));
#9249=AXIS2_PLACEMENT_3D('',#9246,#9247,#9248);
#9250=CYLINDRICAL_SURFACE('',#9249,1.E0);
#9251=ORIENTED_EDGE('',*,*,#9237,.T.);
#9252=ORIENTED_EDGE('',*,*,#9143,.F.);
#9254=ORIENTED_EDGE('',*,*,#9253,.T.);
#9255=ORIENTED_EDGE('',*,*,#9203,.F.);
#9256=EDGE_LOOP('',(#9251,#9252,#9254,#9255));
#9257=FACE_OUTER_BOUND('',#9256,.F.);
#9258=ADVANCED_FACE('',(#9257),#9250,.F.);
#9259=CARTESIAN_POINT('',(-1.110932331412E2,-1.005072719222E2,-2.26E1));
#9260=DIRECTION('',(0.E0,0.E0,1.E0));
#9261=DIRECTION('',(-7.071067811852E-1,-7.071067811878E-1,0.E0));
#9262=AXIS2_PLACEMENT_3D('',#9259,#9260,#9261);
#9263=PLANE('',#9262);
#9265=ORIENTED_EDGE('',*,*,#9264,.F.);
#9266=ORIENTED_EDGE('',*,*,#9205,.F.);
#9267=ORIENTED_EDGE('',*,*,#9253,.F.);
#9268=ORIENTED_EDGE('',*,*,#9141,.T.);
#9269=EDGE_LOOP('',(#9265,#9266,#9267,#9268));
#9270=FACE_OUTER_BOUND('',#9269,.F.);
#9271=ADVANCED_FACE('',(#9270),#9263,.F.);
#9272=CARTESIAN_POINT('',(1.798895594153E2,-3.929042780400E2,-2.36E1));
#9273=DIRECTION('',(-7.071067811878E-1,7.071067811852E-1,0.E0));
#9274=DIRECTION('',(5.684341886070E-14,5.684341886091E-14,1.E0));
#9275=AXIS2_PLACEMENT_3D('',#9272,#9273,#9274);
#9276=CYLINDRICAL_SURFACE('',#9275,1.E0);
#9277=ORIENTED_EDGE('',*,*,#9264,.T.);
#9278=ORIENTED_EDGE('',*,*,#9155,.F.);
#9280=ORIENTED_EDGE('',*,*,#9279,.T.);
#9281=ORIENTED_EDGE('',*,*,#9207,.F.);
#9282=EDGE_LOOP('',(#9277,#9278,#9280,#9281));
#9283=FACE_OUTER_BOUND('',#9282,.F.);
#9284=ADVANCED_FACE('',(#9283),#9276,.F.);
#9285=CARTESIAN_POINT('',(-1.110932331412E2,-1.005072719222E2,-2.76E1));
#9286=DIRECTION('',(7.071067811852E-1,7.071067811878E-1,0.E0));
#9287=DIRECTION('',(0.E0,0.E0,1.E0));
#9288=AXIS2_PLACEMENT_3D('',#9285,#9286,#9287);
#9289=PLANE('',#9288);
#9290=ORIENTED_EDGE('',*,*,#9279,.F.);
#9291=ORIENTED_EDGE('',*,*,#9153,.T.);
#9293=ORIENTED_EDGE('',*,*,#9292,.F.);
#9294=ORIENTED_EDGE('',*,*,#9209,.F.);
#9295=EDGE_LOOP('',(#9290,#9291,#9293,#9294));
#9296=FACE_OUTER_BOUND('',#9295,.F.);
#9297=ADVANCED_FACE('',(#9296),#9289,.F.);
#9298=CARTESIAN_POINT('',(1.798895594153E2,-3.929042780400E2,-2.66E1));
#9299=DIRECTION('',(-7.071067811878E-1,7.071067811852E-1,0.E0));
#9300=DIRECTION('',(7.071067811852E-1,7.071067811878E-1,0.E0));
#9301=AXIS2_PLACEMENT_3D('',#9298,#9299,#9300);
#9302=CYLINDRICAL_SURFACE('',#9301,1.E0);
#9303=ORIENTED_EDGE('',*,*,#9292,.T.);
#9304=ORIENTED_EDGE('',*,*,#9151,.F.);
#9306=ORIENTED_EDGE('',*,*,#9305,.T.);
#9307=ORIENTED_EDGE('',*,*,#9211,.F.);
#9308=EDGE_LOOP('',(#9303,#9304,#9306,#9307));
#9309=FACE_OUTER_BOUND('',#9308,.F.);
#9310=ADVANCED_FACE('',(#9309),#9302,.F.);
#9311=CARTESIAN_POINT('',(-1.174571941719E2,-1.068712329529E2,-2.76E1));
#9312=DIRECTION('',(0.E0,0.E0,-1.E0));
#9313=DIRECTION('',(7.071067811852E-1,7.071067811878E-1,0.E0));
#9314=AXIS2_PLACEMENT_3D('',#9311,#9312,#9313);
#9315=PLANE('',#9314);
#9317=ORIENTED_EDGE('',*,*,#9316,.F.);
#9318=ORIENTED_EDGE('',*,*,#9213,.F.);
#9319=ORIENTED_EDGE('',*,*,#9305,.F.);
#9320=ORIENTED_EDGE('',*,*,#9149,.T.);
#9321=EDGE_LOOP('',(#9317,#9318,#9319,#9320));
#9322=FACE_OUTER_BOUND('',#9321,.F.);
#9323=ADVANCED_FACE('',(#9322),#9315,.F.);
#9324=CARTESIAN_POINT('',(1.699900644787E2,-3.929042780400E2,-2.66E1));
#9325=DIRECTION('',(-7.071067811878E-1,7.071067811852E-1,0.E0));
#9326=DIRECTION('',(-2.842170943030E-14,-2.842170943040E-14,-1.E0));
#9327=AXIS2_PLACEMENT_3D('',#9324,#9325,#9326);
#9328=CYLINDRICAL_SURFACE('',#9327,1.E0);
#9329=ORIENTED_EDGE('',*,*,#9316,.T.);
#9330=ORIENTED_EDGE('',*,*,#9147,.F.);
#9331=ORIENTED_EDGE('',*,*,#9240,.T.);
#9332=ORIENTED_EDGE('',*,*,#9215,.F.);
#9333=EDGE_LOOP('',(#9329,#9330,#9331,#9332));
#9334=FACE_OUTER_BOUND('',#9333,.F.);
#9335=ADVANCED_FACE('',(#9334),#9328,.F.);
#9336=CARTESIAN_POINT('',(-5.572625211675E2,3.499046567893E2,-2.9E1));
#9337=DIRECTION('',(7.071067811882E-1,-7.071067811849E-1,0.E0));
#9338=DIRECTION('',(-1.136868377211E-13,-1.136868377216E-13,-1.E0));
#9339=AXIS2_PLACEMENT_3D('',#9336,#9337,#9338);
#9340=CYLINDRICAL_SURFACE('',#9339,5.E-1);
#9341=ORIENTED_EDGE('',*,*,#8778,.F.);
#9342=ORIENTED_EDGE('',*,*,#8591,.T.);
#9344=ORIENTED_EDGE('',*,*,#9343,.F.);
#9346=ORIENTED_EDGE('',*,*,#9345,.F.);
#9348=ORIENTED_EDGE('',*,*,#9347,.F.);
#9349=EDGE_LOOP('',(#9341,#9342,#9344,#9346,#9348));
#9350=FACE_OUTER_BOUND('',#9349,.F.);
#9351=ADVANCED_FACE('',(#9350),#9340,.T.);
#9352=CARTESIAN_POINT('',(-1.747504483099E2,-6.159879409505E1,-1.57E1));
#9353=DIRECTION('',(-7.071067811878E-1,7.071067811852E-1,0.E0));
#9354=DIRECTION('',(7.071067811852E-1,7.071067811878E-1,0.E0));
#9355=AXIS2_PLACEMENT_3D('',#9352,#9353,#9354);
#9356=PLANE('',#9355);
#9357=ORIENTED_EDGE('',*,*,#9343,.T.);
#9358=ORIENTED_EDGE('',*,*,#8589,.T.);
#9360=ORIENTED_EDGE('',*,*,#9359,.F.);
#9361=ORIENTED_EDGE('',*,*,#8630,.F.);
#9363=ORIENTED_EDGE('',*,*,#9362,.T.);
#9365=ORIENTED_EDGE('',*,*,#9364,.F.);
#9366=EDGE_LOOP('',(#9357,#9358,#9360,#9361,#9363,#9365));
#9367=FACE_OUTER_BOUND('',#9366,.F.);
#9369=ORIENTED_EDGE('',*,*,#9368,.F.);
#9371=ORIENTED_EDGE('',*,*,#9370,.T.);
#9373=ORIENTED_EDGE('',*,*,#9372,.F.);
#9375=ORIENTED_EDGE('',*,*,#9374,.T.);
#9377=ORIENTED_EDGE('',*,*,#9376,.F.);
#9379=ORIENTED_EDGE('',*,*,#9378,.T.);
#9381=ORIENTED_EDGE('',*,*,#9380,.F.);
#9383=ORIENTED_EDGE('',*,*,#9382,.T.);
#9384=EDGE_LOOP('',(#9369,#9371,#9373,#9375,#9377,#9379,#9381,#9383));
#9385=FACE_BOUND('',#9384,.F.);
#9386=ADVANCED_FACE('',(#9367,#9385),#9356,.T.);
#9387=CARTESIAN_POINT('',(0.E0,0.E0,-1.54E1));
#9388=DIRECTION('',(0.E0,0.E0,-1.E0));
#9389=DIRECTION('',(-1.E0,0.E0,0.E0));
#9390=AXIS2_PLACEMENT_3D('',#9387,#9388,#9389);
#9391=PLANE('',#9390);
#9392=ORIENTED_EDGE('',*,*,#8609,.T.);
#9393=ORIENTED_EDGE('',*,*,#8632,.T.);
#9394=ORIENTED_EDGE('',*,*,#9359,.T.);
#9395=ORIENTED_EDGE('',*,*,#8587,.T.);
#9396=EDGE_LOOP('',(#9392,#9393,#9394,#9395));
#9397=FACE_OUTER_BOUND('',#9396,.F.);
#9398=ADVANCED_FACE('',(#9397),#9391,.T.);
#9399=CARTESIAN_POINT('',(1.572621424353E2,-3.929042780400E2,-2.9E1));
#9400=DIRECTION('',(-7.071067812069E-1,7.071067811662E-1,0.E0));
#9401=DIRECTION('',(-2.842170942876E-14,-2.842170943040E-14,-1.E0));
#9402=AXIS2_PLACEMENT_3D('',#9399,#9400,#9401);
#9403=CYLINDRICAL_SURFACE('',#9402,5.E-1);
#9404=ORIENTED_EDGE('',*,*,#9362,.F.);
#9405=ORIENTED_EDGE('',*,*,#8628,.T.);
#9406=ORIENTED_EDGE('',*,*,#8674,.T.);
#9408=ORIENTED_EDGE('',*,*,#9407,.F.);
#9410=ORIENTED_EDGE('',*,*,#9409,.F.);
#9411=EDGE_LOOP('',(#9404,#9405,#9406,#9408,#9410));
#9412=FACE_OUTER_BOUND('',#9411,.F.);
#9413=ADVANCED_FACE('',(#9412),#9403,.T.);
#9414=CARTESIAN_POINT('',(-1.590222131779E2,-4.825697154191E1,-1.57E1));
#9415=DIRECTION('',(7.071067811865E-1,-7.071067811865E-1,0.E0));
#9416=DIRECTION('',(-7.071067811865E-1,-7.071067811865E-1,0.E0));
#9417=AXIS2_PLACEMENT_3D('',#9414,#9415,#9416);
#9418=PLANE('',#9417);
#9419=ORIENTED_EDGE('',*,*,#9347,.T.);
#9421=ORIENTED_EDGE('',*,*,#9420,.F.);
#9422=ORIENTED_EDGE('',*,*,#9407,.T.);
#9423=ORIENTED_EDGE('',*,*,#8672,.T.);
#9424=ORIENTED_EDGE('',*,*,#8743,.F.);
#9425=ORIENTED_EDGE('',*,*,#8780,.F.);
#9426=EDGE_LOOP('',(#9419,#9421,#9422,#9423,#9424,#9425));
#9427=FACE_OUTER_BOUND('',#9426,.F.);
#9429=ORIENTED_EDGE('',*,*,#9428,.T.);
#9431=ORIENTED_EDGE('',*,*,#9430,.T.);
#9433=ORIENTED_EDGE('',*,*,#9432,.T.);
#9435=ORIENTED_EDGE('',*,*,#9434,.T.);
#9437=ORIENTED_EDGE('',*,*,#9436,.T.);
#9439=ORIENTED_EDGE('',*,*,#9438,.T.);
#9441=ORIENTED_EDGE('',*,*,#9440,.T.);
#9443=ORIENTED_EDGE('',*,*,#9442,.T.);
#9444=EDGE_LOOP('',(#9429,#9431,#9433,#9435,#9437,#9439,#9441,#9443));
#9445=FACE_BOUND('',#9444,.F.);
#9446=ADVANCED_FACE('',(#9427,#9445),#9418,.T.);
#9447=CARTESIAN_POINT('',(-2.81E2,-1.62E2,-2.95E1));
#9448=DIRECTION('',(0.E0,0.E0,-1.E0));
#9449=DIRECTION('',(1.E0,0.E0,0.E0));
#9450=AXIS2_PLACEMENT_3D('',#9447,#9448,#9449);
#9451=PLANE('',#9450);
#9452=ORIENTED_EDGE('',*,*,#9345,.T.);
#9453=ORIENTED_EDGE('',*,*,#9364,.T.);
#9454=ORIENTED_EDGE('',*,*,#9409,.T.);
#9455=ORIENTED_EDGE('',*,*,#9420,.T.);
#9456=EDGE_LOOP('',(#9452,#9453,#9454,#9455));
#9457=FACE_OUTER_BOUND('',#9456,.F.);
#9458=ADVANCED_FACE('',(#9457),#9451,.T.);
#9459=CARTESIAN_POINT('',(-1.635428058281E2,-5.512876704714E1,-2.26E1));
#9460=DIRECTION('',(7.071067811852E-1,7.071067811878E-1,0.E0));
#9461=DIRECTION('',(0.E0,0.E0,-1.E0));
#9462=AXIS2_PLACEMENT_3D('',#9459,#9460,#9461);
#9463=PLANE('',#9462);
#9465=ORIENTED_EDGE('',*,*,#9464,.F.);
#9466=ORIENTED_EDGE('',*,*,#9428,.F.);
#9468=ORIENTED_EDGE('',*,*,#9467,.F.);
#9469=ORIENTED_EDGE('',*,*,#9372,.T.);
#9470=EDGE_LOOP('',(#9465,#9466,#9468,#9469));
#9471=FACE_OUTER_BOUND('',#9470,.F.);
#9472=ADVANCED_FACE('',(#9471),#9463,.F.);
#9473=CARTESIAN_POINT('',(-5.699904432284E2,3.499046567893E2,-2.36E1));
#9474=DIRECTION('',(7.071067811878E-1,-7.071067811852E-1,0.E0));
#9475=DIRECTION('',(7.071067811852E-1,7.071067811878E-1,0.E0));
#9476=AXIS2_PLACEMENT_3D('',#9473,#9474,#9475);
#9477=CYLINDRICAL_SURFACE('',#9476,1.E0);
#9478=ORIENTED_EDGE('',*,*,#9464,.T.);
#9479=ORIENTED_EDGE('',*,*,#9370,.F.);
#9481=ORIENTED_EDGE('',*,*,#9480,.T.);
#9482=ORIENTED_EDGE('',*,*,#9430,.F.);
#9483=EDGE_LOOP('',(#9478,#9479,#9481,#9482));
#9484=FACE_OUTER_BOUND('',#9483,.F.);
#9485=ADVANCED_FACE('',(#9484),#9477,.F.);
#9486=CARTESIAN_POINT('',(-1.699067668588E2,-6.149272807783E1,-2.26E1));
#9487=DIRECTION('',(0.E0,0.E0,1.E0));
#9488=DIRECTION('',(7.071067811852E-1,7.071067811878E-1,0.E0));
#9489=AXIS2_PLACEMENT_3D('',#9486,#9487,#9488);
#9490=PLANE('',#9489);
#9492=ORIENTED_EDGE('',*,*,#9491,.F.);
#9493=ORIENTED_EDGE('',*,*,#9432,.F.);
#9494=ORIENTED_EDGE('',*,*,#9480,.F.);
#9495=ORIENTED_EDGE('',*,*,#9368,.T.);
#9496=EDGE_LOOP('',(#9492,#9493,#9494,#9495));
#9497=FACE_OUTER_BOUND('',#9496,.F.);
#9498=ADVANCED_FACE('',(#9497),#9490,.F.);
#9499=CARTESIAN_POINT('',(-5.798899381651E2,3.499046567893E2,-2.36E1));
#9500=DIRECTION('',(7.071067811878E-1,-7.071067811852E-1,0.E0));
#9501=DIRECTION('',(0.E0,0.E0,1.E0));
#9502=AXIS2_PLACEMENT_3D('',#9499,#9500,#9501);
#9503=CYLINDRICAL_SURFACE('',#9502,1.E0);
#9504=ORIENTED_EDGE('',*,*,#9491,.T.);
#9505=ORIENTED_EDGE('',*,*,#9382,.F.);
#9507=ORIENTED_EDGE('',*,*,#9506,.T.);
#9508=ORIENTED_EDGE('',*,*,#9434,.F.);
#9509=EDGE_LOOP('',(#9504,#9505,#9507,#9508));
#9510=FACE_OUTER_BOUND('',#9509,.F.);
#9511=ADVANCED_FACE('',(#9510),#9503,.F.);
#9512=CARTESIAN_POINT('',(-1.699067668588E2,-6.149272807783E1,-2.76E1));
#9513=DIRECTION('',(-7.071067811852E-1,-7.071067811878E-1,0.E0));
#9514=DIRECTION('',(0.E0,0.E0,1.E0));
#9515=AXIS2_PLACEMENT_3D('',#9512,#9513,#9514);
#9516=PLANE('',#9515);
#9517=ORIENTED_EDGE('',*,*,#9506,.F.);
#9518=ORIENTED_EDGE('',*,*,#9380,.T.);
#9520=ORIENTED_EDGE('',*,*,#9519,.F.);
#9521=ORIENTED_EDGE('',*,*,#9436,.F.);
#9522=EDGE_LOOP('',(#9517,#9518,#9520,#9521));
#9523=FACE_OUTER_BOUND('',#9522,.F.);
#9524=ADVANCED_FACE('',(#9523),#9516,.F.);
#9525=CARTESIAN_POINT('',(-5.798899381651E2,3.499046567893E2,-2.66E1));
#9526=DIRECTION('',(7.071067811878E-1,-7.071067811852E-1,0.E0));
#9527=DIRECTION('',(-7.071067811852E-1,-7.071067811878E-1,0.E0));
#9528=AXIS2_PLACEMENT_3D('',#9525,#9526,#9527);
#9529=CYLINDRICAL_SURFACE('',#9528,1.E0);
#9530=ORIENTED_EDGE('',*,*,#9519,.T.);
#9531=ORIENTED_EDGE('',*,*,#9378,.F.);
#9533=ORIENTED_EDGE('',*,*,#9532,.T.);
#9534=ORIENTED_EDGE('',*,*,#9438,.F.);
#9535=EDGE_LOOP('',(#9530,#9531,#9533,#9534));
#9536=FACE_OUTER_BOUND('',#9535,.F.);
#9537=ADVANCED_FACE('',(#9536),#9529,.F.);
#9538=CARTESIAN_POINT('',(-1.635428058281E2,-5.512876704714E1,-2.76E1));
#9539=DIRECTION('',(0.E0,0.E0,-1.E0));
#9540=DIRECTION('',(-7.071067811852E-1,-7.071067811878E-1,0.E0));
#9541=AXIS2_PLACEMENT_3D('',#9538,#9539,#9540);
#9542=PLANE('',#9541);
#9544=ORIENTED_EDGE('',*,*,#9543,.F.);
#9545=ORIENTED_EDGE('',*,*,#9440,.F.);
#9546=ORIENTED_EDGE('',*,*,#9532,.F.);
#9547=ORIENTED_EDGE('',*,*,#9376,.T.);
#9548=EDGE_LOOP('',(#9544,#9545,#9546,#9547));
#9549=FACE_OUTER_BOUND('',#9548,.F.);
#9550=ADVANCED_FACE('',(#9549),#9542,.F.);
#9551=CARTESIAN_POINT('',(-5.699904432284E2,3.499046567893E2,-2.66E1));
#9552=DIRECTION('',(7.071067811878E-1,-7.071067811852E-1,0.E0));
#9553=DIRECTION('',(0.E0,0.E0,-1.E0));
#9554=AXIS2_PLACEMENT_3D('',#9551,#9552,#9553);
#9555=CYLINDRICAL_SURFACE('',#9554,1.E0);
#9556=ORIENTED_EDGE('',*,*,#9543,.T.);
#9557=ORIENTED_EDGE('',*,*,#9374,.F.);
#9558=ORIENTED_EDGE('',*,*,#9467,.T.);
#9559=ORIENTED_EDGE('',*,*,#9442,.F.);
#9560=EDGE_LOOP('',(#9556,#9557,#9558,#9559));
#9561=FACE_OUTER_BOUND('',#9560,.F.);
#9562=ADVANCED_FACE('',(#9561),#9555,.F.);
#9563=CARTESIAN_POINT('',(3.045467923863E2,3.499046567893E2,-2.9E1));
#9564=DIRECTION('',(-7.071067811662E-1,-7.071067812069E-1,0.E0));
#9565=DIRECTION('',(0.E0,0.E0,-1.E0));
#9566=AXIS2_PLACEMENT_3D('',#9563,#9564,#9565);
#9567=CYLINDRICAL_SURFACE('',#9566,5.E-1);
#9569=ORIENTED_EDGE('',*,*,#9568,.F.);
#9570=ORIENTED_EDGE('',*,*,#8335,.T.);
#9571=ORIENTED_EDGE('',*,*,#8137,.T.);
#9573=ORIENTED_EDGE('',*,*,#9572,.F.);
#9575=ORIENTED_EDGE('',*,*,#9574,.F.);
#9576=EDGE_LOOP('',(#9569,#9570,#9571,#9573,#9575));
#9577=FACE_OUTER_BOUND('',#9576,.F.);
#9578=ADVANCED_FACE('',(#9577),#9567,.T.);
#9579=CARTESIAN_POINT('',(-1.599012059049E2,-1.152504483099E2,-1.57E1));
#9580=DIRECTION('',(-7.071067811852E-1,-7.071067811878E-1,0.E0));
#9581=DIRECTION('',(-7.071067811878E-1,7.071067811852E-1,0.E0));
#9582=AXIS2_PLACEMENT_3D('',#9579,#9580,#9581);
#9583=PLANE('',#9582);
#9585=ORIENTED_EDGE('',*,*,#9584,.T.);
#9586=ORIENTED_EDGE('',*,*,#8298,.T.);
#9588=ORIENTED_EDGE('',*,*,#9587,.F.);
#9589=ORIENTED_EDGE('',*,*,#8337,.F.);
#9590=ORIENTED_EDGE('',*,*,#9568,.T.);
#9592=ORIENTED_EDGE('',*,*,#9591,.F.);
#9593=EDGE_LOOP('',(#9585,#9586,#9588,#9589,#9590,#9592));
#9594=FACE_OUTER_BOUND('',#9593,.F.);
#9596=ORIENTED_EDGE('',*,*,#9595,.F.);
#9598=ORIENTED_EDGE('',*,*,#9597,.T.);
#9600=ORIENTED_EDGE('',*,*,#9599,.F.);
#9602=ORIENTED_EDGE('',*,*,#9601,.T.);
#9604=ORIENTED_EDGE('',*,*,#9603,.F.);
#9606=ORIENTED_EDGE('',*,*,#9605,.T.);
#9608=ORIENTED_EDGE('',*,*,#9607,.F.);
#9610=ORIENTED_EDGE('',*,*,#9609,.T.);
#9611=EDGE_LOOP('',(#9596,#9598,#9600,#9602,#9604,#9606,#9608,#9610));
#9612=FACE_BOUND('',#9611,.F.);
#9613=ADVANCED_FACE('',(#9594,#9612),#9583,.T.);
#9614=CARTESIAN_POINT('',(-4.665464136623E2,-3.929042780400E2,-2.9E1));
#9615=DIRECTION('',(7.071067811849E-1,7.071067811882E-1,0.E0));
#9616=DIRECTION('',(0.E0,0.E0,-1.E0));
#9617=AXIS2_PLACEMENT_3D('',#9614,#9615,#9616);
#9618=CYLINDRICAL_SURFACE('',#9617,5.E-1);
#9619=ORIENTED_EDGE('',*,*,#8241,.F.);
#9620=ORIENTED_EDGE('',*,*,#8300,.T.);
#9621=ORIENTED_EDGE('',*,*,#9584,.F.);
#9623=ORIENTED_EDGE('',*,*,#9622,.F.);
#9625=ORIENTED_EDGE('',*,*,#9624,.F.);
#9626=EDGE_LOOP('',(#9619,#9620,#9621,#9623,#9625));
#9627=FACE_OUTER_BOUND('',#9626,.F.);
#9628=ADVANCED_FACE('',(#9627),#9618,.T.);
#9629=CARTESIAN_POINT('',(-5.95E1,-2.215E2,-2.95E1));
#9630=DIRECTION('',(0.E0,0.E0,-1.E0));
#9631=DIRECTION('',(0.E0,1.E0,0.E0));
#9632=AXIS2_PLACEMENT_3D('',#9629,#9630,#9631);
#9633=PLANE('',#9632);
#9634=ORIENTED_EDGE('',*,*,#9622,.T.);
#9635=ORIENTED_EDGE('',*,*,#9591,.T.);
#9636=ORIENTED_EDGE('',*,*,#9574,.T.);
#9638=ORIENTED_EDGE('',*,*,#9637,.T.);
#9639=EDGE_LOOP('',(#9634,#9635,#9636,#9638));
#9640=FACE_OUTER_BOUND('',#9639,.F.);
#9641=ADVANCED_FACE('',(#9640),#9633,.T.);
#9642=CARTESIAN_POINT('',(-1.732430284581E2,-9.952221317793E1,-1.57E1));
#9643=DIRECTION('',(7.071067811865E-1,7.071067811865E-1,0.E0));
#9644=DIRECTION('',(7.071067811865E-1,-7.071067811865E-1,0.E0));
#9645=AXIS2_PLACEMENT_3D('',#9642,#9643,#9644);
#9646=PLANE('',#9645);
#9647=ORIENTED_EDGE('',*,*,#9624,.T.);
#9648=ORIENTED_EDGE('',*,*,#9637,.F.);
#9649=ORIENTED_EDGE('',*,*,#9572,.T.);
#9650=ORIENTED_EDGE('',*,*,#8135,.T.);
#9651=ORIENTED_EDGE('',*,*,#8206,.F.);
#9652=ORIENTED_EDGE('',*,*,#8243,.F.);
#9653=EDGE_LOOP('',(#9647,#9648,#9649,#9650,#9651,#9652));
#9654=FACE_OUTER_BOUND('',#9653,.F.);
#9656=ORIENTED_EDGE('',*,*,#9655,.T.);
#9658=ORIENTED_EDGE('',*,*,#9657,.T.);
#9660=ORIENTED_EDGE('',*,*,#9659,.T.);
#9662=ORIENTED_EDGE('',*,*,#9661,.T.);
#9664=ORIENTED_EDGE('',*,*,#9663,.T.);
#9666=ORIENTED_EDGE('',*,*,#9665,.T.);
#9668=ORIENTED_EDGE('',*,*,#9667,.T.);
#9670=ORIENTED_EDGE('',*,*,#9669,.T.);
#9671=EDGE_LOOP('',(#9656,#9658,#9660,#9662,#9664,#9666,#9668,#9670));
#9672=FACE_BOUND('',#9671,.F.);
#9673=ADVANCED_FACE('',(#9654,#9672),#9646,.T.);
#9674=CARTESIAN_POINT('',(-1.663712329529E2,-1.040428058281E2,-2.26E1));
#9675=DIRECTION('',(-7.071067811878E-1,7.071067811852E-1,0.E0));
#9676=DIRECTION('',(0.E0,0.E0,-1.E0));
#9677=AXIS2_PLACEMENT_3D('',#9674,#9675,#9676);
#9678=PLANE('',#9677);
#9680=ORIENTED_EDGE('',*,*,#9679,.F.);
#9681=ORIENTED_EDGE('',*,*,#9655,.F.);
#9683=ORIENTED_EDGE('',*,*,#9682,.F.);
#9684=ORIENTED_EDGE('',*,*,#9599,.T.);
#9685=EDGE_LOOP('',(#9680,#9681,#9683,#9684));
#9686=FACE_OUTER_BOUND('',#9685,.F.);
#9687=ADVANCED_FACE('',(#9686),#9678,.F.);
#9688=CARTESIAN_POINT('',(-4.538184916013E2,-3.929042780400E2,-2.36E1));
#9689=DIRECTION('',(7.071067811852E-1,7.071067811878E-1,0.E0));
#9690=DIRECTION('',(-7.071067811878E-1,7.071067811852E-1,0.E0));
#9691=AXIS2_PLACEMENT_3D('',#9688,#9689,#9690);
#9692=CYLINDRICAL_SURFACE('',#9691,1.E0);
#9693=ORIENTED_EDGE('',*,*,#9679,.T.);
#9694=ORIENTED_EDGE('',*,*,#9597,.F.);
#9696=ORIENTED_EDGE('',*,*,#9695,.T.);
#9697=ORIENTED_EDGE('',*,*,#9657,.F.);
#9698=EDGE_LOOP('',(#9693,#9694,#9696,#9697));
#9699=FACE_OUTER_BOUND('',#9698,.F.);
#9700=ADVANCED_FACE('',(#9699),#9692,.F.);
#9701=CARTESIAN_POINT('',(-1.600072719222E2,-1.104067668588E2,-2.26E1));
#9702=DIRECTION('',(0.E0,0.E0,1.E0));
#9703=DIRECTION('',(-7.071067811878E-1,7.071067811852E-1,0.E0));
#9704=AXIS2_PLACEMENT_3D('',#9701,#9702,#9703);
#9705=PLANE('',#9704);
#9707=ORIENTED_EDGE('',*,*,#9706,.F.);
#9708=ORIENTED_EDGE('',*,*,#9659,.F.);
#9709=ORIENTED_EDGE('',*,*,#9695,.F.);
#9710=ORIENTED_EDGE('',*,*,#9595,.T.);
#9711=EDGE_LOOP('',(#9707,#9708,#9709,#9710));
#9712=FACE_OUTER_BOUND('',#9711,.F.);
#9713=ADVANCED_FACE('',(#9712),#9705,.F.);
#9714=CARTESIAN_POINT('',(-4.439189966647E2,-3.929042780400E2,-2.36E1));
#9715=DIRECTION('',(7.071067811852E-1,7.071067811878E-1,0.E0));
#9716=DIRECTION('',(0.E0,0.E0,1.E0));
#9717=AXIS2_PLACEMENT_3D('',#9714,#9715,#9716);
#9718=CYLINDRICAL_SURFACE('',#9717,1.E0);
#9719=ORIENTED_EDGE('',*,*,#9706,.T.);
#9720=ORIENTED_EDGE('',*,*,#9609,.F.);
#9722=ORIENTED_EDGE('',*,*,#9721,.T.);
#9723=ORIENTED_EDGE('',*,*,#9661,.F.);
#9724=EDGE_LOOP('',(#9719,#9720,#9722,#9723));
#9725=FACE_OUTER_BOUND('',#9724,.F.);
#9726=ADVANCED_FACE('',(#9725),#9718,.F.);
#9727=CARTESIAN_POINT('',(-1.600072719222E2,-1.104067668588E2,-2.76E1));
#9728=DIRECTION('',(7.071067811878E-1,-7.071067811852E-1,0.E0));
#9729=DIRECTION('',(0.E0,0.E0,1.E0));
#9730=AXIS2_PLACEMENT_3D('',#9727,#9728,#9729);
#9731=PLANE('',#9730);
#9732=ORIENTED_EDGE('',*,*,#9721,.F.);
#9733=ORIENTED_EDGE('',*,*,#9607,.T.);
#9735=ORIENTED_EDGE('',*,*,#9734,.F.);
#9736=ORIENTED_EDGE('',*,*,#9663,.F.);
#9737=EDGE_LOOP('',(#9732,#9733,#9735,#9736));
#9738=FACE_OUTER_BOUND('',#9737,.F.);
#9739=ADVANCED_FACE('',(#9738),#9731,.F.);
#9740=CARTESIAN_POINT('',(-4.439189966647E2,-3.929042780400E2,-2.66E1));
#9741=DIRECTION('',(7.071067811852E-1,7.071067811878E-1,0.E0));
#9742=DIRECTION('',(7.071067811878E-1,-7.071067811852E-1,0.E0));
#9743=AXIS2_PLACEMENT_3D('',#9740,#9741,#9742);
#9744=CYLINDRICAL_SURFACE('',#9743,1.E0);
#9745=ORIENTED_EDGE('',*,*,#9734,.T.);
#9746=ORIENTED_EDGE('',*,*,#9605,.F.);
#9748=ORIENTED_EDGE('',*,*,#9747,.T.);
#9749=ORIENTED_EDGE('',*,*,#9665,.F.);
#9750=EDGE_LOOP('',(#9745,#9746,#9748,#9749));
#9751=FACE_OUTER_BOUND('',#9750,.F.);
#9752=ADVANCED_FACE('',(#9751),#9744,.F.);
#9753=CARTESIAN_POINT('',(-1.663712329529E2,-1.040428058281E2,-2.76E1));
#9754=DIRECTION('',(0.E0,0.E0,-1.E0));
#9755=DIRECTION('',(7.071067811878E-1,-7.071067811852E-1,0.E0));
#9756=AXIS2_PLACEMENT_3D('',#9753,#9754,#9755);
#9757=PLANE('',#9756);
#9759=ORIENTED_EDGE('',*,*,#9758,.F.);
#9760=ORIENTED_EDGE('',*,*,#9667,.F.);
#9761=ORIENTED_EDGE('',*,*,#9747,.F.);
#9762=ORIENTED_EDGE('',*,*,#9603,.T.);
#9763=EDGE_LOOP('',(#9759,#9760,#9761,#9762));
#9764=FACE_OUTER_BOUND('',#9763,.F.);
#9765=ADVANCED_FACE('',(#9764),#9757,.F.);
#9766=CARTESIAN_POINT('',(-4.538184916013E2,-3.929042780400E2,-2.66E1));
#9767=DIRECTION('',(7.071067811852E-1,7.071067811878E-1,0.E0));
#9768=DIRECTION('',(0.E0,0.E0,-1.E0));
#9769=AXIS2_PLACEMENT_3D('',#9766,#9767,#9768);
#9770=CYLINDRICAL_SURFACE('',#9769,1.E0);
#9771=ORIENTED_EDGE('',*,*,#9758,.T.);
#9772=ORIENTED_EDGE('',*,*,#9601,.F.);
#9773=ORIENTED_EDGE('',*,*,#9682,.T.);
#9774=ORIENTED_EDGE('',*,*,#9669,.F.);
#9775=EDGE_LOOP('',(#9771,#9772,#9773,#9774));
#9776=FACE_OUTER_BOUND('',#9775,.F.);
#9777=ADVANCED_FACE('',(#9776),#9770,.F.);
#9778=CARTESIAN_POINT('',(0.E0,0.E0,-1.54E1));
#9779=DIRECTION('',(0.E0,0.E0,-1.E0));
#9780=DIRECTION('',(-1.E0,0.E0,0.E0));
#9781=AXIS2_PLACEMENT_3D('',#9778,#9779,#9780);
#9782=PLANE('',#9781);
#9783=ORIENTED_EDGE('',*,*,#8316,.T.);
#9784=ORIENTED_EDGE('',*,*,#8339,.T.);
#9785=ORIENTED_EDGE('',*,*,#9587,.T.);
#9786=ORIENTED_EDGE('',*,*,#8296,.T.);
#9787=EDGE_LOOP('',(#9783,#9784,#9785,#9786));
#9788=FACE_OUTER_BOUND('',#9787,.F.);
#9789=ADVANCED_FACE('',(#9788),#9782,.T.);
#9790=CARTESIAN_POINT('',(-1.405E2,-8.1E1,-1.8E0));
#9791=DIRECTION('',(0.E0,0.E0,1.E0));
#9792=DIRECTION('',(1.E0,0.E0,0.E0));
#9793=AXIS2_PLACEMENT_3D('',#9790,#9791,#9792);
#9794=CYLINDRICAL_SURFACE('',#9793,4.3E1);
#9796=ORIENTED_EDGE('',*,*,#9795,.F.);
#9798=ORIENTED_EDGE('',*,*,#9797,.T.);
#9799=ORIENTED_EDGE('',*,*,#7702,.F.);
#9801=ORIENTED_EDGE('',*,*,#9800,.T.);
#9802=EDGE_LOOP('',(#9796,#9798,#9799,#9801));
#9803=FACE_OUTER_BOUND('',#9802,.F.);
#9804=ADVANCED_FACE('',(#9803),#9794,.T.);
#9805=CARTESIAN_POINT('',(-1.405E2,-8.1E1,-2.E0));
#9806=DIRECTION('',(0.E0,0.E0,1.E0));
#9807=DIRECTION('',(1.E0,0.E0,0.E0));
#9808=AXIS2_PLACEMENT_3D('',#9805,#9806,#9807);
#9809=PLANE('',#9808);
#9811=ORIENTED_EDGE('',*,*,#9810,.T.);
#9813=ORIENTED_EDGE('',*,*,#9812,.T.);
#9815=ORIENTED_EDGE('',*,*,#9814,.T.);
#9817=ORIENTED_EDGE('',*,*,#9816,.T.);
#9819=ORIENTED_EDGE('',*,*,#9818,.T.);
#9821=ORIENTED_EDGE('',*,*,#9820,.T.);
#9823=ORIENTED_EDGE('',*,*,#9822,.T.);
#9825=ORIENTED_EDGE('',*,*,#9824,.T.);
#9826=ORIENTED_EDGE('',*,*,#9795,.T.);
#9828=ORIENTED_EDGE('',*,*,#9827,.T.);
#9829=EDGE_LOOP('',(#9811,#9813,#9815,#9817,#9819,#9821,#9823,#9825,#9826,
#9828));
#9830=FACE_OUTER_BOUND('',#9829,.F.);
#9832=ORIENTED_EDGE('',*,*,#9831,.T.);
#9834=ORIENTED_EDGE('',*,*,#9833,.T.);
#9836=ORIENTED_EDGE('',*,*,#9835,.T.);
#9838=ORIENTED_EDGE('',*,*,#9837,.T.);
#9840=ORIENTED_EDGE('',*,*,#9839,.T.);
#9842=ORIENTED_EDGE('',*,*,#9841,.T.);
#9844=ORIENTED_EDGE('',*,*,#9843,.T.);
#9846=ORIENTED_EDGE('',*,*,#9845,.T.);
#9848=ORIENTED_EDGE('',*,*,#9847,.T.);
#9850=ORIENTED_EDGE('',*,*,#9849,.T.);
#9852=ORIENTED_EDGE('',*,*,#9851,.T.);
#9854=ORIENTED_EDGE('',*,*,#9853,.T.);
#9856=ORIENTED_EDGE('',*,*,#9855,.T.);
#9858=ORIENTED_EDGE('',*,*,#9857,.T.);
#9860=ORIENTED_EDGE('',*,*,#9859,.T.);
#9862=ORIENTED_EDGE('',*,*,#9861,.T.);
#9864=ORIENTED_EDGE('',*,*,#9863,.T.);
#9866=ORIENTED_EDGE('',*,*,#9865,.T.);
#9867=EDGE_LOOP('',(#9832,#9834,#9836,#9838,#9840,#9842,#9844,#9846,#9848,#9850,
#9852,#9854,#9856,#9858,#9860,#9862,#9864,#9866));
#9868=FACE_BOUND('',#9867,.F.);
#9870=ORIENTED_EDGE('',*,*,#9869,.T.);
#9872=ORIENTED_EDGE('',*,*,#9871,.T.);
#9874=ORIENTED_EDGE('',*,*,#9873,.T.);
#9876=ORIENTED_EDGE('',*,*,#9875,.T.);
#9877=EDGE_LOOP('',(#9870,#9872,#9874,#9876));
#9878=FACE_BOUND('',#9877,.F.);
#9879=ADVANCED_FACE('',(#9830,#9868,#9878),#9809,.T.);
#9880=CARTESIAN_POINT('',(-1.385E2,6.899999999941E1,-1.8E0));
#9881=DIRECTION('',(-1.E0,1.257532898755E-13,0.E0));
#9882=DIRECTION('',(-1.257532898755E-13,-1.E0,0.E0));
#9883=AXIS2_PLACEMENT_3D('',#9880,#9881,#9882);
#9884=PLANE('',#9883);
#9885=ORIENTED_EDGE('',*,*,#7718,.T.);
#9887=ORIENTED_EDGE('',*,*,#9886,.F.);
#9888=ORIENTED_EDGE('',*,*,#9810,.F.);
#9890=ORIENTED_EDGE('',*,*,#9889,.F.);
#9891=EDGE_LOOP('',(#9885,#9887,#9888,#9890));
#9892=FACE_OUTER_BOUND('',#9891,.F.);
#9893=ADVANCED_FACE('',(#9892),#9884,.F.);
#9894=CARTESIAN_POINT('',(-1.282682818957E2,7.899880939107E1,-1.8E0));
#9895=CARTESIAN_POINT('',(-1.283454941861E2,7.899959881662E1,-1.8E0));
#9896=CARTESIAN_POINT('',(-1.291060915821E2,7.900355981745E1,-1.8E0));
#9897=CARTESIAN_POINT('',(-1.305403763625E2,7.893683562747E1,-1.8E0));
#9898=CARTESIAN_POINT('',(-1.322099866472E2,7.864824983258E1,-1.8E0));
#9899=CARTESIAN_POINT('',(-1.335211171848E2,7.822844843846E1,-1.8E0));
#9900=CARTESIAN_POINT('',(-1.344489815320E2,7.781233886198E1,-1.8E0));
#9901=CARTESIAN_POINT('',(-1.353289870730E2,7.726739295095E1,-1.8E0));
#9902=CARTESIAN_POINT('',(-1.361042414541E2,7.660485070289E1,-1.8E0));
#9903=CARTESIAN_POINT('',(-1.367661196157E2,7.583056783560E1,-1.8E0));
#9904=CARTESIAN_POINT('',(-1.374923567743E2,7.465910195488E1,-1.8E0));
#9905=CARTESIAN_POINT('',(-1.380855036287E2,7.305985257924E1,-1.8E0));
#9906=CARTESIAN_POINT('',(-1.384378331464E2,7.103953758207E1,-1.8E0));
#9907=CARTESIAN_POINT('',(-1.385035224334E2,6.960660485901E1,-1.8E0));
#9908=CARTESIAN_POINT('',(-1.384996007662E2,6.884569811171E1,-1.8E0));
#9909=CARTESIAN_POINT('',(-1.384988224496E2,6.876834327177E1,-1.8E0));
#9911=DIRECTION('',(0.E0,0.E0,1.E0));
#9912=VECTOR('',#9911,1.E0);
#9913=SURFACE_OF_LINEAR_EXTRUSION('',#9910,#9912);
#9914=ORIENTED_EDGE('',*,*,#7716,.F.);
#9916=ORIENTED_EDGE('',*,*,#9915,.T.);
#9917=ORIENTED_EDGE('',*,*,#9812,.F.);
#9918=ORIENTED_EDGE('',*,*,#9886,.T.);
#9919=EDGE_LOOP('',(#9914,#9916,#9917,#9918));
#9920=FACE_OUTER_BOUND('',#9919,.F.);
#9921=ADVANCED_FACE('',(#9920),#9913,.F.);
#9922=CARTESIAN_POINT('',(1.284999999995E2,7.900000000007E1,-1.8E0));
#9923=DIRECTION('',(-2.829016744175E-13,1.E0,0.E0));
#9924=DIRECTION('',(-1.E0,-2.829016744175E-13,0.E0));
#9925=AXIS2_PLACEMENT_3D('',#9922,#9923,#9924);
#9926=PLANE('',#9925);
#9927=ORIENTED_EDGE('',*,*,#7714,.T.);
#9929=ORIENTED_EDGE('',*,*,#9928,.F.);
#9930=ORIENTED_EDGE('',*,*,#9814,.F.);
#9931=ORIENTED_EDGE('',*,*,#9915,.F.);
#9932=EDGE_LOOP('',(#9927,#9929,#9930,#9931));
#9933=FACE_OUTER_BOUND('',#9932,.F.);
#9934=ADVANCED_FACE('',(#9933),#9926,.F.);
#9935=CARTESIAN_POINT('',(1.384988093910E2,6.876828189607E1,-1.8E0));
#9936=CARTESIAN_POINT('',(1.384995988165E2,6.884549418648E1,-1.8E0));
#9937=CARTESIAN_POINT('',(1.385035598175E2,6.960609158241E1,-1.8E0));
#9938=CARTESIAN_POINT('',(1.384368356274E2,7.104037636263E1,-1.8E0));
#9939=CARTESIAN_POINT('',(1.381482498326E2,7.270998664722E1,-1.8E0));
#9940=CARTESIAN_POINT('',(1.377284484385E2,7.402111718487E1,-1.8E0));
#9941=CARTESIAN_POINT('',(1.373123388620E2,7.494898153188E1,-1.8E0));
#9942=CARTESIAN_POINT('',(1.367673929510E2,7.582898707305E1,-1.8E0));
#9943=CARTESIAN_POINT('',(1.361048507029E2,7.660424145416E1,-1.8E0));
#9944=CARTESIAN_POINT('',(1.353305678357E2,7.726611961572E1,-1.8E0));
#9945=CARTESIAN_POINT('',(1.341591019549E2,7.799235677433E1,-1.8E0));
#9946=CARTESIAN_POINT('',(1.325598525793E2,7.858550362876E1,-1.8E0));
#9947=CARTESIAN_POINT('',(1.305395375809E2,7.893783314664E1,-1.8E0));
#9948=CARTESIAN_POINT('',(1.291066048563E2,7.900352243367E1,-1.8E0));
#9949=CARTESIAN_POINT('',(1.283456981074E2,7.899960076621E1,-1.8E0));
#9950=CARTESIAN_POINT('',(1.282683432671E2,7.899882244964E1,-1.8E0));
#9952=DIRECTION('',(0.E0,0.E0,1.E0));
#9953=VECTOR('',#9952,1.E0);
#9954=SURFACE_OF_LINEAR_EXTRUSION('',#9951,#9953);
#9955=ORIENTED_EDGE('',*,*,#7712,.F.);
#9957=ORIENTED_EDGE('',*,*,#9956,.T.);
#9958=ORIENTED_EDGE('',*,*,#9816,.F.);
#9959=ORIENTED_EDGE('',*,*,#9928,.T.);
#9960=EDGE_LOOP('',(#9955,#9957,#9958,#9959));
#9961=FACE_OUTER_BOUND('',#9960,.F.);
#9962=ADVANCED_FACE('',(#9961),#9954,.F.);
#9963=CARTESIAN_POINT('',(1.385000000001E2,-6.899999999946E1,-1.8E0));
#9964=DIRECTION('',(1.E0,1.001614250481E-12,0.E0));
#9965=DIRECTION('',(-1.001614250481E-12,1.E0,0.E0));
#9966=AXIS2_PLACEMENT_3D('',#9963,#9964,#9965);
#9967=PLANE('',#9966);
#9968=ORIENTED_EDGE('',*,*,#7710,.T.);
#9970=ORIENTED_EDGE('',*,*,#9969,.F.);
#9971=ORIENTED_EDGE('',*,*,#9818,.F.);
#9972=ORIENTED_EDGE('',*,*,#9956,.F.);
#9973=EDGE_LOOP('',(#9968,#9970,#9971,#9972));
#9974=FACE_OUTER_BOUND('',#9973,.F.);
#9975=ADVANCED_FACE('',(#9974),#9967,.F.);
#9976=CARTESIAN_POINT('',(1.282682819014E2,-7.899880939113E1,-1.8E0));
#9977=CARTESIAN_POINT('',(1.283454941920E2,-7.899959881666E1,-1.8E0));
#9978=CARTESIAN_POINT('',(1.291060915863E2,-7.900355981729E1,-1.8E0));
#9979=CARTESIAN_POINT('',(1.305403763647E2,-7.893683562701E1,-1.8E0));
#9980=CARTESIAN_POINT('',(1.322099866473E2,-7.864824983255E1,-1.8E0));
#9981=CARTESIAN_POINT('',(1.335211171848E2,-7.822844843842E1,-1.8E0));
#9982=CARTESIAN_POINT('',(1.344489815320E2,-7.781233886201E1,-1.8E0));
#9983=CARTESIAN_POINT('',(1.353289870730E2,-7.726739295093E1,-1.8E0));
#9984=CARTESIAN_POINT('',(1.361042414542E2,-7.660485070289E1,-1.8E0));
#9985=CARTESIAN_POINT('',(1.367661196157E2,-7.583056783562E1,-1.8E0));
#9986=CARTESIAN_POINT('',(1.374923567744E2,-7.465910195492E1,-1.8E0));
#9987=CARTESIAN_POINT('',(1.380855036288E2,-7.305985257927E1,-1.8E0));
#9988=CARTESIAN_POINT('',(1.384378331468E2,-7.103953758085E1,-1.8E0));
#9989=CARTESIAN_POINT('',(1.385035224337E2,-6.960660485618E1,-1.8E0));
#9990=CARTESIAN_POINT('',(1.384996007663E2,-6.884569810728E1,-1.8E0));
#9991=CARTESIAN_POINT('',(1.384988224498E2,-6.876834326704E1,-1.8E0));
#9993=DIRECTION('',(0.E0,0.E0,1.E0));
#9994=VECTOR('',#9993,1.E0);
#9995=SURFACE_OF_LINEAR_EXTRUSION('',#9992,#9994);
#9996=ORIENTED_EDGE('',*,*,#7708,.F.);
#9998=ORIENTED_EDGE('',*,*,#9997,.T.);
#9999=ORIENTED_EDGE('',*,*,#9820,.F.);
#10000=ORIENTED_EDGE('',*,*,#9969,.T.);
#10001=EDGE_LOOP('',(#9996,#9998,#9999,#10000));
#10002=FACE_OUTER_BOUND('',#10001,.F.);
#10003=ADVANCED_FACE('',(#10002),#9995,.F.);
#10004=CARTESIAN_POINT('',(-9.754653681017E1,-7.9E1,-1.8E0));
#10005=DIRECTION('',(0.E0,-1.E0,0.E0));
#10006=DIRECTION('',(1.E0,0.E0,0.E0));
#10007=AXIS2_PLACEMENT_3D('',#10004,#10005,#10006);
#10008=PLANE('',#10007);
#10009=ORIENTED_EDGE('',*,*,#9822,.F.);
#10010=ORIENTED_EDGE('',*,*,#9997,.F.);
#10011=ORIENTED_EDGE('',*,*,#7706,.T.);
#10013=ORIENTED_EDGE('',*,*,#10012,.F.);
#10014=EDGE_LOOP('',(#10009,#10010,#10011,#10013));
#10015=FACE_OUTER_BOUND('',#10014,.F.);
#10016=ADVANCED_FACE('',(#10015),#10008,.F.);
#10017=CARTESIAN_POINT('',(-9.678958934075E1,-7.82E1,-1.8E0));
#10018=DIRECTION('',(0.E0,0.E0,1.E0));
#10019=DIRECTION('',(1.E0,0.E0,0.E0));
#10020=AXIS2_PLACEMENT_3D('',#10017,#10018,#10019);
#10021=CYLINDRICAL_SURFACE('',#10020,8.E-1);
#10022=ORIENTED_EDGE('',*,*,#9824,.F.);
#10023=ORIENTED_EDGE('',*,*,#10012,.T.);
#10024=ORIENTED_EDGE('',*,*,#7704,.F.);
#10025=ORIENTED_EDGE('',*,*,#9797,.F.);
#10026=EDGE_LOOP('',(#10022,#10023,#10024,#10025));
#10027=FACE_OUTER_BOUND('',#10026,.F.);
#10028=ADVANCED_FACE('',(#10027),#10021,.F.);
#10029=CARTESIAN_POINT('',(-1.377E2,-3.728958934075E1,-1.8E0));
#10030=DIRECTION('',(0.E0,0.E0,1.E0));
#10031=DIRECTION('',(1.E0,0.E0,0.E0));
#10032=AXIS2_PLACEMENT_3D('',#10029,#10030,#10031);
#10033=CYLINDRICAL_SURFACE('',#10032,8.E-1);
#10034=ORIENTED_EDGE('',*,*,#9827,.F.);
#10035=ORIENTED_EDGE('',*,*,#9800,.F.);
#10036=ORIENTED_EDGE('',*,*,#7720,.F.);
#10037=ORIENTED_EDGE('',*,*,#9889,.T.);
#10038=EDGE_LOOP('',(#10034,#10035,#10036,#10037));
#10039=FACE_OUTER_BOUND('',#10038,.F.);
#10040=ADVANCED_FACE('',(#10039),#10033,.F.);
#10041=CARTESIAN_POINT('',(-1.020550000333E2,1.584999999937E1,
-2.250000000628E0));
#10042=DIRECTION('',(0.E0,-7.071067811865E-1,7.071067811865E-1));
#10043=DIRECTION('',(0.E0,-7.071067811865E-1,-7.071067811865E-1));
#10044=AXIS2_PLACEMENT_3D('',#10041,#10042,#10043);
#10045=PLANE('',#10044);
#10047=ORIENTED_EDGE('',*,*,#10046,.F.);
#10049=ORIENTED_EDGE('',*,*,#10048,.T.);
#10051=ORIENTED_EDGE('',*,*,#10050,.F.);
#10052=ORIENTED_EDGE('',*,*,#9831,.F.);
#10053=EDGE_LOOP('',(#10047,#10049,#10051,#10052));
#10054=FACE_OUTER_BOUND('',#10053,.F.);
#10055=ADVANCED_FACE('',(#10054),#10045,.T.);
#10056=CARTESIAN_POINT('',(-9.711E1,7.331E1,-1.8E0));
#10057=DIRECTION('',(-1.E0,0.E0,0.E0));
#10058=DIRECTION('',(0.E0,-1.E0,0.E0));
#10059=AXIS2_PLACEMENT_3D('',#10056,#10057,#10058);
#10060=PLANE('',#10059);
#10061=ORIENTED_EDGE('',*,*,#10046,.T.);
#10062=ORIENTED_EDGE('',*,*,#9865,.F.);
#10064=ORIENTED_EDGE('',*,*,#10063,.F.);
#10066=ORIENTED_EDGE('',*,*,#10065,.F.);
#10068=ORIENTED_EDGE('',*,*,#10067,.F.);
#10069=EDGE_LOOP('',(#10061,#10062,#10064,#10066,#10068));
#10070=FACE_OUTER_BOUND('',#10069,.F.);
#10071=ADVANCED_FACE('',(#10070),#10060,.F.);
#10072=CARTESIAN_POINT('',(-9.693322330470E1,7.492322330470E1,-2.7E0));
#10073=DIRECTION('',(0.E0,0.E0,1.E0));
#10074=DIRECTION('',(1.E0,0.E0,0.E0));
#10075=AXIS2_PLACEMENT_3D('',#10072,#10073,#10074);
#10076=CYLINDRICAL_SURFACE('',#10075,2.5E-1);
#10078=ORIENTED_EDGE('',*,*,#10077,.F.);
#10079=ORIENTED_EDGE('',*,*,#10063,.T.);
#10080=ORIENTED_EDGE('',*,*,#9863,.F.);
#10081=ORIENTED_EDGE('',*,*,#9861,.F.);
#10083=ORIENTED_EDGE('',*,*,#10082,.T.);
#10084=EDGE_LOOP('',(#10078,#10079,#10080,#10081,#10083));
#10085=FACE_OUTER_BOUND('',#10084,.F.);
#10086=ADVANCED_FACE('',(#10085),#10076,.F.);
#10087=CARTESIAN_POINT('',(0.E0,0.E0,-6.9E0));
#10088=DIRECTION('',(0.E0,0.E0,1.E0));
#10089=DIRECTION('',(1.E0,0.E0,0.E0));
#10090=AXIS2_PLACEMENT_3D('',#10087,#10088,#10089);
#10091=PLANE('',#10090);
#10093=ORIENTED_EDGE('',*,*,#10092,.F.);
#10095=ORIENTED_EDGE('',*,*,#10094,.T.);
#10097=ORIENTED_EDGE('',*,*,#10096,.T.);
#10099=ORIENTED_EDGE('',*,*,#10098,.T.);
#10101=ORIENTED_EDGE('',*,*,#10100,.T.);
#10103=ORIENTED_EDGE('',*,*,#10102,.F.);
#10104=ORIENTED_EDGE('',*,*,#10065,.T.);
#10105=ORIENTED_EDGE('',*,*,#10077,.T.);
#10107=ORIENTED_EDGE('',*,*,#10106,.T.);
#10109=ORIENTED_EDGE('',*,*,#10108,.T.);
#10111=ORIENTED_EDGE('',*,*,#10110,.T.);
#10112=EDGE_LOOP('',(#10093,#10095,#10097,#10099,#10101,#10103,#10104,#10105,
#10107,#10109,#10111));
#10113=FACE_OUTER_BOUND('',#10112,.F.);
#10114=ADVANCED_FACE('',(#10113),#10091,.T.);
#10115=CARTESIAN_POINT('',(1.273000000103E2,-1.03E1,-7.6E0));
#10116=DIRECTION('',(0.E0,-1.E0,0.E0));
#10117=DIRECTION('',(1.E0,0.E0,0.E0));
#10118=AXIS2_PLACEMENT_3D('',#10115,#10116,#10117);
#10119=PLANE('',#10118);
#10121=ORIENTED_EDGE('',*,*,#10120,.F.);
#10123=ORIENTED_EDGE('',*,*,#10122,.F.);
#10124=ORIENTED_EDGE('',*,*,#10092,.T.);
#10126=ORIENTED_EDGE('',*,*,#10125,.T.);
#10127=EDGE_LOOP('',(#10121,#10123,#10124,#10126));
#10128=FACE_OUTER_BOUND('',#10127,.F.);
#10129=ADVANCED_FACE('',(#10128),#10119,.T.);
#10130=CARTESIAN_POINT('',(-1.46E2,-8.245000577960E1,-7.6E0));
#10131=DIRECTION('',(0.E0,0.E0,-1.E0));
#10132=DIRECTION('',(-1.E0,0.E0,0.E0));
#10133=AXIS2_PLACEMENT_3D('',#10130,#10131,#10132);
#10134=PLANE('',#10133);
#10136=ORIENTED_EDGE('',*,*,#10135,.T.);
#10137=ORIENTED_EDGE('',*,*,#10120,.T.);
#10139=ORIENTED_EDGE('',*,*,#10138,.T.);
#10141=ORIENTED_EDGE('',*,*,#10140,.T.);
#10143=ORIENTED_EDGE('',*,*,#10142,.T.);
#10145=ORIENTED_EDGE('',*,*,#10144,.T.);
#10147=ORIENTED_EDGE('',*,*,#10146,.T.);
#10149=ORIENTED_EDGE('',*,*,#10148,.T.);
#10151=ORIENTED_EDGE('',*,*,#10150,.T.);
#10152=EDGE_LOOP('',(#10136,#10137,#10139,#10141,#10143,#10145,#10147,#10149,
#10151));
#10153=FACE_OUTER_BOUND('',#10152,.F.);
#10155=ORIENTED_EDGE('',*,*,#10154,.F.);
#10157=ORIENTED_EDGE('',*,*,#10156,.F.);
#10159=ORIENTED_EDGE('',*,*,#10158,.F.);
#10161=ORIENTED_EDGE('',*,*,#10160,.F.);
#10163=ORIENTED_EDGE('',*,*,#10162,.F.);
#10165=ORIENTED_EDGE('',*,*,#10164,.F.);
#10167=ORIENTED_EDGE('',*,*,#10166,.F.);
#10169=ORIENTED_EDGE('',*,*,#10168,.F.);
#10170=EDGE_LOOP('',(#10155,#10157,#10159,#10161,#10163,#10165,#10167,#10169));
#10171=FACE_BOUND('',#10170,.F.);
#10173=ORIENTED_EDGE('',*,*,#10172,.F.);
#10175=ORIENTED_EDGE('',*,*,#10174,.F.);
#10177=ORIENTED_EDGE('',*,*,#10176,.F.);
#10179=ORIENTED_EDGE('',*,*,#10178,.F.);
#10181=ORIENTED_EDGE('',*,*,#10180,.F.);
#10183=ORIENTED_EDGE('',*,*,#10182,.F.);
#10185=ORIENTED_EDGE('',*,*,#10184,.F.);
#10187=ORIENTED_EDGE('',*,*,#10186,.F.);
#10188=EDGE_LOOP('',(#10173,#10175,#10177,#10179,#10181,#10183,#10185,#10187));
#10189=FACE_BOUND('',#10188,.F.);
#10190=ADVANCED_FACE('',(#10153,#10171,#10189),#10134,.F.);
#10191=CARTESIAN_POINT('',(-9.611E1,1.26E1,-6.9E0));
#10192=DIRECTION('',(-1.E0,0.E0,0.E0));
#10193=DIRECTION('',(0.E0,-1.E0,0.E0));
#10194=AXIS2_PLACEMENT_3D('',#10191,#10192,#10193);
#10195=PLANE('',#10194);
#10196=ORIENTED_EDGE('',*,*,#10122,.T.);
#10197=ORIENTED_EDGE('',*,*,#10135,.F.);
#10199=ORIENTED_EDGE('',*,*,#10198,.F.);
#10200=ORIENTED_EDGE('',*,*,#6360,.T.);
#10202=ORIENTED_EDGE('',*,*,#10201,.T.);
#10204=ORIENTED_EDGE('',*,*,#10203,.T.);
#10205=ORIENTED_EDGE('',*,*,#10094,.F.);
#10206=EDGE_LOOP('',(#10196,#10197,#10199,#10200,#10202,#10204,#10205));
#10207=FACE_OUTER_BOUND('',#10206,.F.);
#10208=ADVANCED_FACE('',(#10207),#10195,.T.);
#10209=CARTESIAN_POINT('',(-9.661E1,-4.59E1,3.952281151826E1));
#10210=DIRECTION('',(0.E0,0.E0,-1.E0));
#10211=DIRECTION('',(1.E0,0.E0,0.E0));
#10212=AXIS2_PLACEMENT_3D('',#10209,#10210,#10211);
#10213=CYLINDRICAL_SURFACE('',#10212,5.E-1);
#10214=ORIENTED_EDGE('',*,*,#10198,.T.);
#10215=ORIENTED_EDGE('',*,*,#10150,.F.);
#10217=ORIENTED_EDGE('',*,*,#10216,.T.);
#10218=ORIENTED_EDGE('',*,*,#6362,.F.);
#10219=EDGE_LOOP('',(#10214,#10215,#10217,#10218));
#10220=FACE_OUTER_BOUND('',#10219,.F.);
#10221=ADVANCED_FACE('',(#10220),#10213,.F.);
#10222=CARTESIAN_POINT('',(-1.092999999897E2,-4.64E1,-9.E0));
#10223=DIRECTION('',(0.E0,1.E0,0.E0));
#10224=DIRECTION('',(1.E0,0.E0,0.E0));
#10225=AXIS2_PLACEMENT_3D('',#10222,#10223,#10224);
#10226=PLANE('',#10225);
#10227=ORIENTED_EDGE('',*,*,#10216,.F.);
#10228=ORIENTED_EDGE('',*,*,#10148,.F.);
#10230=ORIENTED_EDGE('',*,*,#10229,.T.);
#10232=ORIENTED_EDGE('',*,*,#10231,.F.);
#10234=ORIENTED_EDGE('',*,*,#10233,.F.);
#10235=ORIENTED_EDGE('',*,*,#6364,.F.);
#10236=EDGE_LOOP('',(#10227,#10228,#10230,#10232,#10234,#10235));
#10237=FACE_OUTER_BOUND('',#10236,.F.);
#10238=ADVANCED_FACE('',(#10237),#10226,.T.);
#10239=CARTESIAN_POINT('',(-9.711E1,7.331E1,-1.8E0));
#10240=DIRECTION('',(-1.E0,0.E0,0.E0));
#10241=DIRECTION('',(0.E0,-1.E0,0.E0));
#10242=AXIS2_PLACEMENT_3D('',#10239,#10240,#10241);
#10243=PLANE('',#10242);
#10245=ORIENTED_EDGE('',*,*,#10244,.T.);
#10246=ORIENTED_EDGE('',*,*,#10229,.F.);
#10247=ORIENTED_EDGE('',*,*,#10146,.F.);
#10249=ORIENTED_EDGE('',*,*,#10248,.F.);
#10250=ORIENTED_EDGE('',*,*,#9841,.F.);
#10251=EDGE_LOOP('',(#10245,#10246,#10247,#10249,#10250));
#10252=FACE_OUTER_BOUND('',#10251,.F.);
#10253=ADVANCED_FACE('',(#10252),#10243,.F.);
#10254=CARTESIAN_POINT('',(-1.029549999949E2,-4.664999999959E1,
-2.250000000410E0));
#10255=DIRECTION('',(0.E0,7.071067811865E-1,7.071067811865E-1));
#10256=DIRECTION('',(0.E0,7.071067811865E-1,-7.071067811865E-1));
#10257=AXIS2_PLACEMENT_3D('',#10254,#10255,#10256);
#10258=PLANE('',#10257);
#10259=ORIENTED_EDGE('',*,*,#10244,.F.);
#10260=ORIENTED_EDGE('',*,*,#9839,.F.);
#10262=ORIENTED_EDGE('',*,*,#10261,.F.);
#10263=ORIENTED_EDGE('',*,*,#10231,.T.);
#10264=EDGE_LOOP('',(#10259,#10260,#10262,#10263));
#10265=FACE_OUTER_BOUND('',#10264,.F.);
#10266=ADVANCED_FACE('',(#10265),#10258,.T.);
#10267=CARTESIAN_POINT('',(-1.087999999897E2,-4.59E1,-2.25E0));
#10268=DIRECTION('',(0.E0,0.E0,1.E0));
#10269=DIRECTION('',(0.E0,-1.E0,0.E0));
#10270=AXIS2_PLACEMENT_3D('',#10267,#10268,#10269);
#10271=CONICAL_SURFACE('',#10270,7.500000000001E-1,4.5E1);
#10272=ORIENTED_EDGE('',*,*,#9837,.F.);
#10274=ORIENTED_EDGE('',*,*,#10273,.T.);
#10276=ORIENTED_EDGE('',*,*,#10275,.T.);
#10277=ORIENTED_EDGE('',*,*,#10261,.T.);
#10278=EDGE_LOOP('',(#10272,#10274,#10276,#10277));
#10279=FACE_OUTER_BOUND('',#10278,.F.);
#10280=ADVANCED_FACE('',(#10279),#10271,.F.);
#10281=CARTESIAN_POINT('',(-1.095499999897E2,-1.63E1,-2.25E0));
#10282=DIRECTION('',(7.071067811865E-1,0.E0,7.071067811865E-1));
#10283=DIRECTION('',(7.071067811865E-1,0.E0,-7.071067811865E-1));
#10284=AXIS2_PLACEMENT_3D('',#10281,#10282,#10283);
#10285=PLANE('',#10284);
#10286=ORIENTED_EDGE('',*,*,#9835,.F.);
#10288=ORIENTED_EDGE('',*,*,#10287,.F.);
#10290=ORIENTED_EDGE('',*,*,#10289,.T.);
#10291=ORIENTED_EDGE('',*,*,#10273,.F.);
#10292=EDGE_LOOP('',(#10286,#10288,#10290,#10291));
#10293=FACE_OUTER_BOUND('',#10292,.F.);
#10294=ADVANCED_FACE('',(#10293),#10285,.T.);
#10295=CARTESIAN_POINT('',(-1.069999999897E2,1.33E1,-2.250000000001E0));
#10296=DIRECTION('',(0.E0,0.E0,1.E0));
#10297=DIRECTION('',(0.E0,-1.E0,0.E0));
#10298=AXIS2_PLACEMENT_3D('',#10295,#10296,#10297);
#10299=CONICAL_SURFACE('',#10298,2.55E0,4.499999999999E1);
#10300=ORIENTED_EDGE('',*,*,#9833,.F.);
#10301=ORIENTED_EDGE('',*,*,#10050,.T.);
#10303=ORIENTED_EDGE('',*,*,#10302,.T.);
#10304=ORIENTED_EDGE('',*,*,#10287,.T.);
#10305=EDGE_LOOP('',(#10300,#10301,#10303,#10304));
#10306=FACE_OUTER_BOUND('',#10305,.F.);
#10307=ADVANCED_FACE('',(#10306),#10299,.F.);
#10308=CARTESIAN_POINT('',(-1.069999999897E2,1.33E1,-7.6E0));
#10309=DIRECTION('',(0.E0,0.E0,1.E0));
#10310=DIRECTION('',(1.E0,0.E0,0.E0));
#10311=AXIS2_PLACEMENT_3D('',#10308,#10309,#10310);
#10312=CYLINDRICAL_SURFACE('',#10311,2.3E0);
#10313=ORIENTED_EDGE('',*,*,#10302,.F.);
#10315=ORIENTED_EDGE('',*,*,#10314,.T.);
#10316=ORIENTED_EDGE('',*,*,#6386,.F.);
#10318=ORIENTED_EDGE('',*,*,#10317,.T.);
#10319=EDGE_LOOP('',(#10313,#10315,#10316,#10318));
#10320=FACE_OUTER_BOUND('',#10319,.F.);
#10321=ADVANCED_FACE('',(#10320),#10312,.F.);
#10322=CARTESIAN_POINT('',(-7.249999998973E1,1.56E1,-7.6E0));
#10323=DIRECTION('',(0.E0,1.E0,0.E0));
#10324=DIRECTION('',(-1.E0,0.E0,0.E0));
#10325=AXIS2_PLACEMENT_3D('',#10322,#10323,#10324);
#10326=PLANE('',#10325);
#10328=ORIENTED_EDGE('',*,*,#10327,.F.);
#10329=ORIENTED_EDGE('',*,*,#6388,.F.);
#10330=ORIENTED_EDGE('',*,*,#10314,.F.);
#10331=ORIENTED_EDGE('',*,*,#10048,.F.);
#10332=ORIENTED_EDGE('',*,*,#10067,.T.);
#10333=ORIENTED_EDGE('',*,*,#10102,.T.);
#10334=EDGE_LOOP('',(#10328,#10329,#10330,#10331,#10332,#10333));
#10335=FACE_OUTER_BOUND('',#10334,.F.);
#10336=ADVANCED_FACE('',(#10335),#10326,.F.);
#10337=CARTESIAN_POINT('',(-1.037999999897E2,1.51E1,3.952281151826E1));
#10338=DIRECTION('',(0.E0,0.E0,-1.E0));
#10339=DIRECTION('',(2.842170943040E-14,1.E0,0.E0));
#10340=AXIS2_PLACEMENT_3D('',#10337,#10338,#10339);
#10341=CYLINDRICAL_SURFACE('',#10340,5.E-1);
#10342=ORIENTED_EDGE('',*,*,#6346,.F.);
#10343=ORIENTED_EDGE('',*,*,#10327,.T.);
#10344=ORIENTED_EDGE('',*,*,#10100,.F.);
#10346=ORIENTED_EDGE('',*,*,#10345,.T.);
#10347=EDGE_LOOP('',(#10342,#10343,#10344,#10346));
#10348=FACE_OUTER_BOUND('',#10347,.F.);
#10349=ADVANCED_FACE('',(#10348),#10341,.F.);
#10350=CARTESIAN_POINT('',(-1.032999999897E2,1.56E1,-6.9E0));
#10351=DIRECTION('',(-1.E0,0.E0,0.E0));
#10352=DIRECTION('',(0.E0,-1.E0,0.E0));
#10353=AXIS2_PLACEMENT_3D('',#10350,#10351,#10352);
#10354=PLANE('',#10353);
#10356=ORIENTED_EDGE('',*,*,#10355,.T.);
#10357=ORIENTED_EDGE('',*,*,#6348,.T.);
#10358=ORIENTED_EDGE('',*,*,#10345,.F.);
#10359=ORIENTED_EDGE('',*,*,#10098,.F.);
#10361=ORIENTED_EDGE('',*,*,#10360,.T.);
#10363=ORIENTED_EDGE('',*,*,#10362,.F.);
#10365=ORIENTED_EDGE('',*,*,#10364,.T.);
#10366=EDGE_LOOP('',(#10356,#10357,#10358,#10359,#10361,#10363,#10365));
#10367=FACE_OUTER_BOUND('',#10366,.F.);
#10368=ADVANCED_FACE('',(#10367),#10354,.T.);
#10369=CARTESIAN_POINT('',(-1.027999999897E2,1.5E1,-1.22E1));
#10370=DIRECTION('',(-7.071067811865E-1,7.071067811865E-1,0.E0));
#10371=DIRECTION('',(-7.071067811865E-1,-7.071067811865E-1,0.E0));
#10372=AXIS2_PLACEMENT_3D('',#10369,#10370,#10371);
#10373=PLANE('',#10372);
#10374=ORIENTED_EDGE('',*,*,#10355,.F.);
#10376=ORIENTED_EDGE('',*,*,#10375,.F.);
#10378=ORIENTED_EDGE('',*,*,#10377,.T.);
#10379=ORIENTED_EDGE('',*,*,#6350,.T.);
#10380=EDGE_LOOP('',(#10374,#10376,#10378,#10379));
#10381=FACE_OUTER_BOUND('',#10380,.F.);
#10382=ADVANCED_FACE('',(#10381),#10373,.T.);
#10383=CARTESIAN_POINT('',(-1.002999999897E2,1.500000000425E1,-1.54E1));
#10384=DIRECTION('',(0.E0,-1.E0,0.E0));
#10385=DIRECTION('',(0.E0,0.E0,-1.E0));
#10386=AXIS2_PLACEMENT_3D('',#10383,#10384,#10385);
#10387=CONICAL_SURFACE('',#10386,2.499999995749E0,4.5E1);
#10389=ORIENTED_EDGE('',*,*,#10388,.T.);
#10390=ORIENTED_EDGE('',*,*,#10375,.T.);
#10392=ORIENTED_EDGE('',*,*,#10391,.F.);
#10394=ORIENTED_EDGE('',*,*,#10393,.F.);
#10395=EDGE_LOOP('',(#10389,#10390,#10392,#10394));
#10396=FACE_OUTER_BOUND('',#10395,.F.);
#10397=ADVANCED_FACE('',(#10396),#10387,.T.);
#10398=CARTESIAN_POINT('',(-7.329999998973E1,1.55E1,-6.9E0));
#10399=DIRECTION('',(0.E0,1.E0,0.E0));
#10400=DIRECTION('',(-1.E0,0.E0,0.E0));
#10401=AXIS2_PLACEMENT_3D('',#10398,#10399,#10400);
#10402=PLANE('',#10401);
#10403=ORIENTED_EDGE('',*,*,#10377,.F.);
#10404=ORIENTED_EDGE('',*,*,#10388,.F.);
#10406=ORIENTED_EDGE('',*,*,#10405,.F.);
#10408=ORIENTED_EDGE('',*,*,#10407,.F.);
#10410=ORIENTED_EDGE('',*,*,#10409,.F.);
#10411=ORIENTED_EDGE('',*,*,#6352,.T.);
#10412=EDGE_LOOP('',(#10403,#10404,#10406,#10408,#10410,#10411));
#10413=FACE_OUTER_BOUND('',#10412,.F.);
#10415=ORIENTED_EDGE('',*,*,#10414,.T.);
#10417=ORIENTED_EDGE('',*,*,#10416,.T.);
#10418=EDGE_LOOP('',(#10415,#10417));
#10419=FACE_BOUND('',#10418,.F.);
#10420=ADVANCED_FACE('',(#10413,#10419),#10402,.T.);
#10421=CARTESIAN_POINT('',(-9.129999998973E1,1.05E1,-1.44E1));
#10422=DIRECTION('',(0.E0,1.E0,0.E0));
#10423=DIRECTION('',(1.E0,0.E0,0.E0));
#10424=AXIS2_PLACEMENT_3D('',#10421,#10422,#10423);
#10425=CYLINDRICAL_SURFACE('',#10424,1.5E0);
#10426=ORIENTED_EDGE('',*,*,#10414,.F.);
#10428=ORIENTED_EDGE('',*,*,#10427,.F.);
#10430=ORIENTED_EDGE('',*,*,#10429,.T.);
#10432=ORIENTED_EDGE('',*,*,#10431,.T.);
#10433=EDGE_LOOP('',(#10426,#10428,#10430,#10432));
#10434=FACE_OUTER_BOUND('',#10433,.F.);
#10435=ADVANCED_FACE('',(#10434),#10425,.F.);
#10436=CARTESIAN_POINT('',(-9.129999998973E1,1.05E1,-1.44E1));
#10437=DIRECTION('',(0.E0,1.E0,0.E0));
#10438=DIRECTION('',(1.E0,0.E0,0.E0));
#10439=AXIS2_PLACEMENT_3D('',#10436,#10437,#10438);
#10440=CYLINDRICAL_SURFACE('',#10439,1.5E0);
#10441=ORIENTED_EDGE('',*,*,#10416,.F.);
#10442=ORIENTED_EDGE('',*,*,#10431,.F.);
#10444=ORIENTED_EDGE('',*,*,#10443,.T.);
#10445=ORIENTED_EDGE('',*,*,#10427,.T.);
#10446=EDGE_LOOP('',(#10441,#10442,#10444,#10445));
#10447=FACE_OUTER_BOUND('',#10446,.F.);
#10448=ADVANCED_FACE('',(#10447),#10440,.F.);
#10449=CARTESIAN_POINT('',(-1.032999999897E2,1.26E1,-6.9E0));
#10450=DIRECTION('',(0.E0,-1.E0,0.E0));
#10451=DIRECTION('',(1.E0,0.E0,0.E0));
#10452=AXIS2_PLACEMENT_3D('',#10449,#10450,#10451);
#10453=PLANE('',#10452);
#10455=ORIENTED_EDGE('',*,*,#10454,.F.);
#10457=ORIENTED_EDGE('',*,*,#10456,.T.);
#10459=ORIENTED_EDGE('',*,*,#10458,.T.);
#10460=ORIENTED_EDGE('',*,*,#10362,.T.);
#10462=ORIENTED_EDGE('',*,*,#10461,.F.);
#10463=ORIENTED_EDGE('',*,*,#10201,.F.);
#10464=ORIENTED_EDGE('',*,*,#6358,.F.);
#10466=ORIENTED_EDGE('',*,*,#10465,.F.);
#10467=EDGE_LOOP('',(#10455,#10457,#10459,#10460,#10462,#10463,#10464,#10466));
#10468=FACE_OUTER_BOUND('',#10467,.F.);
#10469=ORIENTED_EDGE('',*,*,#10429,.F.);
#10470=ORIENTED_EDGE('',*,*,#10443,.F.);
#10471=EDGE_LOOP('',(#10469,#10470));
#10472=FACE_BOUND('',#10471,.F.);
#10473=ADVANCED_FACE('',(#10468,#10472),#10453,.T.);
#10474=CARTESIAN_POINT('',(-8.129999998973E1,3.499077098866E2,-1.54E1));
#10475=DIRECTION('',(0.E0,-1.E0,0.E0));
#10476=DIRECTION('',(0.E0,0.E0,-1.E0));
#10477=AXIS2_PLACEMENT_3D('',#10474,#10475,#10476);
#10478=CYLINDRICAL_SURFACE('',#10477,3.E0);
#10480=ORIENTED_EDGE('',*,*,#10479,.T.);
#10482=ORIENTED_EDGE('',*,*,#10481,.T.);
#10483=ORIENTED_EDGE('',*,*,#10454,.T.);
#10485=ORIENTED_EDGE('',*,*,#10484,.F.);
#10486=EDGE_LOOP('',(#10480,#10482,#10483,#10485));
#10487=FACE_OUTER_BOUND('',#10486,.F.);
#10488=ADVANCED_FACE('',(#10487),#10478,.T.);
#10489=CARTESIAN_POINT('',(-8.129999998973E1,1.500000000425E1,-1.54E1));
#10490=DIRECTION('',(0.E0,-1.E0,0.E0));
#10491=DIRECTION('',(0.E0,0.E0,-1.E0));
#10492=AXIS2_PLACEMENT_3D('',#10489,#10490,#10491);
#10493=CONICAL_SURFACE('',#10492,2.499999995749E0,4.5E1);
#10494=ORIENTED_EDGE('',*,*,#10407,.T.);
#10496=ORIENTED_EDGE('',*,*,#10495,.T.);
#10497=ORIENTED_EDGE('',*,*,#10479,.F.);
#10499=ORIENTED_EDGE('',*,*,#10498,.F.);
#10500=EDGE_LOOP('',(#10494,#10496,#10497,#10499));
#10501=FACE_OUTER_BOUND('',#10500,.F.);
#10502=ADVANCED_FACE('',(#10501),#10493,.T.);
#10503=CARTESIAN_POINT('',(-9.079999998972E1,1.5E1,-1.79E1));
#10504=DIRECTION('',(0.E0,7.071067811865E-1,-7.071067811865E-1));
#10505=DIRECTION('',(0.E0,-7.071067811865E-1,-7.071067811865E-1));
#10506=AXIS2_PLACEMENT_3D('',#10503,#10504,#10505);
#10507=PLANE('',#10506);
#10508=ORIENTED_EDGE('',*,*,#10405,.T.);
#10509=ORIENTED_EDGE('',*,*,#10393,.T.);
#10511=ORIENTED_EDGE('',*,*,#10510,.F.);
#10512=ORIENTED_EDGE('',*,*,#10495,.F.);
#10513=EDGE_LOOP('',(#10508,#10509,#10511,#10512));
#10514=FACE_OUTER_BOUND('',#10513,.F.);
#10515=ADVANCED_FACE('',(#10514),#10507,.T.);
#10516=CARTESIAN_POINT('',(0.E0,0.E0,-1.84E1));
#10517=DIRECTION('',(0.E0,0.E0,1.E0));
#10518=DIRECTION('',(1.E0,0.E0,0.E0));
#10519=AXIS2_PLACEMENT_3D('',#10516,#10517,#10518);
#10520=PLANE('',#10519);
#10521=ORIENTED_EDGE('',*,*,#10510,.T.);
#10523=ORIENTED_EDGE('',*,*,#10522,.T.);
#10524=ORIENTED_EDGE('',*,*,#10456,.F.);
#10525=ORIENTED_EDGE('',*,*,#10481,.F.);
#10526=EDGE_LOOP('',(#10521,#10523,#10524,#10525));
#10527=FACE_OUTER_BOUND('',#10526,.F.);
#10528=ADVANCED_FACE('',(#10527),#10520,.F.);
#10529=CARTESIAN_POINT('',(-1.002999999897E2,-3.929073311373E2,-1.54E1));
#10530=DIRECTION('',(0.E0,1.E0,0.E0));
#10531=DIRECTION('',(0.E0,0.E0,-1.E0));
#10532=AXIS2_PLACEMENT_3D('',#10529,#10530,#10531);
#10533=CYLINDRICAL_SURFACE('',#10532,3.E0);
#10534=ORIENTED_EDGE('',*,*,#10391,.T.);
#10535=ORIENTED_EDGE('',*,*,#10364,.F.);
#10536=ORIENTED_EDGE('',*,*,#10458,.F.);
#10537=ORIENTED_EDGE('',*,*,#10522,.F.);
#10538=EDGE_LOOP('',(#10534,#10535,#10536,#10537));
#10539=FACE_OUTER_BOUND('',#10538,.F.);
#10540=ADVANCED_FACE('',(#10539),#10533,.T.);
#10541=CARTESIAN_POINT('',(-7.879999998973E1,1.5E1,-1.22E1));
#10542=DIRECTION('',(7.071067811865E-1,7.071067811865E-1,0.E0));
#10543=DIRECTION('',(7.071067811865E-1,-7.071067811865E-1,0.E0));
#10544=AXIS2_PLACEMENT_3D('',#10541,#10542,#10543);
#10545=PLANE('',#10544);
#10546=ORIENTED_EDGE('',*,*,#10409,.T.);
#10547=ORIENTED_EDGE('',*,*,#10498,.T.);
#10549=ORIENTED_EDGE('',*,*,#10548,.F.);
#10550=ORIENTED_EDGE('',*,*,#6354,.T.);
#10551=EDGE_LOOP('',(#10546,#10547,#10549,#10550));
#10552=FACE_OUTER_BOUND('',#10551,.F.);
#10553=ADVANCED_FACE('',(#10552),#10545,.T.);
#10554=CARTESIAN_POINT('',(-7.829999998973E1,1.26E1,-1.84E1));
#10555=DIRECTION('',(-1.E0,0.E0,0.E0));
#10556=DIRECTION('',(0.E0,1.E0,0.E0));
#10557=AXIS2_PLACEMENT_3D('',#10554,#10555,#10556);
#10558=PLANE('',#10557);
#10559=ORIENTED_EDGE('',*,*,#10548,.T.);
#10560=ORIENTED_EDGE('',*,*,#10484,.T.);
#10561=ORIENTED_EDGE('',*,*,#10465,.T.);
#10562=ORIENTED_EDGE('',*,*,#6356,.T.);
#10563=EDGE_LOOP('',(#10559,#10560,#10561,#10562));
#10564=FACE_OUTER_BOUND('',#10563,.F.);
#10565=ADVANCED_FACE('',(#10564),#10558,.F.);
#10566=CARTESIAN_POINT('',(-9.970499999487E1,1.335E1,-7.65E0));
#10567=DIRECTION('',(0.E0,-7.071067811865E-1,7.071067811865E-1));
#10568=DIRECTION('',(0.E0,-7.071067811865E-1,-7.071067811865E-1));
#10569=AXIS2_PLACEMENT_3D('',#10566,#10567,#10568);
#10570=PLANE('',#10569);
#10571=ORIENTED_EDGE('',*,*,#10461,.T.);
#10572=ORIENTED_EDGE('',*,*,#10360,.F.);
#10573=ORIENTED_EDGE('',*,*,#10096,.F.);
#10574=ORIENTED_EDGE('',*,*,#10203,.F.);
#10575=EDGE_LOOP('',(#10571,#10572,#10573,#10574));
#10576=FACE_OUTER_BOUND('',#10575,.F.);
#10577=ADVANCED_FACE('',(#10576),#10570,.T.);
#10578=CARTESIAN_POINT('',(-1.092999999897E2,1.33E1,-7.6E0));
#10579=DIRECTION('',(-1.E0,0.E0,0.E0));
#10580=DIRECTION('',(0.E0,-1.E0,0.E0));
#10581=AXIS2_PLACEMENT_3D('',#10578,#10579,#10580);
#10582=PLANE('',#10581);
#10584=ORIENTED_EDGE('',*,*,#10583,.F.);
#10585=ORIENTED_EDGE('',*,*,#6368,.F.);
#10587=ORIENTED_EDGE('',*,*,#10586,.F.);
#10588=ORIENTED_EDGE('',*,*,#10289,.F.);
#10589=ORIENTED_EDGE('',*,*,#10317,.F.);
#10590=ORIENTED_EDGE('',*,*,#6384,.F.);
#10592=ORIENTED_EDGE('',*,*,#10591,.F.);
#10594=ORIENTED_EDGE('',*,*,#10593,.T.);
#10595=EDGE_LOOP('',(#10584,#10585,#10587,#10588,#10589,#10590,#10592,#10594));
#10596=FACE_OUTER_BOUND('',#10595,.F.);
#10597=ADVANCED_FACE('',(#10596),#10582,.F.);
#10598=CARTESIAN_POINT('',(-1.087999999897E2,-4.39E1,3.952281151826E1));
#10599=DIRECTION('',(0.E0,0.E0,-1.E0));
#10600=DIRECTION('',(-1.E0,0.E0,0.E0));
#10601=AXIS2_PLACEMENT_3D('',#10598,#10599,#10600);
#10602=CYLINDRICAL_SURFACE('',#10601,5.E-1);
#10603=ORIENTED_EDGE('',*,*,#10583,.T.);
#10605=ORIENTED_EDGE('',*,*,#10604,.F.);
#10607=ORIENTED_EDGE('',*,*,#10606,.T.);
#10608=ORIENTED_EDGE('',*,*,#6370,.F.);
#10609=EDGE_LOOP('',(#10603,#10605,#10607,#10608));
#10610=FACE_OUTER_BOUND('',#10609,.F.);
#10611=ADVANCED_FACE('',(#10610),#10602,.F.);
#10612=CARTESIAN_POINT('',(-1.46E2,-8.245000577960E1,-7.6E0));
#10613=DIRECTION('',(0.E0,0.E0,-1.E0));
#10614=DIRECTION('',(-1.E0,0.E0,0.E0));
#10615=AXIS2_PLACEMENT_3D('',#10612,#10613,#10614);
#10616=PLANE('',#10615);
#10618=ORIENTED_EDGE('',*,*,#10617,.T.);
#10620=ORIENTED_EDGE('',*,*,#10619,.T.);
#10621=ORIENTED_EDGE('',*,*,#10604,.T.);
#10622=ORIENTED_EDGE('',*,*,#10593,.F.);
#10624=ORIENTED_EDGE('',*,*,#10623,.T.);
#10626=ORIENTED_EDGE('',*,*,#10625,.T.);
#10627=EDGE_LOOP('',(#10618,#10620,#10621,#10622,#10624,#10626));
#10628=FACE_OUTER_BOUND('',#10627,.F.);
#10629=ADVANCED_FACE('',(#10628),#10616,.F.);
#10630=CARTESIAN_POINT('',(-1.067999999897E2,-1.69E1,-8.1E0));
#10631=DIRECTION('',(7.071067811865E-1,0.E0,7.071067811865E-1));
#10632=DIRECTION('',(7.071067811865E-1,0.E0,-7.071067811865E-1));
#10633=AXIS2_PLACEMENT_3D('',#10630,#10631,#10632);
#10634=PLANE('',#10633);
#10636=ORIENTED_EDGE('',*,*,#10635,.F.);
#10638=ORIENTED_EDGE('',*,*,#10637,.T.);
#10640=ORIENTED_EDGE('',*,*,#10639,.F.);
#10641=ORIENTED_EDGE('',*,*,#10617,.F.);
#10642=EDGE_LOOP('',(#10636,#10638,#10640,#10641));
#10643=FACE_OUTER_BOUND('',#10642,.F.);
#10644=ADVANCED_FACE('',(#10643),#10634,.T.);
#10645=CARTESIAN_POINT('',(-1.062999999897E2,9.600000000001E0,-7.6E0));
#10646=DIRECTION('',(0.E0,1.E0,0.E0));
#10647=DIRECTION('',(-1.E0,0.E0,0.E0));
#10648=AXIS2_PLACEMENT_3D('',#10645,#10646,#10647);
#10649=PLANE('',#10648);
#10650=ORIENTED_EDGE('',*,*,#10635,.T.);
#10651=ORIENTED_EDGE('',*,*,#10625,.F.);
#10653=ORIENTED_EDGE('',*,*,#10652,.F.);
#10654=ORIENTED_EDGE('',*,*,#6380,.T.);
#10656=ORIENTED_EDGE('',*,*,#10655,.F.);
#10658=ORIENTED_EDGE('',*,*,#10657,.F.);
#10660=ORIENTED_EDGE('',*,*,#10659,.T.);
#10661=EDGE_LOOP('',(#10650,#10651,#10653,#10654,#10656,#10658,#10660));
#10662=FACE_OUTER_BOUND('',#10661,.F.);
#10663=ADVANCED_FACE('',(#10662),#10649,.T.);
#10664=CARTESIAN_POINT('',(-1.087999999897E2,1.01E1,-6.855979210593E1));
#10665=DIRECTION('',(0.E0,0.E0,1.E0));
#10666=DIRECTION('',(-1.E0,0.E0,0.E0));
#10667=AXIS2_PLACEMENT_3D('',#10664,#10665,#10666);
#10668=CYLINDRICAL_SURFACE('',#10667,5.E-1);
#10669=ORIENTED_EDGE('',*,*,#10591,.T.);
#10670=ORIENTED_EDGE('',*,*,#6382,.F.);
#10671=ORIENTED_EDGE('',*,*,#10652,.T.);
#10672=ORIENTED_EDGE('',*,*,#10623,.F.);
#10673=EDGE_LOOP('',(#10669,#10670,#10671,#10672));
#10674=FACE_OUTER_BOUND('',#10673,.F.);
#10675=ADVANCED_FACE('',(#10674),#10668,.F.);
#10676=CARTESIAN_POINT('',(-1.086999999947E2,9.099999995033E0,
-1.220000026446E1));
#10677=DIRECTION('',(-7.071067811865E-1,7.071067811865E-1,0.E0));
#10678=DIRECTION('',(7.071067811865E-1,7.071067811865E-1,0.E0));
#10679=AXIS2_PLACEMENT_3D('',#10676,#10677,#10678);
#10680=PLANE('',#10679);
#10682=ORIENTED_EDGE('',*,*,#10681,.F.);
#10684=ORIENTED_EDGE('',*,*,#10683,.F.);
#10685=ORIENTED_EDGE('',*,*,#10655,.T.);
#10686=ORIENTED_EDGE('',*,*,#6378,.F.);
#10687=EDGE_LOOP('',(#10682,#10684,#10685,#10686));
#10688=FACE_OUTER_BOUND('',#10687,.F.);
#10689=ADVANCED_FACE('',(#10688),#10680,.T.);
#10690=CARTESIAN_POINT('',(-1.091999999897E2,9.600000000001E0,-7.6E0));
#10691=DIRECTION('',(-1.E0,0.E0,0.E0));
#10692=DIRECTION('',(0.E0,-1.E0,0.E0));
#10693=AXIS2_PLACEMENT_3D('',#10690,#10691,#10692);
#10694=PLANE('',#10693);
#10696=ORIENTED_EDGE('',*,*,#10695,.T.);
#10698=ORIENTED_EDGE('',*,*,#10697,.T.);
#10700=ORIENTED_EDGE('',*,*,#10699,.T.);
#10702=ORIENTED_EDGE('',*,*,#10701,.T.);
#10703=ORIENTED_EDGE('',*,*,#10681,.T.);
#10704=ORIENTED_EDGE('',*,*,#6376,.F.);
#10705=EDGE_LOOP('',(#10696,#10698,#10700,#10702,#10703,#10704));
#10706=FACE_OUTER_BOUND('',#10705,.F.);
#10708=ORIENTED_EDGE('',*,*,#10707,.T.);
#10710=ORIENTED_EDGE('',*,*,#10709,.T.);
#10711=EDGE_LOOP('',(#10708,#10710));
#10712=FACE_BOUND('',#10711,.F.);
#10714=ORIENTED_EDGE('',*,*,#10713,.T.);
#10716=ORIENTED_EDGE('',*,*,#10715,.T.);
#10717=EDGE_LOOP('',(#10714,#10716));
#10718=FACE_BOUND('',#10717,.F.);
#10719=ADVANCED_FACE('',(#10706,#10712,#10718),#10694,.T.);
#10720=CARTESIAN_POINT('',(-1.086999999947E2,-4.289999999503E1,
-1.220000026446E1));
#10721=DIRECTION('',(-7.071067811865E-1,-7.071067811865E-1,0.E0));
#10722=DIRECTION('',(7.071067811865E-1,-7.071067811865E-1,0.E0));
#10723=AXIS2_PLACEMENT_3D('',#10720,#10721,#10722);
#10724=PLANE('',#10723);
#10726=ORIENTED_EDGE('',*,*,#10725,.T.);
#10728=ORIENTED_EDGE('',*,*,#10727,.F.);
#10729=ORIENTED_EDGE('',*,*,#10695,.F.);
#10730=ORIENTED_EDGE('',*,*,#6374,.F.);
#10731=EDGE_LOOP('',(#10726,#10728,#10729,#10730));
#10732=FACE_OUTER_BOUND('',#10731,.F.);
#10733=ADVANCED_FACE('',(#10732),#10724,.T.);
#10734=CARTESIAN_POINT('',(-1.092999999897E2,-4.34E1,-7.6E0));
#10735=DIRECTION('',(0.E0,-1.E0,0.E0));
#10736=DIRECTION('',(1.E0,0.E0,0.E0));
#10737=AXIS2_PLACEMENT_3D('',#10734,#10735,#10736);
#10738=PLANE('',#10737);
#10739=ORIENTED_EDGE('',*,*,#10639,.T.);
#10741=ORIENTED_EDGE('',*,*,#10740,.F.);
#10743=ORIENTED_EDGE('',*,*,#10742,.F.);
#10744=ORIENTED_EDGE('',*,*,#10725,.F.);
#10745=ORIENTED_EDGE('',*,*,#6372,.T.);
#10746=ORIENTED_EDGE('',*,*,#10606,.F.);
#10747=ORIENTED_EDGE('',*,*,#10619,.F.);
#10748=EDGE_LOOP('',(#10739,#10741,#10743,#10744,#10745,#10746,#10747));
#10749=FACE_OUTER_BOUND('',#10748,.F.);
#10750=ADVANCED_FACE('',(#10749),#10738,.T.);
#10751=CARTESIAN_POINT('',(-1.062999999897E2,-4.34E1,-7.6E0));
#10752=DIRECTION('',(1.E0,0.E0,0.E0));
#10753=DIRECTION('',(0.E0,1.E0,0.E0));
#10754=AXIS2_PLACEMENT_3D('',#10751,#10752,#10753);
#10755=PLANE('',#10754);
#10756=ORIENTED_EDGE('',*,*,#10637,.F.);
#10757=ORIENTED_EDGE('',*,*,#10659,.F.);
#10759=ORIENTED_EDGE('',*,*,#10758,.T.);
#10761=ORIENTED_EDGE('',*,*,#10760,.T.);
#10763=ORIENTED_EDGE('',*,*,#10762,.T.);
#10764=ORIENTED_EDGE('',*,*,#10740,.T.);
#10765=EDGE_LOOP('',(#10756,#10757,#10759,#10761,#10763,#10764));
#10766=FACE_OUTER_BOUND('',#10765,.F.);
#10768=ORIENTED_EDGE('',*,*,#10767,.T.);
#10770=ORIENTED_EDGE('',*,*,#10769,.T.);
#10771=EDGE_LOOP('',(#10768,#10770));
#10772=FACE_BOUND('',#10771,.F.);
#10774=ORIENTED_EDGE('',*,*,#10773,.T.);
#10776=ORIENTED_EDGE('',*,*,#10775,.T.);
#10777=EDGE_LOOP('',(#10774,#10776));
#10778=FACE_BOUND('',#10777,.F.);
#10779=ADVANCED_FACE('',(#10766,#10772,#10778),#10755,.T.);
#10780=CARTESIAN_POINT('',(-6.075357311374E2,6.600000000001E0,-1.54E1));
#10781=DIRECTION('',(1.E0,0.E0,0.E0));
#10782=DIRECTION('',(0.E0,0.E0,-1.E0));
#10783=AXIS2_PLACEMENT_3D('',#10780,#10781,#10782);
#10784=CYLINDRICAL_SURFACE('',#10783,3.E0);
#10786=ORIENTED_EDGE('',*,*,#10785,.F.);
#10788=ORIENTED_EDGE('',*,*,#10787,.T.);
#10789=ORIENTED_EDGE('',*,*,#10758,.F.);
#10790=ORIENTED_EDGE('',*,*,#10657,.T.);
#10791=EDGE_LOOP('',(#10786,#10788,#10789,#10790));
#10792=FACE_OUTER_BOUND('',#10791,.F.);
#10793=ADVANCED_FACE('',(#10792),#10784,.T.);
#10794=CARTESIAN_POINT('',(-1.086999999897E2,6.600000000001E0,-1.54E1));
#10795=DIRECTION('',(1.E0,0.E0,0.E0));
#10796=DIRECTION('',(0.E0,0.E0,-1.E0));
#10797=AXIS2_PLACEMENT_3D('',#10794,#10795,#10796);
#10798=CONICAL_SURFACE('',#10797,2.500000000024E0,4.5E1);
#10799=ORIENTED_EDGE('',*,*,#10701,.F.);
#10801=ORIENTED_EDGE('',*,*,#10800,.T.);
#10802=ORIENTED_EDGE('',*,*,#10785,.T.);
#10803=ORIENTED_EDGE('',*,*,#10683,.T.);
#10804=EDGE_LOOP('',(#10799,#10801,#10802,#10803));
#10805=FACE_OUTER_BOUND('',#10804,.F.);
#10806=ADVANCED_FACE('',(#10805),#10798,.T.);
#10807=CARTESIAN_POINT('',(-1.086999999897E2,-1.69E1,-1.79E1));
#10808=DIRECTION('',(-7.071067811865E-1,0.E0,-7.071067811865E-1));
#10809=DIRECTION('',(7.071067811865E-1,0.E0,-7.071067811865E-1));
#10810=AXIS2_PLACEMENT_3D('',#10807,#10808,#10809);
#10811=PLANE('',#10810);
#10812=ORIENTED_EDGE('',*,*,#10699,.F.);
#10814=ORIENTED_EDGE('',*,*,#10813,.F.);
#10816=ORIENTED_EDGE('',*,*,#10815,.T.);
#10817=ORIENTED_EDGE('',*,*,#10800,.F.);
#10818=EDGE_LOOP('',(#10812,#10814,#10816,#10817));
#10819=FACE_OUTER_BOUND('',#10818,.F.);
#10820=ADVANCED_FACE('',(#10819),#10811,.T.);
#10821=CARTESIAN_POINT('',(-1.086999999897E2,-4.04E1,-1.54E1));
#10822=DIRECTION('',(1.E0,0.E0,0.E0));
#10823=DIRECTION('',(0.E0,0.E0,-1.E0));
#10824=AXIS2_PLACEMENT_3D('',#10821,#10822,#10823);
#10825=CONICAL_SURFACE('',#10824,2.500000000024E0,4.5E1);
#10826=ORIENTED_EDGE('',*,*,#10697,.F.);
#10827=ORIENTED_EDGE('',*,*,#10727,.T.);
#10829=ORIENTED_EDGE('',*,*,#10828,.T.);
#10830=ORIENTED_EDGE('',*,*,#10813,.T.);
#10831=EDGE_LOOP('',(#10826,#10827,#10829,#10830));
#10832=FACE_OUTER_BOUND('',#10831,.F.);
#10833=ADVANCED_FACE('',(#10832),#10825,.T.);
#10834=CARTESIAN_POINT('',(4.565498588964E2,-4.04E1,-1.54E1));
#10835=DIRECTION('',(-1.E0,0.E0,0.E0));
#10836=DIRECTION('',(0.E0,0.E0,-1.E0));
#10837=AXIS2_PLACEMENT_3D('',#10834,#10835,#10836);
#10838=CYLINDRICAL_SURFACE('',#10837,3.E0);
#10839=ORIENTED_EDGE('',*,*,#10828,.F.);
#10840=ORIENTED_EDGE('',*,*,#10742,.T.);
#10841=ORIENTED_EDGE('',*,*,#10762,.F.);
#10843=ORIENTED_EDGE('',*,*,#10842,.T.);
#10844=EDGE_LOOP('',(#10839,#10840,#10841,#10843));
#10845=FACE_OUTER_BOUND('',#10844,.F.);
#10846=ADVANCED_FACE('',(#10845),#10838,.T.);
#10847=CARTESIAN_POINT('',(0.E0,0.E0,-1.84E1));
#10848=DIRECTION('',(0.E0,0.E0,1.E0));
#10849=DIRECTION('',(1.E0,0.E0,0.E0));
#10850=AXIS2_PLACEMENT_3D('',#10847,#10848,#10849);
#10851=PLANE('',#10850);
#10852=ORIENTED_EDGE('',*,*,#10815,.F.);
#10853=ORIENTED_EDGE('',*,*,#10842,.F.);
#10854=ORIENTED_EDGE('',*,*,#10760,.F.);
#10855=ORIENTED_EDGE('',*,*,#10787,.F.);
#10856=EDGE_LOOP('',(#10852,#10853,#10854,#10855));
#10857=FACE_OUTER_BOUND('',#10856,.F.);
#10858=ADVANCED_FACE('',(#10857),#10851,.F.);
#10859=CARTESIAN_POINT('',(-1.042999999897E2,3.800000000011E0,
-1.439999999430E1));
#10860=DIRECTION('',(-1.E0,0.E0,0.E0));
#10861=DIRECTION('',(0.E0,1.E0,0.E0));
#10862=AXIS2_PLACEMENT_3D('',#10859,#10860,#10861);
#10863=CYLINDRICAL_SURFACE('',#10862,1.5E0);
#10864=ORIENTED_EDGE('',*,*,#10707,.F.);
#10866=ORIENTED_EDGE('',*,*,#10865,.T.);
#10867=ORIENTED_EDGE('',*,*,#10767,.F.);
#10869=ORIENTED_EDGE('',*,*,#10868,.F.);
#10870=EDGE_LOOP('',(#10864,#10866,#10867,#10869));
#10871=FACE_OUTER_BOUND('',#10870,.F.);
#10872=ADVANCED_FACE('',(#10871),#10863,.F.);
#10873=CARTESIAN_POINT('',(-1.042999999897E2,3.800000000011E0,
-1.439999999430E1));
#10874=DIRECTION('',(-1.E0,0.E0,0.E0));
#10875=DIRECTION('',(0.E0,1.E0,0.E0));
#10876=AXIS2_PLACEMENT_3D('',#10873,#10874,#10875);
#10877=CYLINDRICAL_SURFACE('',#10876,1.5E0);
#10878=ORIENTED_EDGE('',*,*,#10709,.F.);
#10879=ORIENTED_EDGE('',*,*,#10868,.T.);
#10880=ORIENTED_EDGE('',*,*,#10769,.F.);
#10881=ORIENTED_EDGE('',*,*,#10865,.F.);
#10882=EDGE_LOOP('',(#10878,#10879,#10880,#10881));
#10883=FACE_OUTER_BOUND('',#10882,.F.);
#10884=ADVANCED_FACE('',(#10883),#10877,.F.);
#10885=CARTESIAN_POINT('',(-9.429999998970E1,-2.819999999999E1,-1.44E1));
#10886=DIRECTION('',(-1.E0,0.E0,0.E0));
#10887=DIRECTION('',(0.E0,1.E0,0.E0));
#10888=AXIS2_PLACEMENT_3D('',#10885,#10886,#10887);
#10889=CYLINDRICAL_SURFACE('',#10888,1.5E0);
#10890=ORIENTED_EDGE('',*,*,#10713,.F.);
#10892=ORIENTED_EDGE('',*,*,#10891,.T.);
#10893=ORIENTED_EDGE('',*,*,#10773,.F.);
#10895=ORIENTED_EDGE('',*,*,#10894,.F.);
#10896=EDGE_LOOP('',(#10890,#10892,#10893,#10895));
#10897=FACE_OUTER_BOUND('',#10896,.F.);
#10898=ADVANCED_FACE('',(#10897),#10889,.F.);
#10899=CARTESIAN_POINT('',(-9.429999998970E1,-2.819999999999E1,-1.44E1));
#10900=DIRECTION('',(-1.E0,0.E0,0.E0));
#10901=DIRECTION('',(0.E0,1.E0,0.E0));
#10902=AXIS2_PLACEMENT_3D('',#10899,#10900,#10901);
#10903=CYLINDRICAL_SURFACE('',#10902,1.5E0);
#10904=ORIENTED_EDGE('',*,*,#10715,.F.);
#10905=ORIENTED_EDGE('',*,*,#10894,.T.);
#10906=ORIENTED_EDGE('',*,*,#10775,.F.);
#10907=ORIENTED_EDGE('',*,*,#10891,.F.);
#10908=EDGE_LOOP('',(#10904,#10905,#10906,#10907));
#10909=FACE_OUTER_BOUND('',#10908,.F.);
#10910=ADVANCED_FACE('',(#10909),#10903,.F.);
#10911=CARTESIAN_POINT('',(-1.087999999897E2,-4.59E1,-6.855979210593E1));
#10912=DIRECTION('',(0.E0,0.E0,1.E0));
#10913=DIRECTION('',(-1.E0,0.E0,0.E0));
#10914=AXIS2_PLACEMENT_3D('',#10911,#10912,#10913);
#10915=CYLINDRICAL_SURFACE('',#10914,5.E-1);
#10916=ORIENTED_EDGE('',*,*,#10275,.F.);
#10917=ORIENTED_EDGE('',*,*,#10586,.T.);
#10918=ORIENTED_EDGE('',*,*,#6366,.F.);
#10919=ORIENTED_EDGE('',*,*,#10233,.T.);
#10920=EDGE_LOOP('',(#10916,#10917,#10918,#10919));
#10921=FACE_OUTER_BOUND('',#10920,.F.);
#10922=ADVANCED_FACE('',(#10921),#10915,.F.);
#10923=CARTESIAN_POINT('',(-9.693322330470E1,-7.553322330470E1,-2.7E0));
#10924=DIRECTION('',(0.E0,0.E0,1.E0));
#10925=DIRECTION('',(1.E0,0.E0,0.E0));
#10926=AXIS2_PLACEMENT_3D('',#10923,#10924,#10925);
#10927=CYLINDRICAL_SURFACE('',#10926,2.5E-1);
#10928=ORIENTED_EDGE('',*,*,#10144,.F.);
#10930=ORIENTED_EDGE('',*,*,#10929,.T.);
#10931=ORIENTED_EDGE('',*,*,#9845,.F.);
#10932=ORIENTED_EDGE('',*,*,#9843,.F.);
#10933=ORIENTED_EDGE('',*,*,#10248,.T.);
#10934=EDGE_LOOP('',(#10928,#10930,#10931,#10932,#10933));
#10935=FACE_OUTER_BOUND('',#10934,.F.);
#10936=ADVANCED_FACE('',(#10935),#10927,.F.);
#10937=CARTESIAN_POINT('',(-9.482E1,-7.571E1,-1.8E0));
#10938=DIRECTION('',(0.E0,-1.E0,0.E0));
#10939=DIRECTION('',(1.E0,0.E0,0.E0));
#10940=AXIS2_PLACEMENT_3D('',#10937,#10938,#10939);
#10941=PLANE('',#10940);
#10943=ORIENTED_EDGE('',*,*,#10942,.F.);
#10944=ORIENTED_EDGE('',*,*,#9847,.F.);
#10945=ORIENTED_EDGE('',*,*,#10929,.F.);
#10946=ORIENTED_EDGE('',*,*,#10142,.F.);
#10947=EDGE_LOOP('',(#10943,#10944,#10945,#10946));
#10948=FACE_OUTER_BOUND('',#10947,.F.);
#10949=ADVANCED_FACE('',(#10948),#10941,.F.);
#10950=CARTESIAN_POINT('',(1.336732233047E2,-7.553322330470E1,-2.7E0));
#10951=DIRECTION('',(0.E0,0.E0,1.E0));
#10952=DIRECTION('',(1.E0,0.E0,0.E0));
#10953=AXIS2_PLACEMENT_3D('',#10950,#10951,#10952);
#10954=CYLINDRICAL_SURFACE('',#10953,2.5E-1);
#10955=ORIENTED_EDGE('',*,*,#9851,.F.);
#10956=ORIENTED_EDGE('',*,*,#9849,.F.);
#10957=ORIENTED_EDGE('',*,*,#10942,.T.);
#10958=ORIENTED_EDGE('',*,*,#10140,.F.);
#10960=ORIENTED_EDGE('',*,*,#10959,.T.);
#10961=EDGE_LOOP('',(#10955,#10956,#10957,#10958,#10960));
#10962=FACE_OUTER_BOUND('',#10961,.F.);
#10963=ADVANCED_FACE('',(#10962),#10954,.F.);
#10964=CARTESIAN_POINT('',(1.3385E2,-7.621E1,-1.8E0));
#10965=DIRECTION('',(1.E0,0.E0,0.E0));
#10966=DIRECTION('',(0.E0,1.E0,0.E0));
#10967=AXIS2_PLACEMENT_3D('',#10964,#10965,#10966);
#10968=PLANE('',#10967);
#10970=ORIENTED_EDGE('',*,*,#10969,.F.);
#10971=ORIENTED_EDGE('',*,*,#9853,.F.);
#10972=ORIENTED_EDGE('',*,*,#10959,.F.);
#10973=ORIENTED_EDGE('',*,*,#10138,.F.);
#10974=ORIENTED_EDGE('',*,*,#10125,.F.);
#10975=ORIENTED_EDGE('',*,*,#10110,.F.);
#10976=EDGE_LOOP('',(#10970,#10971,#10972,#10973,#10974,#10975));
#10977=FACE_OUTER_BOUND('',#10976,.F.);
#10978=ADVANCED_FACE('',(#10977),#10968,.F.);
#10979=CARTESIAN_POINT('',(1.336732233047E2,7.492322330470E1,-2.7E0));
#10980=DIRECTION('',(0.E0,0.E0,1.E0));
#10981=DIRECTION('',(1.E0,0.E0,0.E0));
#10982=AXIS2_PLACEMENT_3D('',#10979,#10980,#10981);
#10983=CYLINDRICAL_SURFACE('',#10982,2.5E-1);
#10984=ORIENTED_EDGE('',*,*,#9857,.F.);
#10985=ORIENTED_EDGE('',*,*,#9855,.F.);
#10986=ORIENTED_EDGE('',*,*,#10969,.T.);
#10987=ORIENTED_EDGE('',*,*,#10108,.F.);
#10989=ORIENTED_EDGE('',*,*,#10988,.T.);
#10990=EDGE_LOOP('',(#10984,#10985,#10986,#10987,#10989));
#10991=FACE_OUTER_BOUND('',#10990,.F.);
#10992=ADVANCED_FACE('',(#10991),#10983,.F.);
#10993=CARTESIAN_POINT('',(1.3504E2,7.51E1,-1.8E0));
#10994=DIRECTION('',(0.E0,1.E0,0.E0));
#10995=DIRECTION('',(-1.E0,0.E0,0.E0));
#10996=AXIS2_PLACEMENT_3D('',#10993,#10994,#10995);
#10997=PLANE('',#10996);
#10998=ORIENTED_EDGE('',*,*,#10082,.F.);
#10999=ORIENTED_EDGE('',*,*,#9859,.F.);
#11000=ORIENTED_EDGE('',*,*,#10988,.F.);
#11001=ORIENTED_EDGE('',*,*,#10106,.F.);
#11002=EDGE_LOOP('',(#10998,#10999,#11000,#11001));
#11003=FACE_OUTER_BOUND('',#11002,.F.);
#11004=ADVANCED_FACE('',(#11003),#10997,.F.);
#11005=CARTESIAN_POINT('',(1.08E2,-6.769958448258E1,-6.5E0));
#11006=DIRECTION('',(0.E0,-1.E0,0.E0));
#11007=DIRECTION('',(-1.E0,0.E0,0.E0));
#11008=AXIS2_PLACEMENT_3D('',#11005,#11006,#11007);
#11009=PLANE('',#11008);
#11011=ORIENTED_EDGE('',*,*,#11010,.F.);
#11012=ORIENTED_EDGE('',*,*,#6438,.F.);
#11014=ORIENTED_EDGE('',*,*,#11013,.T.);
#11015=ORIENTED_EDGE('',*,*,#10154,.T.);
#11016=EDGE_LOOP('',(#11011,#11012,#11014,#11015));
#11017=FACE_OUTER_BOUND('',#11016,.F.);
#11018=ADVANCED_FACE('',(#11017),#11009,.F.);
#11019=CARTESIAN_POINT('',(2.E1,-6.669958448258E1,-6.855979210592E1));
#11020=DIRECTION('',(0.E0,0.E0,1.E0));
#11021=DIRECTION('',(-1.E0,0.E0,0.E0));
#11022=AXIS2_PLACEMENT_3D('',#11019,#11020,#11021);
#11023=CYLINDRICAL_SURFACE('',#11022,1.E0);
#11025=ORIENTED_EDGE('',*,*,#11024,.F.);
#11026=ORIENTED_EDGE('',*,*,#6440,.T.);
#11027=ORIENTED_EDGE('',*,*,#11010,.T.);
#11028=ORIENTED_EDGE('',*,*,#10168,.T.);
#11029=EDGE_LOOP('',(#11025,#11026,#11027,#11028));
#11030=FACE_OUTER_BOUND('',#11029,.F.);
#11031=ADVANCED_FACE('',(#11030),#11023,.F.);
#11032=CARTESIAN_POINT('',(1.9E1,-6.769958448258E1,-6.5E0));
#11033=DIRECTION('',(-1.E0,0.E0,0.E0));
#11034=DIRECTION('',(0.E0,1.E0,0.E0));
#11035=AXIS2_PLACEMENT_3D('',#11032,#11033,#11034);
#11036=PLANE('',#11035);
#11037=ORIENTED_EDGE('',*,*,#11024,.T.);
#11038=ORIENTED_EDGE('',*,*,#10166,.T.);
#11040=ORIENTED_EDGE('',*,*,#11039,.F.);
#11041=ORIENTED_EDGE('',*,*,#6442,.F.);
#11042=EDGE_LOOP('',(#11037,#11038,#11040,#11041));
#11043=FACE_OUTER_BOUND('',#11042,.F.);
#11044=ADVANCED_FACE('',(#11043),#11036,.F.);
#11045=CARTESIAN_POINT('',(2.2E1,-4.849958448259E1,-6.855979210592E1));
#11046=DIRECTION('',(0.E0,0.E0,1.E0));
#11047=DIRECTION('',(0.E0,1.E0,0.E0));
#11048=AXIS2_PLACEMENT_3D('',#11045,#11046,#11047);
#11049=CYLINDRICAL_SURFACE('',#11048,3.E0);
#11051=ORIENTED_EDGE('',*,*,#11050,.F.);
#11052=ORIENTED_EDGE('',*,*,#6444,.T.);
#11053=ORIENTED_EDGE('',*,*,#11039,.T.);
#11054=ORIENTED_EDGE('',*,*,#10164,.T.);
#11055=EDGE_LOOP('',(#11051,#11052,#11053,#11054));
#11056=FACE_OUTER_BOUND('',#11055,.F.);
#11057=ADVANCED_FACE('',(#11056),#11049,.F.);
#11058=CARTESIAN_POINT('',(1.9E1,-4.549958448259E1,-6.5E0));
#11059=DIRECTION('',(0.E0,1.E0,0.E0));
#11060=DIRECTION('',(1.E0,0.E0,0.E0));
#11061=AXIS2_PLACEMENT_3D('',#11058,#11059,#11060);
#11062=PLANE('',#11061);
#11063=ORIENTED_EDGE('',*,*,#11050,.T.);
#11064=ORIENTED_EDGE('',*,*,#10162,.T.);
#11066=ORIENTED_EDGE('',*,*,#11065,.F.);
#11067=ORIENTED_EDGE('',*,*,#6446,.F.);
#11068=EDGE_LOOP('',(#11063,#11064,#11066,#11067));
#11069=FACE_OUTER_BOUND('',#11068,.F.);
#11070=ADVANCED_FACE('',(#11069),#11062,.F.);
#11071=CARTESIAN_POINT('',(1.05E2,-4.849958448259E1,-6.855979210592E1));
#11072=DIRECTION('',(0.E0,0.E0,1.E0));
#11073=DIRECTION('',(1.E0,0.E0,0.E0));
#11074=AXIS2_PLACEMENT_3D('',#11071,#11072,#11073);
#11075=CYLINDRICAL_SURFACE('',#11074,3.E0);
#11077=ORIENTED_EDGE('',*,*,#11076,.F.);
#11078=ORIENTED_EDGE('',*,*,#6448,.T.);
#11079=ORIENTED_EDGE('',*,*,#11065,.T.);
#11080=ORIENTED_EDGE('',*,*,#10160,.T.);
#11081=EDGE_LOOP('',(#11077,#11078,#11079,#11080));
#11082=FACE_OUTER_BOUND('',#11081,.F.);
#11083=ADVANCED_FACE('',(#11082),#11075,.F.);
#11084=CARTESIAN_POINT('',(1.08E2,-4.549958448259E1,-6.5E0));
#11085=DIRECTION('',(1.E0,0.E0,0.E0));
#11086=DIRECTION('',(0.E0,-1.E0,0.E0));
#11087=AXIS2_PLACEMENT_3D('',#11084,#11085,#11086);
#11088=PLANE('',#11087);
#11090=ORIENTED_EDGE('',*,*,#11089,.F.);
#11091=ORIENTED_EDGE('',*,*,#6434,.F.);
#11092=ORIENTED_EDGE('',*,*,#11076,.T.);
#11093=ORIENTED_EDGE('',*,*,#10158,.T.);
#11094=EDGE_LOOP('',(#11090,#11091,#11092,#11093));
#11095=FACE_OUTER_BOUND('',#11094,.F.);
#11096=ADVANCED_FACE('',(#11095),#11088,.F.);
#11097=CARTESIAN_POINT('',(1.07E2,-6.669958448258E1,-6.855979210592E1));
#11098=DIRECTION('',(0.E0,0.E0,1.E0));
#11099=DIRECTION('',(0.E0,-1.E0,0.E0));
#11100=AXIS2_PLACEMENT_3D('',#11097,#11098,#11099);
#11101=CYLINDRICAL_SURFACE('',#11100,1.E0);
#11102=ORIENTED_EDGE('',*,*,#11013,.F.);
#11103=ORIENTED_EDGE('',*,*,#6436,.T.);
#11104=ORIENTED_EDGE('',*,*,#11089,.T.);
#11105=ORIENTED_EDGE('',*,*,#10156,.T.);
#11106=EDGE_LOOP('',(#11102,#11103,#11104,#11105));
#11107=FACE_OUTER_BOUND('',#11106,.F.);
#11108=ADVANCED_FACE('',(#11107),#11101,.F.);
#11109=CARTESIAN_POINT('',(-7.959999999999E1,-6.449958448259E1,-7.6E0));
#11110=DIRECTION('',(0.E0,1.E0,0.E0));
#11111=DIRECTION('',(-1.E0,0.E0,0.E0));
#11112=AXIS2_PLACEMENT_3D('',#11109,#11110,#11111);
#11113=PLANE('',#11112);
#11115=ORIENTED_EDGE('',*,*,#11114,.T.);
#11116=ORIENTED_EDGE('',*,*,#10172,.T.);
#11118=ORIENTED_EDGE('',*,*,#11117,.F.);
#11119=ORIENTED_EDGE('',*,*,#6468,.F.);
#11121=ORIENTED_EDGE('',*,*,#11120,.T.);
#11123=ORIENTED_EDGE('',*,*,#11122,.T.);
#11125=ORIENTED_EDGE('',*,*,#11124,.F.);
#11127=ORIENTED_EDGE('',*,*,#11126,.T.);
#11129=ORIENTED_EDGE('',*,*,#11128,.F.);
#11130=ORIENTED_EDGE('',*,*,#6456,.F.);
#11131=EDGE_LOOP('',(#11115,#11116,#11118,#11119,#11121,#11123,#11125,#11127,
#11129,#11130));
#11132=FACE_OUTER_BOUND('',#11131,.F.);
#11134=ORIENTED_EDGE('',*,*,#11133,.T.);
#11136=ORIENTED_EDGE('',*,*,#11135,.T.);
#11137=EDGE_LOOP('',(#11134,#11136));
#11138=FACE_BOUND('',#11137,.F.);
#11140=ORIENTED_EDGE('',*,*,#11139,.T.);
#11142=ORIENTED_EDGE('',*,*,#11141,.T.);
#11143=EDGE_LOOP('',(#11140,#11142));
#11144=FACE_BOUND('',#11143,.F.);
#11146=ORIENTED_EDGE('',*,*,#11145,.T.);
#11148=ORIENTED_EDGE('',*,*,#11147,.T.);
#11149=EDGE_LOOP('',(#11146,#11148));
#11150=FACE_BOUND('',#11149,.F.);
#11151=ADVANCED_FACE('',(#11132,#11138,#11144,#11150),#11113,.T.);
#11152=CARTESIAN_POINT('',(-4.999999999999E1,-5.249958448259E1,-1.44E1));
#11153=DIRECTION('',(0.E0,-1.E0,0.E0));
#11154=DIRECTION('',(-1.E0,0.E0,0.E0));
#11155=AXIS2_PLACEMENT_3D('',#11152,#11153,#11154);
#11156=CYLINDRICAL_SURFACE('',#11155,1.5E0);
#11158=ORIENTED_EDGE('',*,*,#11157,.T.);
#11159=ORIENTED_EDGE('',*,*,#11145,.F.);
#11161=ORIENTED_EDGE('',*,*,#11160,.F.);
#11163=ORIENTED_EDGE('',*,*,#11162,.F.);
#11164=EDGE_LOOP('',(#11158,#11159,#11161,#11163));
#11165=FACE_OUTER_BOUND('',#11164,.F.);
#11166=ADVANCED_FACE('',(#11165),#11156,.F.);
#11167=CARTESIAN_POINT('',(-4.999999999999E1,-5.249958448259E1,-1.44E1));
#11168=DIRECTION('',(0.E0,-1.E0,0.E0));
#11169=DIRECTION('',(-1.E0,0.E0,0.E0));
#11170=AXIS2_PLACEMENT_3D('',#11167,#11168,#11169);
#11171=CYLINDRICAL_SURFACE('',#11170,1.5E0);
#11172=ORIENTED_EDGE('',*,*,#11157,.F.);
#11174=ORIENTED_EDGE('',*,*,#11173,.F.);
#11175=ORIENTED_EDGE('',*,*,#11160,.T.);
#11176=ORIENTED_EDGE('',*,*,#11147,.F.);
#11177=EDGE_LOOP('',(#11172,#11174,#11175,#11176));
#11178=FACE_OUTER_BOUND('',#11177,.F.);
#11179=ADVANCED_FACE('',(#11178),#11171,.F.);
#11180=CARTESIAN_POINT('',(-8.919999999999E1,-6.739958448259E1,-7.6E0));
#11181=DIRECTION('',(0.E0,-1.E0,0.E0));
#11182=DIRECTION('',(1.E0,0.E0,0.E0));
#11183=AXIS2_PLACEMENT_3D('',#11180,#11181,#11182);
#11184=PLANE('',#11183);
#11186=ORIENTED_EDGE('',*,*,#11185,.F.);
#11187=ORIENTED_EDGE('',*,*,#6462,.F.);
#11189=ORIENTED_EDGE('',*,*,#11188,.F.);
#11191=ORIENTED_EDGE('',*,*,#11190,.T.);
#11193=ORIENTED_EDGE('',*,*,#11192,.F.);
#11195=ORIENTED_EDGE('',*,*,#11194,.T.);
#11196=EDGE_LOOP('',(#11186,#11187,#11189,#11191,#11193,#11195));
#11197=FACE_OUTER_BOUND('',#11196,.F.);
#11198=ORIENTED_EDGE('',*,*,#11162,.T.);
#11199=ORIENTED_EDGE('',*,*,#11173,.T.);
#11200=EDGE_LOOP('',(#11198,#11199));
#11201=FACE_BOUND('',#11200,.F.);
#11203=ORIENTED_EDGE('',*,*,#11202,.T.);
#11205=ORIENTED_EDGE('',*,*,#11204,.T.);
#11206=EDGE_LOOP('',(#11203,#11205));
#11207=FACE_BOUND('',#11206,.F.);
#11209=ORIENTED_EDGE('',*,*,#11208,.T.);
#11211=ORIENTED_EDGE('',*,*,#11210,.T.);
#11212=EDGE_LOOP('',(#11209,#11211));
#11213=FACE_BOUND('',#11212,.F.);
#11214=ADVANCED_FACE('',(#11197,#11201,#11207,#11213),#11184,.T.);
#11215=CARTESIAN_POINT('',(-8.869999999748E1,-6.689958448510E1,
-1.220000004535E1));
#11216=DIRECTION('',(-7.071067811865E-1,-7.071067811865E-1,0.E0));
#11217=DIRECTION('',(7.071067811865E-1,-7.071067811865E-1,0.E0));
#11218=AXIS2_PLACEMENT_3D('',#11215,#11216,#11217);
#11219=PLANE('',#11218);
#11220=ORIENTED_EDGE('',*,*,#11185,.T.);
#11222=ORIENTED_EDGE('',*,*,#11221,.F.);
#11224=ORIENTED_EDGE('',*,*,#11223,.F.);
#11225=ORIENTED_EDGE('',*,*,#6464,.F.);
#11226=EDGE_LOOP('',(#11220,#11222,#11224,#11225));
#11227=FACE_OUTER_BOUND('',#11226,.F.);
#11228=ADVANCED_FACE('',(#11227),#11219,.T.);
#11229=CARTESIAN_POINT('',(-8.619999999999E1,-6.689958448259E1,-1.54E1));
#11230=DIRECTION('',(0.E0,1.E0,0.E0));
#11231=DIRECTION('',(0.E0,0.E0,-1.E0));
#11232=AXIS2_PLACEMENT_3D('',#11229,#11230,#11231);
#11233=CONICAL_SURFACE('',#11232,2.499999999999E0,4.5E1);
#11235=ORIENTED_EDGE('',*,*,#11234,.T.);
#11236=ORIENTED_EDGE('',*,*,#11221,.T.);
#11237=ORIENTED_EDGE('',*,*,#11194,.F.);
#11239=ORIENTED_EDGE('',*,*,#11238,.T.);
#11240=EDGE_LOOP('',(#11235,#11236,#11237,#11239));
#11241=FACE_OUTER_BOUND('',#11240,.F.);
#11242=ADVANCED_FACE('',(#11241),#11233,.T.);
#11243=CARTESIAN_POINT('',(-8.619999999999E1,-3.929073311373E2,-1.54E1));
#11244=DIRECTION('',(0.E0,1.E0,0.E0));
#11245=DIRECTION('',(0.E0,0.E0,-1.E0));
#11246=AXIS2_PLACEMENT_3D('',#11243,#11244,#11245);
#11247=CYLINDRICAL_SURFACE('',#11246,3.E0);
#11248=ORIENTED_EDGE('',*,*,#11234,.F.);
#11250=ORIENTED_EDGE('',*,*,#11249,.T.);
#11251=ORIENTED_EDGE('',*,*,#11122,.F.);
#11253=ORIENTED_EDGE('',*,*,#11252,.T.);
#11254=EDGE_LOOP('',(#11248,#11250,#11251,#11253));
#11255=FACE_OUTER_BOUND('',#11254,.F.);
#11256=ADVANCED_FACE('',(#11255),#11247,.T.);
#11257=CARTESIAN_POINT('',(0.E0,0.E0,-1.84E1));
#11258=DIRECTION('',(0.E0,0.E0,1.E0));
#11259=DIRECTION('',(1.E0,0.E0,0.E0));
#11260=AXIS2_PLACEMENT_3D('',#11257,#11258,#11259);
#11261=PLANE('',#11260);
#11263=ORIENTED_EDGE('',*,*,#11262,.T.);
#11265=ORIENTED_EDGE('',*,*,#11264,.F.);
#11266=ORIENTED_EDGE('',*,*,#11124,.T.);
#11267=ORIENTED_EDGE('',*,*,#11249,.F.);
#11268=EDGE_LOOP('',(#11263,#11265,#11266,#11267));
#11269=FACE_OUTER_BOUND('',#11268,.F.);
#11270=ADVANCED_FACE('',(#11269),#11261,.F.);
#11271=CARTESIAN_POINT('',(-3.869999999999E1,-6.689958448259E1,-1.79E1));
#11272=DIRECTION('',(0.E0,-7.071067811865E-1,-7.071067811865E-1));
#11273=DIRECTION('',(0.E0,-7.071067811865E-1,7.071067811865E-1));
#11274=AXIS2_PLACEMENT_3D('',#11271,#11272,#11273);
#11275=PLANE('',#11274);
#11276=ORIENTED_EDGE('',*,*,#11262,.F.);
#11277=ORIENTED_EDGE('',*,*,#11238,.F.);
#11278=ORIENTED_EDGE('',*,*,#11192,.T.);
#11280=ORIENTED_EDGE('',*,*,#11279,.F.);
#11281=EDGE_LOOP('',(#11276,#11277,#11278,#11280));
#11282=FACE_OUTER_BOUND('',#11281,.F.);
#11283=ADVANCED_FACE('',(#11282),#11275,.T.);
#11284=CARTESIAN_POINT('',(8.800000000005E0,-6.689958448259E1,-1.54E1));
#11285=DIRECTION('',(0.E0,1.E0,0.E0));
#11286=DIRECTION('',(0.E0,0.E0,-1.E0));
#11287=AXIS2_PLACEMENT_3D('',#11284,#11285,#11286);
#11288=CONICAL_SURFACE('',#11287,2.499999999999E0,4.5E1);
#11290=ORIENTED_EDGE('',*,*,#11289,.T.);
#11291=ORIENTED_EDGE('',*,*,#11279,.T.);
#11292=ORIENTED_EDGE('',*,*,#11190,.F.);
#11294=ORIENTED_EDGE('',*,*,#11293,.T.);
#11295=EDGE_LOOP('',(#11290,#11291,#11292,#11294));
#11296=FACE_OUTER_BOUND('',#11295,.F.);
#11297=ADVANCED_FACE('',(#11296),#11288,.T.);
#11298=CARTESIAN_POINT('',(8.800000000005E0,3.491682173781E2,-1.54E1));
#11299=DIRECTION('',(0.E0,-1.E0,0.E0));
#11300=DIRECTION('',(0.E0,0.E0,-1.E0));
#11301=AXIS2_PLACEMENT_3D('',#11298,#11299,#11300);
#11302=CYLINDRICAL_SURFACE('',#11301,3.E0);
#11303=ORIENTED_EDGE('',*,*,#11289,.F.);
#11305=ORIENTED_EDGE('',*,*,#11304,.T.);
#11306=ORIENTED_EDGE('',*,*,#11126,.F.);
#11307=ORIENTED_EDGE('',*,*,#11264,.T.);
#11308=EDGE_LOOP('',(#11303,#11305,#11306,#11307));
#11309=FACE_OUTER_BOUND('',#11308,.F.);
#11310=ADVANCED_FACE('',(#11309),#11302,.T.);
#11311=CARTESIAN_POINT('',(1.18E1,-6.749958448259E1,-7.6E0));
#11312=DIRECTION('',(1.E0,0.E0,0.E0));
#11313=DIRECTION('',(0.E0,1.E0,0.E0));
#11314=AXIS2_PLACEMENT_3D('',#11311,#11312,#11313);
#11315=PLANE('',#11314);
#11316=ORIENTED_EDGE('',*,*,#6458,.T.);
#11317=ORIENTED_EDGE('',*,*,#11128,.T.);
#11318=ORIENTED_EDGE('',*,*,#11304,.F.);
#11320=ORIENTED_EDGE('',*,*,#11319,.T.);
#11321=EDGE_LOOP('',(#11316,#11317,#11318,#11320));
#11322=FACE_OUTER_BOUND('',#11321,.F.);
#11323=ADVANCED_FACE('',(#11322),#11315,.T.);
#11324=CARTESIAN_POINT('',(1.129999999749E1,-6.689958448510E1,
-1.220000004535E1));
#11325=DIRECTION('',(7.071067811865E-1,-7.071067811865E-1,0.E0));
#11326=DIRECTION('',(-7.071067811865E-1,-7.071067811865E-1,0.E0));
#11327=AXIS2_PLACEMENT_3D('',#11324,#11325,#11326);
#11328=PLANE('',#11327);
#11329=ORIENTED_EDGE('',*,*,#6460,.F.);
#11330=ORIENTED_EDGE('',*,*,#11319,.F.);
#11331=ORIENTED_EDGE('',*,*,#11293,.F.);
#11332=ORIENTED_EDGE('',*,*,#11188,.T.);
#11333=EDGE_LOOP('',(#11329,#11330,#11331,#11332));
#11334=FACE_OUTER_BOUND('',#11333,.F.);
#11335=ADVANCED_FACE('',(#11334),#11328,.T.);
#11336=CARTESIAN_POINT('',(-8.919999999999E1,-6.449958448259E1,-7.6E0));
#11337=DIRECTION('',(-1.E0,0.E0,0.E0));
#11338=DIRECTION('',(0.E0,-1.E0,0.E0));
#11339=AXIS2_PLACEMENT_3D('',#11336,#11337,#11338);
#11340=PLANE('',#11339);
#11341=ORIENTED_EDGE('',*,*,#11120,.F.);
#11342=ORIENTED_EDGE('',*,*,#6466,.T.);
#11343=ORIENTED_EDGE('',*,*,#11223,.T.);
#11344=ORIENTED_EDGE('',*,*,#11252,.F.);
#11345=EDGE_LOOP('',(#11341,#11342,#11343,#11344));
#11346=FACE_OUTER_BOUND('',#11345,.F.);
#11347=ADVANCED_FACE('',(#11346),#11340,.T.);
#11348=CARTESIAN_POINT('',(7.000000000005E0,-5.249958448259E1,-1.44E1));
#11349=DIRECTION('',(0.E0,-1.E0,0.E0));
#11350=DIRECTION('',(-1.E0,0.E0,0.E0));
#11351=AXIS2_PLACEMENT_3D('',#11348,#11349,#11350);
#11352=CYLINDRICAL_SURFACE('',#11351,1.5E0);
#11354=ORIENTED_EDGE('',*,*,#11353,.T.);
#11355=ORIENTED_EDGE('',*,*,#11133,.F.);
#11357=ORIENTED_EDGE('',*,*,#11356,.F.);
#11358=ORIENTED_EDGE('',*,*,#11202,.F.);
#11359=EDGE_LOOP('',(#11354,#11355,#11357,#11358));
#11360=FACE_OUTER_BOUND('',#11359,.F.);
#11361=ADVANCED_FACE('',(#11360),#11352,.F.);
#11362=CARTESIAN_POINT('',(7.000000000005E0,-5.249958448259E1,-1.44E1));
#11363=DIRECTION('',(0.E0,-1.E0,0.E0));
#11364=DIRECTION('',(-1.E0,0.E0,0.E0));
#11365=AXIS2_PLACEMENT_3D('',#11362,#11363,#11364);
#11366=CYLINDRICAL_SURFACE('',#11365,1.5E0);
#11367=ORIENTED_EDGE('',*,*,#11353,.F.);
#11368=ORIENTED_EDGE('',*,*,#11204,.F.);
#11369=ORIENTED_EDGE('',*,*,#11356,.T.);
#11370=ORIENTED_EDGE('',*,*,#11135,.F.);
#11371=EDGE_LOOP('',(#11367,#11368,#11369,#11370));
#11372=FACE_OUTER_BOUND('',#11371,.F.);
#11373=ADVANCED_FACE('',(#11372),#11366,.F.);
#11374=CARTESIAN_POINT('',(-8.199999999999E1,-5.249958448259E1,-1.44E1));
#11375=DIRECTION('',(0.E0,-1.E0,0.E0));
#11376=DIRECTION('',(-1.E0,0.E0,0.E0));
#11377=AXIS2_PLACEMENT_3D('',#11374,#11375,#11376);
#11378=CYLINDRICAL_SURFACE('',#11377,1.5E0);
#11379=ORIENTED_EDGE('',*,*,#11208,.F.);
#11381=ORIENTED_EDGE('',*,*,#11380,.T.);
#11382=ORIENTED_EDGE('',*,*,#11139,.F.);
#11384=ORIENTED_EDGE('',*,*,#11383,.F.);
#11385=EDGE_LOOP('',(#11379,#11381,#11382,#11384));
#11386=FACE_OUTER_BOUND('',#11385,.F.);
#11387=ADVANCED_FACE('',(#11386),#11378,.F.);
#11388=CARTESIAN_POINT('',(-8.199999999999E1,-5.249958448259E1,-1.44E1));
#11389=DIRECTION('',(0.E0,-1.E0,0.E0));
#11390=DIRECTION('',(-1.E0,0.E0,0.E0));
#11391=AXIS2_PLACEMENT_3D('',#11388,#11389,#11390);
#11392=CYLINDRICAL_SURFACE('',#11391,1.5E0);
#11393=ORIENTED_EDGE('',*,*,#11210,.F.);
#11394=ORIENTED_EDGE('',*,*,#11383,.T.);
#11395=ORIENTED_EDGE('',*,*,#11141,.F.);
#11396=ORIENTED_EDGE('',*,*,#11380,.F.);
#11397=EDGE_LOOP('',(#11393,#11394,#11395,#11396));
#11398=FACE_OUTER_BOUND('',#11397,.F.);
#11399=ADVANCED_FACE('',(#11398),#11392,.F.);
#11400=CARTESIAN_POINT('',(-2.25E0,-6.349958448259E1,-6.855979210592E1));
#11401=DIRECTION('',(0.E0,0.E0,1.E0));
#11402=DIRECTION('',(0.E0,-1.E0,0.E0));
#11403=AXIS2_PLACEMENT_3D('',#11400,#11401,#11402);
#11404=CYLINDRICAL_SURFACE('',#11403,1.E0);
#11405=ORIENTED_EDGE('',*,*,#11114,.F.);
#11406=ORIENTED_EDGE('',*,*,#6454,.T.);
#11408=ORIENTED_EDGE('',*,*,#11407,.T.);
#11409=ORIENTED_EDGE('',*,*,#10174,.T.);
#11410=EDGE_LOOP('',(#11405,#11406,#11408,#11409));
#11411=FACE_OUTER_BOUND('',#11410,.F.);
#11412=ADVANCED_FACE('',(#11411),#11404,.F.);
#11413=CARTESIAN_POINT('',(-1.25E0,-3.949958448259E1,3.923E1));
#11414=DIRECTION('',(1.E0,0.E0,0.E0));
#11415=DIRECTION('',(0.E0,-1.E0,0.E0));
#11416=AXIS2_PLACEMENT_3D('',#11413,#11414,#11415);
#11417=PLANE('',#11416);
#11418=ORIENTED_EDGE('',*,*,#11407,.F.);
#11419=ORIENTED_EDGE('',*,*,#6452,.F.);
#11421=ORIENTED_EDGE('',*,*,#11420,.T.);
#11422=ORIENTED_EDGE('',*,*,#10176,.T.);
#11423=EDGE_LOOP('',(#11418,#11419,#11421,#11422));
#11424=FACE_OUTER_BOUND('',#11423,.F.);
#11425=ADVANCED_FACE('',(#11424),#11417,.F.);
#11426=CARTESIAN_POINT('',(-4.25E0,-4.249958448259E1,-6.855979210592E1));
#11427=DIRECTION('',(0.E0,0.E0,1.E0));
#11428=DIRECTION('',(1.E0,0.E0,0.E0));
#11429=AXIS2_PLACEMENT_3D('',#11426,#11427,#11428);
#11430=CYLINDRICAL_SURFACE('',#11429,3.E0);
#11431=ORIENTED_EDGE('',*,*,#11420,.F.);
#11432=ORIENTED_EDGE('',*,*,#6478,.T.);
#11434=ORIENTED_EDGE('',*,*,#11433,.T.);
#11435=ORIENTED_EDGE('',*,*,#10178,.T.);
#11436=EDGE_LOOP('',(#11431,#11432,#11434,#11435));
#11437=FACE_OUTER_BOUND('',#11436,.F.);
#11438=ADVANCED_FACE('',(#11437),#11430,.F.);
#11439=CARTESIAN_POINT('',(-7.125E1,-3.949958448259E1,3.923E1));
#11440=DIRECTION('',(0.E0,1.E0,0.E0));
#11441=DIRECTION('',(1.E0,0.E0,0.E0));
#11442=AXIS2_PLACEMENT_3D('',#11439,#11440,#11441);
#11443=PLANE('',#11442);
#11444=ORIENTED_EDGE('',*,*,#11433,.F.);
#11445=ORIENTED_EDGE('',*,*,#6476,.F.);
#11447=ORIENTED_EDGE('',*,*,#11446,.T.);
#11448=ORIENTED_EDGE('',*,*,#10180,.T.);
#11449=EDGE_LOOP('',(#11444,#11445,#11447,#11448));
#11450=FACE_OUTER_BOUND('',#11449,.F.);
#11451=ADVANCED_FACE('',(#11450),#11443,.F.);
#11452=CARTESIAN_POINT('',(-6.825E1,-4.249958448259E1,-6.855979210592E1));
#11453=DIRECTION('',(0.E0,0.E0,1.E0));
#11454=DIRECTION('',(0.E0,1.E0,0.E0));
#11455=AXIS2_PLACEMENT_3D('',#11452,#11453,#11454);
#11456=CYLINDRICAL_SURFACE('',#11455,3.E0);
#11457=ORIENTED_EDGE('',*,*,#11446,.F.);
#11458=ORIENTED_EDGE('',*,*,#6474,.T.);
#11460=ORIENTED_EDGE('',*,*,#11459,.T.);
#11461=ORIENTED_EDGE('',*,*,#10182,.T.);
#11462=EDGE_LOOP('',(#11457,#11458,#11460,#11461));
#11463=FACE_OUTER_BOUND('',#11462,.F.);
#11464=ADVANCED_FACE('',(#11463),#11456,.F.);
#11465=CARTESIAN_POINT('',(-7.125E1,-6.449958448259E1,3.923E1));
#11466=DIRECTION('',(-1.E0,0.E0,0.E0));
#11467=DIRECTION('',(0.E0,1.E0,0.E0));
#11468=AXIS2_PLACEMENT_3D('',#11465,#11466,#11467);
#11469=PLANE('',#11468);
#11471=ORIENTED_EDGE('',*,*,#11470,.T.);
#11472=ORIENTED_EDGE('',*,*,#10184,.T.);
#11473=ORIENTED_EDGE('',*,*,#11459,.F.);
#11474=ORIENTED_EDGE('',*,*,#6472,.F.);
#11475=EDGE_LOOP('',(#11471,#11472,#11473,#11474));
#11476=FACE_OUTER_BOUND('',#11475,.F.);
#11477=ADVANCED_FACE('',(#11476),#11469,.F.);
#11478=CARTESIAN_POINT('',(-7.025E1,-6.349958448259E1,-6.855979210592E1));
#11479=DIRECTION('',(0.E0,0.E0,1.E0));
#11480=DIRECTION('',(-1.E0,0.E0,0.E0));
#11481=AXIS2_PLACEMENT_3D('',#11478,#11479,#11480);
#11482=CYLINDRICAL_SURFACE('',#11481,1.E0);
#11483=ORIENTED_EDGE('',*,*,#11470,.F.);
#11484=ORIENTED_EDGE('',*,*,#6470,.T.);
#11485=ORIENTED_EDGE('',*,*,#11117,.T.);
#11486=ORIENTED_EDGE('',*,*,#10186,.T.);
#11487=EDGE_LOOP('',(#11483,#11484,#11485,#11486));
#11488=FACE_OUTER_BOUND('',#11487,.F.);
#11489=ADVANCED_FACE('',(#11488),#11482,.F.);
#11490=CARTESIAN_POINT('',(-1.1692E2,4.98E1,-2.149999999998E0));
#11491=DIRECTION('',(0.E0,0.E0,1.E0));
#11492=DIRECTION('',(0.E0,-1.E0,0.E0));
#11493=AXIS2_PLACEMENT_3D('',#11490,#11491,#11492);
#11494=CONICAL_SURFACE('',#11493,1.865E1,4.5E1);
#11495=ORIENTED_EDGE('',*,*,#9871,.F.);
#11496=ORIENTED_EDGE('',*,*,#9869,.F.);
#11498=ORIENTED_EDGE('',*,*,#11497,.F.);
#11500=ORIENTED_EDGE('',*,*,#11499,.T.);
#11502=ORIENTED_EDGE('',*,*,#11501,.T.);
#11504=ORIENTED_EDGE('',*,*,#11503,.T.);
#11505=EDGE_LOOP('',(#11495,#11496,#11498,#11500,#11502,#11504));
#11506=FACE_OUTER_BOUND('',#11505,.F.);
#11507=ADVANCED_FACE('',(#11506),#11494,.F.);
#11508=CARTESIAN_POINT('',(-1.1692E2,4.98E1,-2.149999999998E0));
#11509=DIRECTION('',(0.E0,0.E0,1.E0));
#11510=DIRECTION('',(0.E0,-1.E0,0.E0));
#11511=AXIS2_PLACEMENT_3D('',#11508,#11509,#11510);
#11512=CONICAL_SURFACE('',#11511,1.865E1,4.5E1);
#11513=ORIENTED_EDGE('',*,*,#9875,.F.);
#11514=ORIENTED_EDGE('',*,*,#9873,.F.);
#11515=ORIENTED_EDGE('',*,*,#11503,.F.);
#11517=ORIENTED_EDGE('',*,*,#11516,.T.);
#11519=ORIENTED_EDGE('',*,*,#11518,.T.);
#11520=ORIENTED_EDGE('',*,*,#11497,.T.);
#11521=EDGE_LOOP('',(#11513,#11514,#11515,#11517,#11519,#11520));
#11522=FACE_OUTER_BOUND('',#11521,.F.);
#11523=ADVANCED_FACE('',(#11522),#11512,.F.);
#11524=CARTESIAN_POINT('',(-1.1692E2,4.98E1,-2.7E0));
#11525=DIRECTION('',(0.E0,0.E0,1.E0));
#11526=DIRECTION('',(1.E0,0.E0,0.E0));
#11527=AXIS2_PLACEMENT_3D('',#11524,#11525,#11526);
#11528=CYLINDRICAL_SURFACE('',#11527,1.85E1);
#11529=ORIENTED_EDGE('',*,*,#11518,.F.);
#11530=ORIENTED_EDGE('',*,*,#11516,.F.);
#11532=ORIENTED_EDGE('',*,*,#11531,.F.);
#11534=ORIENTED_EDGE('',*,*,#11533,.F.);
#11536=ORIENTED_EDGE('',*,*,#11535,.T.);
#11537=EDGE_LOOP('',(#11529,#11530,#11532,#11534,#11536));
#11538=FACE_OUTER_BOUND('',#11537,.F.);
#11539=ADVANCED_FACE('',(#11538),#11528,.F.);
#11540=CARTESIAN_POINT('',(-1.1692E2,4.98E1,-2.7E0));
#11541=DIRECTION('',(0.E0,0.E0,1.E0));
#11542=DIRECTION('',(1.E0,0.E0,0.E0));
#11543=AXIS2_PLACEMENT_3D('',#11540,#11541,#11542);
#11544=CYLINDRICAL_SURFACE('',#11543,1.85E1);
#11545=ORIENTED_EDGE('',*,*,#11501,.F.);
#11546=ORIENTED_EDGE('',*,*,#11499,.F.);
#11547=ORIENTED_EDGE('',*,*,#11535,.F.);
#11549=ORIENTED_EDGE('',*,*,#11548,.F.);
#11550=ORIENTED_EDGE('',*,*,#11531,.T.);
#11551=EDGE_LOOP('',(#11545,#11546,#11547,#11549,#11550));
#11552=FACE_OUTER_BOUND('',#11551,.F.);
#11553=ADVANCED_FACE('',(#11552),#11544,.F.);
#11554=CARTESIAN_POINT('',(-1.1692E2,4.98E1,-4.5E0));
#11555=DIRECTION('',(0.E0,0.E0,-1.E0));
#11556=DIRECTION('',(-1.E0,0.E0,0.E0));
#11557=AXIS2_PLACEMENT_3D('',#11554,#11555,#11556);
#11558=PLANE('',#11557);
#11559=ORIENTED_EDGE('',*,*,#11533,.T.);
#11560=ORIENTED_EDGE('',*,*,#11548,.T.);
#11561=EDGE_LOOP('',(#11559,#11560));
#11562=FACE_OUTER_BOUND('',#11561,.F.);
#11564=ORIENTED_EDGE('',*,*,#11563,.T.);
#11566=ORIENTED_EDGE('',*,*,#11565,.T.);
#11568=ORIENTED_EDGE('',*,*,#11567,.T.);
#11570=ORIENTED_EDGE('',*,*,#11569,.T.);
#11571=EDGE_LOOP('',(#11564,#11566,#11568,#11570));
#11572=FACE_BOUND('',#11571,.F.);
#11574=ORIENTED_EDGE('',*,*,#11573,.T.);
#11576=ORIENTED_EDGE('',*,*,#11575,.T.);
#11578=ORIENTED_EDGE('',*,*,#11577,.T.);
#11580=ORIENTED_EDGE('',*,*,#11579,.T.);
#11581=EDGE_LOOP('',(#11574,#11576,#11578,#11580));
#11582=FACE_BOUND('',#11581,.F.);
#11584=ORIENTED_EDGE('',*,*,#11583,.T.);
#11586=ORIENTED_EDGE('',*,*,#11585,.T.);
#11588=ORIENTED_EDGE('',*,*,#11587,.T.);
#11590=ORIENTED_EDGE('',*,*,#11589,.T.);
#11591=EDGE_LOOP('',(#11584,#11586,#11588,#11590));
#11592=FACE_BOUND('',#11591,.F.);
#11594=ORIENTED_EDGE('',*,*,#11593,.T.);
#11596=ORIENTED_EDGE('',*,*,#11595,.T.);
#11598=ORIENTED_EDGE('',*,*,#11597,.T.);
#11600=ORIENTED_EDGE('',*,*,#11599,.T.);
#11601=EDGE_LOOP('',(#11594,#11596,#11598,#11600));
#11602=FACE_BOUND('',#11601,.F.);
#11603=ADVANCED_FACE('',(#11562,#11572,#11582,#11592,#11602),#11558,.F.);
#11604=CARTESIAN_POINT('',(-1.1692E2,4.98E1,-4.649999999999E0));
#11605=DIRECTION('',(0.E0,0.E0,1.E0));
#11606=DIRECTION('',(0.E0,-1.E0,0.E0));
#11607=AXIS2_PLACEMENT_3D('',#11604,#11605,#11606);
#11608=CONICAL_SURFACE('',#11607,1.21E1,4.5E1);
#11609=ORIENTED_EDGE('',*,*,#11565,.F.);
#11610=ORIENTED_EDGE('',*,*,#11563,.F.);
#11612=ORIENTED_EDGE('',*,*,#11611,.F.);
#11614=ORIENTED_EDGE('',*,*,#11613,.T.);
#11616=ORIENTED_EDGE('',*,*,#11615,.T.);
#11618=ORIENTED_EDGE('',*,*,#11617,.T.);
#11619=EDGE_LOOP('',(#11609,#11610,#11612,#11614,#11616,#11618));
#11620=FACE_OUTER_BOUND('',#11619,.F.);
#11621=ADVANCED_FACE('',(#11620),#11608,.F.);
#11622=CARTESIAN_POINT('',(-1.1692E2,4.98E1,-4.649999999999E0));
#11623=DIRECTION('',(0.E0,0.E0,1.E0));
#11624=DIRECTION('',(0.E0,-1.E0,0.E0));
#11625=AXIS2_PLACEMENT_3D('',#11622,#11623,#11624);
#11626=CONICAL_SURFACE('',#11625,1.21E1,4.5E1);
#11627=ORIENTED_EDGE('',*,*,#11569,.F.);
#11628=ORIENTED_EDGE('',*,*,#11567,.F.);
#11629=ORIENTED_EDGE('',*,*,#11617,.F.);
#11631=ORIENTED_EDGE('',*,*,#11630,.T.);
#11633=ORIENTED_EDGE('',*,*,#11632,.T.);
#11634=ORIENTED_EDGE('',*,*,#11611,.T.);
#11635=EDGE_LOOP('',(#11627,#11628,#11629,#11631,#11633,#11634));
#11636=FACE_OUTER_BOUND('',#11635,.F.);
#11637=ADVANCED_FACE('',(#11636),#11626,.F.);
#11638=CARTESIAN_POINT('',(-1.1692E2,4.98E1,-4.4E0));
#11639=DIRECTION('',(0.E0,0.E0,1.E0));
#11640=DIRECTION('',(1.E0,0.E0,0.E0));
#11641=AXIS2_PLACEMENT_3D('',#11638,#11639,#11640);
#11642=CYLINDRICAL_SURFACE('',#11641,1.195E1);
#11643=ORIENTED_EDGE('',*,*,#11632,.F.);
#11644=ORIENTED_EDGE('',*,*,#11630,.F.);
#11646=ORIENTED_EDGE('',*,*,#11645,.F.);
#11648=ORIENTED_EDGE('',*,*,#11647,.F.);
#11650=ORIENTED_EDGE('',*,*,#11649,.T.);
#11651=EDGE_LOOP('',(#11643,#11644,#11646,#11648,#11650));
#11652=FACE_OUTER_BOUND('',#11651,.F.);
#11653=ADVANCED_FACE('',(#11652),#11642,.F.);
#11654=CARTESIAN_POINT('',(-1.1692E2,4.98E1,-4.4E0));
#11655=DIRECTION('',(0.E0,0.E0,1.E0));
#11656=DIRECTION('',(1.E0,0.E0,0.E0));
#11657=AXIS2_PLACEMENT_3D('',#11654,#11655,#11656);
#11658=CYLINDRICAL_SURFACE('',#11657,1.195E1);
#11659=ORIENTED_EDGE('',*,*,#11615,.F.);
#11660=ORIENTED_EDGE('',*,*,#11613,.F.);
#11661=ORIENTED_EDGE('',*,*,#11649,.F.);
#11663=ORIENTED_EDGE('',*,*,#11662,.F.);
#11664=ORIENTED_EDGE('',*,*,#11645,.T.);
#11665=EDGE_LOOP('',(#11659,#11660,#11661,#11663,#11664));
#11666=FACE_OUTER_BOUND('',#11665,.F.);
#11667=ADVANCED_FACE('',(#11666),#11658,.F.);
#11668=CARTESIAN_POINT('',(0.E0,0.E0,-1.105E1));
#11669=DIRECTION('',(0.E0,0.E0,-1.E0));
#11670=DIRECTION('',(-1.E0,0.E0,0.E0));
#11671=AXIS2_PLACEMENT_3D('',#11668,#11669,#11670);
#11672=PLANE('',#11671);
#11673=ORIENTED_EDGE('',*,*,#11647,.T.);
#11674=ORIENTED_EDGE('',*,*,#11662,.T.);
#11675=EDGE_LOOP('',(#11673,#11674));
#11676=FACE_OUTER_BOUND('',#11675,.F.);
#11678=ORIENTED_EDGE('',*,*,#11677,.T.);
#11680=ORIENTED_EDGE('',*,*,#11679,.T.);
#11682=ORIENTED_EDGE('',*,*,#11681,.T.);
#11684=ORIENTED_EDGE('',*,*,#11683,.T.);
#11686=ORIENTED_EDGE('',*,*,#11685,.T.);
#11688=ORIENTED_EDGE('',*,*,#11687,.T.);
#11690=ORIENTED_EDGE('',*,*,#11689,.F.);
#11692=ORIENTED_EDGE('',*,*,#11691,.T.);
#11694=ORIENTED_EDGE('',*,*,#11693,.T.);
#11696=ORIENTED_EDGE('',*,*,#11695,.T.);
#11698=ORIENTED_EDGE('',*,*,#11697,.T.);
#11700=ORIENTED_EDGE('',*,*,#11699,.T.);
#11702=ORIENTED_EDGE('',*,*,#11701,.T.);
#11704=ORIENTED_EDGE('',*,*,#11703,.F.);
#11705=EDGE_LOOP('',(#11678,#11680,#11682,#11684,#11686,#11688,#11690,#11692,
#11694,#11696,#11698,#11700,#11702,#11704));
#11706=FACE_BOUND('',#11705,.F.);
#11707=ADVANCED_FACE('',(#11676,#11706),#11672,.F.);
#11708=CARTESIAN_POINT('',(-1.202744600939E2,5.784948552373E1,
-1.174005208363E1));
#11709=DIRECTION('',(7.815337256121E-1,-6.238629943592E-1,0.E0));
#11710=DIRECTION('',(6.238629943592E-1,7.815337256121E-1,0.E0));
#11711=AXIS2_PLACEMENT_3D('',#11708,#11709,#11710);
#11712=PLANE('',#11711);
#11713=ORIENTED_EDGE('',*,*,#11677,.F.);
#11715=ORIENTED_EDGE('',*,*,#11714,.T.);
#11717=ORIENTED_EDGE('',*,*,#11716,.F.);
#11719=ORIENTED_EDGE('',*,*,#11718,.F.);
#11720=EDGE_LOOP('',(#11713,#11715,#11717,#11719));
#11721=FACE_OUTER_BOUND('',#11720,.F.);
#11722=ADVANCED_FACE('',(#11721),#11712,.T.);
#11723=CARTESIAN_POINT('',(-1.1942E2,5.755709352786E1,-1.16E1));
#11724=DIRECTION('',(-1.E0,0.E0,0.E0));
#11725=DIRECTION('',(0.E0,-1.E0,0.E0));
#11726=AXIS2_PLACEMENT_3D('',#11723,#11724,#11725);
#11727=PLANE('',#11726);
#11728=ORIENTED_EDGE('',*,*,#11714,.F.);
#11729=ORIENTED_EDGE('',*,*,#11703,.T.);
#11731=ORIENTED_EDGE('',*,*,#11730,.T.);
#11732=EDGE_LOOP('',(#11728,#11729,#11731));
#11733=FACE_OUTER_BOUND('',#11732,.F.);
#11734=ADVANCED_FACE('',(#11733),#11727,.F.);
#11735=CARTESIAN_POINT('',(-1.1692E2,5.82E1,-1.26E1));
#11736=DIRECTION('',(0.E0,-7.071067811865E-1,7.071067811865E-1));
#11737=DIRECTION('',(0.E0,-7.071067811865E-1,-7.071067811865E-1));
#11738=AXIS2_PLACEMENT_3D('',#11735,#11736,#11737);
#11739=PLANE('',#11738);
#11741=ORIENTED_EDGE('',*,*,#11740,.F.);
#11743=ORIENTED_EDGE('',*,*,#11742,.T.);
#11745=ORIENTED_EDGE('',*,*,#11744,.F.);
#11747=ORIENTED_EDGE('',*,*,#11746,.F.);
#11749=ORIENTED_EDGE('',*,*,#11748,.T.);
#11751=ORIENTED_EDGE('',*,*,#11750,.F.);
#11753=ORIENTED_EDGE('',*,*,#11752,.T.);
#11754=ORIENTED_EDGE('',*,*,#11716,.T.);
#11755=ORIENTED_EDGE('',*,*,#11730,.F.);
#11756=ORIENTED_EDGE('',*,*,#11701,.F.);
#11757=EDGE_LOOP('',(#11741,#11743,#11745,#11747,#11749,#11751,#11753,#11754,
#11755,#11756));
#11758=FACE_OUTER_BOUND('',#11757,.F.);
#11759=ADVANCED_FACE('',(#11758),#11739,.T.);
#11760=CARTESIAN_POINT('',(-1.1442E2,5.725E1,-1.16E1));
#11761=DIRECTION('',(1.E0,0.E0,0.E0));
#11762=DIRECTION('',(0.E0,1.E0,0.E0));
#11763=AXIS2_PLACEMENT_3D('',#11760,#11761,#11762);
#11764=PLANE('',#11763);
#11766=ORIENTED_EDGE('',*,*,#11765,.F.);
#11767=ORIENTED_EDGE('',*,*,#11740,.T.);
#11768=ORIENTED_EDGE('',*,*,#11699,.F.);
#11769=EDGE_LOOP('',(#11766,#11767,#11768));
#11770=FACE_OUTER_BOUND('',#11769,.F.);
#11771=ADVANCED_FACE('',(#11770),#11764,.F.);
#11772=CARTESIAN_POINT('',(-1.135655399061E2,5.784948552373E1,
-1.174005208363E1));
#11773=DIRECTION('',(-7.815337256121E-1,-6.238629943592E-1,0.E0));
#11774=DIRECTION('',(-6.238629943592E-1,7.815337256121E-1,0.E0));
#11775=AXIS2_PLACEMENT_3D('',#11772,#11773,#11774);
#11776=PLANE('',#11775);
#11777=ORIENTED_EDGE('',*,*,#11765,.T.);
#11778=ORIENTED_EDGE('',*,*,#11697,.F.);
#11780=ORIENTED_EDGE('',*,*,#11779,.F.);
#11781=ORIENTED_EDGE('',*,*,#11742,.F.);
#11782=EDGE_LOOP('',(#11777,#11778,#11780,#11781));
#11783=FACE_OUTER_BOUND('',#11782,.F.);
#11784=ADVANCED_FACE('',(#11783),#11776,.T.);
#11785=CARTESIAN_POINT('',(-1.1692E2,4.98E1,1.4E0));
#11786=DIRECTION('',(0.E0,0.E0,-1.E0));
#11787=DIRECTION('',(-1.E0,0.E0,0.E0));
#11788=AXIS2_PLACEMENT_3D('',#11785,#11786,#11787);
#11789=CYLINDRICAL_SURFACE('',#11788,8.15E0);
#11790=ORIENTED_EDGE('',*,*,#11779,.T.);
#11791=ORIENTED_EDGE('',*,*,#11695,.F.);
#11792=ORIENTED_EDGE('',*,*,#11693,.F.);
#11794=ORIENTED_EDGE('',*,*,#11793,.T.);
#11796=ORIENTED_EDGE('',*,*,#11795,.F.);
#11798=ORIENTED_EDGE('',*,*,#11797,.T.);
#11800=ORIENTED_EDGE('',*,*,#11799,.F.);
#11802=ORIENTED_EDGE('',*,*,#11801,.F.);
#11804=ORIENTED_EDGE('',*,*,#11803,.T.);
#11805=ORIENTED_EDGE('',*,*,#11744,.T.);
#11806=EDGE_LOOP('',(#11790,#11791,#11792,#11794,#11796,#11798,#11800,#11802,
#11804,#11805));
#11807=FACE_OUTER_BOUND('',#11806,.F.);
#11808=ADVANCED_FACE('',(#11807),#11789,.F.);
#11809=CARTESIAN_POINT('',(-1.135655399061E2,4.175051447627E1,
-1.174005208363E1));
#11810=DIRECTION('',(-7.815337256121E-1,6.238629943592E-1,0.E0));
#11811=DIRECTION('',(-6.238629943592E-1,-7.815337256121E-1,0.E0));
#11812=AXIS2_PLACEMENT_3D('',#11809,#11810,#11811);
#11813=PLANE('',#11812);
#11814=ORIENTED_EDGE('',*,*,#11691,.F.);
#11816=ORIENTED_EDGE('',*,*,#11815,.T.);
#11818=ORIENTED_EDGE('',*,*,#11817,.F.);
#11819=ORIENTED_EDGE('',*,*,#11793,.F.);
#11820=EDGE_LOOP('',(#11814,#11816,#11818,#11819));
#11821=FACE_OUTER_BOUND('',#11820,.F.);
#11822=ADVANCED_FACE('',(#11821),#11813,.T.);
#11823=CARTESIAN_POINT('',(-1.1442E2,4.204290647214E1,-1.16E1));
#11824=DIRECTION('',(1.E0,0.E0,0.E0));
#11825=DIRECTION('',(0.E0,1.E0,0.E0));
#11826=AXIS2_PLACEMENT_3D('',#11823,#11824,#11825);
#11827=PLANE('',#11826);
#11828=ORIENTED_EDGE('',*,*,#11815,.F.);
#11829=ORIENTED_EDGE('',*,*,#11689,.T.);
#11831=ORIENTED_EDGE('',*,*,#11830,.T.);
#11832=EDGE_LOOP('',(#11828,#11829,#11831));
#11833=FACE_OUTER_BOUND('',#11832,.F.);
#11834=ADVANCED_FACE('',(#11833),#11827,.F.);
#11835=CARTESIAN_POINT('',(-1.1692E2,4.14E1,-1.26E1));
#11836=DIRECTION('',(0.E0,7.071067811865E-1,7.071067811865E-1));
#11837=DIRECTION('',(0.E0,7.071067811865E-1,-7.071067811865E-1));
#11838=AXIS2_PLACEMENT_3D('',#11835,#11836,#11837);
#11839=PLANE('',#11838);
#11841=ORIENTED_EDGE('',*,*,#11840,.F.);
#11843=ORIENTED_EDGE('',*,*,#11842,.T.);
#11845=ORIENTED_EDGE('',*,*,#11844,.F.);
#11847=ORIENTED_EDGE('',*,*,#11846,.F.);
#11849=ORIENTED_EDGE('',*,*,#11848,.T.);
#11851=ORIENTED_EDGE('',*,*,#11850,.F.);
#11852=ORIENTED_EDGE('',*,*,#11795,.T.);
#11853=ORIENTED_EDGE('',*,*,#11817,.T.);
#11854=ORIENTED_EDGE('',*,*,#11830,.F.);
#11855=ORIENTED_EDGE('',*,*,#11687,.F.);
#11856=EDGE_LOOP('',(#11841,#11843,#11845,#11847,#11849,#11851,#11852,#11853,
#11854,#11855));
#11857=FACE_OUTER_BOUND('',#11856,.F.);
#11858=ADVANCED_FACE('',(#11857),#11839,.T.);
#11859=CARTESIAN_POINT('',(-1.1942E2,4.235E1,-1.16E1));
#11860=DIRECTION('',(-1.E0,0.E0,0.E0));
#11861=DIRECTION('',(0.E0,-1.E0,0.E0));
#11862=AXIS2_PLACEMENT_3D('',#11859,#11860,#11861);
#11863=PLANE('',#11862);
#11865=ORIENTED_EDGE('',*,*,#11864,.F.);
#11866=ORIENTED_EDGE('',*,*,#11840,.T.);
#11867=ORIENTED_EDGE('',*,*,#11685,.F.);
#11868=EDGE_LOOP('',(#11865,#11866,#11867));
#11869=FACE_OUTER_BOUND('',#11868,.F.);
#11870=ADVANCED_FACE('',(#11869),#11863,.F.);
#11871=CARTESIAN_POINT('',(-1.202744600939E2,4.175051447627E1,
-1.174005208363E1));
#11872=DIRECTION('',(7.815337256121E-1,6.238629943592E-1,0.E0));
#11873=DIRECTION('',(6.238629943592E-1,-7.815337256121E-1,0.E0));
#11874=AXIS2_PLACEMENT_3D('',#11871,#11872,#11873);
#11875=PLANE('',#11874);
#11876=ORIENTED_EDGE('',*,*,#11864,.T.);
#11877=ORIENTED_EDGE('',*,*,#11683,.F.);
#11879=ORIENTED_EDGE('',*,*,#11878,.F.);
#11880=ORIENTED_EDGE('',*,*,#11842,.F.);
#11881=EDGE_LOOP('',(#11876,#11877,#11879,#11880));
#11882=FACE_OUTER_BOUND('',#11881,.F.);
#11883=ADVANCED_FACE('',(#11882),#11875,.T.);
#11884=CARTESIAN_POINT('',(-1.1692E2,4.98E1,1.4E0));
#11885=DIRECTION('',(0.E0,0.E0,-1.E0));
#11886=DIRECTION('',(-1.E0,0.E0,0.E0));
#11887=AXIS2_PLACEMENT_3D('',#11884,#11885,#11886);
#11888=CYLINDRICAL_SURFACE('',#11887,8.15E0);
#11889=ORIENTED_EDGE('',*,*,#11718,.T.);
#11890=ORIENTED_EDGE('',*,*,#11752,.F.);
#11892=ORIENTED_EDGE('',*,*,#11891,.T.);
#11894=ORIENTED_EDGE('',*,*,#11893,.F.);
#11896=ORIENTED_EDGE('',*,*,#11895,.F.);
#11898=ORIENTED_EDGE('',*,*,#11897,.T.);
#11899=ORIENTED_EDGE('',*,*,#11844,.T.);
#11900=ORIENTED_EDGE('',*,*,#11878,.T.);
#11901=ORIENTED_EDGE('',*,*,#11681,.F.);
#11902=ORIENTED_EDGE('',*,*,#11679,.F.);
#11903=EDGE_LOOP('',(#11889,#11890,#11892,#11894,#11896,#11898,#11899,#11900,
#11901,#11902));
#11904=FACE_OUTER_BOUND('',#11903,.F.);
#11905=ADVANCED_FACE('',(#11904),#11888,.F.);
#11906=CARTESIAN_POINT('',(-1.1942E2,5.755709352786E1,-1.16E1));
#11907=DIRECTION('',(-1.E0,0.E0,0.E0));
#11908=DIRECTION('',(0.E0,-1.E0,0.E0));
#11909=AXIS2_PLACEMENT_3D('',#11906,#11907,#11908);
#11910=PLANE('',#11909);
#11911=ORIENTED_EDGE('',*,*,#11750,.T.);
#11913=ORIENTED_EDGE('',*,*,#11912,.F.);
#11915=ORIENTED_EDGE('',*,*,#11914,.T.);
#11916=ORIENTED_EDGE('',*,*,#11891,.F.);
#11917=EDGE_LOOP('',(#11911,#11913,#11915,#11916));
#11918=FACE_OUTER_BOUND('',#11917,.F.);
#11919=ADVANCED_FACE('',(#11918),#11910,.T.);
#11920=CARTESIAN_POINT('',(-1.1942E2,5.715E1,-1.16E1));
#11921=DIRECTION('',(0.E0,-1.E0,0.E0));
#11922=DIRECTION('',(1.E0,0.E0,0.E0));
#11923=AXIS2_PLACEMENT_3D('',#11920,#11921,#11922);
#11924=PLANE('',#11923);
#11925=ORIENTED_EDGE('',*,*,#11748,.F.);
#11927=ORIENTED_EDGE('',*,*,#11926,.F.);
#11929=ORIENTED_EDGE('',*,*,#11928,.T.);
#11930=ORIENTED_EDGE('',*,*,#11912,.T.);
#11931=EDGE_LOOP('',(#11925,#11927,#11929,#11930));
#11932=FACE_OUTER_BOUND('',#11931,.F.);
#11933=ADVANCED_FACE('',(#11932),#11924,.T.);
#11934=CARTESIAN_POINT('',(-1.1442E2,5.725E1,-1.16E1));
#11935=DIRECTION('',(1.E0,0.E0,0.E0));
#11936=DIRECTION('',(0.E0,1.E0,0.E0));
#11937=AXIS2_PLACEMENT_3D('',#11934,#11935,#11936);
#11938=PLANE('',#11937);
#11939=ORIENTED_EDGE('',*,*,#11746,.T.);
#11940=ORIENTED_EDGE('',*,*,#11803,.F.);
#11942=ORIENTED_EDGE('',*,*,#11941,.T.);
#11943=ORIENTED_EDGE('',*,*,#11926,.T.);
#11944=EDGE_LOOP('',(#11939,#11940,#11942,#11943));
#11945=FACE_OUTER_BOUND('',#11944,.F.);
#11946=ADVANCED_FACE('',(#11945),#11938,.T.);
#11947=CARTESIAN_POINT('',(0.E0,0.E0,-1.76E1));
#11948=DIRECTION('',(0.E0,0.E0,-1.E0));
#11949=DIRECTION('',(-1.E0,0.E0,0.E0));
#11950=AXIS2_PLACEMENT_3D('',#11947,#11948,#11949);
#11951=PLANE('',#11950);
#11953=ORIENTED_EDGE('',*,*,#11952,.T.);
#11955=ORIENTED_EDGE('',*,*,#11954,.T.);
#11956=EDGE_LOOP('',(#11953,#11955));
#11957=FACE_OUTER_BOUND('',#11956,.F.);
#11958=ORIENTED_EDGE('',*,*,#11801,.T.);
#11959=ORIENTED_EDGE('',*,*,#11799,.T.);
#11961=ORIENTED_EDGE('',*,*,#11960,.F.);
#11963=ORIENTED_EDGE('',*,*,#11962,.F.);
#11965=ORIENTED_EDGE('',*,*,#11964,.F.);
#11966=ORIENTED_EDGE('',*,*,#11895,.T.);
#11967=ORIENTED_EDGE('',*,*,#11893,.T.);
#11968=ORIENTED_EDGE('',*,*,#11914,.F.);
#11969=ORIENTED_EDGE('',*,*,#11928,.F.);
#11970=ORIENTED_EDGE('',*,*,#11941,.F.);
#11971=EDGE_LOOP('',(#11958,#11959,#11961,#11963,#11965,#11966,#11967,#11968,
#11969,#11970));
#11972=FACE_BOUND('',#11971,.F.);
#11973=ADVANCED_FACE('',(#11957,#11972),#11951,.T.);
#11974=CARTESIAN_POINT('',(-1.1692E2,4.98E1,-9.E0));
#11975=DIRECTION('',(0.E0,0.E0,-1.E0));
#11976=DIRECTION('',(-1.E0,0.E0,0.E0));
#11977=AXIS2_PLACEMENT_3D('',#11974,#11975,#11976);
#11978=CYLINDRICAL_SURFACE('',#11977,1.4E1);
#11979=ORIENTED_EDGE('',*,*,#6290,.F.);
#11981=ORIENTED_EDGE('',*,*,#11980,.F.);
#11982=ORIENTED_EDGE('',*,*,#11952,.F.);
#11984=ORIENTED_EDGE('',*,*,#11983,.T.);
#11985=EDGE_LOOP('',(#11979,#11981,#11982,#11984));
#11986=FACE_OUTER_BOUND('',#11985,.F.);
#11987=ADVANCED_FACE('',(#11986),#11978,.T.);
#11988=CARTESIAN_POINT('',(-1.1692E2,4.98E1,-9.E0));
#11989=DIRECTION('',(0.E0,0.E0,-1.E0));
#11990=DIRECTION('',(-1.E0,0.E0,0.E0));
#11991=AXIS2_PLACEMENT_3D('',#11988,#11989,#11990);
#11992=CYLINDRICAL_SURFACE('',#11991,1.4E1);
#11993=ORIENTED_EDGE('',*,*,#6292,.F.);
#11994=ORIENTED_EDGE('',*,*,#11983,.F.);
#11995=ORIENTED_EDGE('',*,*,#11954,.F.);
#11996=ORIENTED_EDGE('',*,*,#11980,.T.);
#11997=EDGE_LOOP('',(#11993,#11994,#11995,#11996));
#11998=FACE_OUTER_BOUND('',#11997,.F.);
#11999=ADVANCED_FACE('',(#11998),#11992,.T.);
#12000=CARTESIAN_POINT('',(-1.1442E2,4.204290647214E1,-1.16E1));
#12001=DIRECTION('',(1.E0,0.E0,0.E0));
#12002=DIRECTION('',(0.E0,1.E0,0.E0));
#12003=AXIS2_PLACEMENT_3D('',#12000,#12001,#12002);
#12004=PLANE('',#12003);
#12005=ORIENTED_EDGE('',*,*,#11850,.T.);
#12007=ORIENTED_EDGE('',*,*,#12006,.F.);
#12008=ORIENTED_EDGE('',*,*,#11960,.T.);
#12009=ORIENTED_EDGE('',*,*,#11797,.F.);
#12010=EDGE_LOOP('',(#12005,#12007,#12008,#12009));
#12011=FACE_OUTER_BOUND('',#12010,.F.);
#12012=ADVANCED_FACE('',(#12011),#12004,.T.);
#12013=CARTESIAN_POINT('',(-1.1442E2,4.245E1,-1.16E1));
#12014=DIRECTION('',(0.E0,1.E0,0.E0));
#12015=DIRECTION('',(-1.E0,0.E0,0.E0));
#12016=AXIS2_PLACEMENT_3D('',#12013,#12014,#12015);
#12017=PLANE('',#12016);
#12018=ORIENTED_EDGE('',*,*,#11848,.F.);
#12020=ORIENTED_EDGE('',*,*,#12019,.F.);
#12021=ORIENTED_EDGE('',*,*,#11962,.T.);
#12022=ORIENTED_EDGE('',*,*,#12006,.T.);
#12023=EDGE_LOOP('',(#12018,#12020,#12021,#12022));
#12024=FACE_OUTER_BOUND('',#12023,.F.);
#12025=ADVANCED_FACE('',(#12024),#12017,.T.);
#12026=CARTESIAN_POINT('',(-1.1942E2,4.235E1,-1.16E1));
#12027=DIRECTION('',(-1.E0,0.E0,0.E0));
#12028=DIRECTION('',(0.E0,-1.E0,0.E0));
#12029=AXIS2_PLACEMENT_3D('',#12026,#12027,#12028);
#12030=PLANE('',#12029);
#12031=ORIENTED_EDGE('',*,*,#11846,.T.);
#12032=ORIENTED_EDGE('',*,*,#11897,.F.);
#12033=ORIENTED_EDGE('',*,*,#11964,.T.);
#12034=ORIENTED_EDGE('',*,*,#12019,.T.);
#12035=EDGE_LOOP('',(#12031,#12032,#12033,#12034));
#12036=FACE_OUTER_BOUND('',#12035,.F.);
#12037=ADVANCED_FACE('',(#12036),#12030,.T.);
#12038=CARTESIAN_POINT('',(-1.1692E2,6.53E1,-4.9E0));
#12039=DIRECTION('',(0.E0,0.E0,1.E0));
#12040=DIRECTION('',(0.E0,-1.E0,0.E0));
#12041=AXIS2_PLACEMENT_3D('',#12038,#12039,#12040);
#12042=CONICAL_SURFACE('',#12041,1.225E0,3.686989764584E1);
#12043=ORIENTED_EDGE('',*,*,#11575,.F.);
#12044=ORIENTED_EDGE('',*,*,#11573,.F.);
#12046=ORIENTED_EDGE('',*,*,#12045,.F.);
#12048=ORIENTED_EDGE('',*,*,#12047,.T.);
#12050=ORIENTED_EDGE('',*,*,#12049,.T.);
#12052=ORIENTED_EDGE('',*,*,#12051,.T.);
#12053=EDGE_LOOP('',(#12043,#12044,#12046,#12048,#12050,#12052));
#12054=FACE_OUTER_BOUND('',#12053,.F.);
#12055=ADVANCED_FACE('',(#12054),#12042,.F.);
#12056=CARTESIAN_POINT('',(-1.1692E2,6.53E1,-4.9E0));
#12057=DIRECTION('',(0.E0,0.E0,1.E0));
#12058=DIRECTION('',(0.E0,-1.E0,0.E0));
#12059=AXIS2_PLACEMENT_3D('',#12056,#12057,#12058);
#12060=CONICAL_SURFACE('',#12059,1.225E0,3.686989764584E1);
#12061=ORIENTED_EDGE('',*,*,#11579,.F.);
#12062=ORIENTED_EDGE('',*,*,#11577,.F.);
#12063=ORIENTED_EDGE('',*,*,#12051,.F.);
#12065=ORIENTED_EDGE('',*,*,#12064,.T.);
#12067=ORIENTED_EDGE('',*,*,#12066,.T.);
#12068=ORIENTED_EDGE('',*,*,#12045,.T.);
#12069=EDGE_LOOP('',(#12061,#12062,#12063,#12065,#12067,#12068));
#12070=FACE_OUTER_BOUND('',#12069,.F.);
#12071=ADVANCED_FACE('',(#12070),#12060,.F.);
#12072=CARTESIAN_POINT('',(-1.1692E2,6.53E1,-7.923585876231E0));
#12073=DIRECTION('',(0.E0,0.E0,1.E0));
#12074=DIRECTION('',(-1.E0,0.E0,0.E0));
#12075=AXIS2_PLACEMENT_3D('',#12072,#12073,#12074);
#12076=CYLINDRICAL_SURFACE('',#12075,9.25E-1);
#12077=ORIENTED_EDGE('',*,*,#12066,.F.);
#12078=ORIENTED_EDGE('',*,*,#12064,.F.);
#12080=ORIENTED_EDGE('',*,*,#12079,.T.);
#12082=ORIENTED_EDGE('',*,*,#12081,.F.);
#12084=ORIENTED_EDGE('',*,*,#12083,.F.);
#12085=EDGE_LOOP('',(#12077,#12078,#12080,#12082,#12084));
#12086=FACE_OUTER_BOUND('',#12085,.F.);
#12087=ADVANCED_FACE('',(#12086),#12076,.F.);
#12088=CARTESIAN_POINT('',(-1.1692E2,6.53E1,-7.923585876231E0));
#12089=DIRECTION('',(0.E0,0.E0,1.E0));
#12090=DIRECTION('',(-1.E0,0.E0,0.E0));
#12091=AXIS2_PLACEMENT_3D('',#12088,#12089,#12090);
#12092=CYLINDRICAL_SURFACE('',#12091,9.25E-1);
#12093=ORIENTED_EDGE('',*,*,#12049,.F.);
#12094=ORIENTED_EDGE('',*,*,#12047,.F.);
#12095=ORIENTED_EDGE('',*,*,#12083,.T.);
#12097=ORIENTED_EDGE('',*,*,#12096,.F.);
#12098=ORIENTED_EDGE('',*,*,#12079,.F.);
#12099=EDGE_LOOP('',(#12093,#12094,#12095,#12097,#12098));
#12100=FACE_OUTER_BOUND('',#12099,.F.);
#12101=ADVANCED_FACE('',(#12100),#12092,.F.);
#12102=CARTESIAN_POINT('',(-1.1692E2,6.53E1,-7.358661722912E0));
#12103=DIRECTION('',(0.E0,0.E0,1.E0));
#12104=DIRECTION('',(-1.E0,0.E0,0.E0));
#12105=AXIS2_PLACEMENT_3D('',#12102,#12103,#12104);
#12106=CONICAL_SURFACE('',#12105,6.609425499236E-1,5.9E1);
#12108=ORIENTED_EDGE('',*,*,#12107,.T.);
#12110=ORIENTED_EDGE('',*,*,#12109,.F.);
#12111=ORIENTED_EDGE('',*,*,#12096,.T.);
#12112=EDGE_LOOP('',(#12108,#12110,#12111));
#12113=FACE_OUTER_BOUND('',#12112,.F.);
#12114=ADVANCED_FACE('',(#12113),#12106,.F.);
#12115=CARTESIAN_POINT('',(-1.1692E2,6.53E1,-7.358661722912E0));
#12116=DIRECTION('',(0.E0,0.E0,1.E0));
#12117=DIRECTION('',(-1.E0,0.E0,0.E0));
#12118=AXIS2_PLACEMENT_3D('',#12115,#12116,#12117);
#12119=CONICAL_SURFACE('',#12118,6.609425499236E-1,5.9E1);
#12120=ORIENTED_EDGE('',*,*,#12107,.F.);
#12121=ORIENTED_EDGE('',*,*,#12081,.T.);
#12122=ORIENTED_EDGE('',*,*,#12109,.T.);
#12123=EDGE_LOOP('',(#12120,#12121,#12122));
#12124=FACE_OUTER_BOUND('',#12123,.F.);
#12125=ADVANCED_FACE('',(#12124),#12119,.F.);
#12126=CARTESIAN_POINT('',(-1.034966062413E2,4.205E1,-4.9E0));
#12127=DIRECTION('',(0.E0,0.E0,1.E0));
#12128=DIRECTION('',(0.E0,-1.E0,0.E0));
#12129=AXIS2_PLACEMENT_3D('',#12126,#12127,#12128);
#12130=CONICAL_SURFACE('',#12129,1.225E0,3.686989764584E1);
#12131=ORIENTED_EDGE('',*,*,#11585,.F.);
#12132=ORIENTED_EDGE('',*,*,#11583,.F.);
#12134=ORIENTED_EDGE('',*,*,#12133,.F.);
#12136=ORIENTED_EDGE('',*,*,#12135,.T.);
#12138=ORIENTED_EDGE('',*,*,#12137,.T.);
#12140=ORIENTED_EDGE('',*,*,#12139,.T.);
#12141=EDGE_LOOP('',(#12131,#12132,#12134,#12136,#12138,#12140));
#12142=FACE_OUTER_BOUND('',#12141,.F.);
#12143=ADVANCED_FACE('',(#12142),#12130,.F.);
#12144=CARTESIAN_POINT('',(-1.034966062413E2,4.205E1,-4.9E0));
#12145=DIRECTION('',(0.E0,0.E0,1.E0));
#12146=DIRECTION('',(0.E0,-1.E0,0.E0));
#12147=AXIS2_PLACEMENT_3D('',#12144,#12145,#12146);
#12148=CONICAL_SURFACE('',#12147,1.225E0,3.686989764584E1);
#12149=ORIENTED_EDGE('',*,*,#11589,.F.);
#12150=ORIENTED_EDGE('',*,*,#11587,.F.);
#12151=ORIENTED_EDGE('',*,*,#12139,.F.);
#12153=ORIENTED_EDGE('',*,*,#12152,.T.);
#12155=ORIENTED_EDGE('',*,*,#12154,.T.);
#12156=ORIENTED_EDGE('',*,*,#12133,.T.);
#12157=EDGE_LOOP('',(#12149,#12150,#12151,#12153,#12155,#12156));
#12158=FACE_OUTER_BOUND('',#12157,.F.);
#12159=ADVANCED_FACE('',(#12158),#12148,.F.);
#12160=CARTESIAN_POINT('',(-1.034966062413E2,4.205E1,-7.923585876231E0));
#12161=DIRECTION('',(0.E0,0.E0,1.E0));
#12162=DIRECTION('',(-1.E0,0.E0,0.E0));
#12163=AXIS2_PLACEMENT_3D('',#12160,#12161,#12162);
#12164=CYLINDRICAL_SURFACE('',#12163,9.25E-1);
#12165=ORIENTED_EDGE('',*,*,#12154,.F.);
#12166=ORIENTED_EDGE('',*,*,#12152,.F.);
#12168=ORIENTED_EDGE('',*,*,#12167,.T.);
#12170=ORIENTED_EDGE('',*,*,#12169,.F.);
#12172=ORIENTED_EDGE('',*,*,#12171,.F.);
#12173=EDGE_LOOP('',(#12165,#12166,#12168,#12170,#12172));
#12174=FACE_OUTER_BOUND('',#12173,.F.);
#12175=ADVANCED_FACE('',(#12174),#12164,.F.);
#12176=CARTESIAN_POINT('',(-1.034966062413E2,4.205E1,-7.923585876231E0));
#12177=DIRECTION('',(0.E0,0.E0,1.E0));
#12178=DIRECTION('',(-1.E0,0.E0,0.E0));
#12179=AXIS2_PLACEMENT_3D('',#12176,#12177,#12178);
#12180=CYLINDRICAL_SURFACE('',#12179,9.25E-1);
#12181=ORIENTED_EDGE('',*,*,#12137,.F.);
#12182=ORIENTED_EDGE('',*,*,#12135,.F.);
#12183=ORIENTED_EDGE('',*,*,#12171,.T.);
#12185=ORIENTED_EDGE('',*,*,#12184,.F.);
#12186=ORIENTED_EDGE('',*,*,#12167,.F.);
#12187=EDGE_LOOP('',(#12181,#12182,#12183,#12185,#12186));
#12188=FACE_OUTER_BOUND('',#12187,.F.);
#12189=ADVANCED_FACE('',(#12188),#12180,.F.);
#12190=CARTESIAN_POINT('',(-1.034966062413E2,4.205E1,-7.358661722912E0));
#12191=DIRECTION('',(0.E0,0.E0,1.E0));
#12192=DIRECTION('',(-1.E0,0.E0,0.E0));
#12193=AXIS2_PLACEMENT_3D('',#12190,#12191,#12192);
#12194=CONICAL_SURFACE('',#12193,6.609425499236E-1,5.9E1);
#12196=ORIENTED_EDGE('',*,*,#12195,.T.);
#12198=ORIENTED_EDGE('',*,*,#12197,.F.);
#12199=ORIENTED_EDGE('',*,*,#12184,.T.);
#12200=EDGE_LOOP('',(#12196,#12198,#12199));
#12201=FACE_OUTER_BOUND('',#12200,.F.);
#12202=ADVANCED_FACE('',(#12201),#12194,.F.);
#12203=CARTESIAN_POINT('',(-1.034966062413E2,4.205E1,-7.358661722912E0));
#12204=DIRECTION('',(0.E0,0.E0,1.E0));
#12205=DIRECTION('',(-1.E0,0.E0,0.E0));
#12206=AXIS2_PLACEMENT_3D('',#12203,#12204,#12205);
#12207=CONICAL_SURFACE('',#12206,6.609425499236E-1,5.9E1);
#12208=ORIENTED_EDGE('',*,*,#12195,.F.);
#12209=ORIENTED_EDGE('',*,*,#12169,.T.);
#12210=ORIENTED_EDGE('',*,*,#12197,.T.);
#12211=EDGE_LOOP('',(#12208,#12209,#12210));
#12212=FACE_OUTER_BOUND('',#12211,.F.);
#12213=ADVANCED_FACE('',(#12212),#12207,.F.);
#12214=CARTESIAN_POINT('',(-1.303433937587E2,4.205E1,-4.9E0));
#12215=DIRECTION('',(0.E0,0.E0,1.E0));
#12216=DIRECTION('',(0.E0,-1.E0,0.E0));
#12217=AXIS2_PLACEMENT_3D('',#12214,#12215,#12216);
#12218=CONICAL_SURFACE('',#12217,1.225E0,3.686989764584E1);
#12219=ORIENTED_EDGE('',*,*,#11595,.F.);
#12220=ORIENTED_EDGE('',*,*,#11593,.F.);
#12222=ORIENTED_EDGE('',*,*,#12221,.F.);
#12224=ORIENTED_EDGE('',*,*,#12223,.T.);
#12226=ORIENTED_EDGE('',*,*,#12225,.T.);
#12228=ORIENTED_EDGE('',*,*,#12227,.T.);
#12229=EDGE_LOOP('',(#12219,#12220,#12222,#12224,#12226,#12228));
#12230=FACE_OUTER_BOUND('',#12229,.F.);
#12231=ADVANCED_FACE('',(#12230),#12218,.F.);
#12232=CARTESIAN_POINT('',(-1.303433937587E2,4.205E1,-4.9E0));
#12233=DIRECTION('',(0.E0,0.E0,1.E0));
#12234=DIRECTION('',(0.E0,-1.E0,0.E0));
#12235=AXIS2_PLACEMENT_3D('',#12232,#12233,#12234);
#12236=CONICAL_SURFACE('',#12235,1.225E0,3.686989764584E1);
#12237=ORIENTED_EDGE('',*,*,#11599,.F.);
#12238=ORIENTED_EDGE('',*,*,#11597,.F.);
#12239=ORIENTED_EDGE('',*,*,#12227,.F.);
#12241=ORIENTED_EDGE('',*,*,#12240,.T.);
#12243=ORIENTED_EDGE('',*,*,#12242,.T.);
#12244=ORIENTED_EDGE('',*,*,#12221,.T.);
#12245=EDGE_LOOP('',(#12237,#12238,#12239,#12241,#12243,#12244));
#12246=FACE_OUTER_BOUND('',#12245,.F.);
#12247=ADVANCED_FACE('',(#12246),#12236,.F.);
#12248=CARTESIAN_POINT('',(-1.303433937587E2,4.205E1,-7.923585876231E0));
#12249=DIRECTION('',(0.E0,0.E0,1.E0));
#12250=DIRECTION('',(-1.E0,0.E0,0.E0));
#12251=AXIS2_PLACEMENT_3D('',#12248,#12249,#12250);
#12252=CYLINDRICAL_SURFACE('',#12251,9.25E-1);
#12253=ORIENTED_EDGE('',*,*,#12242,.F.);
#12254=ORIENTED_EDGE('',*,*,#12240,.F.);
#12256=ORIENTED_EDGE('',*,*,#12255,.T.);
#12258=ORIENTED_EDGE('',*,*,#12257,.F.);
#12260=ORIENTED_EDGE('',*,*,#12259,.F.);
#12261=EDGE_LOOP('',(#12253,#12254,#12256,#12258,#12260));
#12262=FACE_OUTER_BOUND('',#12261,.F.);
#12263=ADVANCED_FACE('',(#12262),#12252,.F.);
#12264=CARTESIAN_POINT('',(-1.303433937587E2,4.205E1,-7.923585876231E0));
#12265=DIRECTION('',(0.E0,0.E0,1.E0));
#12266=DIRECTION('',(-1.E0,0.E0,0.E0));
#12267=AXIS2_PLACEMENT_3D('',#12264,#12265,#12266);
#12268=CYLINDRICAL_SURFACE('',#12267,9.25E-1);
#12269=ORIENTED_EDGE('',*,*,#12225,.F.);
#12270=ORIENTED_EDGE('',*,*,#12223,.F.);
#12271=ORIENTED_EDGE('',*,*,#12259,.T.);
#12273=ORIENTED_EDGE('',*,*,#12272,.F.);
#12274=ORIENTED_EDGE('',*,*,#12255,.F.);
#12275=EDGE_LOOP('',(#12269,#12270,#12271,#12273,#12274));
#12276=FACE_OUTER_BOUND('',#12275,.F.);
#12277=ADVANCED_FACE('',(#12276),#12268,.F.);
#12278=CARTESIAN_POINT('',(-1.303433937587E2,4.205E1,-7.358661722912E0));
#12279=DIRECTION('',(0.E0,0.E0,1.E0));
#12280=DIRECTION('',(-1.E0,0.E0,0.E0));
#12281=AXIS2_PLACEMENT_3D('',#12278,#12279,#12280);
#12282=CONICAL_SURFACE('',#12281,6.609425499236E-1,5.9E1);
#12284=ORIENTED_EDGE('',*,*,#12283,.T.);
#12286=ORIENTED_EDGE('',*,*,#12285,.F.);
#12287=ORIENTED_EDGE('',*,*,#12272,.T.);
#12288=EDGE_LOOP('',(#12284,#12286,#12287));
#12289=FACE_OUTER_BOUND('',#12288,.F.);
#12290=ADVANCED_FACE('',(#12289),#12282,.F.);
#12291=CARTESIAN_POINT('',(-1.303433937587E2,4.205E1,-7.358661722912E0));
#12292=DIRECTION('',(0.E0,0.E0,1.E0));
#12293=DIRECTION('',(-1.E0,0.E0,0.E0));
#12294=AXIS2_PLACEMENT_3D('',#12291,#12292,#12293);
#12295=CONICAL_SURFACE('',#12294,6.609425499236E-1,5.9E1);
#12296=ORIENTED_EDGE('',*,*,#12283,.F.);
#12297=ORIENTED_EDGE('',*,*,#12257,.T.);
#12298=ORIENTED_EDGE('',*,*,#12285,.T.);
#12299=EDGE_LOOP('',(#12296,#12297,#12298));
#12300=FACE_OUTER_BOUND('',#12299,.F.);
#12301=ADVANCED_FACE('',(#12300),#12295,.F.);
#12302=CARTESIAN_POINT('',(-9.625283140804E1,-7.965684590445E1,
-4.019731340346E-2));
#12303=CARTESIAN_POINT('',(-9.626002074222E1,-8.011460084456E1,
-3.672850385010E-1));
#12304=CARTESIAN_POINT('',(-9.626721007639E1,-8.057235578466E1,
-6.943727635984E-1));
#12305=CARTESIAN_POINT('',(-9.627439941056E1,-8.103011072477E1,
-1.021460488696E0));
#12306=CARTESIAN_POINT('',(-9.627152433414E1,-7.965649535873E1,
-4.019731339650E-2));
#12307=CARTESIAN_POINT('',(-9.627558193989E1,-8.011435648715E1,
-3.672850383686E-1));
#12308=CARTESIAN_POINT('',(-9.627963954565E1,-8.057221761557E1,
-6.943727633407E-1));
#12309=CARTESIAN_POINT('',(-9.628369715140E1,-8.103007874398E1,
-1.021460488313E0));
#12310=CARTESIAN_POINT('',(-9.629038699127E1,-7.965629722836E1,
-4.019731339693E-2));
#12311=CARTESIAN_POINT('',(-9.629128191553E1,-8.011421835908E1,
-3.672850385265E-1));
#12312=CARTESIAN_POINT('',(-9.629217683978E1,-8.057213948981E1,
-6.943727636560E-1));
#12313=CARTESIAN_POINT('',(-9.629307176404E1,-8.103006062053E1,
-1.021460488786E0));
#12314=CARTESIAN_POINT('',(-9.630945605274E1,-7.965627801313E1,
-4.019731339684E-2));
#12315=CARTESIAN_POINT('',(-9.630715276443E1,-8.011420496630E1,
-3.672850385272E-1));
#12316=CARTESIAN_POINT('',(-9.630484947612E1,-8.057213191947E1,
-6.943727636575E-1));
#12317=CARTESIAN_POINT('',(-9.630254618781E1,-8.103005887264E1,
-1.021460488788E0));
#12318=CARTESIAN_POINT('',(-9.646059423094E1,-7.965615296206E1,
-4.019731339701E-2));
#12319=CARTESIAN_POINT('',(-9.643294231003E1,-8.011411781218E1,
-3.672850385257E-1));
#12320=CARTESIAN_POINT('',(-9.640529038912E1,-8.057208266228E1,
-6.943727636547E-1));
#12321=CARTESIAN_POINT('',(-9.637763846821E1,-8.103004751239E1,
-1.021460488783E0));
#12322=CARTESIAN_POINT('',(-9.676221916410E1,-7.967882489234E1,
-4.019731339676E-2));
#12323=CARTESIAN_POINT('',(-9.668386735498E1,-8.012992311207E1,
-3.672850385278E-1));
#12324=CARTESIAN_POINT('',(-9.660551554586E1,-8.058102133180E1,
-6.943727636588E-1));
#12325=CARTESIAN_POINT('',(-9.652716373674E1,-8.103211955154E1,
-1.021460488790E0));
#12326=CARTESIAN_POINT('',(-9.711714979611E1,-7.982152857278E1,
-4.019731339685E-2));
#12327=CARTESIAN_POINT('',(-9.698305902067E1,-8.022939978964E1,
-3.672850385271E-1));
#12328=CARTESIAN_POINT('',(-9.684896824522E1,-8.063727100650E1,
-6.943727636574E-1));
#12329=CARTESIAN_POINT('',(-9.671487746977E1,-8.104514222337E1,
-1.021460488788E0));
#12330=CARTESIAN_POINT('',(-9.732584090196E1,-8.003829754654E1,
-4.019731339684E-2));
#12331=CARTESIAN_POINT('',(-9.717247440261E1,-8.038079546119E1,
-3.672850385271E-1));
#12332=CARTESIAN_POINT('',(-9.701910790327E1,-8.072329337584E1,
-6.943727636574E-1));
#12333=CARTESIAN_POINT('',(-9.686574140392E1,-8.106579129049E1,
-1.021460488788E0));
#12334=CARTESIAN_POINT('',(-9.742628989296E1,-8.023494401203E1,
-4.019731339684E-2));
#12335=CARTESIAN_POINT('',(-9.727735800687E1,-8.051917807751E1,
-3.672850385271E-1));
#12336=CARTESIAN_POINT('',(-9.712842612078E1,-8.080341214299E1,
-6.943727636574E-1));
#12337=CARTESIAN_POINT('',(-9.697949423469E1,-8.108764620848E1,
-1.021460488788E0));
#12338=CARTESIAN_POINT('',(-9.747939295036E1,-8.044749542591E1,
-4.019731339682E-2));
#12339=CARTESIAN_POINT('',(-9.735075178130E1,-8.067072222044E1,
-3.672850385271E-1));
#12340=CARTESIAN_POINT('',(-9.722211061224E1,-8.089394901497E1,
-6.943727636574E-1));
#12341=CARTESIAN_POINT('',(-9.709346944318E1,-8.111717580950E1,
-1.021460488788E0));
#12342=CARTESIAN_POINT('',(-9.749216106230E1,-8.067151528375E1,
-4.019731339690E-2));
#12343=CARTESIAN_POINT('',(-9.739768590681E1,-8.083441224554E1,
-3.672850385271E-1));
#12344=CARTESIAN_POINT('',(-9.730321075132E1,-8.099730920734E1,
-6.943727636574E-1));
#12345=CARTESIAN_POINT('',(-9.720873559583E1,-8.116020616913E1,
-1.021460488788E0));
#12346=CARTESIAN_POINT('',(-9.749226175082E1,-8.089916140684E1,
-4.019731339664E-2));
#12347=CARTESIAN_POINT('',(-9.743571995236E1,-8.100737732012E1,
-3.672850385270E-1));
#12348=CARTESIAN_POINT('',(-9.737917815391E1,-8.111559323339E1,
-6.943727636575E-1));
#12349=CARTESIAN_POINT('',(-9.732263635546E1,-8.122380914666E1,
-1.021460488788E0));
#12350=CARTESIAN_POINT('',(-9.749712726919E1,-8.112929619237E1,
-4.019731339770E-2));
#12351=CARTESIAN_POINT('',(-9.747249422768E1,-8.119261491013E1,
-3.672850385281E-1));
#12352=CARTESIAN_POINT('',(-9.744786118616E1,-8.125593362789E1,
-6.943727636585E-1));
#12353=CARTESIAN_POINT('',(-9.742322814464E1,-8.131925234566E1,
-1.021460488789E0));
#12354=CARTESIAN_POINT('',(-9.750063922111E1,-8.135714698363E1,
-4.019731339452E-2));
#12355=CARTESIAN_POINT('',(-9.749614385499E1,-8.138629974220E1,
-3.672850385246E-1));
#12356=CARTESIAN_POINT('',(-9.749164848887E1,-8.141545250078E1,
-6.943727636546E-1));
#12357=CARTESIAN_POINT('',(-9.748715312275E1,-8.144460525935E1,
-1.021460488785E0));
#12358=CARTESIAN_POINT('',(-9.750293643181E1,-8.150824119083E1,
-4.019731340230E-2));
#12359=CARTESIAN_POINT('',(-9.750305850797E1,-8.151783943746E1,
-3.672850385329E-1));
#12360=CARTESIAN_POINT('',(-9.750318058413E1,-8.152743768408E1,
-6.943727636635E-1));
#12361=CARTESIAN_POINT('',(-9.750330266029E1,-8.153703593070E1,
-1.021460488794E0));
#12362=CARTESIAN_POINT('',(-9.750419355834E1,-8.160074893969E1,
-4.019731339559E-2));
#12363=CARTESIAN_POINT('',(-9.750416429353E1,-8.159845876151E1,
-3.672850385258E-1));
#12364=CARTESIAN_POINT('',(-9.750413502871E1,-8.159616858334E1,
-6.943727636559E-1));
#12365=CARTESIAN_POINT('',(-9.750410576389E1,-8.159387840516E1,
-1.021460488786E0));
#12366=CARTESIAN_POINT('',(-9.750442465187E1,-8.161773135374E1,
-4.019731439870E-2));
#12367=CARTESIAN_POINT('',(-9.750434141042E1,-8.161325991087E1,
-3.672850396173E-1));
#12368=CARTESIAN_POINT('',(-9.750425816897E1,-8.160878846801E1,
-6.943727648360E-1));
#12369=CARTESIAN_POINT('',(-9.750417492753E1,-8.160431702514E1,
-1.021460490055E0));
#12370=CARTESIAN_POINT('',(-9.750622130501E1,-8.163431972712E1,
-4.019753087139E-2));
#12371=CARTESIAN_POINT('',(-9.753017381303E1,-8.162715185325E1,
-3.672853840082E-1));
#12372=CARTESIAN_POINT('',(-9.755412632105E1,-8.161998397939E1,
-6.943732371450E-1));
#12373=CARTESIAN_POINT('',(-9.757807882907E1,-8.161281610552E1,
-1.021461090282E0));
#12374=B_SPLINE_SURFACE_WITH_KNOTS('',3,3,((#12302,#12303,#12304,#12305),
(#12306,#12307,#12308,#12309),(#12310,#12311,#12312,#12313),(#12314,#12315,
#12316,#12317),(#12318,#12319,#12320,#12321),(#12322,#12323,#12324,#12325),(
#12326,#12327,#12328,#12329),(#12330,#12331,#12332,#12333),(#12334,#12335,
#12336,#12337),(#12338,#12339,#12340,#12341),(#12342,#12343,#12344,#12345),(
#12346,#12347,#12348,#12349),(#12350,#12351,#12352,#12353),(#12354,#12355,
#12356,#12357),(#12358,#12359,#12360,#12361),(#12362,#12363,#12364,#12365),(
#12366,#12367,#12368,#12369),(#12370,#12371,#12372,#12373)),.UNSPECIFIED.,.F.,
.F.,.F.,(4,1,1,1,1,1,1,1,1,1,1,1,1,1,1,4),(4,4),(-2.000000000010E-2,0.E0,
1.670697955114E-4,3.826180417516E-4,1.615484579802E-1,3.219486879210E-1,
4.021488028914E-1,4.823489178618E-1,5.625490328322E-1,6.427491478026E-1,
7.320419707960E-1,8.213347937895E-1,9.106276167827E-1,9.999204397761E-1,1.E0,
1.02E0),(-1.147058685317E-3,1.000022491347E0),.UNSPECIFIED.);
#12375=ORIENTED_EDGE('',*,*,#7664,.T.);
#12376=ORIENTED_EDGE('',*,*,#6699,.T.);
#12378=ORIENTED_EDGE('',*,*,#12377,.F.);
#12380=ORIENTED_EDGE('',*,*,#12379,.T.);
#12382=ORIENTED_EDGE('',*,*,#12381,.T.);
#12383=ORIENTED_EDGE('',*,*,#7586,.T.);
#12384=EDGE_LOOP('',(#12375,#12376,#12378,#12380,#12382,#12383));
#12385=FACE_OUTER_BOUND('',#12384,.F.);
#12386=ADVANCED_FACE('',(#12385),#12374,.T.);
#12387=CARTESIAN_POINT('',(-9.760195679603E1,-7.753974249474E1,
-9.757604995396E0));
#12388=CARTESIAN_POINT('',(-9.759708504375E1,-7.760055547422E1,
-9.697159735797E0));
#12389=CARTESIAN_POINT('',(-9.757958951248E1,-7.782410364758E1,
-9.481259659437E0));
#12390=CARTESIAN_POINT('',(-9.754218858791E1,-7.835555662103E1,
-8.944296299328E0));
#12391=CARTESIAN_POINT('',(-9.750276702404E1,-7.908675222056E1,
-8.119219907519E0));
#12392=CARTESIAN_POINT('',(-9.748009400800E1,-7.974871894395E1,
-7.233669250233E0));
#12393=CARTESIAN_POINT('',(-9.746970162486E1,-8.022736624165E1,
-6.483404298733E0));
#12394=CARTESIAN_POINT('',(-9.746517836451E1,-8.055969192792E1,
-5.896297522104E0));
#12395=CARTESIAN_POINT('',(-9.746329841709E1,-8.085932782398E1,
-5.289719369036E0));
#12396=CARTESIAN_POINT('',(-9.746339259955E1,-8.120785868680E1,
-4.463087483196E0));
#12397=CARTESIAN_POINT('',(-9.746672253268E1,-8.154592772811E1,
-3.394412095058E0));
#12398=CARTESIAN_POINT('',(-9.746972255696E1,-8.172233371506E1,
-2.380273410055E0));
#12399=CARTESIAN_POINT('',(-9.747078961294E1,-8.178090234952E1,
-1.702839536248E0));
#12400=CARTESIAN_POINT('',(-9.747107405103E1,-8.179596298292E1,
-1.416050459732E0));
#12401=CARTESIAN_POINT('',(-9.747123888056E1,-8.180465766557E1,
-1.093874287447E0));
#12402=CARTESIAN_POINT('',(-9.747121735444E1,-8.180349323025E1,
-8.821453999344E-1));
#12403=CARTESIAN_POINT('',(-9.747117848197E1,-8.180150968200E1,
-7.460484705766E-1));
#12404=CARTESIAN_POINT('',(-9.782652938337E1,-7.707956833524E1,
-9.256998753575E0));
#12405=CARTESIAN_POINT('',(-9.782008365490E1,-7.714885882803E1,
-9.191981821572E0));
#12406=CARTESIAN_POINT('',(-9.780025476745E1,-7.736808440266E1,
-8.984588559650E0));
#12407=CARTESIAN_POINT('',(-9.775779716325E1,-7.788163185940E1,
-8.474847205408E0));
#12408=CARTESIAN_POINT('',(-9.771039372945E1,-7.859095893076E1,
-7.690739180874E0));
#12409=CARTESIAN_POINT('',(-9.767981576354E1,-7.923023812160E1,
-6.853779939267E0));
#12410=CARTESIAN_POINT('',(-9.766325995561E1,-7.969215004473E1,
-6.146473461452E0));
#12411=CARTESIAN_POINT('',(-9.765426011054E1,-8.001255494850E1,
-5.593978722863E0));
#12412=CARTESIAN_POINT('',(-9.764816271797E1,-8.030129250046E1,
-5.024085595418E0));
#12413=CARTESIAN_POINT('',(-9.764316448613E1,-8.063704176646E1,
-4.248386442732E0));
#12414=CARTESIAN_POINT('',(-9.764128315357E1,-8.096267141231E1,
-3.246672912231E0));
#12415=CARTESIAN_POINT('',(-9.764145169303E1,-8.113289662641E1,
-2.296211744929E0));
#12416=CARTESIAN_POINT('',(-9.764157407225E1,-8.118948018713E1,
-1.660216702757E0));
#12417=CARTESIAN_POINT('',(-9.764161480133E1,-8.120404018664E1,
-1.391260121433E0));
#12418=CARTESIAN_POINT('',(-9.764163894426E1,-8.121245025025E1,
-1.087467338749E0));
#12419=CARTESIAN_POINT('',(-9.764163622627E1,-8.121132536892E1,
-8.938405240596E-1));
#12420=CARTESIAN_POINT('',(-9.764162952863E1,-8.120940366498E1,
-7.317562509107E-1));
#12421=CARTESIAN_POINT('',(-9.733658722792E1,-7.684767562908E1,
-9.058160715009E0));
#12422=CARTESIAN_POINT('',(-9.733002100070E1,-7.692057573850E1,
-8.990586968526E0));
#12423=CARTESIAN_POINT('',(-9.730989396491E1,-7.714010957878E1,
-8.785472739813E0));
#12424=CARTESIAN_POINT('',(-9.726679621639E1,-7.765134545234E1,
-8.284269205302E0));
#12425=CARTESIAN_POINT('',(-9.721861051637E1,-7.835765517924E1,
-7.513229764503E0));
#12426=CARTESIAN_POINT('',(-9.718744824519E1,-7.899186291629E1,
-6.693155900321E0));
#12427=CARTESIAN_POINT('',(-9.717052161516E1,-7.944922875630E1,
-6.001670141828E0));
#12428=CARTESIAN_POINT('',(-9.716128762600E1,-7.976597579869E1,
-5.462406987220E0));
#12429=CARTESIAN_POINT('',(-9.715499734794E1,-8.005096881339E1,
-4.907078701599E0));
#12430=CARTESIAN_POINT('',(-9.714979371694E1,-8.038190207447E1,
-4.152310048302E0));
#12431=CARTESIAN_POINT('',(-9.714773980841E1,-8.070220707570E1,
-3.179362081068E0));
#12432=CARTESIAN_POINT('',(-9.714782843294E1,-8.086945309395E1,
-2.257647613928E0));
#12433=CARTESIAN_POINT('',(-9.714792491942E1,-8.092506417106E1,
-1.640618188512E0));
#12434=CARTESIAN_POINT('',(-9.714795907520E1,-8.093937591063E1,
-1.379853364773E0));
#12435=CARTESIAN_POINT('',(-9.714797943087E1,-8.094764463019E1,
-1.084517212851E0));
#12436=CARTESIAN_POINT('',(-9.714797722513E1,-8.094653920696E1,
-8.992242705141E-1));
#12437=CARTESIAN_POINT('',(-9.714797137994E1,-8.094464863754E1,
-7.251766740394E-1));
#12438=CARTESIAN_POINT('',(-9.613213032964E1,-7.684406437627E1,
-9.161090879699E0));
#12439=CARTESIAN_POINT('',(-9.612689708114E1,-7.691570620561E1,
-9.092975176656E0));
#12440=CARTESIAN_POINT('',(-9.610850710489E1,-7.714017917594E1,
-8.883912199931E0));
#12441=CARTESIAN_POINT('',(-9.606918574732E1,-7.766469739990E1,
-8.372562299005E0));
#12442=CARTESIAN_POINT('',(-9.602741738478E1,-7.838684096599E1,
-7.586691658402E0));
#12443=CARTESIAN_POINT('',(-9.600299145296E1,-7.903359332803E1,
-6.751797133397E0));
#12444=CARTESIAN_POINT('',(-9.599148660351E1,-7.949860237639E1,
-6.048994339864E0));
#12445=CARTESIAN_POINT('',(-9.598626091089E1,-7.981995447849E1,
-5.501582315170E0));
#12446=CARTESIAN_POINT('',(-9.598380230696E1,-8.010835676278E1,
-4.938698687582E0));
#12447=CARTESIAN_POINT('',(-9.598328029200E1,-8.044243961085E1,
-4.174858299910E0));
#12448=CARTESIAN_POINT('',(-9.598609249722E1,-8.076453471831E1,
-3.192479601571E0));
#12449=CARTESIAN_POINT('',(-9.598885277669E1,-8.093200311769E1,
-2.264581017053E0));
#12450=CARTESIAN_POINT('',(-9.598984215446E1,-8.098765430133E1,
-1.644043993521E0));
#12451=CARTESIAN_POINT('',(-9.599010687265E1,-8.100197015490E1,
-1.381830189752E0));
#12452=CARTESIAN_POINT('',(-9.599026034040E1,-8.101024080539E1,
-1.085023909753E0));
#12453=CARTESIAN_POINT('',(-9.599024035103E1,-8.100913474443E1,
-8.982966392983E-1));
#12454=CARTESIAN_POINT('',(-9.599020403587E1,-8.100724459966E1,
-7.263097399632E-1));
#12455=B_SPLINE_SURFACE_WITH_KNOTS('',3,3,((#12387,#12388,#12389,#12390,#12391,
#12392,#12393,#12394,#12395,#12396,#12397,#12398,#12399,#12400,#12401,#12402,
#12403),(#12404,#12405,#12406,#12407,#12408,#12409,#12410,#12411,#12412,#12413,
#12414,#12415,#12416,#12417,#12418,#12419,#12420),(#12421,#12422,#12423,#12424,
#12425,#12426,#12427,#12428,#12429,#12430,#12431,#12432,#12433,#12434,#12435,
#12436,#12437),(#12438,#12439,#12440,#12441,#12442,#12443,#12444,#12445,#12446,
#12447,#12448,#12449,#12450,#12451,#12452,#12453,#12454)),.UNSPECIFIED.,.F.,.F.,
.F.,(4,4),(4,1,1,1,1,1,1,1,1,1,1,1,1,1,4),(-1.731341408674E-1,1.124008361199E0),
(4.058273572513E-3,4.330510184299E-3,4.995620552906E-3,6.325841290122E-3,
7.656062027337E-3,8.321172395945E-3,8.986282764552E-3,9.651393133160E-3,
1.031650350177E-2,1.164672423898E-2,1.297694497620E-2,1.330950016050E-2,
1.364205534481E-2,1.382007083651E-2,1.425753591654E-2),.UNSPECIFIED.);
#12456=ORIENTED_EDGE('',*,*,#12377,.T.);
#12457=ORIENTED_EDGE('',*,*,#6686,.F.);
#12458=ORIENTED_EDGE('',*,*,#6262,.T.);
#12460=ORIENTED_EDGE('',*,*,#12459,.F.);
#12462=ORIENTED_EDGE('',*,*,#12461,.F.);
#12463=EDGE_LOOP('',(#12456,#12457,#12458,#12460,#12462));
#12464=FACE_OUTER_BOUND('',#12463,.F.);
#12465=ADVANCED_FACE('',(#12464),#12455,.T.);
#12466=CARTESIAN_POINT('',(-1.405E2,-8.1E1,-9.E0));
#12467=DIRECTION('',(0.E0,0.E0,1.E0));
#12468=DIRECTION('',(1.E0,0.E0,0.E0));
#12469=AXIS2_PLACEMENT_3D('',#12466,#12467,#12468);
#12470=CYLINDRICAL_SURFACE('',#12469,4.3E1);
#12472=ORIENTED_EDGE('',*,*,#12471,.F.);
#12473=ORIENTED_EDGE('',*,*,#12459,.T.);
#12474=ORIENTED_EDGE('',*,*,#6260,.F.);
#12475=EDGE_LOOP('',(#12472,#12473,#12474));
#12476=FACE_OUTER_BOUND('',#12475,.F.);
#12477=ADVANCED_FACE('',(#12476),#12470,.T.);
#12478=CARTESIAN_POINT('',(-1.405E2,-8.1E1,-9.E0));
#12479=DIRECTION('',(0.E0,0.E0,1.E0));
#12480=DIRECTION('',(1.E0,0.E0,0.E0));
#12481=AXIS2_PLACEMENT_3D('',#12478,#12479,#12480);
#12482=CYLINDRICAL_SURFACE('',#12481,4.3E1);
#12483=ORIENTED_EDGE('',*,*,#7437,.F.);
#12484=ORIENTED_EDGE('',*,*,#7555,.F.);
#12485=ORIENTED_EDGE('',*,*,#7553,.F.);
#12486=ORIENTED_EDGE('',*,*,#12381,.F.);
#12487=ORIENTED_EDGE('',*,*,#12379,.F.);
#12488=ORIENTED_EDGE('',*,*,#12461,.T.);
#12489=ORIENTED_EDGE('',*,*,#12471,.T.);
#12490=ORIENTED_EDGE('',*,*,#6258,.F.);
#12491=EDGE_LOOP('',(#12483,#12484,#12485,#12486,#12487,#12488,#12489,#12490));
#12492=FACE_OUTER_BOUND('',#12491,.F.);
#12493=ADVANCED_FACE('',(#12492),#12482,.T.);
#12494=CARTESIAN_POINT('',(1.088000000153E2,-6.689958448756E1,
-1.220000026446E1));
#12495=DIRECTION('',(-7.071067811865E-1,-7.071067811865E-1,0.E0));
#12496=DIRECTION('',(-7.071067811865E-1,7.071067811865E-1,0.E0));
#12497=AXIS2_PLACEMENT_3D('',#12494,#12495,#12496);
#12498=PLANE('',#12497);
#12499=ORIENTED_EDGE('',*,*,#6276,.F.);
#12501=ORIENTED_EDGE('',*,*,#12500,.F.);
#12503=ORIENTED_EDGE('',*,*,#12502,.F.);
#12505=ORIENTED_EDGE('',*,*,#12504,.T.);
#12506=EDGE_LOOP('',(#12499,#12501,#12503,#12505));
#12507=FACE_OUTER_BOUND('',#12506,.F.);
#12508=ADVANCED_FACE('',(#12507),#12498,.T.);
#12509=CARTESIAN_POINT('',(1.083000000103E2,-6.739958448259E1,-7.6E0));
#12510=DIRECTION('',(0.E0,-1.E0,0.E0));
#12511=DIRECTION('',(1.E0,0.E0,0.E0));
#12512=AXIS2_PLACEMENT_3D('',#12509,#12510,#12511);
#12513=PLANE('',#12512);
#12515=ORIENTED_EDGE('',*,*,#12514,.T.);
#12517=ORIENTED_EDGE('',*,*,#12516,.T.);
#12519=ORIENTED_EDGE('',*,*,#12518,.T.);
#12521=ORIENTED_EDGE('',*,*,#12520,.T.);
#12522=ORIENTED_EDGE('',*,*,#12500,.T.);
#12523=ORIENTED_EDGE('',*,*,#6286,.F.);
#12524=EDGE_LOOP('',(#12515,#12517,#12519,#12521,#12522,#12523));
#12525=FACE_OUTER_BOUND('',#12524,.F.);
#12527=ORIENTED_EDGE('',*,*,#12526,.T.);
#12529=ORIENTED_EDGE('',*,*,#12528,.T.);
#12530=EDGE_LOOP('',(#12527,#12529));
#12531=FACE_BOUND('',#12530,.F.);
#12532=ADVANCED_FACE('',(#12525,#12531),#12513,.T.);
#12533=CARTESIAN_POINT('',(1.208000000053E2,-6.689958448756E1,
-1.220000026446E1));
#12534=DIRECTION('',(7.071067811865E-1,-7.071067811865E-1,0.E0));
#12535=DIRECTION('',(7.071067811865E-1,7.071067811865E-1,0.E0));
#12536=AXIS2_PLACEMENT_3D('',#12533,#12534,#12535);
#12537=PLANE('',#12536);
#12538=ORIENTED_EDGE('',*,*,#6284,.F.);
#12540=ORIENTED_EDGE('',*,*,#12539,.T.);
#12542=ORIENTED_EDGE('',*,*,#12541,.F.);
#12543=ORIENTED_EDGE('',*,*,#12514,.F.);
#12544=EDGE_LOOP('',(#12538,#12540,#12542,#12543));
#12545=FACE_OUTER_BOUND('',#12544,.F.);
#12546=ADVANCED_FACE('',(#12545),#12537,.T.);
#12547=CARTESIAN_POINT('',(1.213000000103E2,-6.749958448259E1,-7.6E0));
#12548=DIRECTION('',(1.E0,0.E0,0.E0));
#12549=DIRECTION('',(0.E0,1.E0,0.E0));
#12550=AXIS2_PLACEMENT_3D('',#12547,#12548,#12549);
#12551=PLANE('',#12550);
#12552=ORIENTED_EDGE('',*,*,#6282,.T.);
#12554=ORIENTED_EDGE('',*,*,#12553,.F.);
#12556=ORIENTED_EDGE('',*,*,#12555,.F.);
#12557=ORIENTED_EDGE('',*,*,#12539,.F.);
#12558=EDGE_LOOP('',(#12552,#12554,#12556,#12557));
#12559=FACE_OUTER_BOUND('',#12558,.F.);
#12560=ADVANCED_FACE('',(#12559),#12551,.T.);
#12561=CARTESIAN_POINT('',(1.213000000103E2,-6.449958448259E1,-7.6E0));
#12562=DIRECTION('',(0.E0,1.E0,0.E0));
#12563=DIRECTION('',(-1.E0,0.E0,0.E0));
#12564=AXIS2_PLACEMENT_3D('',#12561,#12562,#12563);
#12565=PLANE('',#12564);
#12566=ORIENTED_EDGE('',*,*,#6280,.T.);
#12568=ORIENTED_EDGE('',*,*,#12567,.F.);
#12570=ORIENTED_EDGE('',*,*,#12569,.T.);
#12572=ORIENTED_EDGE('',*,*,#12571,.T.);
#12574=ORIENTED_EDGE('',*,*,#12573,.T.);
#12575=ORIENTED_EDGE('',*,*,#12553,.T.);
#12576=EDGE_LOOP('',(#12566,#12568,#12570,#12572,#12574,#12575));
#12577=FACE_OUTER_BOUND('',#12576,.F.);
#12579=ORIENTED_EDGE('',*,*,#12578,.T.);
#12581=ORIENTED_EDGE('',*,*,#12580,.T.);
#12582=EDGE_LOOP('',(#12579,#12581));
#12583=FACE_BOUND('',#12582,.F.);
#12584=ADVANCED_FACE('',(#12577,#12583),#12565,.T.);
#12585=CARTESIAN_POINT('',(1.165000000103E2,-5.249958448259E1,-1.44E1));
#12586=DIRECTION('',(0.E0,-1.E0,0.E0));
#12587=DIRECTION('',(-1.E0,0.E0,0.E0));
#12588=AXIS2_PLACEMENT_3D('',#12585,#12586,#12587);
#12589=CYLINDRICAL_SURFACE('',#12588,1.5E0);
#12590=ORIENTED_EDGE('',*,*,#12578,.F.);
#12592=ORIENTED_EDGE('',*,*,#12591,.F.);
#12593=ORIENTED_EDGE('',*,*,#12526,.F.);
#12595=ORIENTED_EDGE('',*,*,#12594,.T.);
#12596=EDGE_LOOP('',(#12590,#12592,#12593,#12595));
#12597=FACE_OUTER_BOUND('',#12596,.F.);
#12598=ADVANCED_FACE('',(#12597),#12589,.F.);
#12599=CARTESIAN_POINT('',(1.165000000103E2,-5.249958448259E1,-1.44E1));
#12600=DIRECTION('',(0.E0,-1.E0,0.E0));
#12601=DIRECTION('',(-1.E0,0.E0,0.E0));
#12602=AXIS2_PLACEMENT_3D('',#12599,#12600,#12601);
#12603=CYLINDRICAL_SURFACE('',#12602,1.5E0);
#12604=ORIENTED_EDGE('',*,*,#12580,.F.);
#12605=ORIENTED_EDGE('',*,*,#12594,.F.);
#12606=ORIENTED_EDGE('',*,*,#12528,.F.);
#12607=ORIENTED_EDGE('',*,*,#12591,.T.);
#12608=EDGE_LOOP('',(#12604,#12605,#12606,#12607));
#12609=FACE_OUTER_BOUND('',#12608,.F.);
#12610=ADVANCED_FACE('',(#12609),#12603,.F.);
#12611=CARTESIAN_POINT('',(1.083000000103E2,-6.449958448259E1,-7.6E0));
#12612=DIRECTION('',(-1.E0,0.E0,0.E0));
#12613=DIRECTION('',(0.E0,-1.E0,0.E0));
#12614=AXIS2_PLACEMENT_3D('',#12611,#12612,#12613);
#12615=PLANE('',#12614);
#12616=ORIENTED_EDGE('',*,*,#6278,.T.);
#12617=ORIENTED_EDGE('',*,*,#12504,.F.);
#12619=ORIENTED_EDGE('',*,*,#12618,.F.);
#12620=ORIENTED_EDGE('',*,*,#12567,.T.);
#12621=EDGE_LOOP('',(#12616,#12617,#12619,#12620));
#12622=FACE_OUTER_BOUND('',#12621,.F.);
#12623=ADVANCED_FACE('',(#12622),#12615,.T.);
#12624=CARTESIAN_POINT('',(1.113000000103E2,-3.929073311373E2,-1.54E1));
#12625=DIRECTION('',(0.E0,1.E0,0.E0));
#12626=DIRECTION('',(0.E0,0.E0,-1.E0));
#12627=AXIS2_PLACEMENT_3D('',#12624,#12625,#12626);
#12628=CYLINDRICAL_SURFACE('',#12627,3.E0);
#12630=ORIENTED_EDGE('',*,*,#12629,.F.);
#12632=ORIENTED_EDGE('',*,*,#12631,.T.);
#12633=ORIENTED_EDGE('',*,*,#12569,.F.);
#12634=ORIENTED_EDGE('',*,*,#12618,.T.);
#12635=EDGE_LOOP('',(#12630,#12632,#12633,#12634));
#12636=FACE_OUTER_BOUND('',#12635,.F.);
#12637=ADVANCED_FACE('',(#12636),#12628,.T.);
#12638=CARTESIAN_POINT('',(1.113000000103E2,-6.689958448259E1,-1.54E1));
#12639=DIRECTION('',(0.E0,1.E0,0.E0));
#12640=DIRECTION('',(0.E0,0.E0,-1.E0));
#12641=AXIS2_PLACEMENT_3D('',#12638,#12639,#12640);
#12642=CONICAL_SURFACE('',#12641,2.499999999999E0,4.5E1);
#12643=ORIENTED_EDGE('',*,*,#12520,.F.);
#12645=ORIENTED_EDGE('',*,*,#12644,.T.);
#12646=ORIENTED_EDGE('',*,*,#12629,.T.);
#12647=ORIENTED_EDGE('',*,*,#12502,.T.);
#12648=EDGE_LOOP('',(#12643,#12645,#12646,#12647));
#12649=FACE_OUTER_BOUND('',#12648,.F.);
#12650=ADVANCED_FACE('',(#12649),#12642,.T.);
#12651=CARTESIAN_POINT('',(1.148000000103E2,-6.689958448259E1,-1.79E1));
#12652=DIRECTION('',(0.E0,-7.071067811865E-1,-7.071067811865E-1));
#12653=DIRECTION('',(0.E0,7.071067811865E-1,-7.071067811865E-1));
#12654=AXIS2_PLACEMENT_3D('',#12651,#12652,#12653);
#12655=PLANE('',#12654);
#12656=ORIENTED_EDGE('',*,*,#12518,.F.);
#12658=ORIENTED_EDGE('',*,*,#12657,.F.);
#12660=ORIENTED_EDGE('',*,*,#12659,.T.);
#12661=ORIENTED_EDGE('',*,*,#12644,.F.);
#12662=EDGE_LOOP('',(#12656,#12658,#12660,#12661));
#12663=FACE_OUTER_BOUND('',#12662,.F.);
#12664=ADVANCED_FACE('',(#12663),#12655,.T.);
#12665=CARTESIAN_POINT('',(1.183000000103E2,-6.689958448259E1,-1.54E1));
#12666=DIRECTION('',(0.E0,1.E0,0.E0));
#12667=DIRECTION('',(0.E0,0.E0,-1.E0));
#12668=AXIS2_PLACEMENT_3D('',#12665,#12666,#12667);
#12669=CONICAL_SURFACE('',#12668,2.5E0,4.5E1);
#12670=ORIENTED_EDGE('',*,*,#12516,.F.);
#12671=ORIENTED_EDGE('',*,*,#12541,.T.);
#12673=ORIENTED_EDGE('',*,*,#12672,.T.);
#12674=ORIENTED_EDGE('',*,*,#12657,.T.);
#12675=EDGE_LOOP('',(#12670,#12671,#12673,#12674));
#12676=FACE_OUTER_BOUND('',#12675,.F.);
#12677=ADVANCED_FACE('',(#12676),#12669,.T.);
#12678=CARTESIAN_POINT('',(1.183000000103E2,3.499077098866E2,-1.54E1));
#12679=DIRECTION('',(0.E0,-1.E0,0.E0));
#12680=DIRECTION('',(0.E0,0.E0,-1.E0));
#12681=AXIS2_PLACEMENT_3D('',#12678,#12679,#12680);
#12682=CYLINDRICAL_SURFACE('',#12681,3.E0);
#12683=ORIENTED_EDGE('',*,*,#12672,.F.);
#12684=ORIENTED_EDGE('',*,*,#12555,.T.);
#12685=ORIENTED_EDGE('',*,*,#12573,.F.);
#12687=ORIENTED_EDGE('',*,*,#12686,.T.);
#12688=EDGE_LOOP('',(#12683,#12684,#12685,#12687));
#12689=FACE_OUTER_BOUND('',#12688,.F.);
#12690=ADVANCED_FACE('',(#12689),#12682,.T.);
#12691=CARTESIAN_POINT('',(0.E0,0.E0,-1.84E1));
#12692=DIRECTION('',(0.E0,0.E0,1.E0));
#12693=DIRECTION('',(1.E0,0.E0,0.E0));
#12694=AXIS2_PLACEMENT_3D('',#12691,#12692,#12693);
#12695=PLANE('',#12694);
#12696=ORIENTED_EDGE('',*,*,#12659,.F.);
#12697=ORIENTED_EDGE('',*,*,#12686,.F.);
#12698=ORIENTED_EDGE('',*,*,#12571,.F.);
#12699=ORIENTED_EDGE('',*,*,#12631,.F.);
#12700=EDGE_LOOP('',(#12696,#12697,#12698,#12699));
#12701=FACE_OUTER_BOUND('',#12700,.F.);
#12702=ADVANCED_FACE('',(#12701),#12695,.F.);
#12703=CARTESIAN_POINT('',(-6.719999998973E1,2.66E1,-1.84E1));
#12704=DIRECTION('',(0.E0,1.E0,0.E0));
#12705=DIRECTION('',(1.E0,0.E0,0.E0));
#12706=AXIS2_PLACEMENT_3D('',#12703,#12704,#12705);
#12707=PLANE('',#12706);
#12709=ORIENTED_EDGE('',*,*,#12708,.F.);
#12710=ORIENTED_EDGE('',*,*,#6392,.T.);
#12712=ORIENTED_EDGE('',*,*,#12711,.F.);
#12714=ORIENTED_EDGE('',*,*,#12713,.T.);
#12715=EDGE_LOOP('',(#12709,#12710,#12712,#12714));
#12716=FACE_OUTER_BOUND('',#12715,.F.);
#12717=ADVANCED_FACE('',(#12716),#12707,.F.);
#12718=CARTESIAN_POINT('',(-6.669999998973E1,2.71E1,-1.22E1));
#12719=DIRECTION('',(-7.071067811865E-1,-7.071067811865E-1,0.E0));
#12720=DIRECTION('',(-7.071067811865E-1,7.071067811865E-1,0.E0));
#12721=AXIS2_PLACEMENT_3D('',#12718,#12719,#12720);
#12722=PLANE('',#12721);
#12723=ORIENTED_EDGE('',*,*,#12708,.T.);
#12725=ORIENTED_EDGE('',*,*,#12724,.T.);
#12727=ORIENTED_EDGE('',*,*,#12726,.F.);
#12728=ORIENTED_EDGE('',*,*,#6394,.T.);
#12729=EDGE_LOOP('',(#12723,#12725,#12727,#12728));
#12730=FACE_OUTER_BOUND('',#12729,.F.);
#12731=ADVANCED_FACE('',(#12730),#12722,.T.);
#12732=CARTESIAN_POINT('',(-6.669999999227E1,2.96E1,-1.54E1));
#12733=DIRECTION('',(1.E0,0.E0,0.E0));
#12734=DIRECTION('',(0.E0,0.E0,-1.E0));
#12735=AXIS2_PLACEMENT_3D('',#12732,#12733,#12734);
#12736=CONICAL_SURFACE('',#12735,2.499999997457E0,4.5E1);
#12738=ORIENTED_EDGE('',*,*,#12737,.T.);
#12740=ORIENTED_EDGE('',*,*,#12739,.T.);
#12742=ORIENTED_EDGE('',*,*,#12741,.F.);
#12743=ORIENTED_EDGE('',*,*,#12724,.F.);
#12744=EDGE_LOOP('',(#12738,#12740,#12742,#12743));
#12745=FACE_OUTER_BOUND('',#12744,.F.);
#12746=ADVANCED_FACE('',(#12745),#12736,.T.);
#12747=CARTESIAN_POINT('',(3.695432270454E2,2.96E1,-1.54E1));
#12748=DIRECTION('',(-1.E0,0.E0,0.E0));
#12749=DIRECTION('',(0.E0,0.E0,-1.E0));
#12750=AXIS2_PLACEMENT_3D('',#12747,#12748,#12749);
#12751=CYLINDRICAL_SURFACE('',#12750,3.E0);
#12752=ORIENTED_EDGE('',*,*,#12737,.F.);
#12753=ORIENTED_EDGE('',*,*,#12713,.F.);
#12755=ORIENTED_EDGE('',*,*,#12754,.T.);
#12757=ORIENTED_EDGE('',*,*,#12756,.T.);
#12758=EDGE_LOOP('',(#12752,#12753,#12755,#12757));
#12759=FACE_OUTER_BOUND('',#12758,.F.);
#12760=ADVANCED_FACE('',(#12759),#12751,.T.);
#12761=CARTESIAN_POINT('',(-6.429999998973E1,2.16E1,-6.9E0));
#12762=DIRECTION('',(1.E0,0.E0,0.E0));
#12763=DIRECTION('',(0.E0,1.E0,0.E0));
#12764=AXIS2_PLACEMENT_3D('',#12761,#12762,#12763);
#12765=PLANE('',#12764);
#12766=ORIENTED_EDGE('',*,*,#12754,.F.);
#12767=ORIENTED_EDGE('',*,*,#12711,.T.);
#12768=ORIENTED_EDGE('',*,*,#6402,.T.);
#12770=ORIENTED_EDGE('',*,*,#12769,.F.);
#12772=ORIENTED_EDGE('',*,*,#12771,.F.);
#12774=ORIENTED_EDGE('',*,*,#12773,.T.);
#12775=EDGE_LOOP('',(#12766,#12767,#12768,#12770,#12772,#12774));
#12776=FACE_OUTER_BOUND('',#12775,.F.);
#12777=ADVANCED_FACE('',(#12776),#12765,.T.);
#12778=CARTESIAN_POINT('',(-6.429999998973E1,5.53E1,-1.84E1));
#12779=DIRECTION('',(0.E0,-1.E0,0.E0));
#12780=DIRECTION('',(-1.E0,0.E0,0.E0));
#12781=AXIS2_PLACEMENT_3D('',#12778,#12779,#12780);
#12782=PLANE('',#12781);
#12784=ORIENTED_EDGE('',*,*,#12783,.F.);
#12786=ORIENTED_EDGE('',*,*,#12785,.T.);
#12787=ORIENTED_EDGE('',*,*,#12769,.T.);
#12788=ORIENTED_EDGE('',*,*,#6400,.T.);
#12789=EDGE_LOOP('',(#12784,#12786,#12787,#12788));
#12790=FACE_OUTER_BOUND('',#12789,.F.);
#12791=ADVANCED_FACE('',(#12790),#12782,.F.);
#12792=CARTESIAN_POINT('',(-6.669999998973E1,5.48E1,-1.22E1));
#12793=DIRECTION('',(-7.071067811865E-1,7.071067811865E-1,0.E0));
#12794=DIRECTION('',(-7.071067811865E-1,-7.071067811865E-1,0.E0));
#12795=AXIS2_PLACEMENT_3D('',#12792,#12793,#12794);
#12796=PLANE('',#12795);
#12798=ORIENTED_EDGE('',*,*,#12797,.F.);
#12800=ORIENTED_EDGE('',*,*,#12799,.F.);
#12801=ORIENTED_EDGE('',*,*,#12783,.T.);
#12802=ORIENTED_EDGE('',*,*,#6398,.T.);
#12803=EDGE_LOOP('',(#12798,#12800,#12801,#12802));
#12804=FACE_OUTER_BOUND('',#12803,.F.);
#12805=ADVANCED_FACE('',(#12804),#12796,.T.);
#12806=CARTESIAN_POINT('',(-6.719999998973E1,6.03E1,-6.9E0));
#12807=DIRECTION('',(-1.E0,0.E0,0.E0));
#12808=DIRECTION('',(0.E0,-1.E0,0.E0));
#12809=AXIS2_PLACEMENT_3D('',#12806,#12807,#12808);
#12810=PLANE('',#12809);
#12811=ORIENTED_EDGE('',*,*,#12797,.T.);
#12812=ORIENTED_EDGE('',*,*,#6396,.F.);
#12813=ORIENTED_EDGE('',*,*,#12726,.T.);
#12814=ORIENTED_EDGE('',*,*,#12741,.T.);
#12816=ORIENTED_EDGE('',*,*,#12815,.T.);
#12818=ORIENTED_EDGE('',*,*,#12817,.T.);
#12819=EDGE_LOOP('',(#12811,#12812,#12813,#12814,#12816,#12818));
#12820=FACE_OUTER_BOUND('',#12819,.F.);
#12821=ADVANCED_FACE('',(#12820),#12810,.T.);
#12822=CARTESIAN_POINT('',(-6.669999998973E1,4.095E1,-1.79E1));
#12823=DIRECTION('',(-7.071067811865E-1,0.E0,-7.071067811865E-1));
#12824=DIRECTION('',(-7.071067811865E-1,0.E0,7.071067811865E-1));
#12825=AXIS2_PLACEMENT_3D('',#12822,#12823,#12824);
#12826=PLANE('',#12825);
#12828=ORIENTED_EDGE('',*,*,#12827,.T.);
#12830=ORIENTED_EDGE('',*,*,#12829,.T.);
#12831=ORIENTED_EDGE('',*,*,#12815,.F.);
#12832=ORIENTED_EDGE('',*,*,#12739,.F.);
#12833=EDGE_LOOP('',(#12828,#12830,#12831,#12832));
#12834=FACE_OUTER_BOUND('',#12833,.F.);
#12835=ADVANCED_FACE('',(#12834),#12826,.T.);
#12836=CARTESIAN_POINT('',(0.E0,0.E0,-1.84E1));
#12837=DIRECTION('',(0.E0,0.E0,1.E0));
#12838=DIRECTION('',(1.E0,0.E0,0.E0));
#12839=AXIS2_PLACEMENT_3D('',#12836,#12837,#12838);
#12840=PLANE('',#12839);
#12841=ORIENTED_EDGE('',*,*,#12827,.F.);
#12842=ORIENTED_EDGE('',*,*,#12756,.F.);
#12843=ORIENTED_EDGE('',*,*,#12773,.F.);
#12845=ORIENTED_EDGE('',*,*,#12844,.F.);
#12846=EDGE_LOOP('',(#12841,#12842,#12843,#12845));
#12847=FACE_OUTER_BOUND('',#12846,.F.);
#12848=ADVANCED_FACE('',(#12847),#12840,.F.);
#12849=CARTESIAN_POINT('',(-5.012076398973E2,5.23E1,-1.54E1));
#12850=DIRECTION('',(1.E0,0.E0,0.E0));
#12851=DIRECTION('',(0.E0,0.E0,-1.E0));
#12852=AXIS2_PLACEMENT_3D('',#12849,#12850,#12851);
#12853=CYLINDRICAL_SURFACE('',#12852,3.E0);
#12855=ORIENTED_EDGE('',*,*,#12854,.F.);
#12856=ORIENTED_EDGE('',*,*,#12844,.T.);
#12857=ORIENTED_EDGE('',*,*,#12771,.T.);
#12858=ORIENTED_EDGE('',*,*,#12785,.F.);
#12859=EDGE_LOOP('',(#12855,#12856,#12857,#12858));
#12860=FACE_OUTER_BOUND('',#12859,.F.);
#12861=ADVANCED_FACE('',(#12860),#12853,.T.);
#12862=CARTESIAN_POINT('',(-6.669999999227E1,5.23E1,-1.54E1));
#12863=DIRECTION('',(1.E0,0.E0,0.E0));
#12864=DIRECTION('',(0.E0,0.E0,-1.E0));
#12865=AXIS2_PLACEMENT_3D('',#12862,#12863,#12864);
#12866=CONICAL_SURFACE('',#12865,2.499999997457E0,4.5E1);
#12867=ORIENTED_EDGE('',*,*,#12854,.T.);
#12868=ORIENTED_EDGE('',*,*,#12799,.T.);
#12869=ORIENTED_EDGE('',*,*,#12817,.F.);
#12870=ORIENTED_EDGE('',*,*,#12829,.F.);
#12871=EDGE_LOOP('',(#12867,#12868,#12869,#12870));
#12872=FACE_OUTER_BOUND('',#12871,.F.);
#12873=ADVANCED_FACE('',(#12872),#12866,.T.);
#12874=CARTESIAN_POINT('',(-5.629999998973E1,6.62E1,-1.84E1));
#12875=DIRECTION('',(1.E0,0.E0,0.E0));
#12876=DIRECTION('',(0.E0,-1.E0,0.E0));
#12877=AXIS2_PLACEMENT_3D('',#12874,#12875,#12876);
#12878=PLANE('',#12877);
#12880=ORIENTED_EDGE('',*,*,#12879,.T.);
#12881=ORIENTED_EDGE('',*,*,#6406,.T.);
#12883=ORIENTED_EDGE('',*,*,#12882,.F.);
#12885=ORIENTED_EDGE('',*,*,#12884,.T.);
#12886=EDGE_LOOP('',(#12880,#12881,#12883,#12885));
#12887=FACE_OUTER_BOUND('',#12886,.F.);
#12888=ADVANCED_FACE('',(#12887),#12878,.F.);
#12889=CARTESIAN_POINT('',(-5.579999998973E1,6.57E1,-1.22E1));
#12890=DIRECTION('',(-7.071067811865E-1,7.071067811865E-1,0.E0));
#12891=DIRECTION('',(-7.071067811865E-1,-7.071067811865E-1,0.E0));
#12892=AXIS2_PLACEMENT_3D('',#12889,#12890,#12891);
#12893=PLANE('',#12892);
#12894=ORIENTED_EDGE('',*,*,#12879,.F.);
#12896=ORIENTED_EDGE('',*,*,#12895,.F.);
#12898=ORIENTED_EDGE('',*,*,#12897,.T.);
#12899=ORIENTED_EDGE('',*,*,#6408,.T.);
#12900=EDGE_LOOP('',(#12894,#12896,#12898,#12899));
#12901=FACE_OUTER_BOUND('',#12900,.F.);
#12902=ADVANCED_FACE('',(#12901),#12893,.T.);
#12903=CARTESIAN_POINT('',(-5.329999998973E1,6.570000000425E1,-1.54E1));
#12904=DIRECTION('',(0.E0,-1.E0,0.E0));
#12905=DIRECTION('',(0.E0,0.E0,-1.E0));
#12906=AXIS2_PLACEMENT_3D('',#12903,#12904,#12905);
#12907=CONICAL_SURFACE('',#12906,2.499999995749E0,4.5E1);
#12909=ORIENTED_EDGE('',*,*,#12908,.T.);
#12910=ORIENTED_EDGE('',*,*,#12895,.T.);
#12912=ORIENTED_EDGE('',*,*,#12911,.F.);
#12914=ORIENTED_EDGE('',*,*,#12913,.F.);
#12915=EDGE_LOOP('',(#12909,#12910,#12912,#12914));
#12916=FACE_OUTER_BOUND('',#12915,.F.);
#12917=ADVANCED_FACE('',(#12916),#12907,.T.);
#12918=CARTESIAN_POINT('',(-5.099999998972E1,6.62E1,-6.9E0));
#12919=DIRECTION('',(0.E0,1.E0,0.E0));
#12920=DIRECTION('',(-1.E0,0.E0,0.E0));
#12921=AXIS2_PLACEMENT_3D('',#12918,#12919,#12920);
#12922=PLANE('',#12921);
#12923=ORIENTED_EDGE('',*,*,#12897,.F.);
#12924=ORIENTED_EDGE('',*,*,#12908,.F.);
#12926=ORIENTED_EDGE('',*,*,#12925,.F.);
#12928=ORIENTED_EDGE('',*,*,#12927,.F.);
#12930=ORIENTED_EDGE('',*,*,#12929,.F.);
#12932=ORIENTED_EDGE('',*,*,#12931,.F.);
#12934=ORIENTED_EDGE('',*,*,#12933,.T.);
#12936=ORIENTED_EDGE('',*,*,#12935,.T.);
#12938=ORIENTED_EDGE('',*,*,#12937,.T.);
#12940=ORIENTED_EDGE('',*,*,#12939,.T.);
#12942=ORIENTED_EDGE('',*,*,#12941,.T.);
#12943=ORIENTED_EDGE('',*,*,#6410,.F.);
#12944=EDGE_LOOP('',(#12923,#12924,#12926,#12928,#12930,#12932,#12934,#12936,
#12938,#12940,#12942,#12943));
#12945=FACE_OUTER_BOUND('',#12944,.F.);
#12947=ORIENTED_EDGE('',*,*,#12946,.T.);
#12949=ORIENTED_EDGE('',*,*,#12948,.T.);
#12950=EDGE_LOOP('',(#12947,#12949));
#12951=FACE_BOUND('',#12950,.F.);
#12953=ORIENTED_EDGE('',*,*,#12952,.T.);
#12955=ORIENTED_EDGE('',*,*,#12954,.T.);
#12956=EDGE_LOOP('',(#12953,#12955));
#12957=FACE_BOUND('',#12956,.F.);
#12959=ORIENTED_EDGE('',*,*,#12958,.T.);
#12961=ORIENTED_EDGE('',*,*,#12960,.T.);
#12962=EDGE_LOOP('',(#12959,#12961));
#12963=FACE_BOUND('',#12962,.F.);
#12964=ADVANCED_FACE('',(#12945,#12951,#12957,#12963),#12922,.T.);
#12965=CARTESIAN_POINT('',(-5.049999998970E1,5.13E1,-1.44E1));
#12966=DIRECTION('',(0.E0,1.E0,0.E0));
#12967=DIRECTION('',(1.E0,0.E0,0.E0));
#12968=AXIS2_PLACEMENT_3D('',#12965,#12966,#12967);
#12969=CYLINDRICAL_SURFACE('',#12968,1.5E0);
#12971=ORIENTED_EDGE('',*,*,#12970,.F.);
#12973=ORIENTED_EDGE('',*,*,#12972,.F.);
#12974=ORIENTED_EDGE('',*,*,#12958,.F.);
#12976=ORIENTED_EDGE('',*,*,#12975,.T.);
#12977=EDGE_LOOP('',(#12971,#12973,#12974,#12976));
#12978=FACE_OUTER_BOUND('',#12977,.F.);
#12979=ADVANCED_FACE('',(#12978),#12969,.F.);
#12980=CARTESIAN_POINT('',(-6.129999998973E1,6.33E1,-6.9E0));
#12981=DIRECTION('',(0.E0,-1.E0,0.E0));
#12982=DIRECTION('',(1.E0,0.E0,0.E0));
#12983=AXIS2_PLACEMENT_3D('',#12980,#12981,#12982);
#12984=PLANE('',#12983);
#12986=ORIENTED_EDGE('',*,*,#12985,.F.);
#12987=ORIENTED_EDGE('',*,*,#12882,.T.);
#12988=ORIENTED_EDGE('',*,*,#6416,.T.);
#12990=ORIENTED_EDGE('',*,*,#12989,.F.);
#12992=ORIENTED_EDGE('',*,*,#12991,.T.);
#12994=ORIENTED_EDGE('',*,*,#12993,.T.);
#12996=ORIENTED_EDGE('',*,*,#12995,.T.);
#12998=ORIENTED_EDGE('',*,*,#12997,.T.);
#13000=ORIENTED_EDGE('',*,*,#12999,.T.);
#13002=ORIENTED_EDGE('',*,*,#13001,.F.);
#13004=ORIENTED_EDGE('',*,*,#13003,.T.);
#13006=ORIENTED_EDGE('',*,*,#13005,.F.);
#13007=EDGE_LOOP('',(#12986,#12987,#12988,#12990,#12992,#12994,#12996,#12998,
#13000,#13002,#13004,#13006));
#13008=FACE_OUTER_BOUND('',#13007,.F.);
#13010=ORIENTED_EDGE('',*,*,#13009,.T.);
#13012=ORIENTED_EDGE('',*,*,#13011,.T.);
#13013=EDGE_LOOP('',(#13010,#13012));
#13014=FACE_BOUND('',#13013,.F.);
#13016=ORIENTED_EDGE('',*,*,#13015,.T.);
#13018=ORIENTED_EDGE('',*,*,#13017,.T.);
#13019=EDGE_LOOP('',(#13016,#13018));
#13020=FACE_BOUND('',#13019,.F.);
#13021=ORIENTED_EDGE('',*,*,#12970,.T.);
#13023=ORIENTED_EDGE('',*,*,#13022,.T.);
#13024=EDGE_LOOP('',(#13021,#13023));
#13025=FACE_BOUND('',#13024,.F.);
#13026=ADVANCED_FACE('',(#13008,#13014,#13020,#13025),#12984,.T.);
#13027=CARTESIAN_POINT('',(-5.049999998970E1,5.13E1,-1.44E1));
#13028=DIRECTION('',(0.E0,1.E0,0.E0));
#13029=DIRECTION('',(1.E0,0.E0,0.E0));
#13030=AXIS2_PLACEMENT_3D('',#13027,#13028,#13029);
#13031=CYLINDRICAL_SURFACE('',#13030,1.5E0);
#13032=ORIENTED_EDGE('',*,*,#13022,.F.);
#13033=ORIENTED_EDGE('',*,*,#12975,.F.);
#13034=ORIENTED_EDGE('',*,*,#12960,.F.);
#13035=ORIENTED_EDGE('',*,*,#12972,.T.);
#13036=EDGE_LOOP('',(#13032,#13033,#13034,#13035));
#13037=FACE_OUTER_BOUND('',#13036,.F.);
#13038=ADVANCED_FACE('',(#13037),#13031,.F.);
#13039=CARTESIAN_POINT('',(7.000000000005E0,6.13E1,-1.44E1));
#13040=DIRECTION('',(0.E0,1.E0,0.E0));
#13041=DIRECTION('',(1.E0,0.E0,0.E0));
#13042=AXIS2_PLACEMENT_3D('',#13039,#13040,#13041);
#13043=CYLINDRICAL_SURFACE('',#13042,1.5E0);
#13045=ORIENTED_EDGE('',*,*,#13044,.T.);
#13046=ORIENTED_EDGE('',*,*,#13009,.F.);
#13048=ORIENTED_EDGE('',*,*,#13047,.F.);
#13049=ORIENTED_EDGE('',*,*,#12946,.F.);
#13050=EDGE_LOOP('',(#13045,#13046,#13048,#13049));
#13051=FACE_OUTER_BOUND('',#13050,.F.);
#13052=ADVANCED_FACE('',(#13051),#13043,.F.);
#13053=CARTESIAN_POINT('',(7.000000000005E0,6.13E1,-1.44E1));
#13054=DIRECTION('',(0.E0,1.E0,0.E0));
#13055=DIRECTION('',(1.E0,0.E0,0.E0));
#13056=AXIS2_PLACEMENT_3D('',#13053,#13054,#13055);
#13057=CYLINDRICAL_SURFACE('',#13056,1.5E0);
#13058=ORIENTED_EDGE('',*,*,#13044,.F.);
#13059=ORIENTED_EDGE('',*,*,#12948,.F.);
#13060=ORIENTED_EDGE('',*,*,#13047,.T.);
#13061=ORIENTED_EDGE('',*,*,#13011,.F.);
#13062=EDGE_LOOP('',(#13058,#13059,#13060,#13061));
#13063=FACE_OUTER_BOUND('',#13062,.F.);
#13064=ADVANCED_FACE('',(#13063),#13057,.F.);
#13065=CARTESIAN_POINT('',(1.149461384706E2,5.13E1,-1.44E1));
#13066=DIRECTION('',(0.E0,1.E0,0.E0));
#13067=DIRECTION('',(1.E0,0.E0,0.E0));
#13068=AXIS2_PLACEMENT_3D('',#13065,#13066,#13067);
#13069=CYLINDRICAL_SURFACE('',#13068,1.5E0);
#13070=ORIENTED_EDGE('',*,*,#13015,.F.);
#13072=ORIENTED_EDGE('',*,*,#13071,.F.);
#13073=ORIENTED_EDGE('',*,*,#12952,.F.);
#13075=ORIENTED_EDGE('',*,*,#13074,.T.);
#13076=EDGE_LOOP('',(#13070,#13072,#13073,#13075));
#13077=FACE_OUTER_BOUND('',#13076,.F.);
#13078=ADVANCED_FACE('',(#13077),#13069,.F.);
#13079=CARTESIAN_POINT('',(1.149461384706E2,5.13E1,-1.44E1));
#13080=DIRECTION('',(0.E0,1.E0,0.E0));
#13081=DIRECTION('',(1.E0,0.E0,0.E0));
#13082=AXIS2_PLACEMENT_3D('',#13079,#13080,#13081);
#13083=CYLINDRICAL_SURFACE('',#13082,1.5E0);
#13084=ORIENTED_EDGE('',*,*,#13017,.F.);
#13085=ORIENTED_EDGE('',*,*,#13074,.F.);
#13086=ORIENTED_EDGE('',*,*,#12954,.F.);
#13087=ORIENTED_EDGE('',*,*,#13071,.T.);
#13088=EDGE_LOOP('',(#13084,#13085,#13086,#13087));
#13089=FACE_OUTER_BOUND('',#13088,.F.);
#13090=ADVANCED_FACE('',(#13089),#13083,.F.);
#13091=CARTESIAN_POINT('',(-5.329999998973E1,-3.929073311373E2,-1.54E1));
#13092=DIRECTION('',(0.E0,1.E0,0.E0));
#13093=DIRECTION('',(0.E0,0.E0,-1.E0));
#13094=AXIS2_PLACEMENT_3D('',#13091,#13092,#13093);
#13095=CYLINDRICAL_SURFACE('',#13094,3.E0);
#13096=ORIENTED_EDGE('',*,*,#12911,.T.);
#13097=ORIENTED_EDGE('',*,*,#12884,.F.);
#13098=ORIENTED_EDGE('',*,*,#12985,.T.);
#13100=ORIENTED_EDGE('',*,*,#13099,.T.);
#13101=EDGE_LOOP('',(#13096,#13097,#13098,#13100));
#13102=FACE_OUTER_BOUND('',#13101,.F.);
#13103=ADVANCED_FACE('',(#13102),#13095,.T.);
#13104=CARTESIAN_POINT('',(0.E0,0.E0,-1.84E1));
#13105=DIRECTION('',(0.E0,0.E0,1.E0));
#13106=DIRECTION('',(1.E0,0.E0,0.E0));
#13107=AXIS2_PLACEMENT_3D('',#13104,#13105,#13106);
#13108=PLANE('',#13107);
#13110=ORIENTED_EDGE('',*,*,#13109,.T.);
#13111=ORIENTED_EDGE('',*,*,#13099,.F.);
#13112=ORIENTED_EDGE('',*,*,#13005,.T.);
#13114=ORIENTED_EDGE('',*,*,#13113,.T.);
#13115=EDGE_LOOP('',(#13110,#13111,#13112,#13114));
#13116=FACE_OUTER_BOUND('',#13115,.F.);
#13117=ADVANCED_FACE('',(#13116),#13108,.F.);
#13118=CARTESIAN_POINT('',(-1.949999999486E1,6.57E1,-1.79E1));
#13119=DIRECTION('',(0.E0,7.071067811866E-1,-7.071067811865E-1));
#13120=DIRECTION('',(0.E0,-7.071067811865E-1,-7.071067811866E-1));
#13121=AXIS2_PLACEMENT_3D('',#13118,#13119,#13120);
#13122=PLANE('',#13121);
#13123=ORIENTED_EDGE('',*,*,#12925,.T.);
#13124=ORIENTED_EDGE('',*,*,#12913,.T.);
#13125=ORIENTED_EDGE('',*,*,#13109,.F.);
#13127=ORIENTED_EDGE('',*,*,#13126,.F.);
#13128=EDGE_LOOP('',(#13123,#13124,#13125,#13127));
#13129=FACE_OUTER_BOUND('',#13128,.F.);
#13130=ADVANCED_FACE('',(#13129),#13122,.T.);
#13131=CARTESIAN_POINT('',(1.430000000001E1,6.570000000425E1,-1.54E1));
#13132=DIRECTION('',(0.E0,-1.E0,0.E0));
#13133=DIRECTION('',(0.E0,0.E0,-1.E0));
#13134=AXIS2_PLACEMENT_3D('',#13131,#13132,#13133);
#13135=CONICAL_SURFACE('',#13134,2.499999995749E0,4.5E1);
#13136=ORIENTED_EDGE('',*,*,#12927,.T.);
#13137=ORIENTED_EDGE('',*,*,#13126,.T.);
#13139=ORIENTED_EDGE('',*,*,#13138,.F.);
#13141=ORIENTED_EDGE('',*,*,#13140,.F.);
#13142=EDGE_LOOP('',(#13136,#13137,#13139,#13141));
#13143=FACE_OUTER_BOUND('',#13142,.F.);
#13144=ADVANCED_FACE('',(#13143),#13135,.T.);
#13145=CARTESIAN_POINT('',(1.430000000001E1,3.499077098866E2,-1.54E1));
#13146=DIRECTION('',(0.E0,-1.E0,0.E0));
#13147=DIRECTION('',(0.E0,0.E0,-1.E0));
#13148=AXIS2_PLACEMENT_3D('',#13145,#13146,#13147);
#13149=CYLINDRICAL_SURFACE('',#13148,3.E0);
#13150=ORIENTED_EDGE('',*,*,#13138,.T.);
#13151=ORIENTED_EDGE('',*,*,#13113,.F.);
#13152=ORIENTED_EDGE('',*,*,#13003,.F.);
#13154=ORIENTED_EDGE('',*,*,#13153,.F.);
#13155=EDGE_LOOP('',(#13150,#13151,#13152,#13154));
#13156=FACE_OUTER_BOUND('',#13155,.F.);
#13157=ADVANCED_FACE('',(#13156),#13149,.T.);
#13158=CARTESIAN_POINT('',(1.730000000001E1,6.33E1,-6.9E0));
#13159=DIRECTION('',(1.E0,0.E0,0.E0));
#13160=DIRECTION('',(0.E0,1.E0,0.E0));
#13161=AXIS2_PLACEMENT_3D('',#13158,#13159,#13160);
#13162=PLANE('',#13161);
#13164=ORIENTED_EDGE('',*,*,#13163,.T.);
#13165=ORIENTED_EDGE('',*,*,#13153,.T.);
#13166=ORIENTED_EDGE('',*,*,#13001,.T.);
#13168=ORIENTED_EDGE('',*,*,#13167,.T.);
#13169=EDGE_LOOP('',(#13164,#13165,#13166,#13168));
#13170=FACE_OUTER_BOUND('',#13169,.F.);
#13171=ADVANCED_FACE('',(#13170),#13162,.T.);
#13172=CARTESIAN_POINT('',(1.680000000001E1,6.57E1,-1.365E1));
#13173=DIRECTION('',(7.071067811866E-1,7.071067811865E-1,0.E0));
#13174=DIRECTION('',(7.071067811865E-1,-7.071067811866E-1,0.E0));
#13175=AXIS2_PLACEMENT_3D('',#13172,#13173,#13174);
#13176=PLANE('',#13175);
#13177=ORIENTED_EDGE('',*,*,#12929,.T.);
#13178=ORIENTED_EDGE('',*,*,#13140,.T.);
#13179=ORIENTED_EDGE('',*,*,#13163,.F.);
#13181=ORIENTED_EDGE('',*,*,#13180,.T.);
#13182=EDGE_LOOP('',(#13177,#13178,#13179,#13181));
#13183=FACE_OUTER_BOUND('',#13182,.F.);
#13184=ADVANCED_FACE('',(#13183),#13176,.T.);
#13185=CARTESIAN_POINT('',(0.E0,0.E0,-1.19E1));
#13186=DIRECTION('',(0.E0,0.E0,1.E0));
#13187=DIRECTION('',(1.E0,0.E0,0.E0));
#13188=AXIS2_PLACEMENT_3D('',#13185,#13186,#13187);
#13189=PLANE('',#13188);
#13190=ORIENTED_EDGE('',*,*,#12931,.T.);
#13191=ORIENTED_EDGE('',*,*,#13180,.F.);
#13192=ORIENTED_EDGE('',*,*,#13167,.F.);
#13193=ORIENTED_EDGE('',*,*,#12999,.F.);
#13195=ORIENTED_EDGE('',*,*,#13194,.T.);
#13197=ORIENTED_EDGE('',*,*,#13196,.T.);
#13198=EDGE_LOOP('',(#13190,#13191,#13192,#13193,#13195,#13197));
#13199=FACE_OUTER_BOUND('',#13198,.F.);
#13200=ADVANCED_FACE('',(#13199),#13189,.F.);
#13201=CARTESIAN_POINT('',(1.085E2,6.63E1,-6.9E0));
#13202=DIRECTION('',(-1.E0,0.E0,0.E0));
#13203=DIRECTION('',(0.E0,-1.E0,0.E0));
#13204=AXIS2_PLACEMENT_3D('',#13201,#13202,#13203);
#13205=PLANE('',#13204);
#13207=ORIENTED_EDGE('',*,*,#13206,.F.);
#13208=ORIENTED_EDGE('',*,*,#13194,.F.);
#13209=ORIENTED_EDGE('',*,*,#12997,.F.);
#13211=ORIENTED_EDGE('',*,*,#13210,.F.);
#13212=EDGE_LOOP('',(#13207,#13208,#13209,#13211));
#13213=FACE_OUTER_BOUND('',#13212,.F.);
#13214=ADVANCED_FACE('',(#13213),#13205,.T.);
#13215=CARTESIAN_POINT('',(1.090000000050E2,6.570000000497E1,
-1.365000026446E1));
#13216=DIRECTION('',(-7.071067811865E-1,7.071067811865E-1,0.E0));
#13217=DIRECTION('',(-7.071067811865E-1,-7.071067811865E-1,0.E0));
#13218=AXIS2_PLACEMENT_3D('',#13215,#13216,#13217);
#13219=PLANE('',#13218);
#13220=ORIENTED_EDGE('',*,*,#13206,.T.);
#13222=ORIENTED_EDGE('',*,*,#13221,.F.);
#13223=ORIENTED_EDGE('',*,*,#12933,.F.);
#13224=ORIENTED_EDGE('',*,*,#13196,.F.);
#13225=EDGE_LOOP('',(#13220,#13222,#13223,#13224));
#13226=FACE_OUTER_BOUND('',#13225,.F.);
#13227=ADVANCED_FACE('',(#13226),#13219,.T.);
#13228=CARTESIAN_POINT('',(1.115E2,6.57E1,-1.54E1));
#13229=DIRECTION('',(0.E0,-1.E0,0.E0));
#13230=DIRECTION('',(0.E0,0.E0,-1.E0));
#13231=AXIS2_PLACEMENT_3D('',#13228,#13229,#13230);
#13232=CONICAL_SURFACE('',#13231,2.5E0,4.5E1);
#13233=ORIENTED_EDGE('',*,*,#12935,.F.);
#13234=ORIENTED_EDGE('',*,*,#13221,.T.);
#13236=ORIENTED_EDGE('',*,*,#13235,.T.);
#13238=ORIENTED_EDGE('',*,*,#13237,.T.);
#13239=EDGE_LOOP('',(#13233,#13234,#13236,#13238));
#13240=FACE_OUTER_BOUND('',#13239,.F.);
#13241=ADVANCED_FACE('',(#13240),#13232,.T.);
#13242=CARTESIAN_POINT('',(1.115E2,-3.929073311373E2,-1.54E1));
#13243=DIRECTION('',(0.E0,1.E0,0.E0));
#13244=DIRECTION('',(0.E0,0.E0,-1.E0));
#13245=AXIS2_PLACEMENT_3D('',#13242,#13243,#13244);
#13246=CYLINDRICAL_SURFACE('',#13245,3.E0);
#13247=ORIENTED_EDGE('',*,*,#13235,.F.);
#13248=ORIENTED_EDGE('',*,*,#13210,.T.);
#13249=ORIENTED_EDGE('',*,*,#12995,.F.);
#13251=ORIENTED_EDGE('',*,*,#13250,.T.);
#13252=EDGE_LOOP('',(#13247,#13248,#13249,#13251));
#13253=FACE_OUTER_BOUND('',#13252,.F.);
#13254=ADVANCED_FACE('',(#13253),#13246,.T.);
#13255=CARTESIAN_POINT('',(0.E0,0.E0,-1.84E1));
#13256=DIRECTION('',(0.E0,0.E0,1.E0));
#13257=DIRECTION('',(1.E0,0.E0,0.E0));
#13258=AXIS2_PLACEMENT_3D('',#13255,#13256,#13257);
#13259=PLANE('',#13258);
#13261=ORIENTED_EDGE('',*,*,#13260,.F.);
#13262=ORIENTED_EDGE('',*,*,#13250,.F.);
#13263=ORIENTED_EDGE('',*,*,#12993,.F.);
#13265=ORIENTED_EDGE('',*,*,#13264,.F.);
#13266=EDGE_LOOP('',(#13261,#13262,#13263,#13265));
#13267=FACE_OUTER_BOUND('',#13266,.F.);
#13268=ADVANCED_FACE('',(#13267),#13259,.F.);
#13269=CARTESIAN_POINT('',(1.149000000051E2,6.57E1,-1.79E1));
#13270=DIRECTION('',(0.E0,7.071067811865E-1,-7.071067811865E-1));
#13271=DIRECTION('',(0.E0,-7.071067811865E-1,-7.071067811865E-1));
#13272=AXIS2_PLACEMENT_3D('',#13269,#13270,#13271);
#13273=PLANE('',#13272);
#13274=ORIENTED_EDGE('',*,*,#12937,.F.);
#13275=ORIENTED_EDGE('',*,*,#13237,.F.);
#13276=ORIENTED_EDGE('',*,*,#13260,.T.);
#13278=ORIENTED_EDGE('',*,*,#13277,.F.);
#13279=EDGE_LOOP('',(#13274,#13275,#13276,#13278));
#13280=FACE_OUTER_BOUND('',#13279,.F.);
#13281=ADVANCED_FACE('',(#13280),#13273,.T.);
#13282=CARTESIAN_POINT('',(1.183000000103E2,6.57E1,-1.54E1));
#13283=DIRECTION('',(0.E0,-1.E0,0.E0));
#13284=DIRECTION('',(0.E0,0.E0,-1.E0));
#13285=AXIS2_PLACEMENT_3D('',#13282,#13283,#13284);
#13286=CONICAL_SURFACE('',#13285,2.499999999999E0,4.5E1);
#13287=ORIENTED_EDGE('',*,*,#12939,.F.);
#13288=ORIENTED_EDGE('',*,*,#13277,.T.);
#13290=ORIENTED_EDGE('',*,*,#13289,.T.);
#13292=ORIENTED_EDGE('',*,*,#13291,.T.);
#13293=EDGE_LOOP('',(#13287,#13288,#13290,#13292));
#13294=FACE_OUTER_BOUND('',#13293,.F.);
#13295=ADVANCED_FACE('',(#13294),#13286,.T.);
#13296=CARTESIAN_POINT('',(1.183000000103E2,3.499077098866E2,-1.54E1));
#13297=DIRECTION('',(0.E0,-1.E0,0.E0));
#13298=DIRECTION('',(0.E0,0.E0,-1.E0));
#13299=AXIS2_PLACEMENT_3D('',#13296,#13297,#13298);
#13300=CYLINDRICAL_SURFACE('',#13299,3.E0);
#13301=ORIENTED_EDGE('',*,*,#13289,.F.);
#13302=ORIENTED_EDGE('',*,*,#13264,.T.);
#13303=ORIENTED_EDGE('',*,*,#12991,.F.);
#13305=ORIENTED_EDGE('',*,*,#13304,.T.);
#13306=EDGE_LOOP('',(#13301,#13302,#13303,#13305));
#13307=FACE_OUTER_BOUND('',#13306,.F.);
#13308=ADVANCED_FACE('',(#13307),#13300,.T.);
#13309=CARTESIAN_POINT('',(1.213000000103E2,6.33E1,-6.9E0));
#13310=DIRECTION('',(1.E0,0.E0,0.E0));
#13311=DIRECTION('',(0.E0,1.E0,0.E0));
#13312=AXIS2_PLACEMENT_3D('',#13309,#13310,#13311);
#13313=PLANE('',#13312);
#13314=ORIENTED_EDGE('',*,*,#6414,.T.);
#13316=ORIENTED_EDGE('',*,*,#13315,.F.);
#13317=ORIENTED_EDGE('',*,*,#13304,.F.);
#13318=ORIENTED_EDGE('',*,*,#12989,.T.);
#13319=EDGE_LOOP('',(#13314,#13316,#13317,#13318));
#13320=FACE_OUTER_BOUND('',#13319,.F.);
#13321=ADVANCED_FACE('',(#13320),#13313,.T.);
#13322=CARTESIAN_POINT('',(1.208000000053E2,6.570000000497E1,
-1.220000026446E1));
#13323=DIRECTION('',(7.071067811866E-1,7.071067811865E-1,0.E0));
#13324=DIRECTION('',(7.071067811865E-1,-7.071067811866E-1,0.E0));
#13325=AXIS2_PLACEMENT_3D('',#13322,#13323,#13324);
#13326=PLANE('',#13325);
#13327=ORIENTED_EDGE('',*,*,#6412,.F.);
#13328=ORIENTED_EDGE('',*,*,#12941,.F.);
#13329=ORIENTED_EDGE('',*,*,#13291,.F.);
#13330=ORIENTED_EDGE('',*,*,#13315,.T.);
#13331=EDGE_LOOP('',(#13327,#13328,#13329,#13330));
#13332=FACE_OUTER_BOUND('',#13331,.F.);
#13333=ADVANCED_FACE('',(#13332),#13326,.T.);
#13334=CARTESIAN_POINT('',(1.272000000103E2,3.969999999998E1,-6.9E0));
#13335=DIRECTION('',(1.E0,0.E0,0.E0));
#13336=DIRECTION('',(0.E0,1.E0,0.E0));
#13337=AXIS2_PLACEMENT_3D('',#13334,#13335,#13336);
#13338=PLANE('',#13337);
#13340=ORIENTED_EDGE('',*,*,#13339,.F.);
#13342=ORIENTED_EDGE('',*,*,#13341,.F.);
#13344=ORIENTED_EDGE('',*,*,#13343,.F.);
#13346=ORIENTED_EDGE('',*,*,#13345,.F.);
#13348=ORIENTED_EDGE('',*,*,#13347,.F.);
#13349=ORIENTED_EDGE('',*,*,#6420,.F.);
#13350=EDGE_LOOP('',(#13340,#13342,#13344,#13346,#13348,#13349));
#13351=FACE_OUTER_BOUND('',#13350,.F.);
#13353=ORIENTED_EDGE('',*,*,#13352,.T.);
#13355=ORIENTED_EDGE('',*,*,#13354,.T.);
#13356=EDGE_LOOP('',(#13353,#13355));
#13357=FACE_BOUND('',#13356,.F.);
#13359=ORIENTED_EDGE('',*,*,#13358,.T.);
#13361=ORIENTED_EDGE('',*,*,#13360,.T.);
#13362=EDGE_LOOP('',(#13359,#13361));
#13363=FACE_BOUND('',#13362,.F.);
#13365=ORIENTED_EDGE('',*,*,#13364,.T.);
#13367=ORIENTED_EDGE('',*,*,#13366,.T.);
#13368=EDGE_LOOP('',(#13365,#13367));
#13369=FACE_BOUND('',#13368,.F.);
#13370=ADVANCED_FACE('',(#13351,#13357,#13363,#13369),#13338,.T.);
#13371=CARTESIAN_POINT('',(7.916000001030E1,-5.037747996539E-12,-1.44E1));
#13372=DIRECTION('',(1.E0,0.E0,0.E0));
#13373=DIRECTION('',(0.E0,-1.E0,0.E0));
#13374=AXIS2_PLACEMENT_3D('',#13371,#13372,#13373);
#13375=CYLINDRICAL_SURFACE('',#13374,1.5E0);
#13377=ORIENTED_EDGE('',*,*,#13376,.T.);
#13379=ORIENTED_EDGE('',*,*,#13378,.F.);
#13381=ORIENTED_EDGE('',*,*,#13380,.F.);
#13382=ORIENTED_EDGE('',*,*,#13364,.F.);
#13383=EDGE_LOOP('',(#13377,#13379,#13381,#13382));
#13384=FACE_OUTER_BOUND('',#13383,.F.);
#13385=ADVANCED_FACE('',(#13384),#13375,.F.);
#13386=CARTESIAN_POINT('',(7.916000001030E1,-5.037747996539E-12,-1.44E1));
#13387=DIRECTION('',(1.E0,0.E0,0.E0));
#13388=DIRECTION('',(0.E0,-1.E0,0.E0));
#13389=AXIS2_PLACEMENT_3D('',#13386,#13387,#13388);
#13390=CYLINDRICAL_SURFACE('',#13389,1.5E0);
#13391=ORIENTED_EDGE('',*,*,#13376,.F.);
#13392=ORIENTED_EDGE('',*,*,#13366,.F.);
#13393=ORIENTED_EDGE('',*,*,#13380,.T.);
#13395=ORIENTED_EDGE('',*,*,#13394,.F.);
#13396=EDGE_LOOP('',(#13391,#13392,#13393,#13395));
#13397=FACE_OUTER_BOUND('',#13396,.F.);
#13398=ADVANCED_FACE('',(#13397),#13390,.F.);
#13399=CARTESIAN_POINT('',(1.243000000103E2,6.03E1,-6.9E0));
#13400=DIRECTION('',(-1.E0,0.E0,0.E0));
#13401=DIRECTION('',(0.E0,-1.E0,0.E0));
#13402=AXIS2_PLACEMENT_3D('',#13399,#13400,#13401);
#13403=PLANE('',#13402);
#13405=ORIENTED_EDGE('',*,*,#13404,.F.);
#13407=ORIENTED_EDGE('',*,*,#13406,.T.);
#13408=ORIENTED_EDGE('',*,*,#6426,.T.);
#13410=ORIENTED_EDGE('',*,*,#13409,.F.);
#13412=ORIENTED_EDGE('',*,*,#13411,.F.);
#13414=ORIENTED_EDGE('',*,*,#13413,.T.);
#13415=EDGE_LOOP('',(#13405,#13407,#13408,#13410,#13412,#13414));
#13416=FACE_OUTER_BOUND('',#13415,.F.);
#13418=ORIENTED_EDGE('',*,*,#13417,.T.);
#13420=ORIENTED_EDGE('',*,*,#13419,.T.);
#13421=EDGE_LOOP('',(#13418,#13420));
#13422=FACE_BOUND('',#13421,.F.);
#13424=ORIENTED_EDGE('',*,*,#13423,.T.);
#13426=ORIENTED_EDGE('',*,*,#13425,.T.);
#13427=EDGE_LOOP('',(#13424,#13426));
#13428=FACE_BOUND('',#13427,.F.);
#13429=ORIENTED_EDGE('',*,*,#13378,.T.);
#13430=ORIENTED_EDGE('',*,*,#13394,.T.);
#13431=EDGE_LOOP('',(#13429,#13430));
#13432=FACE_BOUND('',#13431,.F.);
#13433=ADVANCED_FACE('',(#13416,#13422,#13428,#13432),#13403,.T.);
#13434=CARTESIAN_POINT('',(7.916000001030E1,-5.000000000001E1,-1.44E1));
#13435=DIRECTION('',(1.E0,0.E0,0.E0));
#13436=DIRECTION('',(0.E0,-1.E0,0.E0));
#13437=AXIS2_PLACEMENT_3D('',#13434,#13435,#13436);
#13438=CYLINDRICAL_SURFACE('',#13437,1.5E0);
#13440=ORIENTED_EDGE('',*,*,#13439,.T.);
#13441=ORIENTED_EDGE('',*,*,#13417,.F.);
#13443=ORIENTED_EDGE('',*,*,#13442,.F.);
#13444=ORIENTED_EDGE('',*,*,#13352,.F.);
#13445=EDGE_LOOP('',(#13440,#13441,#13443,#13444));
#13446=FACE_OUTER_BOUND('',#13445,.F.);
#13447=ADVANCED_FACE('',(#13446),#13438,.F.);
#13448=CARTESIAN_POINT('',(7.916000001030E1,-5.000000000001E1,-1.44E1));
#13449=DIRECTION('',(1.E0,0.E0,0.E0));
#13450=DIRECTION('',(0.E0,-1.E0,0.E0));
#13451=AXIS2_PLACEMENT_3D('',#13448,#13449,#13450);
#13452=CYLINDRICAL_SURFACE('',#13451,1.5E0);
#13453=ORIENTED_EDGE('',*,*,#13439,.F.);
#13454=ORIENTED_EDGE('',*,*,#13354,.F.);
#13455=ORIENTED_EDGE('',*,*,#13442,.T.);
#13456=ORIENTED_EDGE('',*,*,#13419,.F.);
#13457=EDGE_LOOP('',(#13453,#13454,#13455,#13456));
#13458=FACE_OUTER_BOUND('',#13457,.F.);
#13459=ADVANCED_FACE('',(#13458),#13452,.F.);
#13460=CARTESIAN_POINT('',(7.916000001030E1,4.999999999999E1,-1.44E1));
#13461=DIRECTION('',(1.E0,0.E0,0.E0));
#13462=DIRECTION('',(0.E0,-1.E0,0.E0));
#13463=AXIS2_PLACEMENT_3D('',#13460,#13461,#13462);
#13464=CYLINDRICAL_SURFACE('',#13463,1.5E0);
#13465=ORIENTED_EDGE('',*,*,#13423,.F.);
#13467=ORIENTED_EDGE('',*,*,#13466,.F.);
#13468=ORIENTED_EDGE('',*,*,#13358,.F.);
#13470=ORIENTED_EDGE('',*,*,#13469,.T.);
#13471=EDGE_LOOP('',(#13465,#13467,#13468,#13470));
#13472=FACE_OUTER_BOUND('',#13471,.F.);
#13473=ADVANCED_FACE('',(#13472),#13464,.F.);
#13474=CARTESIAN_POINT('',(7.916000001030E1,4.999999999999E1,-1.44E1));
#13475=DIRECTION('',(1.E0,0.E0,0.E0));
#13476=DIRECTION('',(0.E0,-1.E0,0.E0));
#13477=AXIS2_PLACEMENT_3D('',#13474,#13475,#13476);
#13478=CYLINDRICAL_SURFACE('',#13477,1.5E0);
#13479=ORIENTED_EDGE('',*,*,#13425,.F.);
#13480=ORIENTED_EDGE('',*,*,#13469,.F.);
#13481=ORIENTED_EDGE('',*,*,#13360,.F.);
#13482=ORIENTED_EDGE('',*,*,#13466,.T.);
#13483=EDGE_LOOP('',(#13479,#13480,#13481,#13482));
#13484=FACE_OUTER_BOUND('',#13483,.F.);
#13485=ADVANCED_FACE('',(#13484),#13478,.F.);
#13486=CARTESIAN_POINT('',(-5.969012623918E2,5.23E1,-1.54E1));
#13487=DIRECTION('',(1.E0,0.E0,0.E0));
#13488=DIRECTION('',(0.E0,0.E0,-1.E0));
#13489=AXIS2_PLACEMENT_3D('',#13486,#13487,#13488);
#13490=CYLINDRICAL_SURFACE('',#13489,3.E0);
#13492=ORIENTED_EDGE('',*,*,#13491,.T.);
#13494=ORIENTED_EDGE('',*,*,#13493,.F.);
#13495=ORIENTED_EDGE('',*,*,#13404,.T.);
#13497=ORIENTED_EDGE('',*,*,#13496,.T.);
#13498=EDGE_LOOP('',(#13492,#13494,#13495,#13497));
#13499=FACE_OUTER_BOUND('',#13498,.F.);
#13500=ADVANCED_FACE('',(#13499),#13490,.T.);
#13501=CARTESIAN_POINT('',(1.267000000146E2,5.23E1,-1.54E1));
#13502=DIRECTION('',(-1.E0,0.E0,0.E0));
#13503=DIRECTION('',(0.E0,0.E0,-1.E0));
#13504=AXIS2_PLACEMENT_3D('',#13501,#13502,#13503);
#13505=CONICAL_SURFACE('',#13504,2.499999995749E0,4.5E1);
#13506=ORIENTED_EDGE('',*,*,#13341,.T.);
#13508=ORIENTED_EDGE('',*,*,#13507,.T.);
#13509=ORIENTED_EDGE('',*,*,#13491,.F.);
#13511=ORIENTED_EDGE('',*,*,#13510,.F.);
#13512=EDGE_LOOP('',(#13506,#13508,#13509,#13511));
#13513=FACE_OUTER_BOUND('',#13512,.F.);
#13514=ADVANCED_FACE('',(#13513),#13505,.T.);
#13515=CARTESIAN_POINT('',(1.267000000103E2,5.48E1,-1.22E1));
#13516=DIRECTION('',(7.071067811865E-1,7.071067811865E-1,0.E0));
#13517=DIRECTION('',(-7.071067811865E-1,7.071067811865E-1,0.E0));
#13518=AXIS2_PLACEMENT_3D('',#13515,#13516,#13517);
#13519=PLANE('',#13518);
#13521=ORIENTED_EDGE('',*,*,#13520,.F.);
#13522=ORIENTED_EDGE('',*,*,#13507,.F.);
#13523=ORIENTED_EDGE('',*,*,#13339,.T.);
#13524=ORIENTED_EDGE('',*,*,#6430,.T.);
#13525=EDGE_LOOP('',(#13521,#13522,#13523,#13524));
#13526=FACE_OUTER_BOUND('',#13525,.F.);
#13527=ADVANCED_FACE('',(#13526),#13519,.T.);
#13528=CARTESIAN_POINT('',(1.272000000103E2,5.53E1,-1.84E1));
#13529=DIRECTION('',(0.E0,-1.E0,0.E0));
#13530=DIRECTION('',(-1.E0,0.E0,0.E0));
#13531=AXIS2_PLACEMENT_3D('',#13528,#13529,#13530);
#13532=PLANE('',#13531);
#13533=ORIENTED_EDGE('',*,*,#13520,.T.);
#13534=ORIENTED_EDGE('',*,*,#6428,.T.);
#13535=ORIENTED_EDGE('',*,*,#13406,.F.);
#13536=ORIENTED_EDGE('',*,*,#13493,.T.);
#13537=EDGE_LOOP('',(#13533,#13534,#13535,#13536));
#13538=FACE_OUTER_BOUND('',#13537,.F.);
#13539=ADVANCED_FACE('',(#13538),#13532,.F.);
#13540=CARTESIAN_POINT('',(1.267000000103E2,-5.997922412950E-1,-1.79E1));
#13541=DIRECTION('',(7.071067811865E-1,0.E0,-7.071067811865E-1));
#13542=DIRECTION('',(-7.071067811865E-1,0.E0,-7.071067811865E-1));
#13543=AXIS2_PLACEMENT_3D('',#13540,#13541,#13542);
#13544=PLANE('',#13543);
#13545=ORIENTED_EDGE('',*,*,#13343,.T.);
#13546=ORIENTED_EDGE('',*,*,#13510,.T.);
#13548=ORIENTED_EDGE('',*,*,#13547,.F.);
#13550=ORIENTED_EDGE('',*,*,#13549,.F.);
#13551=EDGE_LOOP('',(#13545,#13546,#13548,#13550));
#13552=FACE_OUTER_BOUND('',#13551,.F.);
#13553=ADVANCED_FACE('',(#13552),#13544,.T.);
#13554=CARTESIAN_POINT('',(0.E0,0.E0,-1.84E1));
#13555=DIRECTION('',(0.E0,0.E0,1.E0));
#13556=DIRECTION('',(1.E0,0.E0,0.E0));
#13557=AXIS2_PLACEMENT_3D('',#13554,#13555,#13556);
#13558=PLANE('',#13557);
#13559=ORIENTED_EDGE('',*,*,#13547,.T.);
#13560=ORIENTED_EDGE('',*,*,#13496,.F.);
#13561=ORIENTED_EDGE('',*,*,#13413,.F.);
#13563=ORIENTED_EDGE('',*,*,#13562,.T.);
#13564=EDGE_LOOP('',(#13559,#13560,#13561,#13563));
#13565=FACE_OUTER_BOUND('',#13564,.F.);
#13566=ADVANCED_FACE('',(#13565),#13558,.F.);
#13567=CARTESIAN_POINT('',(-5.159903316510E2,-5.349958448259E1,-1.54E1));
#13568=DIRECTION('',(1.E0,0.E0,0.E0));
#13569=DIRECTION('',(0.E0,-1.E0,0.E0));
#13570=AXIS2_PLACEMENT_3D('',#13567,#13568,#13569);
#13571=CYLINDRICAL_SURFACE('',#13570,3.E0);
#13573=ORIENTED_EDGE('',*,*,#13572,.T.);
#13574=ORIENTED_EDGE('',*,*,#13562,.F.);
#13575=ORIENTED_EDGE('',*,*,#13411,.T.);
#13577=ORIENTED_EDGE('',*,*,#13576,.T.);
#13578=EDGE_LOOP('',(#13573,#13574,#13575,#13577));
#13579=FACE_OUTER_BOUND('',#13578,.F.);
#13580=ADVANCED_FACE('',(#13579),#13571,.T.);
#13581=CARTESIAN_POINT('',(1.267000000146E2,-5.349958448259E1,-1.54E1));
#13582=DIRECTION('',(-1.E0,0.E0,0.E0));
#13583=DIRECTION('',(0.E0,0.E0,-1.E0));
#13584=AXIS2_PLACEMENT_3D('',#13581,#13582,#13583);
#13585=CONICAL_SURFACE('',#13584,2.499999995749E0,4.5E1);
#13586=ORIENTED_EDGE('',*,*,#13345,.T.);
#13587=ORIENTED_EDGE('',*,*,#13549,.T.);
#13588=ORIENTED_EDGE('',*,*,#13572,.F.);
#13590=ORIENTED_EDGE('',*,*,#13589,.F.);
#13591=EDGE_LOOP('',(#13586,#13587,#13588,#13590));
#13592=FACE_OUTER_BOUND('',#13591,.F.);
#13593=ADVANCED_FACE('',(#13592),#13585,.T.);
#13594=CARTESIAN_POINT('',(1.267000000103E2,-5.599958448259E1,-1.22E1));
#13595=DIRECTION('',(7.071067811865E-1,-7.071067811865E-1,0.E0));
#13596=DIRECTION('',(-7.071067811865E-1,-7.071067811865E-1,0.E0));
#13597=AXIS2_PLACEMENT_3D('',#13594,#13595,#13596);
#13598=PLANE('',#13597);
#13599=ORIENTED_EDGE('',*,*,#13347,.T.);
#13600=ORIENTED_EDGE('',*,*,#13589,.T.);
#13602=ORIENTED_EDGE('',*,*,#13601,.F.);
#13603=ORIENTED_EDGE('',*,*,#6422,.T.);
#13604=EDGE_LOOP('',(#13599,#13600,#13602,#13603));
#13605=FACE_OUTER_BOUND('',#13604,.F.);
#13606=ADVANCED_FACE('',(#13605),#13598,.T.);
#13607=CARTESIAN_POINT('',(1.243000000103E2,-5.649958448259E1,-1.84E1));
#13608=DIRECTION('',(0.E0,1.E0,0.E0));
#13609=DIRECTION('',(1.E0,0.E0,0.E0));
#13610=AXIS2_PLACEMENT_3D('',#13607,#13608,#13609);
#13611=PLANE('',#13610);
#13612=ORIENTED_EDGE('',*,*,#13601,.T.);
#13613=ORIENTED_EDGE('',*,*,#13576,.F.);
#13614=ORIENTED_EDGE('',*,*,#13409,.T.);
#13615=ORIENTED_EDGE('',*,*,#6424,.T.);
#13616=EDGE_LOOP('',(#13612,#13613,#13614,#13615));
#13617=FACE_OUTER_BOUND('',#13616,.F.);
#13618=ADVANCED_FACE('',(#13617),#13611,.F.);
#13619=CLOSED_SHELL('',(#6243,#6482,#6501,#6520,#6586,#6605,#6671,#6690,#6705,
#6867,#6881,#7099,#7114,#7320,#7335,#7424,#7441,#7522,#7539,#7566,#7593,#7668,
#7724,#7821,#7834,#7903,#7916,#7985,#7998,#8067,#8079,#8094,#8125,#8148,#8163,
#8182,#8197,#8216,#8228,#8248,#8274,#8288,#8308,#8322,#8343,#8357,#8371,#8385,
#8407,#8421,#8443,#8457,#8473,#8487,#8505,#8519,#8537,#8551,#8565,#8579,#8601,
#8615,#8636,#8649,#8662,#8684,#8699,#8719,#8734,#8753,#8765,#8785,#8811,#8823,
#8843,#8860,#8875,#8892,#8912,#8927,#8940,#8956,#8972,#8993,#9008,#9027,#9042,
#9061,#9073,#9092,#9108,#9124,#9159,#9171,#9186,#9219,#9231,#9245,#9258,#9271,
#9284,#9297,#9310,#9323,#9335,#9351,#9386,#9398,#9413,#9446,#9458,#9472,#9485,
#9498,#9511,#9524,#9537,#9550,#9562,#9578,#9613,#9628,#9641,#9673,#9687,#9700,
#9713,#9726,#9739,#9752,#9765,#9777,#9789,#9804,#9879,#9893,#9921,#9934,#9962,
#9975,#10003,#10016,#10028,#10040,#10055,#10071,#10086,#10114,#10129,#10190,
#10208,#10221,#10238,#10253,#10266,#10280,#10294,#10307,#10321,#10336,#10349,
#10368,#10382,#10397,#10420,#10435,#10448,#10473,#10488,#10502,#10515,#10528,
#10540,#10553,#10565,#10577,#10597,#10611,#10629,#10644,#10663,#10675,#10689,
#10719,#10733,#10750,#10779,#10793,#10806,#10820,#10833,#10846,#10858,#10872,
#10884,#10898,#10910,#10922,#10936,#10949,#10963,#10978,#10992,#11004,#11018,
#11031,#11044,#11057,#11070,#11083,#11096,#11108,#11151,#11166,#11179,#11214,
#11228,#11242,#11256,#11270,#11283,#11297,#11310,#11323,#11335,#11347,#11361,
#11373,#11387,#11399,#11412,#11425,#11438,#11451,#11464,#11477,#11489,#11507,
#11523,#11539,#11553,#11603,#11621,#11637,#11653,#11667,#11707,#11722,#11734,
#11759,#11771,#11784,#11808,#11822,#11834,#11858,#11870,#11883,#11905,#11919,
#11933,#11946,#11973,#11987,#11999,#12012,#12025,#12037,#12055,#12071,#12087,
#12101,#12114,#12125,#12143,#12159,#12175,#12189,#12202,#12213,#12231,#12247,
#12263,#12277,#12290,#12301,#12386,#12465,#12477,#12493,#12508,#12532,#12546,
#12560,#12584,#12598,#12610,#12623,#12637,#12650,#12664,#12677,#12690,#12702,
#12717,#12731,#12746,#12760,#12777,#12791,#12805,#12821,#12835,#12848,#12861,
#12873,#12888,#12902,#12917,#12964,#12979,#13026,#13038,#13052,#13064,#13078,
#13090,#13103,#13117,#13130,#13144,#13157,#13171,#13184,#13200,#13214,#13227,
#13241,#13254,#13268,#13281,#13295,#13308,#13321,#13333,#13370,#13385,#13398,
#13433,#13447,#13459,#13473,#13485,#13500,#13514,#13527,#13539,#13553,#13566,
#13580,#13593,#13606,#13618));
#13620=MANIFOLD_SOLID_BREP('',#13619);
#13622=DIMENSIONAL_EXPONENTS(0.E0,0.E0,0.E0,0.E0,0.E0,0.E0,0.E0);
#13624=PLANE_ANGLE_MEASURE_WITH_UNIT(PLANE_ANGLE_MEASURE(1.745329251994E-2),
#13623);
#13625=(CONVERSION_BASED_UNIT('DEGREE',#13624)NAMED_UNIT(*)PLANE_ANGLE_UNIT());
#13627=UNCERTAINTY_MEASURE_WITH_UNIT(LENGTH_MEASURE(3.858340763021E-2),#13621,
'closure',
'Maximum model space distance between geometric entities at asserted connectivities');
#13628=(GEOMETRIC_REPRESENTATION_CONTEXT(3)GLOBAL_UNCERTAINTY_ASSIGNED_CONTEXT((
#13627))GLOBAL_UNIT_ASSIGNED_CONTEXT((#13621,#13625,#13626))REPRESENTATION_CONTEXT('ID1','3'));
#13630=APPLICATION_CONTEXT(
'CONFIGURATION CONTROLLED 3D DESIGNS OF MECHANICAL PARTS AND ASSEMBLIES');
#13631=APPLICATION_PROTOCOL_DEFINITION('international standard',
'config_control_design',1994,#13630);
#13632=DESIGN_CONTEXT('',#13630,'design');
#13633=MECHANICAL_CONTEXT('',#13630,'mechanical');
#13634=PRODUCT('_7604126402-0001','_7604126402-0001','NOT SPECIFIED',(#13633));
#13635=PRODUCT_DEFINITION_FORMATION_WITH_SPECIFIED_SOURCE('9','LAST_VERSION',
#13634,.MADE.);
#13639=PRODUCT_CATEGORY('part','');
#13640=PRODUCT_RELATED_PRODUCT_CATEGORY('detail','',(#13634));
#13641=PRODUCT_CATEGORY_RELATIONSHIP('','',#13639,#13640);
#13642=SECURITY_CLASSIFICATION_LEVEL('unclassified');
#13643=SECURITY_CLASSIFICATION('','',#13642);
#13644=CC_DESIGN_SECURITY_CLASSIFICATION(#13643,(#13635));
#13645=APPROVAL_STATUS('approved');
#13646=APPROVAL(#13645,'');
#13647=CC_DESIGN_APPROVAL(#13646,(#13643,#13635,#13636));
#13648=CALENDAR_DATE(119,18,6);
#13649=COORDINATED_UNIVERSAL_TIME_OFFSET(8,0,.AHEAD.);
#13650=LOCAL_TIME(18,4,4.5E1,#13649);
#13651=DATE_AND_TIME(#13648,#13650);
#13652=APPROVAL_DATE_TIME(#13651,#13646);
#13653=DATE_TIME_ROLE('creation_date');
#13654=CC_DESIGN_DATE_AND_TIME_ASSIGNMENT(#13651,#13653,(#13636));
#13655=DATE_TIME_ROLE('classification_date');
#13656=CC_DESIGN_DATE_AND_TIME_ASSIGNMENT(#13651,#13655,(#13643));
#13657=PERSON('UNSPECIFIED','UNSPECIFIED',$,$,$,$);
#13658=ORGANIZATION('UNSPECIFIED','UNSPECIFIED','UNSPECIFIED');
#13659=PERSON_AND_ORGANIZATION(#13657,#13658);
#13660=APPROVAL_ROLE('approver');
#13661=APPROVAL_PERSON_ORGANIZATION(#13659,#13646,#13660);
#13662=PERSON_AND_ORGANIZATION_ROLE('creator');
#13663=CC_DESIGN_PERSON_AND_ORGANIZATION_ASSIGNMENT(#13659,#13662,(#13635,
#13636));
#13664=PERSON_AND_ORGANIZATION_ROLE('design_supplier');
#13665=CC_DESIGN_PERSON_AND_ORGANIZATION_ASSIGNMENT(#13659,#13664,(#13635));
#13666=PERSON_AND_ORGANIZATION_ROLE('classification_officer');
#13667=CC_DESIGN_PERSON_AND_ORGANIZATION_ASSIGNMENT(#13659,#13666,(#13643));
#13668=PERSON_AND_ORGANIZATION_ROLE('design_owner');
#13669=CC_DESIGN_PERSON_AND_ORGANIZATION_ASSIGNMENT(#13659,#13668,(#13634));
#5=B_SPLINE_CURVE_WITH_KNOTS('',3,(#1,#2,#3,#4),.UNSPECIFIED.,.F.,.F.,(4,4),(
0.E0,1.E0),.UNSPECIFIED.);
#20=B_SPLINE_CURVE_WITH_KNOTS('',3,(#6,#7,#8,#9,#10,#11,#12,#13,#14,#15,#16,#17,
#18,#19),.UNSPECIFIED.,.F.,.F.,(4,1,1,1,1,1,1,1,1,1,1,4),(0.E0,
1.250002615292E-1,2.500002252804E-1,3.125002071560E-1,3.750001890316E-1,
4.375001709072E-1,5.000001527828E-1,5.625001346584E-1,6.250001165340E-1,
7.500000802845E-1,8.750000441284E-1,1.E0),.UNSPECIFIED.);
#32=B_SPLINE_CURVE_WITH_KNOTS('',3,(#21,#22,#23,#24,#25,#26,#27,#28,#29,#30,
#31),.UNSPECIFIED.,.F.,.F.,(4,1,1,1,1,1,1,1,4),(0.E0,1.25E-1,2.5E-1,3.75E-1,
5.E-1,6.25E-1,7.5E-1,8.75E-1,1.E0),.UNSPECIFIED.);
#37=CIRCLE('',#36,4.3E1);
#42=CIRCLE('',#41,4.3E1);
#47=CIRCLE('',#46,4.3E1);
#62=B_SPLINE_CURVE_WITH_KNOTS('',3,(#48,#49,#50,#51,#52,#53,#54,#55,#56,#57,#58,
#59,#60,#61),.UNSPECIFIED.,.F.,.F.,(4,1,1,1,1,1,1,1,1,1,1,4),(0.E0,
1.250019474944E-1,2.500016706938E-1,3.125015322941E-1,3.750013938931E-1,
4.375012554921E-1,5.000011170924E-1,5.625009786915E-1,6.250008402918E-1,
7.500005634899E-1,8.750002867821E-1,1.E0),.UNSPECIFIED.);
#77=B_SPLINE_CURVE_WITH_KNOTS('',3,(#63,#64,#65,#66,#67,#68,#69,#70,#71,#72,#73,
#74,#75,#76),.UNSPECIFIED.,.F.,.F.,(4,1,1,1,1,1,1,1,1,1,1,4),(0.E0,
1.250003054695E-1,2.500002629769E-1,3.125002417303E-1,3.750002204836E-1,
4.375001992377E-1,5.000001779911E-1,5.625001567452E-1,6.250001354985E-1,
7.500000930060E-1,8.750000506056E-1,1.E0),.UNSPECIFIED.);
#94=CIRCLE('',#93,1.4E1);
#99=CIRCLE('',#98,1.4E1);
#107=B_SPLINE_CURVE_WITH_KNOTS('',3,(#100,#101,#102,#103,#104,#105,#106),
.UNSPECIFIED.,.F.,.F.,(4,1,1,1,4),(0.E0,2.5E-1,5.E-1,7.5E-1,1.E0),
.UNSPECIFIED.);
#112=CIRCLE('',#111,3.95E1);
#120=B_SPLINE_CURVE_WITH_KNOTS('',3,(#113,#114,#115,#116,#117,#118,#119),
.UNSPECIFIED.,.F.,.F.,(4,1,1,1,4),(0.E0,2.5E-1,5.E-1,7.5E-1,1.E0),
.UNSPECIFIED.);
#125=CIRCLE('',#124,4.02E1);
#133=B_SPLINE_CURVE_WITH_KNOTS('',3,(#126,#127,#128,#129,#130,#131,#132),
.UNSPECIFIED.,.F.,.F.,(4,1,1,1,4),(0.E0,2.5E-1,5.E-1,7.5E-1,1.E0),
.UNSPECIFIED.);
#142=CIRCLE('',#141,3.95E1);
#150=B_SPLINE_CURVE_WITH_KNOTS('',3,(#143,#144,#145,#146,#147,#148,#149),
.UNSPECIFIED.,.F.,.F.,(4,1,1,1,4),(0.E0,2.5E-1,5.E-1,7.5E-1,1.E0),
.UNSPECIFIED.);
#155=CIRCLE('',#154,4.02E1);
#163=B_SPLINE_CURVE_WITH_KNOTS('',3,(#156,#157,#158,#159,#160,#161,#162),
.UNSPECIFIED.,.F.,.F.,(4,1,1,1,4),(0.E0,2.5E-1,5.E-1,7.5E-1,1.E0),
.UNSPECIFIED.);
#168=CIRCLE('',#167,3.95E1);
#176=B_SPLINE_CURVE_WITH_KNOTS('',3,(#169,#170,#171,#172,#173,#174,#175),
.UNSPECIFIED.,.F.,.F.,(4,1,1,1,4),(0.E0,2.5E-1,5.E-1,7.5E-1,1.E0),
.UNSPECIFIED.);
#181=CIRCLE('',#180,4.02E1);
#189=B_SPLINE_CURVE_WITH_KNOTS('',3,(#182,#183,#184,#185,#186,#187,#188),
.UNSPECIFIED.,.F.,.F.,(4,1,1,1,4),(0.E0,2.5E-1,5.E-1,7.5E-1,1.E0),
.UNSPECIFIED.);
#198=CIRCLE('',#197,3.95E1);
#206=B_SPLINE_CURVE_WITH_KNOTS('',3,(#199,#200,#201,#202,#203,#204,#205),
.UNSPECIFIED.,.F.,.F.,(4,1,1,1,4),(0.E0,2.5E-1,5.E-1,7.5E-1,1.E0),
.UNSPECIFIED.);
#211=CIRCLE('',#210,4.02E1);
#216=CIRCLE('',#215,5.E-1);
#229=CIRCLE('',#228,5.E-1);
#238=CIRCLE('',#237,5.E-1);
#247=CIRCLE('',#246,5.E-1);
#264=CIRCLE('',#263,5.E-1);
#273=CIRCLE('',#272,2.3E0);
#366=B_SPLINE_CURVE_WITH_KNOTS('',3,(#362,#363,#364,#365),.UNSPECIFIED.,.F.,.F.,
(4,4),(0.E0,1.E0),.UNSPECIFIED.);
#383=B_SPLINE_CURVE_WITH_KNOTS('',3,(#379,#380,#381,#382),.UNSPECIFIED.,.F.,.F.,
(4,4),(0.E0,1.E0),.UNSPECIFIED.);
#392=B_SPLINE_CURVE_WITH_KNOTS('',3,(#388,#389,#390,#391),.UNSPECIFIED.,.F.,.F.,
(4,4),(0.E0,1.E0),.UNSPECIFIED.);
#401=B_SPLINE_CURVE_WITH_KNOTS('',3,(#397,#398,#399,#400),.UNSPECIFIED.,.F.,.F.,
(4,4),(0.E0,1.E0),.UNSPECIFIED.);
#410=B_SPLINE_CURVE_WITH_KNOTS('',3,(#406,#407,#408,#409),.UNSPECIFIED.,.F.,.F.,
(4,4),(0.E0,1.E0),.UNSPECIFIED.);
#427=B_SPLINE_CURVE_WITH_KNOTS('',3,(#411,#412,#413,#414,#415,#416,#417,#418,
#419,#420,#421,#422,#423,#424,#425,#426),.UNSPECIFIED.,.F.,.F.,(4,1,1,1,1,1,1,1,
1,1,1,1,1,4),(0.E0,7.692307692308E-2,1.538461538462E-1,2.307692307692E-1,
3.076923076923E-1,3.846153846154E-1,4.615384615385E-1,5.384615384615E-1,
6.153846153846E-1,6.923076923077E-1,7.692307692308E-1,8.461538461538E-1,
9.230769230769E-1,1.E0),.UNSPECIFIED.);
#442=B_SPLINE_CURVE_WITH_KNOTS('',3,(#436,#437,#438,#439,#440,#441),
.UNSPECIFIED.,.F.,.F.,(4,1,1,4),(0.E0,3.333333333333E-1,6.666666666667E-1,1.E0),
.UNSPECIFIED.);
#460=B_SPLINE_CURVE_WITH_KNOTS('',3,(#451,#452,#453,#454,#455,#456,#457,#458,
#459),.UNSPECIFIED.,.F.,.F.,(4,1,1,1,1,1,4),(0.E0,1.666666666667E-1,
3.333333333333E-1,5.E-1,6.666666666667E-1,8.333333333333E-1,1.E0),
.UNSPECIFIED.);
#513=B_SPLINE_CURVE_WITH_KNOTS('',3,(#465,#466,#467,#468,#469,#470,#471,#472,
#473,#474,#475,#476,#477,#478,#479,#480,#481,#482,#483,#484,#485,#486,#487,#488,
#489,#490,#491,#492,#493,#494,#495,#496,#497,#498,#499,#500,#501,#502,#503,#504,
#505,#506,#507,#508,#509,#510,#511,#512),.UNSPECIFIED.,.F.,.F.,(4,1,1,1,1,1,1,1,
1,1,1,1,1,1,1,1,1,1,1,1,1,1,1,1,1,1,1,1,1,1,1,1,1,1,1,1,1,1,1,1,1,1,1,1,1,4),(
0.E0,2.222222222222E-2,4.444444444444E-2,6.666666666667E-2,8.888888888889E-2,
1.111111111111E-1,1.333333333333E-1,1.555555555556E-1,1.777777777778E-1,2.E-1,
2.222222222222E-1,2.444444444444E-1,2.666666666667E-1,2.888888888889E-1,
3.111111111111E-1,3.333333333333E-1,3.555555555556E-1,3.777777777778E-1,4.E-1,
4.222222222222E-1,4.444444444444E-1,4.666666666667E-1,4.888888888889E-1,
5.111111111111E-1,5.333333333333E-1,5.555555555556E-1,5.777777777778E-1,6.E-1,
6.222222222222E-1,6.444444444444E-1,6.666666666667E-1,6.888888888889E-1,
7.111111111111E-1,7.333333333333E-1,7.555555555556E-1,7.777777777778E-1,8.E-1,
8.222222222222E-1,8.444444444444E-1,8.666666666667E-1,8.888888888889E-1,
9.111111111111E-1,9.333333333333E-1,9.555555555556E-1,9.777777777778E-1,1.E0),
.UNSPECIFIED.);
#565=B_SPLINE_CURVE_WITH_KNOTS('',3,(#518,#519,#520,#521,#522,#523,#524,#525,
#526,#527,#528,#529,#530,#531,#532,#533,#534,#535,#536,#537,#538,#539,#540,#541,
#542,#543,#544,#545,#546,#547,#548,#549,#550,#551,#552,#553,#554,#555,#556,#557,
#558,#559,#560,#561,#562,#563,#564),.UNSPECIFIED.,.F.,.F.,(4,1,1,1,1,1,1,1,1,1,
1,1,1,1,1,1,1,1,1,1,1,1,1,1,1,1,1,1,1,1,1,1,1,1,1,1,1,1,1,1,1,1,1,1,4),(0.E0,
2.272727272727E-2,4.545454545455E-2,6.818181818182E-2,9.090909090909E-2,
1.136363636364E-1,1.363636363636E-1,1.590909090909E-1,1.818181818182E-1,
2.045454545455E-1,2.272727272727E-1,2.5E-1,2.727272727273E-1,2.954545454545E-1,
3.181818181818E-1,3.409090909091E-1,3.636363636364E-1,3.863636363636E-1,
4.090909090909E-1,4.318181818182E-1,4.545454545455E-1,4.772727272727E-1,5.E-1,
5.227272727273E-1,5.454545454545E-1,5.681818181818E-1,5.909090909091E-1,
6.136363636364E-1,6.363636363636E-1,6.590909090909E-1,6.818181818182E-1,
7.045454545455E-1,7.272727272727E-1,7.5E-1,7.727272727273E-1,7.954545454545E-1,
8.181818181818E-1,8.409090909091E-1,8.636363636364E-1,8.863636363636E-1,
9.090909090909E-1,9.318181818182E-1,9.545454545455E-1,9.772727272727E-1,1.E0),
.UNSPECIFIED.);
#617=B_SPLINE_CURVE_WITH_KNOTS('',3,(#570,#571,#572,#573,#574,#575,#576,#577,
#578,#579,#580,#581,#582,#583,#584,#585,#586,#587,#588,#589,#590,#591,#592,#593,
#594,#595,#596,#597,#598,#599,#600,#601,#602,#603,#604,#605,#606,#607,#608,#609,
#610,#611,#612,#613,#614,#615,#616),.UNSPECIFIED.,.F.,.F.,(4,1,1,1,1,1,1,1,1,1,
1,1,1,1,1,1,1,1,1,1,1,1,1,1,1,1,1,1,1,1,1,1,1,1,1,1,1,1,1,1,1,1,1,1,4),(0.E0,
2.272727272727E-2,4.545454545455E-2,6.818181818182E-2,9.090909090909E-2,
1.136363636364E-1,1.363636363636E-1,1.590909090909E-1,1.818181818182E-1,
2.045454545455E-1,2.272727272727E-1,2.5E-1,2.727272727273E-1,2.954545454545E-1,
3.181818181818E-1,3.409090909091E-1,3.636363636364E-1,3.863636363636E-1,
4.090909090909E-1,4.318181818182E-1,4.545454545455E-1,4.772727272727E-1,5.E-1,
5.227272727273E-1,5.454545454545E-1,5.681818181818E-1,5.909090909091E-1,
6.136363636364E-1,6.363636363636E-1,6.590909090909E-1,6.818181818182E-1,
7.045454545455E-1,7.272727272727E-1,7.5E-1,7.727272727273E-1,7.954545454545E-1,
8.181818181818E-1,8.409090909091E-1,8.636363636364E-1,8.863636363636E-1,
9.090909090909E-1,9.318181818182E-1,9.545454545455E-1,9.772727272727E-1,1.E0),
.UNSPECIFIED.);
#660=B_SPLINE_CURVE_WITH_KNOTS('',3,(#622,#623,#624,#625,#626,#627,#628,#629,
#630,#631,#632,#633,#634,#635,#636,#637,#638,#639,#640,#641,#642,#643,#644,#645,
#646,#647,#648,#649,#650,#651,#652,#653,#654,#655,#656,#657,#658,#659),
.UNSPECIFIED.,.F.,.F.,(4,1,1,1,1,1,1,1,1,1,1,1,1,1,1,1,1,1,1,1,1,1,1,1,1,1,1,1,
1,1,1,1,1,1,1,4),(0.E0,2.857142857143E-2,5.714285714286E-2,8.571428571429E-2,
1.142857142857E-1,1.428571428571E-1,1.714285714286E-1,2.E-1,2.285714285714E-1,
2.571428571429E-1,2.857142857143E-1,3.142857142857E-1,3.428571428571E-1,
3.714285714286E-1,4.E-1,4.285714285714E-1,4.571428571429E-1,4.857142857143E-1,
5.142857142857E-1,5.428571428571E-1,5.714285714286E-1,6.E-1,6.285714285714E-1,
6.571428571429E-1,6.857142857143E-1,7.142857142857E-1,7.428571428571E-1,
7.714285714286E-1,8.E-1,8.285714285714E-1,8.571428571429E-1,8.857142857143E-1,
9.142857142857E-1,9.428571428571E-1,9.714285714286E-1,1.E0),.UNSPECIFIED.);
#690=B_SPLINE_CURVE_WITH_KNOTS('',3,(#669,#670,#671,#672,#673,#674,#675,#676,
#677,#678,#679,#680,#681,#682,#683,#684,#685,#686,#687,#688,#689),.UNSPECIFIED.,
.F.,.F.,(4,1,1,1,1,1,1,1,1,1,1,1,1,1,1,1,1,1,4),(0.E0,5.555555555556E-2,
1.111111111111E-1,1.666666666667E-1,2.222222222222E-1,2.777777777778E-1,
3.333333333333E-1,3.888888888889E-1,4.444444444444E-1,5.E-1,5.555555555556E-1,
6.111111111111E-1,6.666666666667E-1,7.222222222222E-1,7.777777777778E-1,
8.333333333333E-1,8.888888888889E-1,9.444444444444E-1,1.E0),.UNSPECIFIED.);
#703=B_SPLINE_CURVE_WITH_KNOTS('',3,(#695,#696,#697,#698,#699,#700,#701,#702),
.UNSPECIFIED.,.F.,.F.,(4,1,1,1,1,4),(0.E0,2.E-1,4.E-1,6.E-1,8.E-1,1.E0),
.UNSPECIFIED.);
#721=B_SPLINE_CURVE_WITH_KNOTS('',3,(#704,#705,#706,#707,#708,#709,#710,#711,
#712,#713,#714,#715,#716,#717,#718,#719,#720),.UNSPECIFIED.,.F.,.F.,(4,1,1,1,1,
1,1,1,1,1,1,1,1,1,4),(0.E0,1.160276213837E-2,1.577739545919E-1,
3.039451470443E-1,3.770307432711E-1,4.501163394978E-1,5.962875319502E-1,
6.693731281770E-1,7.424587244037E-1,8.155443206305E-1,8.886299168572E-1,
9.251727149701E-1,9.617155130829E-1,9.813786426821E-1,1.E0),.UNSPECIFIED.);
#734=B_SPLINE_CURVE_WITH_KNOTS('',3,(#730,#731,#732,#733),.UNSPECIFIED.,.F.,.F.,
(4,4),(0.E0,1.E0),.UNSPECIFIED.);
#746=B_SPLINE_CURVE_WITH_KNOTS('',3,(#739,#740,#741,#742,#743,#744,#745),
.UNSPECIFIED.,.F.,.F.,(4,1,1,1,4),(0.E0,2.5E-1,5.E-1,7.5E-1,1.E0),
.UNSPECIFIED.);
#751=CIRCLE('',#750,4.299962125069E1);
#756=CIRCLE('',#755,4.299962125069E1);
#761=CIRCLE('',#760,4.299962125069E1);
#768=B_SPLINE_CURVE_WITH_KNOTS('',3,(#762,#763,#764,#765,#766,#767),
.UNSPECIFIED.,.F.,.F.,(4,1,1,4),(0.E0,3.333333333333E-1,6.666666666667E-1,1.E0),
.UNSPECIFIED.);
#775=B_SPLINE_CURVE_WITH_KNOTS('',3,(#769,#770,#771,#772,#773,#774),
.UNSPECIFIED.,.F.,.F.,(4,1,1,4),(0.E0,3.333333333333E-1,6.666666666667E-1,1.E0),
.UNSPECIFIED.);
#782=B_SPLINE_CURVE_WITH_KNOTS('',3,(#776,#777,#778,#779,#780,#781),
.UNSPECIFIED.,.F.,.F.,(4,1,1,4),(0.E0,3.333333333333E-1,6.666666666667E-1,1.E0),
.UNSPECIFIED.);
#787=CIRCLE('',#786,4.285855965469E1);
#792=CIRCLE('',#791,4.285855965469E1);
#815=B_SPLINE_CURVE_WITH_KNOTS('',3,(#793,#794,#795,#796,#797,#798,#799,#800,
#801,#802,#803,#804,#805,#806,#807,#808,#809,#810,#811,#812,#813,#814),
.UNSPECIFIED.,.F.,.F.,(4,1,1,1,1,1,1,1,1,1,1,1,1,1,1,1,1,1,1,4),(0.E0,
6.248080653225E-2,1.249820808144E-1,1.874833550983E-1,2.187339922370E-1,
2.499846293792E-1,2.812352665213E-1,3.124859036600E-1,3.749871779442E-1,
4.374884522250E-1,4.999897265093E-1,5.624910007901E-1,6.249922750709E-1,
6.874935493552E-1,7.187441864938E-1,7.499948236360E-1,7.812454607781E-1,
8.124960979202E-1,8.749973722010E-1,1.E0),.UNSPECIFIED.);
#831=B_SPLINE_CURVE_WITH_KNOTS('',3,(#816,#817,#818,#819,#820,#821,#822,#823,
#824,#825,#826,#827,#828,#829,#830),.UNSPECIFIED.,.F.,.F.,(4,1,1,1,1,1,1,1,1,1,
1,1,4),(0.E0,1.249999199483E-1,2.499999305120E-1,3.124999357944E-1,
3.749999410762E-1,4.999999516399E-1,5.624999569217E-1,6.249999622036E-1,
6.874999674860E-1,7.499999727678E-1,8.124999780496E-1,8.749999833315E-1,1.E0),
.UNSPECIFIED.);
#847=B_SPLINE_CURVE_WITH_KNOTS('',3,(#832,#833,#834,#835,#836,#837,#838,#839,
#840,#841,#842,#843,#844,#845,#846),.UNSPECIFIED.,.F.,.F.,(4,1,1,1,1,1,1,1,1,1,
1,1,4),(0.E0,1.249999162962E-1,2.499999273816E-1,3.124999329249E-1,
3.749999384676E-1,4.999999495530E-1,5.624999550957E-1,6.249999606385E-1,
6.874999661812E-1,7.499999717239E-1,8.124999772672E-1,8.749999828099E-1,1.E0),
.UNSPECIFIED.);
#863=B_SPLINE_CURVE_WITH_KNOTS('',3,(#848,#849,#850,#851,#852,#853,#854,#855,
#856,#857,#858,#859,#860,#861,#862),.UNSPECIFIED.,.F.,.F.,(4,1,1,1,1,1,1,1,1,1,
1,1,4),(0.E0,1.249999245738E-1,2.499999427960E-1,3.124999519071E-1,
3.749999610188E-1,4.999999792410E-1,5.624999883521E-1,6.249999974632E-1,
6.875000065743E-1,7.500000156860E-1,8.125000247971E-1,8.750000339082E-1,1.E0),
.UNSPECIFIED.);
#872=B_SPLINE_CURVE_WITH_KNOTS('',3,(#864,#865,#866,#867,#868,#869,#870,#871),
.UNSPECIFIED.,.F.,.F.,(4,1,1,1,1,4),(0.E0,2.E-1,4.E-1,6.E-1,8.E-1,1.E0),
.UNSPECIFIED.);
#877=CIRCLE('',#876,4.2E1);
#882=CIRCLE('',#881,4.2E1);
#887=CIRCLE('',#886,4.3E1);
#892=CIRCLE('',#891,8.E-1);
#907=B_SPLINE_CURVE_WITH_KNOTS('',3,(#893,#894,#895,#896,#897,#898,#899,#900,
#901,#902,#903,#904,#905,#906),.UNSPECIFIED.,.F.,.F.,(4,1,1,1,1,1,1,1,1,1,1,4),(
0.E0,1.250130720117E-1,2.500132642618E-1,3.125133603869E-1,3.750134565119E-1,
4.375135526369E-1,5.000136487621E-1,5.625137448871E-1,6.250138410122E-1,
7.500140332623E-1,8.750142255125E-1,1.E0),.UNSPECIFIED.);
#922=B_SPLINE_CURVE_WITH_KNOTS('',3,(#908,#909,#910,#911,#912,#913,#914,#915,
#916,#917,#918,#919,#920,#921),.UNSPECIFIED.,.F.,.F.,(4,1,1,1,1,1,1,1,1,1,1,4),(
0.E0,1.250130722964E-1,2.500132645065E-1,3.125133606116E-1,3.750134567167E-1,
4.375135528216E-1,5.000136489266E-1,5.625137450317E-1,6.250138411367E-1,
7.500140333466E-1,8.750142255568E-1,1.E0),.UNSPECIFIED.);
#937=B_SPLINE_CURVE_WITH_KNOTS('',3,(#923,#924,#925,#926,#927,#928,#929,#930,
#931,#932,#933,#934,#935,#936),.UNSPECIFIED.,.F.,.F.,(4,1,1,1,1,1,1,1,1,1,1,4),(
0.E0,1.250130723571E-1,2.500132645992E-1,3.125133607201E-1,3.750134568412E-1,
4.375135529622E-1,5.000136490830E-1,5.625137452041E-1,6.250138413252E-1,
7.500140335671E-1,8.750142258092E-1,1.E0),.UNSPECIFIED.);
#942=CIRCLE('',#941,8.E-1);
#947=B_SPLINE_CURVE_WITH_KNOTS('',3,(#943,#944,#945,#946),.UNSPECIFIED.,.F.,.F.,
(4,4),(0.E0,1.E0),.UNSPECIFIED.);
#954=B_SPLINE_CURVE_WITH_KNOTS('',3,(#948,#949,#950,#951,#952,#953),
.UNSPECIFIED.,.F.,.F.,(4,1,1,4),(0.E0,3.333333333333E-1,6.666666666667E-1,1.E0),
.UNSPECIFIED.);
#967=CIRCLE('',#966,3.283008082160E-1);
#972=CIRCLE('',#971,3.283007242996E-1);
#985=CIRCLE('',#984,3.283007242996E-1);
#990=CIRCLE('',#989,3.283007242356E-1);
#1003=CIRCLE('',#1002,3.283007242356E-1);
#1008=CIRCLE('',#1007,3.283006813532E-1);
#1019=B_SPLINE_CURVE_WITH_KNOTS('',3,(#1013,#1014,#1015,#1016,#1017,#1018),
.UNSPECIFIED.,.F.,.F.,(4,1,1,4),(0.E0,3.333333333333E-1,6.666666666667E-1,1.E0),
.UNSPECIFIED.);
#1028=CIRCLE('',#1027,3.78E1);
#1073=CIRCLE('',#1072,1.1E0);
#1078=CIRCLE('',#1077,1.1E0);
#1087=CIRCLE('',#1086,3.78E1);
#1096=CIRCLE('',#1095,1.1E0);
#1101=CIRCLE('',#1100,1.1E0);
#1127=B_SPLINE_CURVE_WITH_KNOTS('',3,(#1122,#1123,#1124,#1125,#1126),
.UNSPECIFIED.,.F.,.F.,(4,1,4),(0.E0,5.E-1,1.E0),.UNSPECIFIED.);
#1140=CIRCLE('',#1139,5.E-1);
#1153=CIRCLE('',#1152,3.78E1);
#1158=CIRCLE('',#1157,3.78E1);
#1171=CIRCLE('',#1170,5.E-1);
#1176=CIRCLE('',#1175,4.02E1);
#1181=CIRCLE('',#1180,4.02E1);
#1208=B_SPLINE_CURVE_WITH_KNOTS('',3,(#1202,#1203,#1204,#1205,#1206,#1207),
.UNSPECIFIED.,.F.,.F.,(4,1,1,4),(0.E0,3.333333333333E-1,6.666666666667E-1,1.E0),
.UNSPECIFIED.);
#1287=B_SPLINE_CURVE_WITH_KNOTS('',3,(#1281,#1282,#1283,#1284,#1285,#1286),
.UNSPECIFIED.,.F.,.F.,(4,1,1,4),(0.E0,3.333333333333E-1,6.666666666667E-1,1.E0),
.UNSPECIFIED.);
#1356=CIRCLE('',#1355,1.1E0);
#1361=CIRCLE('',#1360,1.1E0);
#1370=CIRCLE('',#1369,3.78E1);
#1379=CIRCLE('',#1378,1.1E0);
#1384=CIRCLE('',#1383,1.1E0);
#1410=B_SPLINE_CURVE_WITH_KNOTS('',3,(#1405,#1406,#1407,#1408,#1409),
.UNSPECIFIED.,.F.,.F.,(4,1,4),(0.E0,5.E-1,1.E0),.UNSPECIFIED.);
#1447=CIRCLE('',#1446,3.78E1);
#1452=CIRCLE('',#1451,5.E-1);
#1465=CIRCLE('',#1464,3.78E1);
#1470=CIRCLE('',#1469,3.78E1);
#1483=CIRCLE('',#1482,5.E-1);
#1488=CIRCLE('',#1487,4.02E1);
#1493=CIRCLE('',#1492,4.02E1);
#1526=CIRCLE('',#1525,1.1E0);
#1531=CIRCLE('',#1530,1.1E0);
#1544=CIRCLE('',#1543,3.95E1);
#1561=CIRCLE('',#1560,1.1E0);
#1566=CIRCLE('',#1565,1.1E0);
#1575=CIRCLE('',#1574,3.78E1);
#1580=CIRCLE('',#1579,5.E-1);
#1593=CIRCLE('',#1592,3.78E1);
#1606=CIRCLE('',#1605,5.E-1);
#1611=CIRCLE('',#1610,4.02E1);
#1632=CIRCLE('',#1631,1.1E0);
#1637=CIRCLE('',#1636,1.1E0);
#1646=CIRCLE('',#1645,3.78E1);
#1655=CIRCLE('',#1654,1.1E0);
#1660=CIRCLE('',#1659,1.1E0);
#1686=B_SPLINE_CURVE_WITH_KNOTS('',3,(#1681,#1682,#1683,#1684,#1685),
.UNSPECIFIED.,.F.,.F.,(4,1,4),(0.E0,5.E-1,1.E0),.UNSPECIFIED.);
#1699=CIRCLE('',#1698,5.E-1);
#1704=CIRCLE('',#1703,4.02E1);
#1709=CIRCLE('',#1708,5.E-1);
#1722=CIRCLE('',#1721,3.78E1);
#1739=CIRCLE('',#1738,5.E-1);
#1748=CIRCLE('',#1747,5.E-1);
#1753=CIRCLE('',#1752,1.E0);
#1758=CIRCLE('',#1757,1.E0);
#1763=CIRCLE('',#1762,1.E0);
#1768=CIRCLE('',#1767,1.E0);
#1773=CIRCLE('',#1772,3.95E1);
#1778=B_SPLINE_CURVE_WITH_KNOTS('',3,(#1774,#1775,#1776,#1777),.UNSPECIFIED.,
.F.,.F.,(4,4),(0.E0,1.E0),.UNSPECIFIED.);
#1796=B_SPLINE_CURVE_WITH_KNOTS('',3,(#1791,#1792,#1793,#1794,#1795),
.UNSPECIFIED.,.F.,.F.,(4,1,4),(0.E0,5.E-1,1.E0),.UNSPECIFIED.);
#1801=CIRCLE('',#1800,5.E-1);
#1806=CIRCLE('',#1805,5.E-1);
#1819=CIRCLE('',#1818,1.E0);
#1828=CIRCLE('',#1827,1.E0);
#1837=CIRCLE('',#1836,1.E0);
#1846=CIRCLE('',#1845,1.E0);
#1919=CIRCLE('',#1918,5.E-1);
#1928=CIRCLE('',#1927,5.E-1);
#1933=CIRCLE('',#1932,1.E0);
#1938=CIRCLE('',#1937,1.E0);
#1943=CIRCLE('',#1942,1.E0);
#1948=CIRCLE('',#1947,1.E0);
#1953=CIRCLE('',#1952,3.95E1);
#1958=B_SPLINE_CURVE_WITH_KNOTS('',3,(#1954,#1955,#1956,#1957),.UNSPECIFIED.,
.F.,.F.,(4,4),(0.E0,1.E0),.UNSPECIFIED.);
#1976=B_SPLINE_CURVE_WITH_KNOTS('',3,(#1971,#1972,#1973,#1974,#1975),
.UNSPECIFIED.,.F.,.F.,(4,1,4),(0.E0,5.E-1,1.E0),.UNSPECIFIED.);
#1981=CIRCLE('',#1980,5.E-1);
#1986=CIRCLE('',#1985,5.E-1);
#1999=CIRCLE('',#1998,1.E0);
#2008=CIRCLE('',#2007,1.E0);
#2017=CIRCLE('',#2016,1.E0);
#2026=CIRCLE('',#2025,1.E0);
#2100=B_SPLINE_CURVE_WITH_KNOTS('',3,(#2095,#2096,#2097,#2098,#2099),
.UNSPECIFIED.,.F.,.F.,(4,1,4),(0.E0,5.E-1,1.E0),.UNSPECIFIED.);
#2105=CIRCLE('',#2104,5.E-1);
#2114=CIRCLE('',#2113,5.E-1);
#2119=CIRCLE('',#2118,1.E0);
#2124=CIRCLE('',#2123,1.E0);
#2129=CIRCLE('',#2128,1.E0);
#2134=CIRCLE('',#2133,1.E0);
#2159=CIRCLE('',#2158,5.E-1);
#2164=CIRCLE('',#2163,5.E-1);
#2177=CIRCLE('',#2176,1.E0);
#2186=CIRCLE('',#2185,1.E0);
#2195=CIRCLE('',#2194,1.E0);
#2204=CIRCLE('',#2203,1.E0);
#2257=CIRCLE('',#2256,3.95E1);
#2296=B_SPLINE_CURVE_WITH_KNOTS('',3,(#2282,#2283,#2284,#2285,#2286,#2287,#2288,
#2289,#2290,#2291,#2292,#2293,#2294,#2295),.UNSPECIFIED.,.F.,.F.,(4,1,1,1,1,1,1,
1,1,1,1,4),(0.E0,1.249857741908E-1,2.499859664329E-1,3.749861586748E-1,
4.374862547959E-1,4.999863509170E-1,5.624864470378E-1,6.249865431588E-1,
6.874866392799E-1,7.499867354008E-1,8.749869276429E-1,1.E0),.UNSPECIFIED.);
#2315=B_SPLINE_CURVE_WITH_KNOTS('',3,(#2301,#2302,#2303,#2304,#2305,#2306,#2307,
#2308,#2309,#2310,#2311,#2312,#2313,#2314),.UNSPECIFIED.,.F.,.F.,(4,1,1,1,1,1,1,
1,1,1,1,4),(0.E0,1.249857744432E-1,2.499859666534E-1,3.749861588633E-1,
4.374862549683E-1,4.999863510734E-1,5.624864471784E-1,6.249865432833E-1,
6.874866393884E-1,7.499867354935E-1,8.749869277036E-1,1.E0),.UNSPECIFIED.);
#2334=B_SPLINE_CURVE_WITH_KNOTS('',3,(#2320,#2321,#2322,#2323,#2324,#2325,#2326,
#2327,#2328,#2329,#2330,#2331,#2332,#2333),.UNSPECIFIED.,.F.,.F.,(4,1,1,1,1,1,1,
1,1,1,1,4),(0.E0,1.249857744875E-1,2.499859667377E-1,3.749861589878E-1,
4.374862551129E-1,4.999863512379E-1,5.624864473631E-1,6.249865434881E-1,
6.874866396131E-1,7.499867357382E-1,8.749869279883E-1,1.E0),.UNSPECIFIED.);
#2343=CIRCLE('',#2342,8.E-1);
#2348=CIRCLE('',#2347,4.3E1);
#2353=CIRCLE('',#2352,8.E-1);
#2362=CIRCLE('',#2361,2.8E0);
#2371=CIRCLE('',#2370,1.E0);
#2384=CIRCLE('',#2383,2.5E-1);
#2389=CIRCLE('',#2388,2.5E-1);
#2398=CIRCLE('',#2397,2.5E-1);
#2403=CIRCLE('',#2402,2.5E-1);
#2412=CIRCLE('',#2411,2.5E-1);
#2417=CIRCLE('',#2416,2.5E-1);
#2426=CIRCLE('',#2425,2.5E-1);
#2431=CIRCLE('',#2430,2.5E-1);
#2440=CIRCLE('',#2439,1.88E1);
#2445=CIRCLE('',#2444,1.88E1);
#2450=CIRCLE('',#2449,1.88E1);
#2455=CIRCLE('',#2454,1.88E1);
#2536=CIRCLE('',#2535,5.E-1);
#2545=CIRCLE('',#2544,2.5E-1);
#2554=CIRCLE('',#2553,2.5E-1);
#2583=CIRCLE('',#2582,2.5E-1);
#2592=CIRCLE('',#2591,2.5E-1);
#2605=CIRCLE('',#2604,5.E-1);
#2682=CIRCLE('',#2681,5.000000000001E-1);
#2699=CIRCLE('',#2698,2.300000000001E0);
#2760=CIRCLE('',#2759,1.5E0);
#2765=CIRCLE('',#2764,1.5E0);
#2774=CIRCLE('',#2773,2.E0);
#2783=CIRCLE('',#2782,2.E0);
#2804=CIRCLE('',#2803,1.5E0);
#2809=CIRCLE('',#2808,1.5E0);
#2814=CIRCLE('',#2813,3.E0);
#2823=CIRCLE('',#2822,3.E0);
#2836=CIRCLE('',#2835,3.E0);
#2861=CIRCLE('',#2860,3.E0);
#2902=CIRCLE('',#2901,5.E-1);
#2907=CIRCLE('',#2906,5.E-1);
#2948=CIRCLE('',#2947,2.000000000024E0);
#2957=CIRCLE('',#2956,2.000000000024E0);
#2966=CIRCLE('',#2965,1.5E0);
#2971=CIRCLE('',#2970,1.5E0);
#2976=CIRCLE('',#2975,1.5E0);
#2981=CIRCLE('',#2980,1.5E0);
#2998=CIRCLE('',#2997,3.E0);
#3007=CIRCLE('',#3006,3.E0);
#3016=CIRCLE('',#3015,1.5E0);
#3021=CIRCLE('',#3020,1.5E0);
#3026=CIRCLE('',#3025,1.5E0);
#3031=CIRCLE('',#3030,1.5E0);
#3048=CIRCLE('',#3047,3.000000000024E0);
#3065=CIRCLE('',#3064,3.000000000024E0);
#3138=CIRCLE('',#3137,1.E0);
#3143=CIRCLE('',#3142,1.E0);
#3156=CIRCLE('',#3155,3.E0);
#3161=CIRCLE('',#3160,3.E0);
#3174=CIRCLE('',#3173,3.E0);
#3179=CIRCLE('',#3178,3.E0);
#3192=CIRCLE('',#3191,1.E0);
#3197=CIRCLE('',#3196,1.E0);
#3202=CIRCLE('',#3201,1.5E0);
#3207=CIRCLE('',#3206,1.5E0);
#3212=CIRCLE('',#3211,1.5E0);
#3217=CIRCLE('',#3216,1.5E0);
#3222=CIRCLE('',#3221,1.5E0);
#3227=CIRCLE('',#3226,1.5E0);
#3244=CIRCLE('',#3243,3.E0);
#3249=CIRCLE('',#3248,3.E0);
#3262=CIRCLE('',#3261,1.999999999999E0);
#3267=CIRCLE('',#3266,1.999999999999E0);
#3272=CIRCLE('',#3271,1.5E0);
#3277=CIRCLE('',#3276,1.5E0);
#3282=CIRCLE('',#3281,1.5E0);
#3287=CIRCLE('',#3286,1.5E0);
#3292=CIRCLE('',#3291,1.5E0);
#3297=CIRCLE('',#3296,1.5E0);
#3306=CIRCLE('',#3305,2.999999999999E0);
#3339=CIRCLE('',#3338,2.999999999999E0);
#3400=CIRCLE('',#3399,1.E0);
#3405=CIRCLE('',#3404,1.E0);
#3418=CIRCLE('',#3417,3.E0);
#3423=CIRCLE('',#3422,3.E0);
#3436=CIRCLE('',#3435,3.E0);
#3441=CIRCLE('',#3440,3.E0);
#3454=CIRCLE('',#3453,1.E0);
#3459=CIRCLE('',#3458,1.E0);
#3464=CIRCLE('',#3463,1.85E1);
#3469=CIRCLE('',#3468,1.85E1);
#3478=CIRCLE('',#3477,1.85E1);
#3483=CIRCLE('',#3482,1.85E1);
#3500=CIRCLE('',#3499,1.85E1);
#3505=CIRCLE('',#3504,1.85E1);
#3510=CIRCLE('',#3509,1.225E1);
#3515=CIRCLE('',#3514,1.225E1);
#3520=CIRCLE('',#3519,1.225E1);
#3525=CIRCLE('',#3524,1.225E1);
#3530=CIRCLE('',#3529,1.525E0);
#3535=CIRCLE('',#3534,1.525E0);
#3540=CIRCLE('',#3539,1.525E0);
#3545=CIRCLE('',#3544,1.525E0);
#3550=CIRCLE('',#3549,1.525E0);
#3555=CIRCLE('',#3554,1.525E0);
#3560=CIRCLE('',#3559,1.525E0);
#3565=CIRCLE('',#3564,1.525E0);
#3570=CIRCLE('',#3569,1.525E0);
#3575=CIRCLE('',#3574,1.525E0);
#3580=CIRCLE('',#3579,1.525E0);
#3585=CIRCLE('',#3584,1.525E0);
#3590=CIRCLE('',#3589,1.195E1);
#3595=CIRCLE('',#3594,1.195E1);
#3604=CIRCLE('',#3603,1.195E1);
#3609=CIRCLE('',#3608,1.195E1);
#3626=CIRCLE('',#3625,1.195E1);
#3631=CIRCLE('',#3630,1.195E1);
#3640=CIRCLE('',#3639,8.15E0);
#3645=CIRCLE('',#3644,8.15E0);
#3666=CIRCLE('',#3665,8.15E0);
#3671=CIRCLE('',#3670,8.15E0);
#3708=B_SPLINE_CURVE_WITH_KNOTS('',3,(#3704,#3705,#3706,#3707),.UNSPECIFIED.,
.F.,.F.,(4,4),(0.E0,1.E0),.UNSPECIFIED.);
#3741=B_SPLINE_CURVE_WITH_KNOTS('',3,(#3737,#3738,#3739,#3740),.UNSPECIFIED.,
.F.,.F.,(4,4),(0.E0,1.E0),.UNSPECIFIED.);
#3766=B_SPLINE_CURVE_WITH_KNOTS('',3,(#3762,#3763,#3764,#3765),.UNSPECIFIED.,
.F.,.F.,(4,4),(0.E0,1.E0),.UNSPECIFIED.);
#3795=B_SPLINE_CURVE_WITH_KNOTS('',3,(#3791,#3792,#3793,#3794),.UNSPECIFIED.,
.F.,.F.,(4,4),(0.E0,1.E0),.UNSPECIFIED.);
#3832=CIRCLE('',#3831,1.4E1);
#3837=CIRCLE('',#3836,1.4E1);
#3842=CIRCLE('',#3841,8.15E0);
#3847=CIRCLE('',#3846,8.15E0);
#3852=CIRCLE('',#3851,8.15E0);
#3857=CIRCLE('',#3856,8.15E0);
#3898=CIRCLE('',#3897,9.250000000001E-1);
#3903=CIRCLE('',#3902,9.250000000001E-1);
#3912=CIRCLE('',#3911,9.250000000001E-1);
#3917=CIRCLE('',#3916,9.250000000001E-1);
#3938=CIRCLE('',#3937,9.25E-1);
#3943=CIRCLE('',#3942,9.25E-1);
#3952=CIRCLE('',#3951,9.250000000001E-1);
#3957=CIRCLE('',#3956,9.250000000001E-1);
#3966=CIRCLE('',#3965,9.250000000001E-1);
#3971=CIRCLE('',#3970,9.250000000001E-1);
#3992=CIRCLE('',#3991,9.25E-1);
#3997=CIRCLE('',#3996,9.25E-1);
#4006=CIRCLE('',#4005,9.250000000001E-1);
#4011=CIRCLE('',#4010,9.250000000001E-1);
#4020=CIRCLE('',#4019,9.250000000001E-1);
#4025=CIRCLE('',#4024,9.250000000001E-1);
#4046=CIRCLE('',#4045,9.25E-1);
#4051=CIRCLE('',#4050,9.25E-1);
#4067=B_SPLINE_CURVE_WITH_KNOTS('',3,(#4056,#4057,#4058,#4059,#4060,#4061,#4062,
#4063,#4064,#4065,#4066),.UNSPECIFIED.,.F.,.F.,(4,1,1,1,1,1,1,1,4),(0.E0,
1.25E-1,2.5E-1,3.75E-1,5.E-1,6.25E-1,7.5E-1,8.75E-1,1.E0),.UNSPECIFIED.);
#4080=B_SPLINE_CURVE_WITH_KNOTS('',3,(#4076,#4077,#4078,#4079),.UNSPECIFIED.,
.F.,.F.,(4,4),(0.E0,1.E0),.UNSPECIFIED.);
#4087=B_SPLINE_CURVE_WITH_KNOTS('',3,(#4081,#4082,#4083,#4084,#4085,#4086),
.UNSPECIFIED.,.F.,.F.,(4,1,1,4),(0.E0,3.333333333333E-1,6.666666666667E-1,1.E0),
.UNSPECIFIED.);
#4100=B_SPLINE_CURVE_WITH_KNOTS('',3,(#4088,#4089,#4090,#4091,#4092,#4093,#4094,
#4095,#4096,#4097,#4098,#4099),.UNSPECIFIED.,.F.,.F.,(4,1,1,1,1,1,1,1,1,4),
(0.E0,1.111111111111E-1,2.222222222222E-1,3.333333333333E-1,4.444444444444E-1,
5.555555555556E-1,6.666666666667E-1,7.777777777778E-1,8.888888888889E-1,1.E0),
.UNSPECIFIED.);
#4112=B_SPLINE_CURVE_WITH_KNOTS('',3,(#4101,#4102,#4103,#4104,#4105,#4106,#4107,
#4108,#4109,#4110,#4111),.UNSPECIFIED.,.F.,.F.,(4,1,1,1,1,1,1,1,4),(0.E0,
1.25E-1,2.5E-1,3.75E-1,5.E-1,6.25E-1,7.5E-1,8.75E-1,1.E0),.UNSPECIFIED.);
#4124=B_SPLINE_CURVE_WITH_KNOTS('',3,(#4113,#4114,#4115,#4116,#4117,#4118,#4119,
#4120,#4121,#4122,#4123),.UNSPECIFIED.,.F.,.F.,(4,1,1,1,1,1,1,1,4),(0.E0,
4.865528945004E-2,1.651983506172E-1,2.817414117841E-1,3.982844729507E-1,
5.148275341176E-1,7.479136564511E-1,9.809997787848E-1,1.E0),.UNSPECIFIED.);
#4134=B_SPLINE_CURVE_WITH_KNOTS('',3,(#4125,#4126,#4127,#4128,#4129,#4130,#4131,
#4132,#4133),.UNSPECIFIED.,.F.,.F.,(4,1,1,1,1,1,4),(0.E0,5.157485372791E-2,
1.039121206115E-1,2.016846755084E-1,2.994572304023E-1,6.905474499841E-1,1.E0),
.UNSPECIFIED.);
#4151=CIRCLE('',#4150,2.E0);
#4160=CIRCLE('',#4159,1.999999999999E0);
#4169=CIRCLE('',#4168,1.5E0);
#4174=CIRCLE('',#4173,1.5E0);
#4187=CIRCLE('',#4186,1.5E0);
#4192=CIRCLE('',#4191,1.5E0);
#4201=CIRCLE('',#4200,3.E0);
#4210=CIRCLE('',#4209,3.E0);
#4247=CIRCLE('',#4246,2.999999999999E0);
#4264=CIRCLE('',#4263,3.E0);
#4297=CIRCLE('',#4296,3.E0);
#4302=CIRCLE('',#4301,3.E0);
#4319=CIRCLE('',#4318,3.E0);
#4352=CIRCLE('',#4351,2.E0);
#4361=CIRCLE('',#4360,2.E0);
#4382=CIRCLE('',#4381,3.E0);
#4411=CIRCLE('',#4410,1.5E0);
#4416=CIRCLE('',#4415,1.5E0);
#4421=CIRCLE('',#4420,1.5E0);
#4426=CIRCLE('',#4425,1.5E0);
#4431=CIRCLE('',#4430,1.5E0);
#4436=CIRCLE('',#4435,1.5E0);
#4445=CIRCLE('',#4444,2.E0);
#4454=CIRCLE('',#4453,2.E0);
#4467=CIRCLE('',#4466,2.E0);
#4476=CIRCLE('',#4475,1.999999999999E0);
#4489=CIRCLE('',#4488,1.5E0);
#4494=CIRCLE('',#4493,1.5E0);
#4499=CIRCLE('',#4498,1.5E0);
#4504=CIRCLE('',#4503,1.5E0);
#4509=CIRCLE('',#4508,1.5E0);
#4514=CIRCLE('',#4513,1.5E0);
#4519=CIRCLE('',#4518,3.E0);
#4532=CIRCLE('',#4531,3.E0);
#4541=CIRCLE('',#4540,3.E0);
#4554=CIRCLE('',#4553,3.E0);
#4579=CIRCLE('',#4578,3.E0);
#4608=CIRCLE('',#4607,3.E0);
#4653=CIRCLE('',#4652,3.E0);
#4678=CIRCLE('',#4677,2.999999999999E0);
#4707=CIRCLE('',#4706,1.5E0);
#4712=CIRCLE('',#4711,1.5E0);
#4717=CIRCLE('',#4716,1.5E0);
#4722=CIRCLE('',#4721,1.5E0);
#4727=CIRCLE('',#4726,1.5E0);
#4732=CIRCLE('',#4731,1.5E0);
#4741=CIRCLE('',#4740,2.E0);
#4750=CIRCLE('',#4749,2.E0);
#4767=CIRCLE('',#4766,1.5E0);
#4772=CIRCLE('',#4771,1.5E0);
#4777=CIRCLE('',#4776,1.5E0);
#4782=CIRCLE('',#4781,1.5E0);
#4787=CIRCLE('',#4786,1.5E0);
#4792=CIRCLE('',#4791,1.5E0);
#4797=CIRCLE('',#4796,3.E0);
#4814=CIRCLE('',#4813,3.E0);
#4839=CIRCLE('',#4838,3.E0);
#4880=CIRCLE('',#4879,3.E0);
#6233=EDGE_CURVE('',#4897,#4898,#20,.T.);
#6235=EDGE_CURVE('',#4897,#4899,#5,.T.);
#6237=EDGE_CURVE('',#4900,#4899,#617,.T.);
#6239=EDGE_CURVE('',#4898,#4900,#734,.T.);
#6249=EDGE_CURVE('',#4897,#4902,#374,.T.);
#6252=EDGE_CURVE('',#4904,#4898,#729,.T.);
#6254=EDGE_CURVE('',#4904,#4905,#32,.T.);
#6256=EDGE_CURVE('',#4905,#4907,#37,.T.);
#6258=EDGE_CURVE('',#4907,#4909,#42,.T.);
#6260=EDGE_CURVE('',#4909,#4911,#47,.T.);
#6262=EDGE_CURVE('',#4912,#4911,#4112,.T.);
#6264=EDGE_CURVE('',#4914,#4912,#435,.T.);
#6266=EDGE_CURVE('',#4914,#4915,#62,.T.);
#6268=EDGE_CURVE('',#4917,#4915,#396,.T.);
#6270=EDGE_CURVE('',#4917,#4918,#77,.T.);
#6272=EDGE_CURVE('',#4902,#4918,#378,.T.);
#6276=EDGE_CURVE('',#4964,#5923,#81,.T.);
#6278=EDGE_CURVE('',#5922,#5923,#4226,.T.);
#6280=EDGE_CURVE('',#5927,#5922,#4196,.T.);
#6282=EDGE_CURVE('',#5926,#5927,#4182,.T.);
#6284=EDGE_CURVE('',#5926,#4963,#85,.T.);
#6286=EDGE_CURVE('',#4963,#4964,#89,.T.);
#6290=EDGE_CURVE('',#4921,#4922,#94,.T.);
#6292=EDGE_CURVE('',#4922,#4921,#99,.T.);
#6296=EDGE_CURVE('',#4965,#4966,#107,.T.);
#6298=EDGE_CURVE('',#4968,#4966,#1212,.T.);
#6300=EDGE_CURVE('',#4968,#4970,#112,.T.);
#6302=EDGE_CURVE('',#4972,#4970,#1197,.T.);
#6304=EDGE_CURVE('',#4972,#4973,#120,.T.);
#6306=EDGE_CURVE('',#4973,#4974,#125,.T.);
#6308=EDGE_CURVE('',#4974,#4975,#133,.T.);
#6310=EDGE_CURVE('',#4975,#4977,#137,.T.);
#6312=EDGE_CURVE('',#4977,#4979,#142,.T.);
#6314=EDGE_CURVE('',#4981,#4979,#1315,.T.);
#6316=EDGE_CURVE('',#4981,#4982,#150,.T.);
#6318=EDGE_CURVE('',#4982,#4984,#155,.T.);
#6320=EDGE_CURVE('',#4984,#4985,#163,.T.);
#6322=EDGE_CURVE('',#4987,#4985,#1291,.T.);
#6324=EDGE_CURVE('',#4987,#4989,#168,.T.);
#6326=EDGE_CURVE('',#4991,#4989,#1276,.T.);
#6328=EDGE_CURVE('',#4991,#4992,#176,.T.);
#6330=EDGE_CURVE('',#4992,#4993,#181,.T.);
#6332=EDGE_CURVE('',#4993,#4994,#189,.T.);
#6334=EDGE_CURVE('',#4994,#4996,#193,.T.);
#6336=EDGE_CURVE('',#4996,#4998,#198,.T.);
#6338=EDGE_CURVE('',#5000,#4998,#1240,.T.);
#6340=EDGE_CURVE('',#5000,#5001,#206,.T.);
#6342=EDGE_CURVE('',#5001,#4965,#211,.T.);
#6346=EDGE_CURVE('',#4960,#6039,#216,.T.);
#6348=EDGE_CURVE('',#6017,#6039,#2735,.T.);
#6350=EDGE_CURVE('',#6021,#6017,#2751,.T.);
#6352=EDGE_CURVE('',#6035,#6021,#2791,.T.);
#6354=EDGE_CURVE('',#6037,#6035,#2865,.T.);
#6356=EDGE_CURVE('',#5989,#6037,#220,.T.);
#6358=EDGE_CURVE('',#5989,#4932,#224,.T.);
#6360=EDGE_CURVE('',#4931,#4932,#2645,.T.);
#6362=EDGE_CURVE('',#4931,#4934,#229,.T.);
#6364=EDGE_CURVE('',#4934,#4936,#233,.T.);
#6366=EDGE_CURVE('',#4936,#4938,#238,.T.);
#6368=EDGE_CURVE('',#4938,#4940,#242,.T.);
#6370=EDGE_CURVE('',#4940,#4942,#247,.T.);
#6372=EDGE_CURVE('',#4944,#4942,#2993,.T.);
#6374=EDGE_CURVE('',#4944,#4946,#251,.T.);
#6376=EDGE_CURVE('',#4946,#4948,#255,.T.);
#6378=EDGE_CURVE('',#4948,#4950,#259,.T.);
#6380=EDGE_CURVE('',#4952,#4950,#2923,.T.);
#6382=EDGE_CURVE('',#4952,#4954,#264,.T.);
#6384=EDGE_CURVE('',#4954,#4956,#268,.T.);
#6386=EDGE_CURVE('',#4956,#4958,#273,.T.);
#6388=EDGE_CURVE('',#4958,#4960,#277,.T.);
#6392=EDGE_CURVE('',#6061,#5986,#281,.T.);
#6394=EDGE_CURVE('',#6063,#6061,#4288,.T.);
#6396=EDGE_CURVE('',#6063,#6043,#285,.T.);
#6398=EDGE_CURVE('',#6047,#6043,#4339,.T.);
#6400=EDGE_CURVE('',#5987,#6047,#289,.T.);
#6402=EDGE_CURVE('',#5986,#5987,#4310,.T.);
#6406=EDGE_CURVE('',#6067,#5979,#293,.T.);
#6408=EDGE_CURVE('',#6071,#6067,#4402,.T.);
#6410=EDGE_CURVE('',#6071,#5704,#297,.T.);
#6412=EDGE_CURVE('',#5704,#5919,#301,.T.);
#6414=EDGE_CURVE('',#5918,#5919,#4694,.T.);
#6416=EDGE_CURVE('',#5979,#5918,#4527,.T.);
#6420=EDGE_CURVE('',#6095,#6109,#305,.T.);
#6422=EDGE_CURVE('',#6111,#6109,#4888,.T.);
#6424=EDGE_CURVE('',#5983,#6111,#309,.T.);
#6426=EDGE_CURVE('',#5982,#5983,#4805,.T.);
#6428=EDGE_CURVE('',#6091,#5982,#313,.T.);
#6430=EDGE_CURVE('',#6095,#6091,#4851,.T.);
#6434=EDGE_CURVE('',#5948,#6126,#317,.T.);
#6436=EDGE_CURVE('',#6122,#6126,#3192,.T.);
#6438=EDGE_CURVE('',#6122,#6118,#321,.T.);
#6440=EDGE_CURVE('',#6114,#6118,#3138,.T.);
#6442=EDGE_CURVE('',#6114,#5944,#325,.T.);
#6444=EDGE_CURVE('',#5940,#5944,#3156,.T.);
#6446=EDGE_CURVE('',#5940,#5952,#329,.T.);
#6448=EDGE_CURVE('',#5948,#5952,#3174,.T.);
#6452=EDGE_CURVE('',#5956,#6134,#333,.T.);
#6454=EDGE_CURVE('',#6130,#6134,#3400,.T.);
#6456=EDGE_CURVE('',#6130,#5937,#337,.T.);
#6458=EDGE_CURVE('',#5929,#5937,#3359,.T.);
#6460=EDGE_CURVE('',#5929,#4925,#341,.T.);
#6462=EDGE_CURVE('',#4925,#4926,#345,.T.);
#6464=EDGE_CURVE('',#4926,#4928,#349,.T.);
#6466=EDGE_CURVE('',#5935,#4928,#3375,.T.);
#6468=EDGE_CURVE('',#5935,#6142,#353,.T.);
#6470=EDGE_CURVE('',#6138,#6142,#3454,.T.);
#6472=EDGE_CURVE('',#6138,#5968,#357,.T.);
#6474=EDGE_CURVE('',#5964,#5968,#3436,.T.);
#6476=EDGE_CURVE('',#5964,#5960,#361,.T.);
#6478=EDGE_CURVE('',#5956,#5960,#3418,.T.);
#6489=B_SPLINE_CURVE_WITH_KNOTS('',3,(#6483,#6484,#6485,#6486,#6487,#6488),
.UNSPECIFIED.,.F.,.F.,(4,1,1,4),(0.E0,2.799034187212E-2,9.781474296002E-1,1.E0),
.UNSPECIFIED.);
#6493=EDGE_CURVE('',#4902,#5002,#366,.T.);
#6495=EDGE_CURVE('',#5002,#4899,#370,.T.);
#6508=B_SPLINE_CURVE_WITH_KNOTS('',3,(#6502,#6503,#6504,#6505,#6506,#6507),
.UNSPECIFIED.,.F.,.F.,(4,1,1,4),(0.E0,2.799110967736E-2,9.781474025473E-1,1.E0),
.UNSPECIFIED.);
#6513=EDGE_CURVE('',#4918,#5003,#383,.T.);
#6515=EDGE_CURVE('',#5003,#5002,#387,.T.);
#6579=EDGE_CURVE('',#4917,#5004,#392,.T.);
#6581=EDGE_CURVE('',#5003,#5004,#513,.T.);
#6593=B_SPLINE_CURVE_WITH_KNOTS('',3,(#6587,#6588,#6589,#6590,#6591,#6592),
.UNSPECIFIED.,.F.,.F.,(4,1,1,4),(0.E0,2.798864049251E-2,9.781474847903E-1,1.E0),
.UNSPECIFIED.);
#6598=EDGE_CURVE('',#4915,#5005,#401,.T.);
#6600=EDGE_CURVE('',#5005,#5004,#405,.T.);
#6664=EDGE_CURVE('',#4914,#5006,#410,.T.);
#6666=EDGE_CURVE('',#5006,#5005,#427,.T.);
#6678=B_SPLINE_CURVE_WITH_KNOTS('',3,(#6672,#6673,#6674,#6675,#6676,#6677),
.UNSPECIFIED.,.F.,.F.,(4,1,1,4),(0.E0,2.799141042697E-2,9.781474795719E-1,1.E0),
.UNSPECIFIED.);
#6682=EDGE_CURVE('',#5008,#5006,#431,.T.);
#6686=EDGE_CURVE('',#4912,#5008,#442,.T.);
#6696=EDGE_CURVE('',#5006,#5010,#450,.T.);
#6699=EDGE_CURVE('',#5012,#5008,#4071,.T.);
#6701=EDGE_CURVE('',#5010,#5012,#1012,.T.);
#6859=EDGE_CURVE('',#5014,#5005,#446,.T.);
#6863=EDGE_CURVE('',#5010,#5014,#460,.T.);
#6873=EDGE_CURVE('',#5004,#5016,#517,.T.);
#6877=EDGE_CURVE('',#5016,#5014,#994,.T.);
#7091=EDGE_CURVE('',#5018,#5003,#464,.T.);
#7095=EDGE_CURVE('',#5016,#5018,#565,.T.);
#7105=EDGE_CURVE('',#4899,#5020,#621,.T.);
#7110=EDGE_CURVE('',#5020,#5018,#976,.T.);
#7312=EDGE_CURVE('',#5022,#4900,#569,.T.);
#7316=EDGE_CURVE('',#5020,#5022,#660,.T.);
#7326=EDGE_CURVE('',#5025,#5026,#694,.T.);
#7328=EDGE_CURVE('',#4900,#5025,#738,.T.);
#7331=EDGE_CURVE('',#5026,#5022,#958,.T.);
#7413=EDGE_CURVE('',#5029,#5030,#664,.T.);
#7415=EDGE_CURVE('',#5030,#5032,#668,.T.);
#7417=EDGE_CURVE('',#5032,#5025,#690,.T.);
#7420=EDGE_CURVE('',#5026,#5029,#703,.T.);
#7431=EDGE_CURVE('',#4905,#5032,#721,.T.);
#7435=EDGE_CURVE('',#5034,#5029,#761,.T.);
#7437=EDGE_CURVE('',#5034,#4907,#725,.T.);
#7518=EDGE_CURVE('',#5025,#4904,#746,.T.);
#7529=B_SPLINE_CURVE_WITH_KNOTS('',3,(#7523,#7524,#7525,#7526,#7527,#7528),
.UNSPECIFIED.,.F.,.F.,(4,1,1,4),(0.E0,2.799142807191E-2,9.781474470092E-1,1.E0),
.UNSPECIFIED.);
#7546=B_SPLINE_CURVE_WITH_KNOTS('',3,(#7540,#7541,#7542,#7543,#7544,#7545),
.UNSPECIFIED.,.F.,.F.,(4,1,1,4),(0.E0,1.923076923077E-2,9.807693396211E-1,1.E0),
.UNSPECIFIED.);
#7551=EDGE_CURVE('',#5035,#5036,#768,.T.);
#7553=EDGE_CURVE('',#5035,#5038,#751,.T.);
#7555=EDGE_CURVE('',#5038,#5034,#756,.T.);
#7558=EDGE_CURVE('',#5039,#5029,#947,.T.);
#7560=EDGE_CURVE('',#5041,#5039,#792,.T.);
#7562=EDGE_CURVE('',#5036,#5041,#787,.T.);
#7584=EDGE_CURVE('',#5042,#5043,#775,.T.);
#7586=EDGE_CURVE('',#5035,#5042,#4087,.T.);
#7589=EDGE_CURVE('',#5043,#5036,#782,.T.);
#7660=EDGE_CURVE('',#5044,#5043,#872,.T.);
#7662=EDGE_CURVE('',#5012,#5044,#1019,.T.);
#7664=EDGE_CURVE('',#5042,#5012,#4067,.T.);
#7677=EDGE_CURVE('',#5039,#5045,#815,.T.);
#7679=EDGE_CURVE('',#5047,#5045,#962,.T.);
#7681=EDGE_CURVE('',#5047,#5048,#831,.T.);
#7683=EDGE_CURVE('',#5050,#5048,#980,.T.);
#7685=EDGE_CURVE('',#5050,#5051,#847,.T.);
#7687=EDGE_CURVE('',#5053,#5051,#998,.T.);
#7689=EDGE_CURVE('',#5053,#5054,#863,.T.);
#7691=EDGE_CURVE('',#5044,#5054,#1023,.T.);
#7696=EDGE_CURVE('',#5057,#5058,#877,.T.);
#7698=EDGE_CURVE('',#5058,#5057,#882,.T.);
#7702=EDGE_CURVE('',#5061,#5062,#887,.T.);
#7704=EDGE_CURVE('',#5062,#5064,#892,.T.);
#7706=EDGE_CURVE('',#5066,#5064,#2495,.T.);
#7708=EDGE_CURVE('',#5066,#5067,#907,.T.);
#7710=EDGE_CURVE('',#5069,#5067,#2483,.T.);
#7712=EDGE_CURVE('',#5069,#5070,#922,.T.);
#7714=EDGE_CURVE('',#5072,#5070,#2471,.T.);
#7716=EDGE_CURVE('',#5072,#5073,#937,.T.);
#7718=EDGE_CURVE('',#5075,#5073,#2459,.T.);
#7720=EDGE_CURVE('',#5075,#5061,#942,.T.);
#7816=EDGE_CURVE('',#5026,#5045,#954,.T.);
#7829=EDGE_CURVE('',#5047,#5022,#967,.T.);
#7898=EDGE_CURVE('',#5020,#5048,#972,.T.);
#7911=EDGE_CURVE('',#5050,#5018,#985,.T.);
#7980=EDGE_CURVE('',#5016,#5051,#990,.T.);
#7993=EDGE_CURVE('',#5053,#5014,#1003,.T.);
#8063=EDGE_CURVE('',#5010,#5054,#1008,.T.);
#8085=EDGE_CURVE('',#5078,#5079,#1028,.T.);
#8087=EDGE_CURVE('',#5058,#5079,#1442,.T.);
#8090=EDGE_CURVE('',#5057,#5078,#1032,.T.);
#8100=EDGE_CURVE('',#5082,#5083,#1036,.T.);
#8102=EDGE_CURVE('',#5085,#5083,#1722,.T.);
#8104=EDGE_CURVE('',#5085,#5087,#1040,.T.);
#8106=EDGE_CURVE('',#5089,#5087,#1646,.T.);
#8108=EDGE_CURVE('',#5089,#5091,#1044,.T.);
#8110=EDGE_CURVE('',#5093,#5091,#1470,.T.);
#8112=EDGE_CURVE('',#5079,#5093,#1426,.T.);
#8115=EDGE_CURVE('',#5078,#5095,#1048,.T.);
#8117=EDGE_CURVE('',#5097,#5095,#1153,.T.);
#8119=EDGE_CURVE('',#5097,#5099,#1052,.T.);
#8121=EDGE_CURVE('',#5082,#5099,#1087,.T.);
#8131=EDGE_CURVE('',#6170,#6171,#1056,.T.);
#8133=EDGE_CURVE('',#6170,#5103,#1060,.T.);
#8135=EDGE_CURVE('',#5102,#5103,#2168,.T.);
#8137=EDGE_CURVE('',#5104,#5102,#2100,.T.);
#8139=EDGE_CURVE('',#5104,#5106,#1064,.T.);
#8141=EDGE_CURVE('',#5083,#5106,#1726,.T.);
#8144=EDGE_CURVE('',#5082,#6171,#1068,.T.);
#8155=EDGE_CURVE('',#6173,#6171,#1082,.T.);
#8157=EDGE_CURVE('',#6175,#6173,#1117,.T.);
#8159=EDGE_CURVE('',#6175,#6170,#1105,.T.);
#8172=EDGE_CURVE('',#6173,#5099,#1121,.T.);
#8176=EDGE_CURVE('',#5109,#5110,#1073,.T.);
#8178=EDGE_CURVE('',#5110,#5109,#1078,.T.);
#8188=EDGE_CURVE('',#5120,#5121,#1096,.T.);
#8190=EDGE_CURVE('',#5110,#5120,#1113,.T.);
#8193=EDGE_CURVE('',#5109,#5121,#1091,.T.);
#8204=EDGE_CURVE('',#5117,#6175,#1135,.T.);
#8206=EDGE_CURVE('',#5117,#5103,#1109,.T.);
#8212=EDGE_CURVE('',#5121,#5120,#1101,.T.);
#8237=EDGE_CURVE('',#5112,#5097,#1148,.T.);
#8239=EDGE_CURVE('',#5114,#5112,#1193,.T.);
#8241=EDGE_CURVE('',#5114,#5115,#1127,.T.);
#8243=EDGE_CURVE('',#5115,#5117,#1131,.T.);
#8254=EDGE_CURVE('',#5239,#5150,#1140,.T.);
#8256=EDGE_CURVE('',#5150,#5112,#1144,.T.);
#8260=EDGE_CURVE('',#5095,#5243,#1158,.T.);
#8262=EDGE_CURVE('',#5243,#5229,#1162,.T.);
#8264=EDGE_CURVE('',#5229,#5227,#1166,.T.);
#8266=EDGE_CURVE('',#5227,#5237,#1171,.T.);
#8268=EDGE_CURVE('',#5237,#5241,#1176,.T.);
#8270=EDGE_CURVE('',#5241,#5239,#1181,.T.);
#8280=EDGE_CURVE('',#4972,#5150,#1185,.T.);
#8283=EDGE_CURVE('',#5239,#4973,#1189,.T.);
#8294=EDGE_CURVE('',#5146,#4970,#1208,.T.);
#8296=EDGE_CURVE('',#5148,#5146,#2269,.T.);
#8298=EDGE_CURVE('',#5143,#5148,#2109,.T.);
#8300=EDGE_CURVE('',#5114,#5143,#2138,.T.);
#8314=EDGE_CURVE('',#4968,#5152,#1201,.T.);
#8316=EDGE_CURVE('',#5146,#5152,#2257,.T.);
#8330=EDGE_CURVE('',#5154,#4966,#1220,.T.);
#8332=EDGE_CURVE('',#5106,#5154,#1730,.T.);
#8335=EDGE_CURVE('',#5156,#5104,#2094,.T.);
#8337=EDGE_CURVE('',#5156,#5158,#1216,.T.);
#8339=EDGE_CURVE('',#5152,#5158,#2261,.T.);
#8351=EDGE_CURVE('',#4965,#5160,#1224,.T.);
#8353=EDGE_CURVE('',#5154,#5160,#1699,.T.);
#8365=EDGE_CURVE('',#5162,#5001,#1232,.T.);
#8367=EDGE_CURVE('',#5160,#5162,#1704,.T.);
#8377=EDGE_CURVE('',#5000,#5164,#1228,.T.);
#8379=EDGE_CURVE('',#5162,#5164,#1709,.T.);
#8391=EDGE_CURVE('',#5166,#4998,#1248,.T.);
#8393=EDGE_CURVE('',#5168,#5166,#1786,.T.);
#8395=EDGE_CURVE('',#5170,#5168,#1743,.T.);
#8397=EDGE_CURVE('',#5172,#5170,#1734,.T.);
#8399=EDGE_CURVE('',#5172,#5174,#1236,.T.);
#8401=EDGE_CURVE('',#5164,#5174,#1713,.T.);
#8413=EDGE_CURVE('',#4996,#5176,#1244,.T.);
#8415=EDGE_CURVE('',#5166,#5176,#1773,.T.);
#8429=EDGE_CURVE('',#5178,#4994,#1256,.T.);
#8431=EDGE_CURVE('',#5180,#5178,#1478,.T.);
#8433=EDGE_CURVE('',#5182,#5180,#1623,.T.);
#8435=EDGE_CURVE('',#5184,#5182,#1790,.T.);
#8437=EDGE_CURVE('',#5184,#5186,#1252,.T.);
#8439=EDGE_CURVE('',#5176,#5186,#1778,.T.);
#8451=EDGE_CURVE('',#4993,#5188,#1260,.T.);
#8453=EDGE_CURVE('',#5178,#5188,#1483,.T.);
#8463=EDGE_CURVE('',#5190,#4992,#1268,.T.);
#8465=EDGE_CURVE('',#5192,#5190,#1493,.T.);
#8467=EDGE_CURVE('',#5188,#5192,#1488,.T.);
#8479=EDGE_CURVE('',#4991,#5194,#1264,.T.);
#8481=EDGE_CURVE('',#5190,#5194,#1452,.T.);
#8493=EDGE_CURVE('',#5195,#4989,#1287,.T.);
#8495=EDGE_CURVE('',#5197,#5195,#1539,.T.);
#8497=EDGE_CURVE('',#5197,#5199,#1272,.T.);
#8499=EDGE_CURVE('',#5194,#5199,#1456,.T.);
#8511=EDGE_CURVE('',#4987,#5201,#1280,.T.);
#8513=EDGE_CURVE('',#5195,#5201,#1544,.T.);
#8527=EDGE_CURVE('',#5203,#4985,#1295,.T.);
#8529=EDGE_CURVE('',#5205,#5203,#1601,.T.);
#8531=EDGE_CURVE('',#5207,#5205,#1517,.T.);
#8533=EDGE_CURVE('',#5201,#5207,#1548,.T.);
#8545=EDGE_CURVE('',#4984,#5209,#1299,.T.);
#8547=EDGE_CURVE('',#5203,#5209,#1606,.T.);
#8557=EDGE_CURVE('',#5211,#4982,#1307,.T.);
#8559=EDGE_CURVE('',#5209,#5211,#1611,.T.);
#8571=EDGE_CURVE('',#4981,#5213,#1303,.T.);
#8573=EDGE_CURVE('',#5211,#5213,#1580,.T.);
#8585=EDGE_CURVE('',#5215,#4979,#1323,.T.);
#8587=EDGE_CURVE('',#5217,#5215,#1966,.T.);
#8589=EDGE_CURVE('',#5219,#5217,#1923,.T.);
#8591=EDGE_CURVE('',#5221,#5219,#1914,.T.);
#8593=EDGE_CURVE('',#5221,#5223,#1311,.T.);
#8595=EDGE_CURVE('',#5213,#5223,#1584,.T.);
#8607=EDGE_CURVE('',#4977,#5225,#1319,.T.);
#8609=EDGE_CURVE('',#5215,#5225,#1953,.T.);
#8623=EDGE_CURVE('',#5227,#4975,#1331,.T.);
#8626=EDGE_CURVE('',#5231,#5229,#1347,.T.);
#8628=EDGE_CURVE('',#5233,#5231,#1970,.T.);
#8630=EDGE_CURVE('',#5233,#5235,#1327,.T.);
#8632=EDGE_CURVE('',#5225,#5235,#1958,.T.);
#8644=EDGE_CURVE('',#4974,#5237,#1335,.T.);
#8668=EDGE_CURVE('',#6146,#6147,#1339,.T.);
#8670=EDGE_CURVE('',#6146,#5261,#1343,.T.);
#8672=EDGE_CURVE('',#5260,#5261,#1990,.T.);
#8674=EDGE_CURVE('',#5231,#5260,#1976,.T.);
#8678=EDGE_CURVE('',#5245,#5243,#1422,.T.);
#8680=EDGE_CURVE('',#5245,#6147,#1351,.T.);
#8691=EDGE_CURVE('',#6149,#6147,#1365,.T.);
#8693=EDGE_CURVE('',#6151,#6149,#1400,.T.);
#8695=EDGE_CURVE('',#6151,#6146,#1388,.T.);
#8707=EDGE_CURVE('',#5245,#5257,#1370,.T.);
#8709=EDGE_CURVE('',#6149,#5257,#1404,.T.);
#8713=EDGE_CURVE('',#5264,#5265,#1356,.T.);
#8715=EDGE_CURVE('',#5265,#5264,#1361,.T.);
#8725=EDGE_CURVE('',#5271,#5272,#1379,.T.);
#8727=EDGE_CURVE('',#5265,#5271,#1396,.T.);
#8730=EDGE_CURVE('',#5264,#5272,#1374,.T.);
#8741=EDGE_CURVE('',#5268,#6151,#1418,.T.);
#8743=EDGE_CURVE('',#5268,#5261,#1392,.T.);
#8749=EDGE_CURVE('',#5272,#5271,#1384,.T.);
#8773=EDGE_CURVE('',#5255,#5257,#1438,.T.);
#8775=EDGE_CURVE('',#5223,#5255,#1588,.T.);
#8778=EDGE_CURVE('',#5221,#5266,#1410,.T.);
#8780=EDGE_CURVE('',#5266,#5268,#1414,.T.);
#8794=EDGE_CURVE('',#5079,#5078,#1447,.T.);
#8797=EDGE_CURVE('',#5247,#5093,#1465,.T.);
#8799=EDGE_CURVE('',#5247,#5249,#1430,.T.);
#8801=EDGE_CURVE('',#5251,#5249,#1575,.T.);
#8803=EDGE_CURVE('',#5251,#5253,#1434,.T.);
#8805=EDGE_CURVE('',#5255,#5253,#1593,.T.);
#8831=EDGE_CURVE('',#5199,#5247,#1460,.T.);
#8835=EDGE_CURVE('',#5091,#5180,#1474,.T.);
#8849=EDGE_CURVE('',#6159,#6157,#1497,.T.);
#8851=EDGE_CURVE('',#6157,#5249,#1501,.T.);
#8856=EDGE_CURVE('',#5197,#6159,#1505,.T.);
#8866=EDGE_CURVE('',#6154,#6155,#1509,.T.);
#8868=EDGE_CURVE('',#6157,#6155,#1570,.T.);
#8871=EDGE_CURVE('',#6159,#6154,#1535,.T.);
#8882=EDGE_CURVE('',#6154,#5207,#1513,.T.);
#8885=EDGE_CURVE('',#5253,#5205,#1597,.T.);
#8888=EDGE_CURVE('',#5251,#6155,#1521,.T.);
#8906=EDGE_CURVE('',#5319,#5320,#1526,.T.);
#8908=EDGE_CURVE('',#5320,#5319,#1531,.T.);
#8919=EDGE_CURVE('',#5316,#5319,#1556,.T.);
#8921=EDGE_CURVE('',#5315,#5316,#1561,.T.);
#8923=EDGE_CURVE('',#5315,#5320,#1552,.T.);
#8935=EDGE_CURVE('',#5316,#5315,#1566,.T.);
#8978=EDGE_CURVE('',#6162,#6163,#1615,.T.);
#8980=EDGE_CURVE('',#6162,#5324,#1619,.T.);
#8982=EDGE_CURVE('',#5323,#5324,#1810,.T.);
#8984=EDGE_CURVE('',#5182,#5323,#1796,.T.);
#8989=EDGE_CURVE('',#5089,#6163,#1627,.T.);
#9000=EDGE_CURVE('',#6165,#6163,#1641,.T.);
#9002=EDGE_CURVE('',#6167,#6165,#1676,.T.);
#9004=EDGE_CURVE('',#6167,#6162,#1664,.T.);
#9017=EDGE_CURVE('',#6165,#5087,#1680,.T.);
#9021=EDGE_CURVE('',#5327,#5328,#1632,.T.);
#9023=EDGE_CURVE('',#5328,#5327,#1637,.T.);
#9033=EDGE_CURVE('',#5334,#5335,#1655,.T.);
#9035=EDGE_CURVE('',#5328,#5334,#1672,.T.);
#9038=EDGE_CURVE('',#5327,#5335,#1650,.T.);
#9049=EDGE_CURVE('',#5331,#6167,#1694,.T.);
#9051=EDGE_CURVE('',#5331,#5324,#1668,.T.);
#9057=EDGE_CURVE('',#5335,#5334,#1660,.T.);
#9082=EDGE_CURVE('',#5174,#5085,#1717,.T.);
#9085=EDGE_CURVE('',#5172,#5329,#1686,.T.);
#9087=EDGE_CURVE('',#5329,#5331,#1690,.T.);
#9116=EDGE_CURVE('',#5357,#5170,#1739,.T.);
#9118=EDGE_CURVE('',#5337,#5357,#1850,.T.);
#9120=EDGE_CURVE('',#5329,#5337,#1801,.T.);
#9132=EDGE_CURVE('',#5186,#5168,#1782,.T.);
#9135=EDGE_CURVE('',#5184,#5359,#1748,.T.);
#9137=EDGE_CURVE('',#5357,#5359,#1854,.T.);
#9141=EDGE_CURVE('',#5362,#5363,#1878,.T.);
#9143=EDGE_CURVE('',#5362,#5365,#1753,.T.);
#9145=EDGE_CURVE('',#5367,#5365,#1866,.T.);
#9147=EDGE_CURVE('',#5367,#5369,#1758,.T.);
#9149=EDGE_CURVE('',#5371,#5369,#1902,.T.);
#9151=EDGE_CURVE('',#5371,#5373,#1763,.T.);
#9153=EDGE_CURVE('',#5375,#5373,#1890,.T.);
#9155=EDGE_CURVE('',#5375,#5363,#1768,.T.);
#9180=EDGE_CURVE('',#5339,#5323,#1806,.T.);
#9182=EDGE_CURVE('',#5359,#5339,#1858,.T.);
#9193=EDGE_CURVE('',#5339,#5337,#1862,.T.);
#9201=EDGE_CURVE('',#5342,#5343,#1814,.T.);
#9203=EDGE_CURVE('',#5343,#5345,#1819,.T.);
#9205=EDGE_CURVE('',#5345,#5347,#1823,.T.);
#9207=EDGE_CURVE('',#5347,#5349,#1828,.T.);
#9209=EDGE_CURVE('',#5349,#5351,#1832,.T.);
#9211=EDGE_CURVE('',#5351,#5353,#1837,.T.);
#9213=EDGE_CURVE('',#5353,#5355,#1841,.T.);
#9215=EDGE_CURVE('',#5355,#5342,#1846,.T.);
#9237=EDGE_CURVE('',#5343,#5365,#1870,.T.);
#9240=EDGE_CURVE('',#5367,#5342,#1910,.T.);
#9253=EDGE_CURVE('',#5362,#5345,#1874,.T.);
#9264=EDGE_CURVE('',#5347,#5363,#1882,.T.);
#9279=EDGE_CURVE('',#5375,#5349,#1886,.T.);
#9292=EDGE_CURVE('',#5351,#5373,#1894,.T.);
#9305=EDGE_CURVE('',#5371,#5353,#1898,.T.);
#9316=EDGE_CURVE('',#5355,#5369,#1906,.T.);
#9343=EDGE_CURVE('',#5294,#5219,#1919,.T.);
#9345=EDGE_CURVE('',#5274,#5294,#2030,.T.);
#9347=EDGE_CURVE('',#5266,#5274,#1981,.T.);
#9359=EDGE_CURVE('',#5235,#5217,#1962,.T.);
#9362=EDGE_CURVE('',#5233,#5296,#1928,.T.);
#9364=EDGE_CURVE('',#5294,#5296,#2034,.T.);
#9368=EDGE_CURVE('',#5299,#5300,#2058,.T.);
#9370=EDGE_CURVE('',#5299,#5302,#1933,.T.);
#9372=EDGE_CURVE('',#5304,#5302,#2046,.T.);
#9374=EDGE_CURVE('',#5304,#5306,#1938,.T.);
#9376=EDGE_CURVE('',#5308,#5306,#2082,.T.);
#9378=EDGE_CURVE('',#5308,#5310,#1943,.T.);
#9380=EDGE_CURVE('',#5312,#5310,#2070,.T.);
#9382=EDGE_CURVE('',#5312,#5300,#1948,.T.);
#9407=EDGE_CURVE('',#5276,#5260,#1986,.T.);
#9409=EDGE_CURVE('',#5296,#5276,#2038,.T.);
#9420=EDGE_CURVE('',#5276,#5274,#2042,.T.);
#9428=EDGE_CURVE('',#5279,#5280,#1994,.T.);
#9430=EDGE_CURVE('',#5280,#5282,#1999,.T.);
#9432=EDGE_CURVE('',#5282,#5284,#2003,.T.);
#9434=EDGE_CURVE('',#5284,#5286,#2008,.T.);
#9436=EDGE_CURVE('',#5286,#5288,#2012,.T.);
#9438=EDGE_CURVE('',#5288,#5290,#2017,.T.);
#9440=EDGE_CURVE('',#5290,#5292,#2021,.T.);
#9442=EDGE_CURVE('',#5292,#5279,#2026,.T.);
#9464=EDGE_CURVE('',#5280,#5302,#2050,.T.);
#9467=EDGE_CURVE('',#5304,#5279,#2090,.T.);
#9480=EDGE_CURVE('',#5299,#5282,#2054,.T.);
#9491=EDGE_CURVE('',#5284,#5300,#2062,.T.);
#9506=EDGE_CURVE('',#5312,#5286,#2066,.T.);
#9519=EDGE_CURVE('',#5288,#5310,#2074,.T.);
#9532=EDGE_CURVE('',#5308,#5290,#2078,.T.);
#9543=EDGE_CURVE('',#5292,#5306,#2086,.T.);
#9568=EDGE_CURVE('',#5156,#5377,#2114,.T.);
#9572=EDGE_CURVE('',#5125,#5102,#2164,.T.);
#9574=EDGE_CURVE('',#5377,#5125,#2150,.T.);
#9584=EDGE_CURVE('',#5145,#5143,#2105,.T.);
#9587=EDGE_CURVE('',#5158,#5148,#2265,.T.);
#9591=EDGE_CURVE('',#5145,#5377,#2146,.T.);
#9595=EDGE_CURVE('',#5380,#5381,#2220,.T.);
#9597=EDGE_CURVE('',#5380,#5383,#2119,.T.);
#9599=EDGE_CURVE('',#5385,#5383,#2208,.T.);
#9601=EDGE_CURVE('',#5385,#5387,#2124,.T.);
#9603=EDGE_CURVE('',#5389,#5387,#2244,.T.);
#9605=EDGE_CURVE('',#5389,#5391,#2129,.T.);
#9607=EDGE_CURVE('',#5393,#5391,#2232,.T.);
#9609=EDGE_CURVE('',#5393,#5381,#2134,.T.);
#9622=EDGE_CURVE('',#5123,#5145,#2142,.T.);
#9624=EDGE_CURVE('',#5115,#5123,#2159,.T.);
#9637=EDGE_CURVE('',#5125,#5123,#2154,.T.);
#9655=EDGE_CURVE('',#5128,#5129,#2172,.T.);
#9657=EDGE_CURVE('',#5129,#5131,#2177,.T.);
#9659=EDGE_CURVE('',#5131,#5133,#2181,.T.);
#9661=EDGE_CURVE('',#5133,#5135,#2186,.T.);
#9663=EDGE_CURVE('',#5135,#5137,#2190,.T.);
#9665=EDGE_CURVE('',#5137,#5139,#2195,.T.);
#9667=EDGE_CURVE('',#5139,#5141,#2199,.T.);
#9669=EDGE_CURVE('',#5141,#5128,#2204,.T.);
#9679=EDGE_CURVE('',#5129,#5383,#2212,.T.);
#9682=EDGE_CURVE('',#5385,#5128,#2252,.T.);
#9695=EDGE_CURVE('',#5380,#5131,#2216,.T.);
#9706=EDGE_CURVE('',#5133,#5381,#2224,.T.);
#9721=EDGE_CURVE('',#5393,#5135,#2228,.T.);
#9734=EDGE_CURVE('',#5137,#5391,#2236,.T.);
#9747=EDGE_CURVE('',#5389,#5139,#2240,.T.);
#9758=EDGE_CURVE('',#5141,#5387,#2248,.T.);
#9795=EDGE_CURVE('',#5396,#5397,#2348,.T.);
#9797=EDGE_CURVE('',#5396,#5062,#2273,.T.);
#9800=EDGE_CURVE('',#5061,#5397,#2277,.T.);
#9810=EDGE_CURVE('',#5400,#5401,#2281,.T.);
#9812=EDGE_CURVE('',#5401,#5402,#2296,.T.);
#9814=EDGE_CURVE('',#5402,#5404,#2300,.T.);
#9816=EDGE_CURVE('',#5404,#5405,#2315,.T.);
#9818=EDGE_CURVE('',#5405,#5407,#2319,.T.);
#9820=EDGE_CURVE('',#5407,#5408,#2334,.T.);
#9822=EDGE_CURVE('',#5408,#5410,#2338,.T.);
#9824=EDGE_CURVE('',#5410,#5396,#2343,.T.);
#9827=EDGE_CURVE('',#5397,#5400,#2353,.T.);
#9831=EDGE_CURVE('',#5413,#5414,#2357,.T.);
#9833=EDGE_CURVE('',#5414,#5416,#2362,.T.);
#9835=EDGE_CURVE('',#5416,#5418,#2366,.T.);
#9837=EDGE_CURVE('',#5418,#5420,#2371,.T.);
#9839=EDGE_CURVE('',#5420,#5422,#2375,.T.);
#9841=EDGE_CURVE('',#5422,#5424,#2379,.T.);
#9843=EDGE_CURVE('',#5424,#5426,#2384,.T.);
#9845=EDGE_CURVE('',#5426,#5428,#2389,.T.);
#9847=EDGE_CURVE('',#5428,#5430,#2393,.T.);
#9849=EDGE_CURVE('',#5430,#5432,#2398,.T.);
#9851=EDGE_CURVE('',#5432,#5434,#2403,.T.);
#9853=EDGE_CURVE('',#5434,#5436,#2407,.T.);
#9855=EDGE_CURVE('',#5436,#5438,#2412,.T.);
#9857=EDGE_CURVE('',#5438,#5440,#2417,.T.);
#9859=EDGE_CURVE('',#5440,#5442,#2421,.T.);
#9861=EDGE_CURVE('',#5442,#5444,#2426,.T.);
#9863=EDGE_CURVE('',#5444,#5446,#2431,.T.);
#9865=EDGE_CURVE('',#5446,#5413,#2435,.T.);
#9869=EDGE_CURVE('',#5449,#5450,#2440,.T.);
#9871=EDGE_CURVE('',#5450,#5452,#2445,.T.);
#9873=EDGE_CURVE('',#5452,#5454,#2450,.T.);
#9875=EDGE_CURVE('',#5454,#5449,#2455,.T.);
#9886=EDGE_CURVE('',#5401,#5073,#2467,.T.);
#9889=EDGE_CURVE('',#5075,#5400,#2503,.T.);
#9910=B_SPLINE_CURVE_WITH_KNOTS('',3,(#9894,#9895,#9896,#9897,#9898,#9899,#9900,
#9901,#9902,#9903,#9904,#9905,#9906,#9907,#9908,#9909),.UNSPECIFIED.,.F.,.F.,(4,
1,1,1,1,1,1,1,1,1,1,1,1,4),(0.E0,1.372674191384E-2,1.353068283158E-1,
2.568729966698E-1,3.176560808466E-1,3.784391650236E-1,4.392222492006E-1,
5.000053333773E-1,5.607884175542E-1,6.215715017312E-1,7.431376700850E-1,
8.647038384390E-1,9.862575428391E-1,1.E0),.UNSPECIFIED.);
#9915=EDGE_CURVE('',#5072,#5402,#2463,.T.);
#9928=EDGE_CURVE('',#5404,#5070,#2479,.T.);
#9951=B_SPLINE_CURVE_WITH_KNOTS('',3,(#9935,#9936,#9937,#9938,#9939,#9940,#9941,
#9942,#9943,#9944,#9945,#9946,#9947,#9948,#9949,#9950),.UNSPECIFIED.,.F.,.F.,(4,
1,1,1,1,1,1,1,1,1,1,1,1,4),(0.E0,1.372674190836E-2,1.353068282545E-1,
2.568729965779E-1,3.176560807397E-1,3.784391649015E-1,4.392222490631E-1,
5.000053332248E-1,5.607884173866E-1,6.215715015483E-1,7.431376698716E-1,
8.647038381952E-1,9.862575427791E-1,1.E0),.UNSPECIFIED.);
#9956=EDGE_CURVE('',#5069,#5405,#2475,.T.);
#9969=EDGE_CURVE('',#5407,#5067,#2491,.T.);
#9992=B_SPLINE_CURVE_WITH_KNOTS('',3,(#9976,#9977,#9978,#9979,#9980,#9981,#9982,
#9983,#9984,#9985,#9986,#9987,#9988,#9989,#9990,#9991),.UNSPECIFIED.,.F.,.F.,(4,
1,1,1,1,1,1,1,1,1,1,1,1,4),(0.E0,1.372674195432E-2,1.353068279796E-1,
2.568729963411E-1,3.176560805218E-1,3.784391647026E-1,4.392222488833E-1,
5.000053330642E-1,5.607884172449E-1,6.215715014257E-1,7.431376697872E-1,
8.647038381487E-1,9.862575427858E-1,1.E0),.UNSPECIFIED.);
#9997=EDGE_CURVE('',#5066,#5408,#2487,.T.);
#10012=EDGE_CURVE('',#5410,#5064,#2499,.T.);
#10046=EDGE_CURVE('',#5456,#5413,#2511,.T.);
#10048=EDGE_CURVE('',#5456,#5458,#2507,.T.);
#10050=EDGE_CURVE('',#5414,#5458,#2694,.T.);
#10063=EDGE_CURVE('',#5460,#5446,#2515,.T.);
#10065=EDGE_CURVE('',#5462,#5460,#2540,.T.);
#10067=EDGE_CURVE('',#5456,#5462,#2715,.T.);
#10077=EDGE_CURVE('',#5460,#5464,#2545,.T.);
#10082=EDGE_CURVE('',#5442,#5464,#2519,.T.);
#10092=EDGE_CURVE('',#5932,#5478,#2562,.T.);
#10094=EDGE_CURVE('',#5932,#5467,#2523,.T.);
#10096=EDGE_CURVE('',#5467,#5468,#2527,.T.);
#10098=EDGE_CURVE('',#5468,#5470,#2531,.T.);
#10100=EDGE_CURVE('',#5470,#5472,#2536,.T.);
#10102=EDGE_CURVE('',#5462,#5472,#2719,.T.);
#10106=EDGE_CURVE('',#5464,#5474,#2549,.T.);
#10108=EDGE_CURVE('',#5474,#5477,#2554,.T.);
#10110=EDGE_CURVE('',#5477,#5478,#2558,.T.);
#10120=EDGE_CURVE('',#5933,#5522,#2574,.T.);
#10122=EDGE_CURVE('',#5932,#5933,#2641,.T.);
#10125=EDGE_CURVE('',#5478,#5522,#2566,.T.);
#10135=EDGE_CURVE('',#5536,#5933,#2570,.T.);
#10138=EDGE_CURVE('',#5522,#5524,#2578,.T.);
#10140=EDGE_CURVE('',#5524,#5527,#2583,.T.);
#10142=EDGE_CURVE('',#5527,#5528,#2587,.T.);
#10144=EDGE_CURVE('',#5528,#5531,#2592,.T.);
#10146=EDGE_CURVE('',#5531,#5532,#2596,.T.);
#10148=EDGE_CURVE('',#5532,#5534,#2600,.T.);
#10150=EDGE_CURVE('',#5534,#5536,#2605,.T.);
#10154=EDGE_CURVE('',#6123,#6119,#2609,.T.);
#10156=EDGE_CURVE('',#6127,#6123,#3197,.T.);
#10158=EDGE_CURVE('',#5949,#6127,#2613,.T.);
#10160=EDGE_CURVE('',#5953,#5949,#3179,.T.);
#10162=EDGE_CURVE('',#5941,#5953,#2617,.T.);
#10164=EDGE_CURVE('',#5945,#5941,#3161,.T.);
#10166=EDGE_CURVE('',#6115,#5945,#2621,.T.);
#10168=EDGE_CURVE('',#6119,#6115,#3143,.T.);
#10172=EDGE_CURVE('',#6131,#6143,#2625,.T.);
#10174=EDGE_CURVE('',#6135,#6131,#3405,.T.);
#10176=EDGE_CURVE('',#5957,#6135,#2629,.T.);
#10178=EDGE_CURVE('',#5961,#5957,#3423,.T.);
#10180=EDGE_CURVE('',#5965,#5961,#2633,.T.);
#10182=EDGE_CURVE('',#5969,#5965,#3441,.T.);
#10184=EDGE_CURVE('',#6139,#5969,#2637,.T.);
#10186=EDGE_CURVE('',#6143,#6139,#3459,.T.);
#10198=EDGE_CURVE('',#4931,#5536,#2657,.T.);
#10201=EDGE_CURVE('',#4932,#5614,#2649,.T.);
#10203=EDGE_CURVE('',#5614,#5467,#2653,.T.);
#10216=EDGE_CURVE('',#5534,#4934,#2661,.T.);
#10229=EDGE_CURVE('',#5532,#5612,#2665,.T.);
#10231=EDGE_CURVE('',#5610,#5612,#2673,.T.);
#10233=EDGE_CURVE('',#4936,#5610,#3101,.T.);
#10244=EDGE_CURVE('',#5422,#5612,#2669,.T.);
#10248=EDGE_CURVE('',#5424,#5531,#3109,.T.);
#10261=EDGE_CURVE('',#5610,#5420,#2686,.T.);
#10273=EDGE_CURVE('',#5418,#5552,#2677,.T.);
#10275=EDGE_CURVE('',#5552,#5610,#2682,.T.);
#10287=EDGE_CURVE('',#5550,#5416,#2703,.T.);
#10289=EDGE_CURVE('',#5550,#5552,#2690,.T.);
#10302=EDGE_CURVE('',#5458,#5550,#2699,.T.);
#10314=EDGE_CURVE('',#5458,#4958,#2707,.T.);
#10317=EDGE_CURVE('',#4956,#5550,#2711,.T.);
#10327=EDGE_CURVE('',#4960,#5472,#2723,.T.);
#10345=EDGE_CURVE('',#5470,#6039,#2727,.T.);
#10355=EDGE_CURVE('',#6016,#6017,#2731,.T.);
#10360=EDGE_CURVE('',#5468,#5546,#2739,.T.);
#10362=EDGE_CURVE('',#5548,#5546,#2827,.T.);
#10364=EDGE_CURVE('',#5548,#6016,#2743,.T.);
#10375=EDGE_CURVE('',#6020,#6016,#2747,.T.);
#10377=EDGE_CURVE('',#6020,#6021,#2769,.T.);
#10388=EDGE_CURVE('',#6023,#6020,#2774,.T.);
#10391=EDGE_CURVE('',#6025,#6016,#2861,.T.);
#10393=EDGE_CURVE('',#6023,#6025,#2755,.T.);
#10405=EDGE_CURVE('',#6027,#6023,#2778,.T.);
#10407=EDGE_CURVE('',#6031,#6027,#2783,.T.);
#10409=EDGE_CURVE('',#6035,#6031,#2787,.T.);
#10414=EDGE_CURVE('',#5972,#5973,#2760,.T.);
#10416=EDGE_CURVE('',#5973,#5972,#2765,.T.);
#10427=EDGE_CURVE('',#5976,#5972,#2795,.T.);
#10429=EDGE_CURVE('',#5976,#5977,#2804,.T.);
#10431=EDGE_CURVE('',#5977,#5973,#2799,.T.);
#10443=EDGE_CURVE('',#5977,#5976,#2809,.T.);
#10454=EDGE_CURVE('',#5992,#5993,#2814,.T.);
#10456=EDGE_CURVE('',#5992,#5616,#2818,.T.);
#10458=EDGE_CURVE('',#5616,#5548,#2823,.T.);
#10461=EDGE_CURVE('',#5614,#5546,#2877,.T.);
#10465=EDGE_CURVE('',#5993,#5989,#2831,.T.);
#10479=EDGE_CURVE('',#6033,#6029,#2836,.T.);
#10481=EDGE_CURVE('',#6029,#5992,#2856,.T.);
#10484=EDGE_CURVE('',#6033,#5993,#2873,.T.);
#10495=EDGE_CURVE('',#6027,#6029,#2844,.T.);
#10498=EDGE_CURVE('',#6031,#6033,#2840,.T.);
#10510=EDGE_CURVE('',#6029,#6025,#2848,.T.);
#10522=EDGE_CURVE('',#6025,#5616,#2852,.T.);
#10548=EDGE_CURVE('',#6037,#6033,#2869,.T.);
#10583=EDGE_CURVE('',#4940,#5554,#2885,.T.);
#10586=EDGE_CURVE('',#5552,#4938,#3097,.T.);
#10591=EDGE_CURVE('',#5556,#4954,#2931,.T.);
#10593=EDGE_CURVE('',#5556,#5554,#2881,.T.);
#10604=EDGE_CURVE('',#5558,#5554,#2902,.T.);
#10606=EDGE_CURVE('',#5558,#4942,#2889,.T.);
#10617=EDGE_CURVE('',#5561,#5562,#2893,.T.);
#10619=EDGE_CURVE('',#5562,#5558,#2897,.T.);
#10623=EDGE_CURVE('',#5556,#5564,#2907,.T.);
#10625=EDGE_CURVE('',#5564,#5561,#2911,.T.);
#10635=EDGE_CURVE('',#5566,#5561,#2919,.T.);
#10637=EDGE_CURVE('',#5566,#5568,#2915,.T.);
#10639=EDGE_CURVE('',#5562,#5568,#2989,.T.);
#10652=EDGE_CURVE('',#4952,#5564,#2935,.T.);
#10655=EDGE_CURVE('',#5570,#4950,#2939,.T.);
#10657=EDGE_CURVE('',#5572,#5570,#3039,.T.);
#10659=EDGE_CURVE('',#5572,#5566,#2927,.T.);
#10681=EDGE_CURVE('',#5574,#4948,#2961,.T.);
#10683=EDGE_CURVE('',#5570,#5574,#3052,.T.);
#10695=EDGE_CURVE('',#4946,#5576,#2943,.T.);
#10697=EDGE_CURVE('',#5576,#5578,#2948,.T.);
#10699=EDGE_CURVE('',#5578,#5580,#2952,.T.);
#10701=EDGE_CURVE('',#5580,#5574,#2957,.T.);
#10707=EDGE_CURVE('',#5583,#5584,#2966,.T.);
#10709=EDGE_CURVE('',#5584,#5583,#2971,.T.);
#10713=EDGE_CURVE('',#5587,#5588,#2976,.T.);
#10715=EDGE_CURVE('',#5588,#5587,#2981,.T.);
#10725=EDGE_CURVE('',#4944,#5590,#2985,.T.);
#10727=EDGE_CURVE('',#5576,#5590,#3060,.T.);
#10740=EDGE_CURVE('',#5592,#5568,#3011,.T.);
#10742=EDGE_CURVE('',#5590,#5592,#3073,.T.);
#10758=EDGE_CURVE('',#5572,#5594,#2998,.T.);
#10760=EDGE_CURVE('',#5594,#5596,#3002,.T.);
#10762=EDGE_CURVE('',#5596,#5592,#3007,.T.);
#10767=EDGE_CURVE('',#5599,#5600,#3016,.T.);
#10769=EDGE_CURVE('',#5600,#5599,#3021,.T.);
#10773=EDGE_CURVE('',#5603,#5604,#3026,.T.);
#10775=EDGE_CURVE('',#5604,#5603,#3031,.T.);
#10785=EDGE_CURVE('',#5606,#5570,#3048,.T.);
#10787=EDGE_CURVE('',#5606,#5594,#3035,.T.);
#10800=EDGE_CURVE('',#5580,#5606,#3043,.T.);
#10813=EDGE_CURVE('',#5608,#5578,#3069,.T.);
#10815=EDGE_CURVE('',#5608,#5606,#3056,.T.);
#10828=EDGE_CURVE('',#5590,#5608,#3065,.T.);
#10842=EDGE_CURVE('',#5596,#5608,#3077,.T.);
#10865=EDGE_CURVE('',#5583,#5600,#3081,.T.);
#10868=EDGE_CURVE('',#5584,#5599,#3085,.T.);
#10891=EDGE_CURVE('',#5587,#5604,#3089,.T.);
#10894=EDGE_CURVE('',#5588,#5603,#3093,.T.);
#10929=EDGE_CURVE('',#5528,#5428,#3105,.T.);
#10942=EDGE_CURVE('',#5430,#5527,#3113,.T.);
#10959=EDGE_CURVE('',#5524,#5434,#3117,.T.);
#10969=EDGE_CURVE('',#5436,#5477,#3121,.T.);
#10988=EDGE_CURVE('',#5474,#5440,#3125,.T.);
#11010=EDGE_CURVE('',#6118,#6119,#3129,.T.);
#11013=EDGE_CURVE('',#6122,#6123,#3133,.T.);
#11024=EDGE_CURVE('',#6114,#6115,#3147,.T.);
#11039=EDGE_CURVE('',#5944,#5945,#3151,.T.);
#11050=EDGE_CURVE('',#5940,#5941,#3165,.T.);
#11065=EDGE_CURVE('',#5952,#5953,#3169,.T.);
#11076=EDGE_CURVE('',#5948,#5949,#3187,.T.);
#11089=EDGE_CURVE('',#6126,#6127,#3183,.T.);
#11114=EDGE_CURVE('',#6130,#6131,#3231,.T.);
#11117=EDGE_CURVE('',#6142,#6143,#3235,.T.);
#11120=EDGE_CURVE('',#5935,#5620,#3239,.T.);
#11122=EDGE_CURVE('',#5620,#5646,#3244,.T.);
#11124=EDGE_CURVE('',#5644,#5646,#3330,.T.);
#11126=EDGE_CURVE('',#5644,#5544,#3249,.T.);
#11128=EDGE_CURVE('',#5937,#5544,#3363,.T.);
#11133=EDGE_CURVE('',#5653,#5654,#3212,.T.);
#11135=EDGE_CURVE('',#5654,#5653,#3217,.T.);
#11139=EDGE_CURVE('',#5657,#5658,#3222,.T.);
#11141=EDGE_CURVE('',#5658,#5657,#3227,.T.);
#11145=EDGE_CURVE('',#5649,#5650,#3202,.T.);
#11147=EDGE_CURVE('',#5650,#5649,#3207,.T.);
#11157=EDGE_CURVE('',#5631,#5650,#3253,.T.);
#11160=EDGE_CURVE('',#5632,#5649,#3257,.T.);
#11162=EDGE_CURVE('',#5631,#5632,#3272,.T.);
#11173=EDGE_CURVE('',#5632,#5631,#3277,.T.);
#11185=EDGE_CURVE('',#4926,#5622,#3301,.T.);
#11188=EDGE_CURVE('',#5624,#4925,#3371,.T.);
#11190=EDGE_CURVE('',#5624,#5626,#3262,.T.);
#11192=EDGE_CURVE('',#5628,#5626,#3334,.T.);
#11194=EDGE_CURVE('',#5628,#5622,#3267,.T.);
#11202=EDGE_CURVE('',#5635,#5636,#3282,.T.);
#11204=EDGE_CURVE('',#5636,#5635,#3287,.T.);
#11208=EDGE_CURVE('',#5639,#5640,#3292,.T.);
#11210=EDGE_CURVE('',#5640,#5639,#3297,.T.);
#11221=EDGE_CURVE('',#5618,#5622,#3310,.T.);
#11223=EDGE_CURVE('',#4928,#5618,#3379,.T.);
#11234=EDGE_CURVE('',#5660,#5618,#3306,.T.);
#11238=EDGE_CURVE('',#5628,#5660,#3314,.T.);
#11249=EDGE_CURVE('',#5660,#5646,#3318,.T.);
#11252=EDGE_CURVE('',#5620,#5618,#3322,.T.);
#11262=EDGE_CURVE('',#5660,#5642,#3326,.T.);
#11264=EDGE_CURVE('',#5644,#5642,#3355,.T.);
#11279=EDGE_CURVE('',#5642,#5626,#3343,.T.);
#11289=EDGE_CURVE('',#5543,#5642,#3339,.T.);
#11293=EDGE_CURVE('',#5624,#5543,#3347,.T.);
#11304=EDGE_CURVE('',#5543,#5544,#3351,.T.);
#11319=EDGE_CURVE('',#5543,#5929,#3367,.T.);
#11353=EDGE_CURVE('',#5635,#5654,#3383,.T.);
#11356=EDGE_CURVE('',#5636,#5653,#3387,.T.);
#11380=EDGE_CURVE('',#5639,#5658,#3391,.T.);
#11383=EDGE_CURVE('',#5640,#5657,#3395,.T.);
#11407=EDGE_CURVE('',#6134,#6135,#3409,.T.);
#11420=EDGE_CURVE('',#5956,#5957,#3413,.T.);
#11433=EDGE_CURVE('',#5960,#5961,#3427,.T.);
#11446=EDGE_CURVE('',#5964,#5965,#3431,.T.);
#11459=EDGE_CURVE('',#5968,#5969,#3449,.T.);
#11470=EDGE_CURVE('',#6138,#6139,#3445,.T.);
#11497=EDGE_CURVE('',#5734,#5449,#3487,.T.);
#11499=EDGE_CURVE('',#5734,#5736,#3464,.T.);
#11501=EDGE_CURVE('',#5736,#5738,#3469,.T.);
#11503=EDGE_CURVE('',#5738,#5452,#3473,.T.);
#11516=EDGE_CURVE('',#5738,#5740,#3478,.T.);
#11518=EDGE_CURVE('',#5740,#5734,#3483,.T.);
#11531=EDGE_CURVE('',#5742,#5738,#3495,.T.);
#11533=EDGE_CURVE('',#5744,#5742,#3500,.T.);
#11535=EDGE_CURVE('',#5744,#5734,#3491,.T.);
#11548=EDGE_CURVE('',#5742,#5744,#3505,.T.);
#11563=EDGE_CURVE('',#5747,#5748,#3510,.T.);
#11565=EDGE_CURVE('',#5748,#5750,#3515,.T.);
#11567=EDGE_CURVE('',#5750,#5752,#3520,.T.);
#11569=EDGE_CURVE('',#5752,#5747,#3525,.T.);
#11573=EDGE_CURVE('',#5755,#5756,#3530,.T.);
#11575=EDGE_CURVE('',#5756,#5758,#3535,.T.);
#11577=EDGE_CURVE('',#5758,#5760,#3540,.T.);
#11579=EDGE_CURVE('',#5760,#5755,#3545,.T.);
#11583=EDGE_CURVE('',#5763,#5764,#3550,.T.);
#11585=EDGE_CURVE('',#5764,#5766,#3555,.T.);
#11587=EDGE_CURVE('',#5766,#5768,#3560,.T.);
#11589=EDGE_CURVE('',#5768,#5763,#3565,.T.);
#11593=EDGE_CURVE('',#5771,#5772,#3570,.T.);
#11595=EDGE_CURVE('',#5772,#5774,#3575,.T.);
#11597=EDGE_CURVE('',#5774,#5776,#3580,.T.);
#11599=EDGE_CURVE('',#5776,#5771,#3585,.T.);
#11611=EDGE_CURVE('',#5778,#5747,#3613,.T.);
#11613=EDGE_CURVE('',#5778,#5780,#3590,.T.);
#11615=EDGE_CURVE('',#5780,#5782,#3595,.T.);
#11617=EDGE_CURVE('',#5782,#5750,#3599,.T.);
#11630=EDGE_CURVE('',#5782,#5784,#3604,.T.);
#11632=EDGE_CURVE('',#5784,#5778,#3609,.T.);
#11645=EDGE_CURVE('',#5786,#5782,#3621,.T.);
#11647=EDGE_CURVE('',#5788,#5786,#3626,.T.);
#11649=EDGE_CURVE('',#5788,#5778,#3617,.T.);
#11662=EDGE_CURVE('',#5786,#5788,#3631,.T.);
#11677=EDGE_CURVE('',#5791,#5792,#3635,.T.);
#11679=EDGE_CURVE('',#5792,#5794,#3640,.T.);
#11681=EDGE_CURVE('',#5794,#5796,#3645,.T.);
#11683=EDGE_CURVE('',#5796,#5798,#3649,.T.);
#11685=EDGE_CURVE('',#5798,#5800,#3653,.T.);
#11687=EDGE_CURVE('',#5800,#5802,#3657,.T.);
#11689=EDGE_CURVE('',#5804,#5802,#3749,.T.);
#11691=EDGE_CURVE('',#5804,#5806,#3661,.T.);
#11693=EDGE_CURVE('',#5806,#5808,#3666,.T.);
#11695=EDGE_CURVE('',#5808,#5810,#3671,.T.);
#11697=EDGE_CURVE('',#5810,#5812,#3675,.T.);
#11699=EDGE_CURVE('',#5812,#5814,#3679,.T.);
#11701=EDGE_CURVE('',#5814,#5816,#3683,.T.);
#11703=EDGE_CURVE('',#5791,#5816,#3691,.T.);
#11714=EDGE_CURVE('',#5791,#5818,#3687,.T.);
#11716=EDGE_CURVE('',#5820,#5818,#3712,.T.);
#11718=EDGE_CURVE('',#5792,#5820,#3782,.T.);
#11730=EDGE_CURVE('',#5816,#5818,#3695,.T.);
#11740=EDGE_CURVE('',#5822,#5814,#3716,.T.);
#11742=EDGE_CURVE('',#5822,#5824,#3699,.T.);
#11744=EDGE_CURVE('',#5825,#5824,#3741,.T.);
#11746=EDGE_CURVE('',#5827,#5825,#3819,.T.);
#11748=EDGE_CURVE('',#5827,#5829,#3703,.T.);
#11750=EDGE_CURVE('',#5831,#5829,#3803,.T.);
#11752=EDGE_CURVE('',#5831,#5820,#3708,.T.);
#11765=EDGE_CURVE('',#5822,#5812,#3720,.T.);
#11779=EDGE_CURVE('',#5824,#5810,#3724,.T.);
#11793=EDGE_CURVE('',#5806,#5833,#3728,.T.);
#11795=EDGE_CURVE('',#5834,#5833,#3766,.T.);
#11797=EDGE_CURVE('',#5834,#5836,#3732,.T.);
#11799=EDGE_CURVE('',#5838,#5836,#3847,.T.);
#11801=EDGE_CURVE('',#5840,#5838,#3842,.T.);
#11803=EDGE_CURVE('',#5840,#5825,#3736,.T.);
#11815=EDGE_CURVE('',#5804,#5842,#3745,.T.);
#11817=EDGE_CURVE('',#5833,#5842,#3770,.T.);
#11830=EDGE_CURVE('',#5802,#5842,#3753,.T.);
#11840=EDGE_CURVE('',#5844,#5800,#3774,.T.);
#11842=EDGE_CURVE('',#5844,#5846,#3757,.T.);
#11844=EDGE_CURVE('',#5847,#5846,#3795,.T.);
#11846=EDGE_CURVE('',#5849,#5847,#3885,.T.);
#11848=EDGE_CURVE('',#5849,#5851,#3761,.T.);
#11850=EDGE_CURVE('',#5834,#5851,#3869,.T.);
#11864=EDGE_CURVE('',#5844,#5798,#3778,.T.);
#11878=EDGE_CURVE('',#5846,#5796,#3799,.T.);
#11891=EDGE_CURVE('',#5831,#5853,#3786,.T.);
#11893=EDGE_CURVE('',#5855,#5853,#3857,.T.);
#11895=EDGE_CURVE('',#5857,#5855,#3852,.T.);
#11897=EDGE_CURVE('',#5857,#5847,#3790,.T.);
#11912=EDGE_CURVE('',#5859,#5829,#3815,.T.);
#11914=EDGE_CURVE('',#5859,#5853,#3807,.T.);
#11926=EDGE_CURVE('',#5861,#5827,#3827,.T.);
#11928=EDGE_CURVE('',#5861,#5859,#3811,.T.);
#11941=EDGE_CURVE('',#5840,#5861,#3823,.T.);
#11952=EDGE_CURVE('',#5864,#5865,#3832,.T.);
#11954=EDGE_CURVE('',#5865,#5864,#3837,.T.);
#11960=EDGE_CURVE('',#5867,#5836,#3873,.T.);
#11962=EDGE_CURVE('',#5869,#5867,#3877,.T.);
#11964=EDGE_CURVE('',#5857,#5869,#3889,.T.);
#11980=EDGE_CURVE('',#5865,#4921,#3865,.T.);
#11983=EDGE_CURVE('',#5864,#4922,#3861,.T.);
#12006=EDGE_CURVE('',#5867,#5851,#3881,.T.);
#12019=EDGE_CURVE('',#5869,#5849,#3893,.T.);
#12045=EDGE_CURVE('',#5871,#5755,#3921,.T.);
#12047=EDGE_CURVE('',#5871,#5873,#3898,.T.);
#12049=EDGE_CURVE('',#5873,#5875,#3903,.T.);
#12051=EDGE_CURVE('',#5875,#5758,#3907,.T.);
#12064=EDGE_CURVE('',#5875,#5877,#3912,.T.);
#12066=EDGE_CURVE('',#5877,#5871,#3917,.T.);
#12079=EDGE_CURVE('',#5875,#5879,#3925,.T.);
#12081=EDGE_CURVE('',#5881,#5879,#3943,.T.);
#12083=EDGE_CURVE('',#5871,#5881,#3929,.T.);
#12096=EDGE_CURVE('',#5879,#5881,#3938,.T.);
#12107=EDGE_CURVE('',#5881,#5883,#3933,.T.);
#12109=EDGE_CURVE('',#5879,#5883,#3947,.T.);
#12133=EDGE_CURVE('',#5885,#5763,#3975,.T.);
#12135=EDGE_CURVE('',#5885,#5887,#3952,.T.);
#12137=EDGE_CURVE('',#5887,#5889,#3957,.T.);
#12139=EDGE_CURVE('',#5889,#5766,#3961,.T.);
#12152=EDGE_CURVE('',#5889,#5891,#3966,.T.);
#12154=EDGE_CURVE('',#5891,#5885,#3971,.T.);
#12167=EDGE_CURVE('',#5889,#5893,#3979,.T.);
#12169=EDGE_CURVE('',#5895,#5893,#3997,.T.);
#12171=EDGE_CURVE('',#5885,#5895,#3983,.T.);
#12184=EDGE_CURVE('',#5893,#5895,#3992,.T.);
#12195=EDGE_CURVE('',#5895,#5897,#3987,.T.);
#12197=EDGE_CURVE('',#5893,#5897,#4001,.T.);
#12221=EDGE_CURVE('',#5899,#5771,#4029,.T.);
#12223=EDGE_CURVE('',#5899,#5901,#4006,.T.);
#12225=EDGE_CURVE('',#5901,#5903,#4011,.T.);
#12227=EDGE_CURVE('',#5903,#5774,#4015,.T.);
#12240=EDGE_CURVE('',#5903,#5905,#4020,.T.);
#12242=EDGE_CURVE('',#5905,#5899,#4025,.T.);
#12255=EDGE_CURVE('',#5903,#5907,#4033,.T.);
#12257=EDGE_CURVE('',#5909,#5907,#4051,.T.);
#12259=EDGE_CURVE('',#5899,#5909,#4037,.T.);
#12272=EDGE_CURVE('',#5907,#5909,#4046,.T.);
#12283=EDGE_CURVE('',#5909,#5911,#4041,.T.);
#12285=EDGE_CURVE('',#5907,#5911,#4055,.T.);
#12377=EDGE_CURVE('',#5912,#5008,#4100,.T.);
#12379=EDGE_CURVE('',#5912,#5914,#4075,.T.);
#12381=EDGE_CURVE('',#5914,#5035,#4080,.T.);
#12459=EDGE_CURVE('',#5915,#4911,#4124,.T.);
#12461=EDGE_CURVE('',#5912,#5915,#4134,.T.);
#12471=EDGE_CURVE('',#5915,#4909,#4138,.T.);
#12500=EDGE_CURVE('',#5662,#4964,#4164,.T.);
#12502=EDGE_CURVE('',#5540,#5662,#4251,.T.);
#12504=EDGE_CURVE('',#5540,#5923,#4142,.T.);
#12514=EDGE_CURVE('',#4963,#5664,#4146,.T.);
#12516=EDGE_CURVE('',#5664,#5666,#4151,.T.);
#12518=EDGE_CURVE('',#5666,#5668,#4155,.T.);
#12520=EDGE_CURVE('',#5668,#5662,#4160,.T.);
#12526=EDGE_CURVE('',#5671,#5672,#4169,.T.);
#12528=EDGE_CURVE('',#5672,#5671,#4174,.T.);
#12539=EDGE_CURVE('',#5926,#5674,#4178,.T.);
#12541=EDGE_CURVE('',#5664,#5674,#4259,.T.);
#12553=EDGE_CURVE('',#5676,#5927,#4214,.T.);
#12555=EDGE_CURVE('',#5674,#5676,#4272,.T.);
#12567=EDGE_CURVE('',#5539,#5922,#4230,.T.);
#12569=EDGE_CURVE('',#5539,#5678,#4201,.T.);
#12571=EDGE_CURVE('',#5678,#5680,#4205,.T.);
#12573=EDGE_CURVE('',#5680,#5676,#4210,.T.);
#12578=EDGE_CURVE('',#5683,#5684,#4187,.T.);
#12580=EDGE_CURVE('',#5684,#5683,#4192,.T.);
#12591=EDGE_CURVE('',#5672,#5683,#4222,.T.);
#12594=EDGE_CURVE('',#5671,#5684,#4218,.T.);
#12618=EDGE_CURVE('',#5539,#5540,#4238,.T.);
#12629=EDGE_CURVE('',#5686,#5540,#4247,.T.);
#12631=EDGE_CURVE('',#5686,#5678,#4234,.T.);
#12644=EDGE_CURVE('',#5668,#5686,#4242,.T.);
#12657=EDGE_CURVE('',#5688,#5666,#4268,.T.);
#12659=EDGE_CURVE('',#5688,#5686,#4255,.T.);
#12672=EDGE_CURVE('',#5674,#5688,#4264,.T.);
#12686=EDGE_CURVE('',#5680,#5688,#4276,.T.);
#12708=EDGE_CURVE('',#6061,#6057,#4280,.T.);
#12711=EDGE_CURVE('',#5996,#5986,#4306,.T.);
#12713=EDGE_CURVE('',#5996,#6057,#4284,.T.);
#12724=EDGE_CURVE('',#6057,#6059,#4292,.T.);
#12726=EDGE_CURVE('',#6063,#6059,#4347,.T.);
#12737=EDGE_CURVE('',#6057,#6053,#4297,.T.);
#12739=EDGE_CURVE('',#6053,#6055,#4365,.T.);
#12741=EDGE_CURVE('',#6059,#6055,#4352,.T.);
#12754=EDGE_CURVE('',#5996,#5997,#4302,.T.);
#12756=EDGE_CURVE('',#5997,#6053,#4373,.T.);
#12769=EDGE_CURVE('',#6001,#5987,#4314,.T.);
#12771=EDGE_CURVE('',#6000,#6001,#4319,.T.);
#12773=EDGE_CURVE('',#6000,#5997,#4323,.T.);
#12783=EDGE_CURVE('',#6046,#6047,#4327,.T.);
#12785=EDGE_CURVE('',#6046,#6001,#4331,.T.);
#12797=EDGE_CURVE('',#6042,#6043,#4343,.T.);
#12799=EDGE_CURVE('',#6046,#6042,#4335,.T.);
#12815=EDGE_CURVE('',#6055,#6051,#4356,.T.);
#12817=EDGE_CURVE('',#6051,#6042,#4361,.T.);
#12827=EDGE_CURVE('',#6053,#6049,#4369,.T.);
#12829=EDGE_CURVE('',#6049,#6051,#4386,.T.);
#12844=EDGE_CURVE('',#6049,#6000,#4377,.T.);
#12854=EDGE_CURVE('',#6049,#6046,#4382,.T.);
#12879=EDGE_CURVE('',#6066,#6067,#4390,.T.);
#12882=EDGE_CURVE('',#6004,#5979,#4523,.T.);
#12884=EDGE_CURVE('',#6004,#6066,#4394,.T.);
#12895=EDGE_CURVE('',#6070,#6066,#4398,.T.);
#12897=EDGE_CURVE('',#6070,#6071,#4440,.T.);
#12908=EDGE_CURVE('',#6073,#6070,#4445,.T.);
#12911=EDGE_CURVE('',#6075,#6066,#4579,.T.);
#12913=EDGE_CURVE('',#6073,#6075,#4406,.T.);
#12925=EDGE_CURVE('',#6077,#6073,#4449,.T.);
#12927=EDGE_CURVE('',#6081,#6077,#4454,.T.);
#12929=EDGE_CURVE('',#6085,#6081,#4458,.T.);
#12931=EDGE_CURVE('',#5707,#6085,#4632,.T.);
#12933=EDGE_CURVE('',#5707,#5708,#4462,.T.);
#12935=EDGE_CURVE('',#5708,#5710,#4467,.T.);
#12937=EDGE_CURVE('',#5710,#5712,#4471,.T.);
#12939=EDGE_CURVE('',#5712,#5703,#4476,.T.);
#12941=EDGE_CURVE('',#5703,#5704,#4480,.T.);
#12946=EDGE_CURVE('',#5719,#5720,#4421,.T.);
#12948=EDGE_CURVE('',#5720,#5719,#4426,.T.);
#12952=EDGE_CURVE('',#5723,#5724,#4431,.T.);
#12954=EDGE_CURVE('',#5724,#5723,#4436,.T.);
#12958=EDGE_CURVE('',#5715,#5716,#4411,.T.);
#12960=EDGE_CURVE('',#5716,#5715,#4416,.T.);
#12970=EDGE_CURVE('',#5497,#5498,#4489,.T.);
#12972=EDGE_CURVE('',#5716,#5497,#4558,.T.);
#12975=EDGE_CURVE('',#5715,#5498,#4484,.T.);
#12985=EDGE_CURVE('',#6004,#6005,#4519,.T.);
#12989=EDGE_CURVE('',#5481,#5918,#4698,.T.);
#12991=EDGE_CURVE('',#5481,#5482,#4532,.T.);
#12993=EDGE_CURVE('',#5482,#5484,#4536,.T.);
#12995=EDGE_CURVE('',#5484,#5486,#4541,.T.);
#12997=EDGE_CURVE('',#5486,#5488,#4545,.T.);
#12999=EDGE_CURVE('',#5488,#5490,#4549,.T.);
#13001=EDGE_CURVE('',#5492,#5490,#4620,.T.);
#13003=EDGE_CURVE('',#5492,#5494,#4554,.T.);
#13005=EDGE_CURVE('',#6005,#5494,#4591,.T.);
#13009=EDGE_CURVE('',#5501,#5502,#4499,.T.);
#13011=EDGE_CURVE('',#5502,#5501,#4504,.T.);
#13015=EDGE_CURVE('',#5505,#5506,#4509,.T.);
#13017=EDGE_CURVE('',#5506,#5505,#4514,.T.);
#13022=EDGE_CURVE('',#5498,#5497,#4494,.T.);
#13044=EDGE_CURVE('',#5719,#5502,#4562,.T.);
#13047=EDGE_CURVE('',#5720,#5501,#4566,.T.);
#13071=EDGE_CURVE('',#5724,#5505,#4574,.T.);
#13074=EDGE_CURVE('',#5723,#5506,#4570,.T.);
#13099=EDGE_CURVE('',#6005,#6075,#4587,.T.);
#13109=EDGE_CURVE('',#6079,#6075,#4583,.T.);
#13113=EDGE_CURVE('',#5494,#6079,#4595,.T.);
#13126=EDGE_CURVE('',#6077,#6079,#4599,.T.);
#13138=EDGE_CURVE('',#6083,#6079,#4608,.T.);
#13140=EDGE_CURVE('',#6081,#6083,#4603,.T.);
#13153=EDGE_CURVE('',#6083,#5492,#4616,.T.);
#13163=EDGE_CURVE('',#6087,#6083,#4612,.T.);
#13167=EDGE_CURVE('',#5490,#6087,#4624,.T.);
#13180=EDGE_CURVE('',#6087,#6085,#4628,.T.);
#13194=EDGE_CURVE('',#5488,#5727,#4636,.T.);
#13196=EDGE_CURVE('',#5727,#5707,#4640,.T.);
#13206=EDGE_CURVE('',#5727,#5728,#4644,.T.);
#13210=EDGE_CURVE('',#5728,#5486,#4661,.T.);
#13221=EDGE_CURVE('',#5708,#5728,#4648,.T.);
#13235=EDGE_CURVE('',#5728,#5730,#4653,.T.);
#13237=EDGE_CURVE('',#5730,#5710,#4657,.T.);
#13250=EDGE_CURVE('',#5484,#5730,#4665,.T.);
#13260=EDGE_CURVE('',#5730,#5732,#4669,.T.);
#13264=EDGE_CURVE('',#5732,#5482,#4686,.T.);
#13277=EDGE_CURVE('',#5712,#5732,#4673,.T.);
#13289=EDGE_CURVE('',#5732,#5508,#4678,.T.);
#13291=EDGE_CURVE('',#5508,#5703,#4682,.T.);
#13304=EDGE_CURVE('',#5481,#5508,#4690,.T.);
#13315=EDGE_CURVE('',#5508,#5919,#4702,.T.);
#13339=EDGE_CURVE('',#6094,#6095,#4736,.T.);
#13341=EDGE_CURVE('',#6097,#6094,#4741,.T.);
#13343=EDGE_CURVE('',#6101,#6097,#4745,.T.);
#13345=EDGE_CURVE('',#6105,#6101,#4750,.T.);
#13347=EDGE_CURVE('',#6109,#6105,#4754,.T.);
#13352=EDGE_CURVE('',#5695,#5696,#4717,.T.);
#13354=EDGE_CURVE('',#5696,#5695,#4722,.T.);
#13358=EDGE_CURVE('',#5699,#5700,#4727,.T.);
#13360=EDGE_CURVE('',#5700,#5699,#4732,.T.);
#13364=EDGE_CURVE('',#5691,#5692,#4707,.T.);
#13366=EDGE_CURVE('',#5692,#5691,#4712,.T.);
#13376=EDGE_CURVE('',#5691,#5512,#4758,.T.);
#13378=EDGE_CURVE('',#5511,#5512,#4767,.T.);
#13380=EDGE_CURVE('',#5692,#5511,#4762,.T.);
#13394=EDGE_CURVE('',#5512,#5511,#4772,.T.);
#13404=EDGE_CURVE('',#6008,#6009,#4797,.T.);
#13406=EDGE_CURVE('',#6008,#5982,#4801,.T.);
#13409=EDGE_CURVE('',#6013,#5983,#4809,.T.);
#13411=EDGE_CURVE('',#6012,#6013,#4814,.T.);
#13413=EDGE_CURVE('',#6012,#6009,#4818,.T.);
#13417=EDGE_CURVE('',#5515,#5516,#4777,.T.);
#13419=EDGE_CURVE('',#5516,#5515,#4782,.T.);
#13423=EDGE_CURVE('',#5519,#5520,#4787,.T.);
#13425=EDGE_CURVE('',#5520,#5519,#4792,.T.);
#13439=EDGE_CURVE('',#5695,#5516,#4822,.T.);
#13442=EDGE_CURVE('',#5696,#5515,#4826,.T.);
#13466=EDGE_CURVE('',#5700,#5519,#4834,.T.);
#13469=EDGE_CURVE('',#5699,#5520,#4830,.T.);
#13491=EDGE_CURVE('',#6099,#6090,#4839,.T.);
#13493=EDGE_CURVE('',#6008,#6090,#4859,.T.);
#13496=EDGE_CURVE('',#6009,#6099,#4871,.T.);
#13507=EDGE_CURVE('',#6094,#6090,#4847,.T.);
#13510=EDGE_CURVE('',#6097,#6099,#4843,.T.);
#13520=EDGE_CURVE('',#6090,#6091,#4855,.T.);
#13547=EDGE_CURVE('',#6103,#6099,#4867,.T.);
#13549=EDGE_CURVE('',#6101,#6103,#4863,.T.);
#13562=EDGE_CURVE('',#6012,#6103,#4875,.T.);
#13572=EDGE_CURVE('',#6107,#6103,#4880,.T.);
#13576=EDGE_CURVE('',#6013,#6107,#4896,.T.);
#13589=EDGE_CURVE('',#6105,#6107,#4884,.T.);
#13601=EDGE_CURVE('',#6111,#6107,#4892,.T.);
#13621=(LENGTH_UNIT()NAMED_UNIT(*)SI_UNIT(.MILLI.,.METRE.));
#13623=(NAMED_UNIT(*)PLANE_ANGLE_UNIT()SI_UNIT($,.RADIAN.));
#13626=(NAMED_UNIT(*)SI_UNIT($,.STERADIAN.)SOLID_ANGLE_UNIT());
#13629=ADVANCED_BREP_SHAPE_REPRESENTATION('',(#13620),#13628);
#13636=PRODUCT_DEFINITION('design','',#13635,#13632);
#13637=PRODUCT_DEFINITION_SHAPE('','SHAPE FOR _7604126402-0001.',#13636);
#13638=SHAPE_DEFINITION_REPRESENTATION(#13637,#13629);
ENDSEC;
END-ISO-10303-21;
