ISO-10303-21;
HEADER;
FILE_DESCRIPTION((''),'2;1');
FILE_NAME('_7604127404000_ASM','2019-05-15T14:03:37',('dell'),(''),
'CREO PARAMETRIC BY PTC INC, 2018050','CREO PARAMETRIC BY PTC INC, 2018050','');
FILE_SCHEMA(('CONFIG_CONTROL_DESIGN'));
ENDSEC;
DATA;
#1=DIRECTION('',(7.071067811862E-1,-7.071067811869E-1,-4.481955855442E-14));
#2=VECTOR('',#1,2.128319986908E1);
#3=CARTESIAN_POINT('',(-1.087677669469E2,-5.191785649467E1,-9.300000000113E0));
#4=LINE('',#3,#2);
#5=CARTESIAN_POINT('',(-9.195050505311E1,-6.519958448259E1,-9.3E0));
#6=DIRECTION('',(0.E0,0.E0,1.E0));
#7=DIRECTION('',(-7.071067768501E-1,-7.071067855230E-1,0.E0));
#8=AXIS2_PLACEMENT_3D('',#5,#6,#7);
#10=DIRECTION('',(-1.786959068726E-7,-7.071067767628E-1,7.071067856103E-1));
#11=VECTOR('',#10,1.414213551761E0);
#12=CARTESIAN_POINT('',(-9.195050538151E1,-6.769958448015E1,-9.300000005698E0));
#13=LINE('',#12,#11);
#14=DIRECTION('',(4.999999982843E-1,5.000000015550E-1,-7.071067813002E-1));
#15=VECTOR('',#14,1.414213562084E0);
#16=CARTESIAN_POINT('',(-9.442537877275E1,-6.767445823070E1,-8.300000000158E0));
#17=LINE('',#16,#15);
#18=DIRECTION('',(-1.133532292428E-10,1.090414479585E-10,-1.E0));
#19=VECTOR('',#18,1.639999999989E1);
#20=CARTESIAN_POINT('',(-9.371827199413E1,-6.696735144746E1,-9.300000000114E0));
#21=LINE('',#20,#19);
#22=DIRECTION('',(-6.600019178464E-9,1.488457054605E-10,1.E0));
#23=VECTOR('',#22,1.639999999430E1);
#24=CARTESIAN_POINT('',(-9.195050527327E1,-6.769958448259E1,-2.57E1));
#25=LINE('',#24,#23);
#26=CARTESIAN_POINT('',(-9.195050505311E1,-6.519958448259E1,-2.57E1));
#27=DIRECTION('',(0.E0,0.E0,-1.E0));
#28=DIRECTION('',(0.E0,-1.E0,0.E0));
#29=AXIS2_PLACEMENT_3D('',#26,#27,#28);
#31=DIRECTION('',(-7.071067811862E-1,7.071067811869E-1,0.E0));
#32=VECTOR('',#31,2.128319986257E1);
#33=CARTESIAN_POINT('',(-9.371827199599E1,-6.696735144567E1,-2.57E1));
#34=LINE('',#33,#32);
#35=CARTESIAN_POINT('',(-1.069999999897E2,-5.015008954597E1,-2.57E1));
#36=DIRECTION('',(0.E0,0.E0,-1.E0));
#37=DIRECTION('',(-7.071067809920E-1,-7.071067813811E-1,0.E0));
#38=AXIS2_PLACEMENT_3D('',#35,#36,#37);
#40=DIRECTION('',(0.E0,1.E0,0.E0));
#41=VECTOR('',#40,6.345008966896E1);
#42=CARTESIAN_POINT('',(-1.094999999897E2,-5.015008966878E1,-2.57E1));
#43=LINE('',#42,#41);
#44=CARTESIAN_POINT('',(-1.069999999897E2,1.33E1,-2.57E1));
#45=DIRECTION('',(0.E0,0.E0,-1.E0));
#46=DIRECTION('',(-1.E0,0.E0,0.E0));
#47=AXIS2_PLACEMENT_3D('',#44,#45,#46);
#49=DIRECTION('',(1.E0,0.E0,0.E0));
#50=VECTOR('',#49,3.450000000316E1);
#51=CARTESIAN_POINT('',(-1.069999999921E2,1.58E1,-2.57E1));
#52=LINE('',#51,#50);
#53=CARTESIAN_POINT('',(-7.249999998973E1,2.08E1,-2.57E1));
#54=DIRECTION('',(0.E0,0.E0,1.E0));
#55=DIRECTION('',(0.E0,-1.E0,0.E0));
#56=AXIS2_PLACEMENT_3D('',#53,#54,#55);
#58=DIRECTION('',(0.E0,1.E0,0.E0));
#59=VECTOR('',#58,4.319999999887E1);
#60=CARTESIAN_POINT('',(-6.749999998973E1,2.080000000132E1,-2.57E1));
#61=LINE('',#60,#59);
#62=CARTESIAN_POINT('',(-6.499999998973E1,6.4E1,-2.57E1));
#63=DIRECTION('',(0.E0,0.E0,-1.E0));
#64=DIRECTION('',(-1.E0,0.E0,0.E0));
#65=AXIS2_PLACEMENT_3D('',#62,#63,#64);
#67=DIRECTION('',(1.E0,0.E0,0.E0));
#68=VECTOR('',#67,7.550000000245E1);
#69=CARTESIAN_POINT('',(-6.499999999215E1,6.65E1,-2.57E1));
#70=LINE('',#69,#68);
#71=CARTESIAN_POINT('',(-9.899999998970E1,-5.219958448259E1,-2.57E1));
#72=DIRECTION('',(0.E0,0.E0,1.E0));
#73=DIRECTION('',(1.E0,0.E0,0.E0));
#74=AXIS2_PLACEMENT_3D('',#71,#72,#73);
#76=CARTESIAN_POINT('',(-9.899999998970E1,-5.219958448259E1,-2.57E1));
#77=DIRECTION('',(0.E0,0.E0,1.E0));
#78=DIRECTION('',(-1.E0,0.E0,0.E0));
#79=AXIS2_PLACEMENT_3D('',#76,#77,#78);
#81=DIRECTION('',(0.E0,1.E0,0.E0));
#82=VECTOR('',#81,1.341995844826E2);
#83=CARTESIAN_POINT('',(1.050000001030E1,-6.769958448259E1,-2.57E1));
#84=LINE('',#83,#82);
#85=DIRECTION('',(1.E0,0.E0,0.E0));
#86=VECTOR('',#85,1.024505052836E2);
#87=CARTESIAN_POINT('',(-9.195050527327E1,-6.769958448259E1,-2.57E1));
#88=LINE('',#87,#86);
#89=DIRECTION('',(0.E0,0.E0,-1.E0));
#90=VECTOR('',#89,1.2E1);
#91=CARTESIAN_POINT('',(1.050000001030E1,-6.769958448259E1,-2.57E1));
#92=LINE('',#91,#90);
#93=CARTESIAN_POINT('',(-8.199999999999E1,-6.769958448259E1,-1.37E1));
#94=DIRECTION('',(0.E0,1.E0,0.E0));
#95=DIRECTION('',(1.E0,0.E0,-1.587363129829E-9));
#96=AXIS2_PLACEMENT_3D('',#93,#94,#95);
#98=CARTESIAN_POINT('',(-8.199999999999E1,-6.769958448259E1,-1.37E1));
#99=DIRECTION('',(0.E0,1.E0,0.E0));
#100=DIRECTION('',(-1.E0,0.E0,0.E0));
#101=AXIS2_PLACEMENT_3D('',#98,#99,#100);
#103=CARTESIAN_POINT('',(-4.999999999999E1,-6.769958448259E1,-1.37E1));
#104=DIRECTION('',(0.E0,1.E0,0.E0));
#105=DIRECTION('',(1.E0,0.E0,-1.587363129829E-9));
#106=AXIS2_PLACEMENT_3D('',#103,#104,#105);
#108=CARTESIAN_POINT('',(-4.999999999999E1,-6.769958448259E1,-1.37E1));
#109=DIRECTION('',(0.E0,1.E0,0.E0));
#110=DIRECTION('',(-1.E0,0.E0,0.E0));
#111=AXIS2_PLACEMENT_3D('',#108,#109,#110);
#113=CARTESIAN_POINT('',(7.000000000005E0,-6.769958448259E1,-1.37E1));
#114=DIRECTION('',(0.E0,1.E0,0.E0));
#115=DIRECTION('',(1.E0,0.E0,-1.587363129829E-9));
#116=AXIS2_PLACEMENT_3D('',#113,#114,#115);
#118=CARTESIAN_POINT('',(7.000000000005E0,-6.769958448259E1,-1.37E1));
#119=DIRECTION('',(0.E0,1.E0,0.E0));
#120=DIRECTION('',(-1.E0,0.E0,0.E0));
#121=AXIS2_PLACEMENT_3D('',#118,#119,#120);
#123=DIRECTION('',(0.E0,0.E0,1.E0));
#124=VECTOR('',#123,5.E0);
#125=CARTESIAN_POINT('',(-7.9E1,-6.769958448259E1,-2.47E1));
#126=LINE('',#125,#124);
#127=DIRECTION('',(1.E0,0.E0,0.E0));
#128=VECTOR('',#127,9.E0);
#129=CARTESIAN_POINT('',(-7.9E1,-6.769958448259E1,-1.97E1));
#130=LINE('',#129,#128);
#131=DIRECTION('',(0.E0,0.E0,-1.E0));
#132=VECTOR('',#131,5.E0);
#133=CARTESIAN_POINT('',(-7.E1,-6.769958448259E1,-1.97E1));
#134=LINE('',#133,#132);
#135=DIRECTION('',(-1.E0,0.E0,0.E0));
#136=VECTOR('',#135,9.E0);
#137=CARTESIAN_POINT('',(-7.E1,-6.769958448259E1,-2.47E1));
#138=LINE('',#137,#136);
#139=DIRECTION('',(1.E0,1.802357391158E-11,-4.932159549826E-11));
#140=VECTOR('',#139,1.139505053815E2);
#141=CARTESIAN_POINT('',(-9.195050538151E1,-6.769958448015E1,
-9.300000005698E0));
#142=LINE('',#141,#140);
#143=DIRECTION('',(0.E0,7.071067738641E-1,-7.071067885090E-1));
#144=VECTOR('',#143,1.414213550638E0);
#145=CARTESIAN_POINT('',(2.2E1,-6.869958445944E1,-8.300000009261E0));
#146=LINE('',#145,#144);
#147=DIRECTION('',(0.E0,-1.582698917782E-10,-1.E0));
#148=VECTOR('',#147,2.839999998868E1);
#149=CARTESIAN_POINT('',(2.2E1,-6.769958447810E1,-9.300000011318E0));
#150=LINE('',#149,#148);
#151=DIRECTION('',(0.E0,0.E0,-1.E0));
#152=VECTOR('',#151,2.5E0);
#153=CARTESIAN_POINT('',(2.2E1,-5.839852408453E1,-3.77E1));
#154=LINE('',#153,#152);
#155=DIRECTION('',(0.E0,-1.E0,0.E0));
#156=VECTOR('',#155,1.180106039806E1);
#157=CARTESIAN_POINT('',(2.2E1,-5.839852408453E1,-4.02E1));
#158=LINE('',#157,#156);
#159=DIRECTION('',(0.E0,0.E0,1.E0));
#160=VECTOR('',#159,3.189999999768E1);
#161=CARTESIAN_POINT('',(2.2E1,-7.019958448259E1,-4.02E1));
#162=LINE('',#161,#160);
#163=DIRECTION('',(0.E0,1.E0,-4.630516935409E-9));
#164=VECTOR('',#163,1.500000023148E0);
#165=CARTESIAN_POINT('',(2.2E1,-7.019958448259E1,-8.300000002315E0));
#166=LINE('',#165,#164);
#167=CARTESIAN_POINT('',(1.025E2,-3.699958448259E1,-3.77E1));
#168=DIRECTION('',(0.E0,0.E0,1.E0));
#169=DIRECTION('',(1.E0,0.E0,0.E0));
#170=AXIS2_PLACEMENT_3D('',#167,#168,#169);
#172=CARTESIAN_POINT('',(1.025E2,-3.699958448259E1,-3.77E1));
#173=DIRECTION('',(0.E0,0.E0,1.E0));
#174=DIRECTION('',(-1.E0,0.E0,0.E0));
#175=AXIS2_PLACEMENT_3D('',#172,#173,#174);
#177=CARTESIAN_POINT('',(1.025E2,6.100041551741E1,-3.77E1));
#178=DIRECTION('',(0.E0,0.E0,1.E0));
#179=DIRECTION('',(1.E0,0.E0,0.E0));
#180=AXIS2_PLACEMENT_3D('',#177,#178,#179);
#182=CARTESIAN_POINT('',(1.025E2,6.100041551741E1,-3.77E1));
#183=DIRECTION('',(0.E0,0.E0,1.E0));
#184=DIRECTION('',(-1.E0,0.E0,0.E0));
#185=AXIS2_PLACEMENT_3D('',#182,#183,#184);
#187=CARTESIAN_POINT('',(2.75E1,6.100041551741E1,-3.77E1));
#188=DIRECTION('',(0.E0,0.E0,1.E0));
#189=DIRECTION('',(1.E0,0.E0,0.E0));
#190=AXIS2_PLACEMENT_3D('',#187,#188,#189);
#192=CARTESIAN_POINT('',(2.75E1,6.100041551741E1,-3.77E1));
#193=DIRECTION('',(0.E0,0.E0,1.E0));
#194=DIRECTION('',(-1.E0,0.E0,0.E0));
#195=AXIS2_PLACEMENT_3D('',#192,#193,#194);
#197=CARTESIAN_POINT('',(2.75E1,-3.699958448259E1,-3.77E1));
#198=DIRECTION('',(0.E0,0.E0,1.E0));
#199=DIRECTION('',(1.E0,0.E0,0.E0));
#200=AXIS2_PLACEMENT_3D('',#197,#198,#199);
#202=CARTESIAN_POINT('',(2.75E1,-3.699958448259E1,-3.77E1));
#203=DIRECTION('',(0.E0,0.E0,1.E0));
#204=DIRECTION('',(-1.E0,0.E0,0.E0));
#205=AXIS2_PLACEMENT_3D('',#202,#203,#204);
#207=CARTESIAN_POINT('',(1.65E1,-6.309958448258E1,-3.77E1));
#208=DIRECTION('',(0.E0,0.E0,1.E0));
#209=DIRECTION('',(1.E0,2.583128377864E-9,0.E0));
#210=AXIS2_PLACEMENT_3D('',#207,#208,#209);
#212=CARTESIAN_POINT('',(1.65E1,-6.309958448258E1,-3.77E1));
#213=DIRECTION('',(0.E0,0.E0,1.E0));
#214=DIRECTION('',(-1.E0,0.E0,0.E0));
#215=AXIS2_PLACEMENT_3D('',#212,#213,#214);
#217=CARTESIAN_POINT('',(6.35E1,-5.294905428356E1,-3.77E1));
#218=DIRECTION('',(0.E0,0.E0,1.E0));
#219=DIRECTION('',(1.E0,2.584009450857E-9,0.E0));
#220=AXIS2_PLACEMENT_3D('',#217,#218,#219);
#222=CARTESIAN_POINT('',(6.35E1,-5.294905428356E1,-3.77E1));
#223=DIRECTION('',(0.E0,0.E0,1.E0));
#224=DIRECTION('',(-1.E0,0.E0,0.E0));
#225=AXIS2_PLACEMENT_3D('',#222,#223,#224);
#227=CARTESIAN_POINT('',(1.105E2,-6.309958448258E1,-3.77E1));
#228=DIRECTION('',(0.E0,0.E0,1.E0));
#229=DIRECTION('',(1.E0,2.583128377864E-9,0.E0));
#230=AXIS2_PLACEMENT_3D('',#227,#228,#229);
#232=CARTESIAN_POINT('',(1.105E2,-6.309958448258E1,-3.77E1));
#233=DIRECTION('',(0.E0,0.E0,1.E0));
#234=DIRECTION('',(-1.E0,0.E0,0.E0));
#235=AXIS2_PLACEMENT_3D('',#232,#233,#234);
#237=CARTESIAN_POINT('',(7.5E1,6.05E1,-3.77E1));
#238=DIRECTION('',(0.E0,0.E0,1.E0));
#239=DIRECTION('',(1.E0,0.E0,0.E0));
#240=AXIS2_PLACEMENT_3D('',#237,#238,#239);
#242=CARTESIAN_POINT('',(7.5E1,6.05E1,-3.77E1));
#243=DIRECTION('',(0.E0,0.E0,1.E0));
#244=DIRECTION('',(-1.E0,0.E0,0.E0));
#245=AXIS2_PLACEMENT_3D('',#242,#243,#244);
#247=CARTESIAN_POINT('',(1.175E2,-3.699958448259E1,-3.77E1));
#248=DIRECTION('',(0.E0,0.E0,1.E0));
#249=DIRECTION('',(1.E0,0.E0,0.E0));
#250=AXIS2_PLACEMENT_3D('',#247,#248,#249);
#252=CARTESIAN_POINT('',(1.175E2,-3.699958448259E1,-3.77E1));
#253=DIRECTION('',(0.E0,0.E0,1.E0));
#254=DIRECTION('',(-1.E0,0.E0,0.E0));
#255=AXIS2_PLACEMENT_3D('',#252,#253,#254);
#257=CARTESIAN_POINT('',(1.250000000103E2,6.4E1,-3.77E1));
#258=DIRECTION('',(0.E0,0.E0,-1.E0));
#259=DIRECTION('',(0.E0,1.E0,0.E0));
#260=AXIS2_PLACEMENT_3D('',#257,#258,#259);
#262=CARTESIAN_POINT('',(1.250000000103E2,-6.519958448259E1,-3.77E1));
#263=DIRECTION('',(0.E0,0.E0,-1.E0));
#264=DIRECTION('',(1.E0,0.E0,0.E0));
#265=AXIS2_PLACEMENT_3D('',#262,#263,#264);
#267=DIRECTION('',(-1.E0,0.E0,0.E0));
#268=VECTOR('',#267,2.000000001030E1);
#269=CARTESIAN_POINT('',(1.250000000103E2,-6.769958448259E1,-3.77E1));
#270=LINE('',#269,#268);
#271=DIRECTION('',(-1.E0,0.E0,0.E0));
#272=VECTOR('',#271,8.3E1);
#273=CARTESIAN_POINT('',(1.05E2,-5.839852408453E1,-3.77E1));
#274=LINE('',#273,#272);
#275=DIRECTION('',(0.E0,-1.E0,0.E0));
#276=VECTOR('',#275,9.301060398060E0);
#277=CARTESIAN_POINT('',(2.2E1,-5.839852408453E1,-3.77E1));
#278=LINE('',#277,#276);
#279=DIRECTION('',(-1.E0,0.E0,0.E0));
#280=VECTOR('',#279,1.149999998970E1);
#281=CARTESIAN_POINT('',(2.2E1,-6.769958448259E1,-3.77E1));
#282=LINE('',#281,#280);
#283=DIRECTION('',(0.E0,1.E0,0.E0));
#284=VECTOR('',#283,1.341995844826E2);
#285=CARTESIAN_POINT('',(1.050000001030E1,-6.769958448259E1,-3.77E1));
#286=LINE('',#285,#284);
#287=DIRECTION('',(0.E0,-1.E0,0.E0));
#288=VECTOR('',#287,2.E0);
#289=CARTESIAN_POINT('',(6.15E1,6.65E1,-3.77E1));
#290=LINE('',#289,#288);
#291=DIRECTION('',(-1.E0,0.E0,0.E0));
#292=VECTOR('',#291,4.E0);
#293=CARTESIAN_POINT('',(6.55E1,6.45E1,-3.77E1));
#294=LINE('',#293,#292);
#295=DIRECTION('',(0.E0,-1.E0,0.E0));
#296=VECTOR('',#295,2.E0);
#297=CARTESIAN_POINT('',(6.55E1,6.65E1,-3.77E1));
#298=LINE('',#297,#296);
#299=DIRECTION('',(0.E0,-1.E0,0.E0));
#300=VECTOR('',#299,2.E0);
#301=CARTESIAN_POINT('',(8.45E1,6.65E1,-3.77E1));
#302=LINE('',#301,#300);
#303=DIRECTION('',(-1.E0,0.E0,0.E0));
#304=VECTOR('',#303,4.E0);
#305=CARTESIAN_POINT('',(8.85E1,6.45E1,-3.77E1));
#306=LINE('',#305,#304);
#307=DIRECTION('',(0.E0,-1.E0,0.E0));
#308=VECTOR('',#307,2.E0);
#309=CARTESIAN_POINT('',(8.85E1,6.65E1,-3.77E1));
#310=LINE('',#309,#308);
#311=DIRECTION('',(0.E0,0.E0,1.E0));
#312=VECTOR('',#311,2.5E0);
#313=CARTESIAN_POINT('',(1.E2,-3.699958448259E1,-4.02E1));
#314=LINE('',#313,#312);
#315=DIRECTION('',(0.E0,-1.E0,0.E0));
#316=VECTOR('',#315,1.2E1);
#317=CARTESIAN_POINT('',(9.75E1,6.9E1,-4.02E1));
#318=LINE('',#317,#316);
#319=CARTESIAN_POINT('',(9.45E1,5.7E1,-4.02E1));
#320=DIRECTION('',(0.E0,0.E0,-1.E0));
#321=DIRECTION('',(1.E0,0.E0,0.E0));
#322=AXIS2_PLACEMENT_3D('',#319,#320,#321);
#324=DIRECTION('',(-1.E0,0.E0,0.E0));
#325=VECTOR('',#324,3.9E1);
#326=CARTESIAN_POINT('',(9.45E1,5.4E1,-4.02E1));
#327=LINE('',#326,#325);
#328=CARTESIAN_POINT('',(5.55E1,5.7E1,-4.02E1));
#329=DIRECTION('',(0.E0,0.E0,-1.E0));
#330=DIRECTION('',(0.E0,-1.E0,0.E0));
#331=AXIS2_PLACEMENT_3D('',#328,#329,#330);
#333=DIRECTION('',(-1.E0,0.E0,0.E0));
#334=VECTOR('',#333,4.449999998970E1);
#335=CARTESIAN_POINT('',(5.25E1,6.9E1,-4.02E1));
#336=LINE('',#335,#334);
#337=DIRECTION('',(1.E0,0.E0,0.E0));
#338=VECTOR('',#337,1.399999998970E1);
#339=CARTESIAN_POINT('',(8.000000010300E0,-7.019958448259E1,-4.02E1));
#340=LINE('',#339,#338);
#341=DIRECTION('',(0.E0,-1.E0,0.E0));
#342=VECTOR('',#341,1.180106039806E1);
#343=CARTESIAN_POINT('',(1.05E2,-5.839852408453E1,-4.02E1));
#344=LINE('',#343,#342);
#345=DIRECTION('',(1.E0,0.E0,0.E0));
#346=VECTOR('',#345,2.000000001030E1);
#347=CARTESIAN_POINT('',(1.05E2,-7.019958448259E1,-4.02E1));
#348=LINE('',#347,#346);
#349=CARTESIAN_POINT('',(1.250000000103E2,-6.519958448259E1,-4.02E1));
#350=DIRECTION('',(0.E0,0.E0,1.E0));
#351=DIRECTION('',(0.E0,-1.E0,0.E0));
#352=AXIS2_PLACEMENT_3D('',#349,#350,#351);
#354=CARTESIAN_POINT('',(1.250000000103E2,6.4E1,-4.02E1));
#355=DIRECTION('',(0.E0,0.E0,1.E0));
#356=DIRECTION('',(1.E0,0.E0,0.E0));
#357=AXIS2_PLACEMENT_3D('',#354,#355,#356);
#359=DIRECTION('',(-1.E0,0.E0,0.E0));
#360=VECTOR('',#359,2.750000001030E1);
#361=CARTESIAN_POINT('',(1.250000000103E2,6.9E1,-4.02E1));
#362=LINE('',#361,#360);
#363=CARTESIAN_POINT('',(1.025E2,6.100041551741E1,-4.02E1));
#364=DIRECTION('',(0.E0,0.E0,-1.E0));
#365=DIRECTION('',(-1.E0,0.E0,0.E0));
#366=AXIS2_PLACEMENT_3D('',#363,#364,#365);
#368=CARTESIAN_POINT('',(1.025E2,6.100041551741E1,-4.02E1));
#369=DIRECTION('',(0.E0,0.E0,-1.E0));
#370=DIRECTION('',(1.E0,0.E0,0.E0));
#371=AXIS2_PLACEMENT_3D('',#368,#369,#370);
#373=CARTESIAN_POINT('',(2.75E1,6.100041551741E1,-4.02E1));
#374=DIRECTION('',(0.E0,0.E0,-1.E0));
#375=DIRECTION('',(-1.E0,0.E0,0.E0));
#376=AXIS2_PLACEMENT_3D('',#373,#374,#375);
#378=CARTESIAN_POINT('',(2.75E1,6.100041551741E1,-4.02E1));
#379=DIRECTION('',(0.E0,0.E0,-1.E0));
#380=DIRECTION('',(1.E0,0.E0,0.E0));
#381=AXIS2_PLACEMENT_3D('',#378,#379,#380);
#383=CARTESIAN_POINT('',(6.35E1,-5.294905428356E1,-4.02E1));
#384=DIRECTION('',(0.E0,0.E0,-1.E0));
#385=DIRECTION('',(1.E0,2.845554046312E-9,0.E0));
#386=AXIS2_PLACEMENT_3D('',#383,#384,#385);
#388=CARTESIAN_POINT('',(6.35E1,-5.294905428356E1,-4.02E1));
#389=DIRECTION('',(0.E0,0.E0,-1.E0));
#390=DIRECTION('',(-1.E0,-2.496413624428E-9,0.E0));
#391=AXIS2_PLACEMENT_3D('',#388,#389,#390);
#393=CARTESIAN_POINT('',(1.105E2,-6.309958448258E1,-4.02E1));
#394=DIRECTION('',(0.E0,0.E0,-1.E0));
#395=DIRECTION('',(1.E0,2.842014063637E-9,0.E0));
#396=AXIS2_PLACEMENT_3D('',#393,#394,#395);
#398=CARTESIAN_POINT('',(1.105E2,-6.309958448258E1,-4.02E1));
#399=DIRECTION('',(0.E0,0.E0,-1.E0));
#400=DIRECTION('',(-1.E0,-2.500947073032E-9,0.E0));
#401=AXIS2_PLACEMENT_3D('',#398,#399,#400);
#403=CARTESIAN_POINT('',(1.65E1,-6.309958448258E1,-4.02E1));
#404=DIRECTION('',(0.E0,0.E0,-1.E0));
#405=DIRECTION('',(1.E0,2.842014063637E-9,0.E0));
#406=AXIS2_PLACEMENT_3D('',#403,#404,#405);
#408=CARTESIAN_POINT('',(1.65E1,-6.309958448258E1,-4.02E1));
#409=DIRECTION('',(0.E0,0.E0,-1.E0));
#410=DIRECTION('',(-1.E0,-2.500947073032E-9,0.E0));
#411=AXIS2_PLACEMENT_3D('',#408,#409,#410);
#413=CARTESIAN_POINT('',(2.75E1,-3.699958448259E1,-4.02E1));
#414=DIRECTION('',(0.E0,0.E0,-1.E0));
#415=DIRECTION('',(-1.E0,0.E0,0.E0));
#416=AXIS2_PLACEMENT_3D('',#413,#414,#415);
#418=CARTESIAN_POINT('',(2.75E1,-3.699958448259E1,-4.02E1));
#419=DIRECTION('',(0.E0,0.E0,-1.E0));
#420=DIRECTION('',(1.E0,0.E0,0.E0));
#421=AXIS2_PLACEMENT_3D('',#418,#419,#420);
#423=CARTESIAN_POINT('',(1.025E2,-3.699958448259E1,-4.02E1));
#424=DIRECTION('',(0.E0,0.E0,-1.E0));
#425=DIRECTION('',(-1.E0,0.E0,0.E0));
#426=AXIS2_PLACEMENT_3D('',#423,#424,#425);
#428=CARTESIAN_POINT('',(1.025E2,-3.699958448259E1,-4.02E1));
#429=DIRECTION('',(0.E0,0.E0,-1.E0));
#430=DIRECTION('',(1.E0,0.E0,0.E0));
#431=AXIS2_PLACEMENT_3D('',#428,#429,#430);
#433=CARTESIAN_POINT('',(1.175E2,-3.699958448259E1,-4.02E1));
#434=DIRECTION('',(0.E0,0.E0,-1.E0));
#435=DIRECTION('',(-1.E0,0.E0,0.E0));
#436=AXIS2_PLACEMENT_3D('',#433,#434,#435);
#438=CARTESIAN_POINT('',(1.175E2,-3.699958448259E1,-4.02E1));
#439=DIRECTION('',(0.E0,0.E0,-1.E0));
#440=DIRECTION('',(1.E0,0.E0,0.E0));
#441=AXIS2_PLACEMENT_3D('',#438,#439,#440);
#443=DIRECTION('',(0.E0,0.E0,1.E0));
#444=VECTOR('',#443,1.E0);
#445=CARTESIAN_POINT('',(9.75E1,6.9E1,-4.02E1));
#446=LINE('',#445,#444);
#447=DIRECTION('',(0.E0,-1.E0,0.E0));
#448=VECTOR('',#447,1.2E1);
#449=CARTESIAN_POINT('',(9.75E1,6.9E1,-3.92E1));
#450=LINE('',#449,#448);
#451=DIRECTION('',(0.E0,0.E0,-1.E0));
#452=VECTOR('',#451,1.E0);
#453=CARTESIAN_POINT('',(9.45E1,5.4E1,-3.92E1));
#454=LINE('',#453,#452);
#455=DIRECTION('',(0.E0,0.E0,1.E0));
#456=VECTOR('',#455,1.E0);
#457=CARTESIAN_POINT('',(9.75E1,5.7E1,-4.02E1));
#458=LINE('',#457,#456);
#459=CARTESIAN_POINT('',(7.5E1,6.05E1,-3.92E1));
#460=DIRECTION('',(0.E0,0.E0,-1.E0));
#461=DIRECTION('',(-1.E0,0.E0,0.E0));
#462=AXIS2_PLACEMENT_3D('',#459,#460,#461);
#464=CARTESIAN_POINT('',(7.5E1,6.05E1,-3.92E1));
#465=DIRECTION('',(0.E0,0.E0,-1.E0));
#466=DIRECTION('',(1.E0,0.E0,0.E0));
#467=AXIS2_PLACEMENT_3D('',#464,#465,#466);
#469=DIRECTION('',(0.E0,-1.E0,0.E0));
#470=VECTOR('',#469,4.5E0);
#471=CARTESIAN_POINT('',(8.85E1,6.9E1,-3.92E1));
#472=LINE('',#471,#470);
#473=DIRECTION('',(-1.E0,0.E0,0.E0));
#474=VECTOR('',#473,4.E0);
#475=CARTESIAN_POINT('',(8.85E1,6.45E1,-3.92E1));
#476=LINE('',#475,#474);
#477=DIRECTION('',(0.E0,-1.E0,0.E0));
#478=VECTOR('',#477,4.5E0);
#479=CARTESIAN_POINT('',(8.45E1,6.9E1,-3.92E1));
#480=LINE('',#479,#478);
#481=DIRECTION('',(0.E0,-1.E0,0.E0));
#482=VECTOR('',#481,4.5E0);
#483=CARTESIAN_POINT('',(6.55E1,6.9E1,-3.92E1));
#484=LINE('',#483,#482);
#485=DIRECTION('',(-1.E0,0.E0,0.E0));
#486=VECTOR('',#485,4.E0);
#487=CARTESIAN_POINT('',(6.55E1,6.45E1,-3.92E1));
#488=LINE('',#487,#486);
#489=DIRECTION('',(0.E0,-1.E0,0.E0));
#490=VECTOR('',#489,4.5E0);
#491=CARTESIAN_POINT('',(6.15E1,6.9E1,-3.92E1));
#492=LINE('',#491,#490);
#493=CARTESIAN_POINT('',(5.55E1,5.7E1,-3.92E1));
#494=DIRECTION('',(0.E0,0.E0,1.E0));
#495=DIRECTION('',(-1.E0,0.E0,0.E0));
#496=AXIS2_PLACEMENT_3D('',#493,#494,#495);
#498=CARTESIAN_POINT('',(9.45E1,5.7E1,-3.92E1));
#499=DIRECTION('',(0.E0,0.E0,1.E0));
#500=DIRECTION('',(0.E0,-1.E0,0.E0));
#501=AXIS2_PLACEMENT_3D('',#498,#499,#500);
#503=DIRECTION('',(0.E0,0.E0,-1.E0));
#504=VECTOR('',#503,1.5E0);
#505=CARTESIAN_POINT('',(7.7E1,6.05E1,-3.77E1));
#506=LINE('',#505,#504);
#507=DIRECTION('',(0.E0,0.E0,-1.E0));
#508=VECTOR('',#507,1.5E0);
#509=CARTESIAN_POINT('',(7.3E1,6.05E1,-3.77E1));
#510=LINE('',#509,#508);
#511=DIRECTION('',(0.E0,1.E0,0.E0));
#512=VECTOR('',#511,2.5E0);
#513=CARTESIAN_POINT('',(8.85E1,6.65E1,-3.25E1));
#514=LINE('',#513,#512);
#515=DIRECTION('',(0.E0,0.E0,-1.E0));
#516=VECTOR('',#515,5.2E0);
#517=CARTESIAN_POINT('',(8.85E1,6.65E1,-3.25E1));
#518=LINE('',#517,#516);
#519=CARTESIAN_POINT('',(8.65E1,6.65E1,-3.25E1));
#520=DIRECTION('',(0.E0,1.E0,0.E0));
#521=DIRECTION('',(-1.E0,0.E0,2.131628207280E-14));
#522=AXIS2_PLACEMENT_3D('',#519,#520,#521);
#524=DIRECTION('',(0.E0,0.E0,1.E0));
#525=VECTOR('',#524,5.2E0);
#526=CARTESIAN_POINT('',(8.45E1,6.65E1,-3.77E1));
#527=LINE('',#526,#525);
#528=DIRECTION('',(-1.E0,0.E0,0.E0));
#529=VECTOR('',#528,1.9E1);
#530=CARTESIAN_POINT('',(8.45E1,6.65E1,-3.77E1));
#531=LINE('',#530,#529);
#532=DIRECTION('',(0.E0,0.E0,-1.E0));
#533=VECTOR('',#532,5.2E0);
#534=CARTESIAN_POINT('',(6.55E1,6.65E1,-3.25E1));
#535=LINE('',#534,#533);
#536=CARTESIAN_POINT('',(6.35E1,6.65E1,-3.25E1));
#537=DIRECTION('',(0.E0,1.E0,0.E0));
#538=DIRECTION('',(-1.E0,0.E0,0.E0));
#539=AXIS2_PLACEMENT_3D('',#536,#537,#538);
#541=DIRECTION('',(0.E0,0.E0,1.E0));
#542=VECTOR('',#541,5.2E0);
#543=CARTESIAN_POINT('',(6.15E1,6.65E1,-3.77E1));
#544=LINE('',#543,#542);
#545=DIRECTION('',(-1.E0,0.E0,0.E0));
#546=VECTOR('',#545,5.099999998970E1);
#547=CARTESIAN_POINT('',(6.15E1,6.65E1,-3.77E1));
#548=LINE('',#547,#546);
#549=DIRECTION('',(0.E0,0.E0,1.E0));
#550=VECTOR('',#549,1.2E1);
#551=CARTESIAN_POINT('',(1.050000001030E1,6.65E1,-3.77E1));
#552=LINE('',#551,#550);
#553=DIRECTION('',(-1.E0,0.E0,0.E0));
#554=VECTOR('',#553,3.650000001030E1);
#555=CARTESIAN_POINT('',(1.250000000103E2,6.65E1,-3.77E1));
#556=LINE('',#555,#554);
#557=DIRECTION('',(0.E0,0.E0,-1.E0));
#558=VECTOR('',#557,5.E0);
#559=CARTESIAN_POINT('',(1.400000001030E1,6.65E1,-1.97E1));
#560=LINE('',#559,#558);
#561=DIRECTION('',(1.E0,0.E0,0.E0));
#562=VECTOR('',#561,9.E0);
#563=CARTESIAN_POINT('',(1.400000001030E1,6.65E1,-2.47E1));
#564=LINE('',#563,#562);
#565=DIRECTION('',(0.E0,0.E0,1.E0));
#566=VECTOR('',#565,5.E0);
#567=CARTESIAN_POINT('',(2.300000001030E1,6.65E1,-2.47E1));
#568=LINE('',#567,#566);
#569=DIRECTION('',(-1.E0,0.E0,0.E0));
#570=VECTOR('',#569,9.E0);
#571=CARTESIAN_POINT('',(2.300000001030E1,6.65E1,-1.97E1));
#572=LINE('',#571,#570);
#573=CARTESIAN_POINT('',(1.149461384706E2,6.65E1,-1.37E1));
#574=DIRECTION('',(0.E0,-1.E0,0.E0));
#575=DIRECTION('',(-1.E0,0.E0,-1.587363129829E-9));
#576=AXIS2_PLACEMENT_3D('',#573,#574,#575);
#578=CARTESIAN_POINT('',(1.149461384706E2,6.65E1,-1.37E1));
#579=DIRECTION('',(0.E0,-1.E0,0.E0));
#580=DIRECTION('',(1.E0,0.E0,0.E0));
#581=AXIS2_PLACEMENT_3D('',#578,#579,#580);
#583=CARTESIAN_POINT('',(7.000000000005E0,6.65E1,-1.37E1));
#584=DIRECTION('',(0.E0,-1.E0,0.E0));
#585=DIRECTION('',(1.E0,0.E0,-2.473736770980E-9));
#586=AXIS2_PLACEMENT_3D('',#583,#584,#585);
#588=CARTESIAN_POINT('',(7.000000000005E0,6.65E1,-1.37E1));
#589=DIRECTION('',(0.E0,-1.E0,0.E0));
#590=DIRECTION('',(-1.E0,0.E0,0.E0));
#591=AXIS2_PLACEMENT_3D('',#588,#589,#590);
#593=DIRECTION('',(-1.E0,0.E0,0.E0));
#594=VECTOR('',#593,9.E0);
#595=CARTESIAN_POINT('',(1.225000000103E2,6.65E1,-1.97E1));
#596=LINE('',#595,#594);
#597=CARTESIAN_POINT('',(-5.049999998970E1,6.65E1,-1.37E1));
#598=DIRECTION('',(0.E0,1.E0,0.E0));
#599=DIRECTION('',(-1.E0,0.E0,0.E0));
#600=AXIS2_PLACEMENT_3D('',#597,#598,#599);
#602=CARTESIAN_POINT('',(-5.049999998970E1,6.65E1,-1.37E1));
#603=DIRECTION('',(0.E0,1.E0,0.E0));
#604=DIRECTION('',(1.E0,0.E0,0.E0));
#605=AXIS2_PLACEMENT_3D('',#602,#603,#604);
#607=DIRECTION('',(-1.E0,0.E0,0.E0));
#608=VECTOR('',#607,1.62E1);
#609=CARTESIAN_POINT('',(7.16E1,6.65E1,-2.73E1));
#610=LINE('',#609,#608);
#611=DIRECTION('',(0.E0,0.E0,-1.E0));
#612=VECTOR('',#611,7.08E0);
#613=CARTESIAN_POINT('',(7.16E1,6.65E1,-2.022E1));
#614=LINE('',#613,#612);
#615=DIRECTION('',(1.E0,0.E0,0.E0));
#616=VECTOR('',#615,1.62E1);
#617=CARTESIAN_POINT('',(5.54E1,6.65E1,-2.022E1));
#618=LINE('',#617,#616);
#619=DIRECTION('',(0.E0,0.E0,1.E0));
#620=VECTOR('',#619,7.08E0);
#621=CARTESIAN_POINT('',(5.54E1,6.65E1,-2.73E1));
#622=LINE('',#621,#620);
#623=DIRECTION('',(-1.E0,0.E0,0.E0));
#624=VECTOR('',#623,1.62E1);
#625=CARTESIAN_POINT('',(9.46E1,6.65E1,-2.73E1));
#626=LINE('',#625,#624);
#627=DIRECTION('',(0.E0,0.E0,-1.E0));
#628=VECTOR('',#627,7.08E0);
#629=CARTESIAN_POINT('',(9.46E1,6.65E1,-2.022E1));
#630=LINE('',#629,#628);
#631=DIRECTION('',(1.E0,0.E0,0.E0));
#632=VECTOR('',#631,1.62E1);
#633=CARTESIAN_POINT('',(7.84E1,6.65E1,-2.022E1));
#634=LINE('',#633,#632);
#635=DIRECTION('',(0.E0,0.E0,1.E0));
#636=VECTOR('',#635,7.08E0);
#637=CARTESIAN_POINT('',(7.84E1,6.65E1,-2.73E1));
#638=LINE('',#637,#636);
#639=DIRECTION('',(0.E0,1.E0,0.E0));
#640=VECTOR('',#639,2.5E0);
#641=CARTESIAN_POINT('',(8.45E1,6.65E1,-3.25E1));
#642=LINE('',#641,#640);
#643=DIRECTION('',(0.E0,0.E0,-1.E0));
#644=VECTOR('',#643,6.7E0);
#645=CARTESIAN_POINT('',(8.85E1,6.9E1,-3.25E1));
#646=LINE('',#645,#644);
#647=DIRECTION('',(1.E0,0.E0,0.E0));
#648=VECTOR('',#647,8.999999999996E0);
#649=CARTESIAN_POINT('',(8.85E1,6.9E1,-3.92E1));
#650=LINE('',#649,#648);
#651=DIRECTION('',(1.E0,0.E0,0.E0));
#652=VECTOR('',#651,7.300000000003E1);
#653=CARTESIAN_POINT('',(-6.499999998973E1,6.9E1,-2.82E1));
#654=LINE('',#653,#652);
#655=DIRECTION('',(0.E0,0.E0,1.E0));
#656=VECTOR('',#655,1.E0);
#657=CARTESIAN_POINT('',(5.25E1,6.9E1,-4.02E1));
#658=LINE('',#657,#656);
#659=DIRECTION('',(1.E0,0.E0,0.E0));
#660=VECTOR('',#659,9.000000000004E0);
#661=CARTESIAN_POINT('',(5.25E1,6.9E1,-3.92E1));
#662=LINE('',#661,#660);
#663=DIRECTION('',(0.E0,0.E0,1.E0));
#664=VECTOR('',#663,6.7E0);
#665=CARTESIAN_POINT('',(6.15E1,6.9E1,-3.92E1));
#666=LINE('',#665,#664);
#667=CARTESIAN_POINT('',(6.35E1,6.9E1,-3.25E1));
#668=DIRECTION('',(0.E0,1.E0,0.E0));
#669=DIRECTION('',(-1.E0,0.E0,0.E0));
#670=AXIS2_PLACEMENT_3D('',#667,#668,#669);
#672=DIRECTION('',(0.E0,0.E0,-1.E0));
#673=VECTOR('',#672,6.7E0);
#674=CARTESIAN_POINT('',(6.55E1,6.9E1,-3.25E1));
#675=LINE('',#674,#673);
#676=DIRECTION('',(1.E0,0.E0,0.E0));
#677=VECTOR('',#676,1.9E1);
#678=CARTESIAN_POINT('',(6.55E1,6.9E1,-3.92E1));
#679=LINE('',#678,#677);
#680=DIRECTION('',(0.E0,0.E0,1.E0));
#681=VECTOR('',#680,6.7E0);
#682=CARTESIAN_POINT('',(8.45E1,6.9E1,-3.92E1));
#683=LINE('',#682,#681);
#684=CARTESIAN_POINT('',(8.65E1,6.9E1,-3.25E1));
#685=DIRECTION('',(0.E0,1.E0,0.E0));
#686=DIRECTION('',(-1.E0,0.E0,0.E0));
#687=AXIS2_PLACEMENT_3D('',#684,#685,#686);
#689=CARTESIAN_POINT('',(1.149461384706E2,6.9E1,-1.37E1));
#690=DIRECTION('',(0.E0,1.E0,0.E0));
#691=DIRECTION('',(-1.E0,0.E0,-1.777417570282E-9));
#692=AXIS2_PLACEMENT_3D('',#689,#690,#691);
#694=CARTESIAN_POINT('',(1.149461384706E2,6.9E1,-1.37E1));
#695=DIRECTION('',(0.E0,1.E0,0.E0));
#696=DIRECTION('',(1.E0,0.E0,1.535378018701E-9));
#697=AXIS2_PLACEMENT_3D('',#694,#695,#696);
#699=DIRECTION('',(0.E0,0.E0,1.E0));
#700=VECTOR('',#699,5.E0);
#701=CARTESIAN_POINT('',(1.400000001030E1,6.9E1,-2.47E1));
#702=LINE('',#701,#700);
#703=DIRECTION('',(1.E0,0.E0,0.E0));
#704=VECTOR('',#703,9.E0);
#705=CARTESIAN_POINT('',(1.400000001030E1,6.9E1,-1.97E1));
#706=LINE('',#705,#704);
#707=DIRECTION('',(0.E0,0.E0,-1.E0));
#708=VECTOR('',#707,5.E0);
#709=CARTESIAN_POINT('',(2.300000001030E1,6.9E1,-1.97E1));
#710=LINE('',#709,#708);
#711=DIRECTION('',(-1.E0,0.E0,0.E0));
#712=VECTOR('',#711,9.E0);
#713=CARTESIAN_POINT('',(2.300000001030E1,6.9E1,-2.47E1));
#714=LINE('',#713,#712);
#715=CARTESIAN_POINT('',(7.000000000005E0,6.9E1,-1.37E1));
#716=DIRECTION('',(0.E0,1.E0,0.E0));
#717=DIRECTION('',(-1.E0,0.E0,3.669031764681E-9));
#718=AXIS2_PLACEMENT_3D('',#715,#716,#717);
#720=CARTESIAN_POINT('',(7.000000000005E0,6.9E1,-1.37E1));
#721=DIRECTION('',(0.E0,1.E0,0.E0));
#722=DIRECTION('',(1.E0,0.E0,-3.626348140326E-9));
#723=AXIS2_PLACEMENT_3D('',#720,#721,#722);
#725=DIRECTION('',(0.E0,0.E0,1.E0));
#726=VECTOR('',#725,1.2E1);
#727=CARTESIAN_POINT('',(3.55E1,6.9E1,-3.16E1));
#728=LINE('',#727,#726);
#729=DIRECTION('',(1.E0,0.E0,0.E0));
#730=VECTOR('',#729,1.3E1);
#731=CARTESIAN_POINT('',(3.55E1,6.9E1,-1.96E1));
#732=LINE('',#731,#730);
#733=DIRECTION('',(0.E0,0.E0,-1.E0));
#734=VECTOR('',#733,1.2E1);
#735=CARTESIAN_POINT('',(4.85E1,6.9E1,-1.96E1));
#736=LINE('',#735,#734);
#737=DIRECTION('',(-1.E0,0.E0,0.E0));
#738=VECTOR('',#737,1.3E1);
#739=CARTESIAN_POINT('',(4.85E1,6.9E1,-3.16E1));
#740=LINE('',#739,#738);
#741=CARTESIAN_POINT('',(-5.049999998970E1,6.9E1,-1.37E1));
#742=DIRECTION('',(0.E0,-1.E0,0.E0));
#743=DIRECTION('',(-1.E0,0.E0,2.159144833697E-10));
#744=AXIS2_PLACEMENT_3D('',#741,#742,#743);
#746=CARTESIAN_POINT('',(-5.049999998970E1,6.9E1,-1.37E1));
#747=DIRECTION('',(0.E0,-1.E0,0.E0));
#748=DIRECTION('',(1.E0,0.E0,-1.796426841423E-10));
#749=AXIS2_PLACEMENT_3D('',#746,#747,#748);
#751=DIRECTION('',(-1.E0,0.E0,0.E0));
#752=VECTOR('',#751,1.62E1);
#753=CARTESIAN_POINT('',(7.16E1,6.9E1,-2.73E1));
#754=LINE('',#753,#752);
#755=DIRECTION('',(0.E0,0.E0,1.E0));
#756=VECTOR('',#755,7.08E0);
#757=CARTESIAN_POINT('',(5.54E1,6.9E1,-2.73E1));
#758=LINE('',#757,#756);
#759=DIRECTION('',(1.E0,0.E0,0.E0));
#760=VECTOR('',#759,1.62E1);
#761=CARTESIAN_POINT('',(5.54E1,6.9E1,-2.022E1));
#762=LINE('',#761,#760);
#763=DIRECTION('',(0.E0,0.E0,-1.E0));
#764=VECTOR('',#763,7.08E0);
#765=CARTESIAN_POINT('',(7.16E1,6.9E1,-2.022E1));
#766=LINE('',#765,#764);
#767=DIRECTION('',(-1.E0,0.E0,0.E0));
#768=VECTOR('',#767,1.62E1);
#769=CARTESIAN_POINT('',(9.46E1,6.9E1,-2.73E1));
#770=LINE('',#769,#768);
#771=DIRECTION('',(0.E0,0.E0,1.E0));
#772=VECTOR('',#771,7.08E0);
#773=CARTESIAN_POINT('',(7.84E1,6.9E1,-2.73E1));
#774=LINE('',#773,#772);
#775=DIRECTION('',(1.E0,0.E0,0.E0));
#776=VECTOR('',#775,1.62E1);
#777=CARTESIAN_POINT('',(7.84E1,6.9E1,-2.022E1));
#778=LINE('',#777,#776);
#779=DIRECTION('',(0.E0,0.E0,-1.E0));
#780=VECTOR('',#779,7.08E0);
#781=CARTESIAN_POINT('',(9.46E1,6.9E1,-2.022E1));
#782=LINE('',#781,#780);
#783=DIRECTION('',(0.E0,0.E0,-1.E0));
#784=VECTOR('',#783,3.19E1);
#785=CARTESIAN_POINT('',(1.250000000103E2,6.9E1,-8.3E0));
#786=LINE('',#785,#784);
#787=DIRECTION('',(0.E0,0.E0,1.E0));
#788=VECTOR('',#787,3.19E1);
#789=CARTESIAN_POINT('',(1.300000000103E2,6.4E1,-4.02E1));
#790=LINE('',#789,#788);
#791=DIRECTION('',(1.E0,6.096959641677E-11,-2.031694248222E-11));
#792=VECTOR('',#791,1.139505056342E2);
#793=CARTESIAN_POINT('',(-9.195050563422E1,-6.869958446639E1,
-8.300000006946E0));
#794=LINE('',#793,#792);
#795=CARTESIAN_POINT('',(-9.195050505311E1,-6.519958448259E1,-8.3E0));
#796=DIRECTION('',(0.E0,0.E0,-1.E0));
#797=DIRECTION('',(0.E0,-1.E0,0.E0));
#798=AXIS2_PLACEMENT_3D('',#795,#796,#797);
#800=DIRECTION('',(-7.071067811862E-1,7.071067811869E-1,0.E0));
#801=VECTOR('',#800,2.128319984632E1);
#802=CARTESIAN_POINT('',(-9.548603895897E1,-6.873511838859E1,-8.3E0));
#803=LINE('',#802,#801);
#804=CARTESIAN_POINT('',(-1.069999999897E2,-5.015008954597E1,-8.3E0));
#805=DIRECTION('',(0.E0,0.E0,-1.E0));
#806=DIRECTION('',(-7.071067812032E-1,-7.071067811699E-1,0.E0));
#807=AXIS2_PLACEMENT_3D('',#804,#805,#806);
#809=DIRECTION('',(0.E0,1.E0,0.E0));
#810=VECTOR('',#809,6.345008954597E1);
#811=CARTESIAN_POINT('',(-1.119999999897E2,-5.015008954597E1,-8.3E0));
#812=LINE('',#811,#810);
#813=CARTESIAN_POINT('',(-1.069999999897E2,1.33E1,-8.3E0));
#814=DIRECTION('',(0.E0,0.E0,-1.E0));
#815=DIRECTION('',(-1.E0,0.E0,0.E0));
#816=AXIS2_PLACEMENT_3D('',#813,#814,#815);
#818=DIRECTION('',(1.E0,0.E0,0.E0));
#819=VECTOR('',#818,3.450000000007E1);
#820=CARTESIAN_POINT('',(-1.069999999898E2,1.83E1,-8.3E0));
#821=LINE('',#820,#819);
#822=CARTESIAN_POINT('',(-7.249999998973E1,2.08E1,-8.3E0));
#823=DIRECTION('',(0.E0,0.E0,1.E0));
#824=DIRECTION('',(0.E0,-1.E0,0.E0));
#825=AXIS2_PLACEMENT_3D('',#822,#823,#824);
#827=DIRECTION('',(0.E0,1.E0,0.E0));
#828=VECTOR('',#827,4.32E1);
#829=CARTESIAN_POINT('',(-6.999999998973E1,2.08E1,-8.3E0));
#830=LINE('',#829,#828);
#831=CARTESIAN_POINT('',(-6.499999998973E1,6.4E1,-8.3E0));
#832=DIRECTION('',(0.E0,0.E0,-1.E0));
#833=DIRECTION('',(-1.E0,0.E0,0.E0));
#834=AXIS2_PLACEMENT_3D('',#831,#832,#833);
#836=DIRECTION('',(1.E0,0.E0,0.E0));
#837=VECTOR('',#836,1.9E2);
#838=CARTESIAN_POINT('',(-6.499999998973E1,6.9E1,-8.3E0));
#839=LINE('',#838,#837);
#840=CARTESIAN_POINT('',(1.250000000103E2,6.4E1,-8.3E0));
#841=DIRECTION('',(0.E0,0.E0,-1.E0));
#842=DIRECTION('',(0.E0,1.E0,0.E0));
#843=AXIS2_PLACEMENT_3D('',#840,#841,#842);
#845=CARTESIAN_POINT('',(1.250000000103E2,-6.519958448259E1,-8.3E0));
#846=DIRECTION('',(0.E0,0.E0,-1.E0));
#847=DIRECTION('',(1.E0,0.E0,0.E0));
#848=AXIS2_PLACEMENT_3D('',#845,#846,#847);
#850=DIRECTION('',(1.E0,-6.640021860757E-12,2.213518255936E-12));
#851=VECTOR('',#850,2.000000001482E1);
#852=CARTESIAN_POINT('',(1.05E2,-6.869958448215E1,-8.300000000176E0));
#853=LINE('',#852,#851);
#854=CARTESIAN_POINT('',(1.250000000103E2,-6.519958448259E1,-8.3E0));
#855=DIRECTION('',(0.E0,0.E0,1.E0));
#856=DIRECTION('',(2.388938063242E-9,-1.E0,0.E0));
#857=AXIS2_PLACEMENT_3D('',#854,#855,#856);
#859=DIRECTION('',(0.E0,1.E0,0.E0));
#860=VECTOR('',#859,1.291995844882E2);
#861=CARTESIAN_POINT('',(1.285000000101E2,-6.519958448261E1,-8.300000000075E0));
#862=LINE('',#861,#860);
#863=CARTESIAN_POINT('',(1.250000000103E2,6.4E1,-8.3E0));
#864=DIRECTION('',(0.E0,0.E0,1.E0));
#865=DIRECTION('',(1.E0,1.330611049915E-9,0.E0));
#866=AXIS2_PLACEMENT_3D('',#863,#864,#865);
#868=DIRECTION('',(-1.E0,0.E0,0.E0));
#869=VECTOR('',#868,1.900000000065E2);
#870=CARTESIAN_POINT('',(1.250000000111E2,6.749999999982E1,-8.300000000077E0));
#871=LINE('',#870,#869);
#872=CARTESIAN_POINT('',(-6.499999998973E1,6.4E1,-8.3E0));
#873=DIRECTION('',(0.E0,0.E0,1.E0));
#874=DIRECTION('',(-1.384567635146E-9,1.E0,0.E0));
#875=AXIS2_PLACEMENT_3D('',#872,#873,#874);
#877=DIRECTION('',(0.E0,-1.E0,0.E0));
#878=VECTOR('',#877,4.320000000271E1);
#879=CARTESIAN_POINT('',(-6.849999999080E1,6.399999999358E1,-8.299999999540E0));
#880=LINE('',#879,#878);
#881=CARTESIAN_POINT('',(-7.249999998973E1,2.08E1,-8.3E0));
#882=DIRECTION('',(0.E0,0.E0,-1.E0));
#883=DIRECTION('',(1.E0,-8.714402532917E-9,0.E0));
#884=AXIS2_PLACEMENT_3D('',#881,#882,#883);
#886=DIRECTION('',(-1.E0,0.E0,0.E0));
#887=VECTOR('',#886,3.450000000607E1);
#888=CARTESIAN_POINT('',(-7.249999997695E1,1.680000000095E1,-8.299999999593E0));
#889=LINE('',#888,#887);
#890=CARTESIAN_POINT('',(-1.069999999897E2,1.33E1,-8.3E0));
#891=DIRECTION('',(0.E0,0.E0,1.E0));
#892=DIRECTION('',(7.316109369120E-9,1.E0,0.E0));
#893=AXIS2_PLACEMENT_3D('',#890,#891,#892);
#895=DIRECTION('',(-7.256596313422E-14,-1.E0,0.E0));
#896=VECTOR('',#895,6.345009049503E1);
#897=CARTESIAN_POINT('',(-1.104999999665E2,1.330000013395E1,-8.300000009952E0));
#898=LINE('',#897,#896);
#899=CARTESIAN_POINT('',(-1.069999999897E2,-5.015008954596E1,-8.3E0));
#900=DIRECTION('',(0.E0,0.E0,1.E0));
#901=DIRECTION('',(-1.E0,-2.160525797624E-7,0.E0));
#902=AXIS2_PLACEMENT_3D('',#899,#900,#901);
#904=DIRECTION('',(7.071067811902E-1,-7.071067811829E-1,0.E0));
#905=VECTOR('',#904,2.128319987840E1);
#906=CARTESIAN_POINT('',(-1.094748737322E2,-5.262496327141E1,
-8.300000000157E0));
#907=LINE('',#906,#905);
#908=CARTESIAN_POINT('',(-9.195050505311E1,-6.519958448259E1,-8.3E0));
#909=DIRECTION('',(0.E0,0.E0,1.E0));
#910=DIRECTION('',(-7.071067777682E-1,-7.071067846049E-1,0.E0));
#911=AXIS2_PLACEMENT_3D('',#908,#909,#910);
#913=DIRECTION('',(1.E0,0.E0,-2.031722318505E-11));
#914=VECTOR('',#913,1.139505050531E2);
#915=CARTESIAN_POINT('',(-9.195050505311E1,-7.019958448259E1,-8.3E0));
#916=LINE('',#915,#914);
#917=DIRECTION('',(0.E0,0.E0,1.E0));
#918=VECTOR('',#917,1.2E1);
#919=CARTESIAN_POINT('',(8.000000010300E0,-7.019958448259E1,-4.02E1));
#920=LINE('',#919,#918);
#921=DIRECTION('',(-1.E0,0.E0,0.E0));
#922=VECTOR('',#921,9.995050506341E1);
#923=CARTESIAN_POINT('',(8.000000010300E0,-7.019958448259E1,-2.82E1));
#924=LINE('',#923,#922);
#925=CARTESIAN_POINT('',(7.000000000005E0,-7.019958448259E1,-1.37E1));
#926=DIRECTION('',(0.E0,-1.E0,0.E0));
#927=DIRECTION('',(-1.E0,0.E0,1.535380047439E-9));
#928=AXIS2_PLACEMENT_3D('',#925,#926,#927);
#930=CARTESIAN_POINT('',(7.000000000005E0,-7.019958448259E1,-1.37E1));
#931=DIRECTION('',(0.E0,-1.E0,0.E0));
#932=DIRECTION('',(1.E0,0.E0,-1.777417570282E-9));
#933=AXIS2_PLACEMENT_3D('',#930,#931,#932);
#935=CARTESIAN_POINT('',(-4.999999999999E1,-7.019958448259E1,-1.37E1));
#936=DIRECTION('',(0.E0,-1.E0,0.E0));
#937=DIRECTION('',(-1.E0,0.E0,1.535380047439E-9));
#938=AXIS2_PLACEMENT_3D('',#935,#936,#937);
#940=CARTESIAN_POINT('',(-4.999999999999E1,-7.019958448259E1,-1.37E1));
#941=DIRECTION('',(0.E0,-1.E0,0.E0));
#942=DIRECTION('',(1.E0,0.E0,-1.777417570282E-9));
#943=AXIS2_PLACEMENT_3D('',#940,#941,#942);
#945=CARTESIAN_POINT('',(-8.199999999999E1,-7.019958448259E1,-1.37E1));
#946=DIRECTION('',(0.E0,-1.E0,0.E0));
#947=DIRECTION('',(-1.E0,0.E0,1.535380047439E-9));
#948=AXIS2_PLACEMENT_3D('',#945,#946,#947);
#950=CARTESIAN_POINT('',(-8.199999999999E1,-7.019958448259E1,-1.37E1));
#951=DIRECTION('',(0.E0,-1.E0,0.E0));
#952=DIRECTION('',(1.E0,0.E0,-1.777417570282E-9));
#953=AXIS2_PLACEMENT_3D('',#950,#951,#952);
#955=DIRECTION('',(0.E0,0.E0,-1.E0));
#956=VECTOR('',#955,5.E0);
#957=CARTESIAN_POINT('',(-7.9E1,-7.019958448259E1,-1.97E1));
#958=LINE('',#957,#956);
#959=DIRECTION('',(1.E0,0.E0,0.E0));
#960=VECTOR('',#959,9.E0);
#961=CARTESIAN_POINT('',(-7.9E1,-7.019958448259E1,-2.47E1));
#962=LINE('',#961,#960);
#963=DIRECTION('',(0.E0,0.E0,1.E0));
#964=VECTOR('',#963,5.E0);
#965=CARTESIAN_POINT('',(-7.E1,-7.019958448259E1,-2.47E1));
#966=LINE('',#965,#964);
#967=DIRECTION('',(-1.E0,0.E0,0.E0));
#968=VECTOR('',#967,9.E0);
#969=CARTESIAN_POINT('',(-7.E1,-7.019958448259E1,-1.97E1));
#970=LINE('',#969,#968);
#971=DIRECTION('',(0.E0,1.E0,0.E0));
#972=VECTOR('',#971,1.391995844826E2);
#973=CARTESIAN_POINT('',(8.000000010300E0,-7.019958448259E1,-4.02E1));
#974=LINE('',#973,#972);
#975=DIRECTION('',(0.E0,0.E0,1.E0));
#976=VECTOR('',#975,1.2E1);
#977=CARTESIAN_POINT('',(8.000000010300E0,6.9E1,-4.02E1));
#978=LINE('',#977,#976);
#979=CARTESIAN_POINT('',(-6.499999998973E1,6.4E1,-2.82E1));
#980=DIRECTION('',(0.E0,0.E0,1.E0));
#981=DIRECTION('',(0.E0,1.E0,0.E0));
#982=AXIS2_PLACEMENT_3D('',#979,#980,#981);
#984=CARTESIAN_POINT('',(-7.249999998973E1,2.08E1,-2.82E1));
#985=DIRECTION('',(0.E0,0.E0,-1.E0));
#986=DIRECTION('',(1.E0,0.E0,0.E0));
#987=AXIS2_PLACEMENT_3D('',#984,#985,#986);
#989=CARTESIAN_POINT('',(-1.069999999897E2,1.33E1,-2.82E1));
#990=DIRECTION('',(0.E0,0.E0,1.E0));
#991=DIRECTION('',(-6.000107077853E-11,1.E0,0.E0));
#992=AXIS2_PLACEMENT_3D('',#989,#990,#991);
#994=CARTESIAN_POINT('',(-1.069999999897E2,-5.015008954597E1,-2.82E1));
#995=DIRECTION('',(0.E0,0.E0,1.E0));
#996=DIRECTION('',(-1.E0,0.E0,0.E0));
#997=AXIS2_PLACEMENT_3D('',#994,#995,#996);
#999=DIRECTION('',(7.071067811862E-1,-7.071067811869E-1,0.E0));
#1000=VECTOR('',#999,2.128319984606E1);
#1001=CARTESIAN_POINT('',(-1.105355338956E2,-5.368562345198E1,-2.82E1));
#1002=LINE('',#1001,#1000);
#1003=CARTESIAN_POINT('',(-9.195050505311E1,-6.519958448259E1,-2.82E1));
#1004=DIRECTION('',(0.E0,0.E0,1.E0));
#1005=DIRECTION('',(-7.071067812095E-1,-7.071067811636E-1,0.E0));
#1006=AXIS2_PLACEMENT_3D('',#1003,#1004,#1005);
#1008=DIRECTION('',(0.E0,1.E0,0.E0));
#1009=VECTOR('',#1008,1.391995844826E2);
#1010=CARTESIAN_POINT('',(8.000000010300E0,-7.019958448259E1,-2.82E1));
#1011=LINE('',#1010,#1009);
#1012=CARTESIAN_POINT('',(-9.899999998970E1,-5.219958448259E1,-2.82E1));
#1013=DIRECTION('',(0.E0,0.E0,-1.E0));
#1014=DIRECTION('',(-1.E0,0.E0,0.E0));
#1015=AXIS2_PLACEMENT_3D('',#1012,#1013,#1014);
#1017=CARTESIAN_POINT('',(-9.899999998970E1,-5.219958448259E1,-2.82E1));
#1018=DIRECTION('',(0.E0,0.E0,-1.E0));
#1019=DIRECTION('',(1.E0,0.E0,0.E0));
#1020=AXIS2_PLACEMENT_3D('',#1017,#1018,#1019);
#1022=DIRECTION('',(0.E0,0.E0,-1.E0));
#1023=VECTOR('',#1022,1.99E1);
#1024=CARTESIAN_POINT('',(-6.999999998973E1,6.4E1,-8.3E0));
#1025=LINE('',#1024,#1023);
#1026=DIRECTION('',(0.E0,0.E0,1.E0));
#1027=VECTOR('',#1026,1.99E1);
#1028=CARTESIAN_POINT('',(-6.499999998973E1,6.9E1,-2.82E1));
#1029=LINE('',#1028,#1027);
#1030=DIRECTION('',(0.E0,1.E0,0.E0));
#1031=VECTOR('',#1030,4.32E1);
#1032=CARTESIAN_POINT('',(-6.999999998973E1,2.08E1,-2.82E1));
#1033=LINE('',#1032,#1031);
#1034=DIRECTION('',(0.E0,-1.E0,0.E0));
#1035=VECTOR('',#1034,9.E0);
#1036=CARTESIAN_POINT('',(-6.999999998973E1,6.2E1,-2.47E1));
#1037=LINE('',#1036,#1035);
#1038=DIRECTION('',(0.E0,0.E0,1.E0));
#1039=VECTOR('',#1038,5.E0);
#1040=CARTESIAN_POINT('',(-6.999999998973E1,5.3E1,-2.47E1));
#1041=LINE('',#1040,#1039);
#1042=DIRECTION('',(0.E0,1.E0,0.E0));
#1043=VECTOR('',#1042,9.E0);
#1044=CARTESIAN_POINT('',(-6.999999998973E1,5.3E1,-1.97E1));
#1045=LINE('',#1044,#1043);
#1046=DIRECTION('',(0.E0,0.E0,-1.E0));
#1047=VECTOR('',#1046,5.E0);
#1048=CARTESIAN_POINT('',(-6.999999998973E1,6.2E1,-1.97E1));
#1049=LINE('',#1048,#1047);
#1050=DIRECTION('',(0.E0,0.E0,-1.E0));
#1051=VECTOR('',#1050,1.99E1);
#1052=CARTESIAN_POINT('',(-7.249999998973E1,1.83E1,-8.3E0));
#1053=LINE('',#1052,#1051);
#1054=DIRECTION('',(0.E0,0.E0,1.E0));
#1055=VECTOR('',#1054,1.99E1);
#1056=CARTESIAN_POINT('',(-6.999999998973E1,2.08E1,-2.82E1));
#1057=LINE('',#1056,#1055);
#1058=DIRECTION('',(1.E0,0.E0,0.E0));
#1059=VECTOR('',#1058,3.450000000017E1);
#1060=CARTESIAN_POINT('',(-1.069999999899E2,1.83E1,-2.82E1));
#1061=LINE('',#1060,#1059);
#1062=CARTESIAN_POINT('',(-9.129999998973E1,1.83E1,-1.37E1));
#1063=DIRECTION('',(0.E0,-1.E0,0.E0));
#1064=DIRECTION('',(-1.E0,0.E0,2.159134690009E-10));
#1065=AXIS2_PLACEMENT_3D('',#1062,#1063,#1064);
#1067=CARTESIAN_POINT('',(-9.129999998973E1,1.83E1,-1.37E1));
#1068=DIRECTION('',(0.E0,-1.E0,0.E0));
#1069=DIRECTION('',(1.E0,0.E0,-1.796426841423E-10));
#1070=AXIS2_PLACEMENT_3D('',#1067,#1068,#1069);
#1072=DIRECTION('',(0.E0,0.E0,-1.E0));
#1073=VECTOR('',#1072,1.99E1);
#1074=CARTESIAN_POINT('',(-1.119999999897E2,1.33E1,-8.3E0));
#1075=LINE('',#1074,#1073);
#1076=DIRECTION('',(5.024501194782E-12,0.E0,1.E0));
#1077=VECTOR('',#1076,1.99E1);
#1078=CARTESIAN_POINT('',(-1.069999999899E2,1.83E1,-2.82E1));
#1079=LINE('',#1078,#1077);
#1080=DIRECTION('',(0.E0,1.E0,0.E0));
#1081=VECTOR('',#1080,6.345008954597E1);
#1082=CARTESIAN_POINT('',(-1.119999999897E2,-5.015008954597E1,-2.82E1));
#1083=LINE('',#1082,#1081);
#1084=CARTESIAN_POINT('',(-1.119999999897E2,-2.819999999999E1,-1.37E1));
#1085=DIRECTION('',(-1.E0,0.E0,0.E0));
#1086=DIRECTION('',(0.E0,-1.E0,-2.958472512845E-9));
#1087=AXIS2_PLACEMENT_3D('',#1084,#1085,#1086);
#1089=CARTESIAN_POINT('',(-1.119999999897E2,-2.819999999999E1,-1.37E1));
#1090=DIRECTION('',(-1.E0,0.E0,0.E0));
#1091=DIRECTION('',(0.E0,1.E0,3.139031172007E-9));
#1092=AXIS2_PLACEMENT_3D('',#1089,#1090,#1091);
#1094=CARTESIAN_POINT('',(-1.119999999897E2,3.800000000010E0,-1.37E1));
#1095=DIRECTION('',(-1.E0,0.E0,0.E0));
#1096=DIRECTION('',(0.E0,1.E0,-7.624538520206E-10));
#1097=AXIS2_PLACEMENT_3D('',#1094,#1095,#1096);
#1099=CARTESIAN_POINT('',(-1.119999999897E2,3.800000000010E0,-1.37E1));
#1100=DIRECTION('',(-1.E0,0.E0,0.E0));
#1101=DIRECTION('',(0.E0,-1.E0,7.728090358232E-10));
#1102=AXIS2_PLACEMENT_3D('',#1099,#1100,#1101);
#1104=DIRECTION('',(3.499155181130E-12,-3.916554406308E-12,-1.E0));
#1105=VECTOR('',#1104,1.99E1);
#1106=CARTESIAN_POINT('',(-1.105355338956E2,-5.368562345191E1,-8.3E0));
#1107=LINE('',#1106,#1105);
#1108=DIRECTION('',(0.E0,0.E0,1.E0));
#1109=VECTOR('',#1108,1.99E1);
#1110=CARTESIAN_POINT('',(-1.119999999897E2,-5.015008954597E1,-2.82E1));
#1111=LINE('',#1110,#1109);
#1112=DIRECTION('',(0.E0,0.E0,-1.E0));
#1113=VECTOR('',#1112,1.99E1);
#1114=CARTESIAN_POINT('',(-9.195050505311E1,-7.019958448259E1,-8.3E0));
#1115=LINE('',#1114,#1113);
#1116=DIRECTION('',(5.465109102283E-12,-5.048066933757E-12,1.E0));
#1117=VECTOR('',#1116,1.99E1);
#1118=CARTESIAN_POINT('',(-9.548603895907E1,-6.873511838849E1,-2.82E1));
#1119=LINE('',#1118,#1117);
#1120=DIRECTION('',(0.E0,1.E0,0.E0));
#1121=VECTOR('',#1120,9.E0);
#1122=CARTESIAN_POINT('',(-1.119999999897E2,-5.1E0,-2.47E1));
#1123=LINE('',#1122,#1121);
#1124=DIRECTION('',(0.E0,-1.E0,0.E0));
#1125=VECTOR('',#1124,9.E0);
#1126=CARTESIAN_POINT('',(-1.094999999897E2,3.9E0,-2.47E1));
#1127=LINE('',#1126,#1125);
#1128=DIRECTION('',(-1.E0,0.E0,0.E0));
#1129=VECTOR('',#1128,2.5E0);
#1130=CARTESIAN_POINT('',(-1.094999999897E2,-5.1E0,-2.47E1));
#1131=LINE('',#1130,#1129);
#1132=DIRECTION('',(0.E0,0.E0,1.E0));
#1133=VECTOR('',#1132,5.E0);
#1134=CARTESIAN_POINT('',(-1.119999999897E2,3.9E0,-2.47E1));
#1135=LINE('',#1134,#1133);
#1136=DIRECTION('',(0.E0,0.E0,-1.E0));
#1137=VECTOR('',#1136,5.E0);
#1138=CARTESIAN_POINT('',(-1.094999999897E2,3.9E0,-1.97E1));
#1139=LINE('',#1138,#1137);
#1140=DIRECTION('',(-1.E0,0.E0,0.E0));
#1141=VECTOR('',#1140,2.5E0);
#1142=CARTESIAN_POINT('',(-1.094999999897E2,3.9E0,-2.47E1));
#1143=LINE('',#1142,#1141);
#1144=DIRECTION('',(0.E0,-1.E0,0.E0));
#1145=VECTOR('',#1144,9.E0);
#1146=CARTESIAN_POINT('',(-1.119999999897E2,3.9E0,-1.97E1));
#1147=LINE('',#1146,#1145);
#1148=DIRECTION('',(-1.E0,0.E0,0.E0));
#1149=VECTOR('',#1148,2.5E0);
#1150=CARTESIAN_POINT('',(-1.094999999897E2,3.9E0,-1.97E1));
#1151=LINE('',#1150,#1149);
#1152=DIRECTION('',(0.E0,0.E0,-1.E0));
#1153=VECTOR('',#1152,5.E0);
#1154=CARTESIAN_POINT('',(-1.119999999897E2,-5.1E0,-1.97E1));
#1155=LINE('',#1154,#1153);
#1156=DIRECTION('',(0.E0,0.E0,1.E0));
#1157=VECTOR('',#1156,5.E0);
#1158=CARTESIAN_POINT('',(-1.094999999897E2,-5.1E0,-2.47E1));
#1159=LINE('',#1158,#1157);
#1160=DIRECTION('',(-1.E0,0.E0,0.E0));
#1161=VECTOR('',#1160,2.5E0);
#1162=CARTESIAN_POINT('',(-1.094999999897E2,-5.1E0,-1.97E1));
#1163=LINE('',#1162,#1161);
#1164=DIRECTION('',(0.E0,-1.E0,0.E0));
#1165=VECTOR('',#1164,9.E0);
#1166=CARTESIAN_POINT('',(-1.094999999897E2,3.9E0,-1.97E1));
#1167=LINE('',#1166,#1165);
#1168=CARTESIAN_POINT('',(-1.094999999897E2,-2.819999999999E1,-1.37E1));
#1169=DIRECTION('',(1.E0,0.E0,0.E0));
#1170=DIRECTION('',(0.E0,1.E0,2.152225953012E-9));
#1171=AXIS2_PLACEMENT_3D('',#1168,#1169,#1170);
#1173=CARTESIAN_POINT('',(-1.094999999897E2,-2.819999999999E1,-1.37E1));
#1174=DIRECTION('',(1.E0,0.E0,0.E0));
#1175=DIRECTION('',(0.E0,-1.E0,0.E0));
#1176=AXIS2_PLACEMENT_3D('',#1173,#1174,#1175);
#1178=CARTESIAN_POINT('',(-1.094999999897E2,3.800000000010E0,-1.37E1));
#1179=DIRECTION('',(1.E0,0.E0,0.E0));
#1180=DIRECTION('',(0.E0,1.E0,-5.201847841363E-10));
#1181=AXIS2_PLACEMENT_3D('',#1178,#1179,#1180);
#1183=CARTESIAN_POINT('',(-1.094999999897E2,3.800000000010E0,-1.37E1));
#1184=DIRECTION('',(1.E0,0.E0,0.E0));
#1185=DIRECTION('',(0.E0,-1.E0,0.E0));
#1186=AXIS2_PLACEMENT_3D('',#1183,#1184,#1185);
#1188=DIRECTION('',(0.E0,-1.E0,1.534187812212E-14));
#1189=VECTOR('',#1188,6.345009002438E1);
#1190=CARTESIAN_POINT('',(-1.094999999867E2,1.330000002895E1,
-9.300000007003E0));
#1191=LINE('',#1190,#1189);
#1192=CARTESIAN_POINT('',(-1.069999999897E2,-5.015008954596E1,
-9.299999999998E0));
#1193=DIRECTION('',(0.E0,0.E0,1.E0));
#1194=DIRECTION('',(-1.E0,-3.998934516854E-12,0.E0));
#1195=AXIS2_PLACEMENT_3D('',#1192,#1193,#1194);
#1197=DIRECTION('',(-5.000000029730E-1,-4.999999969279E-1,7.071067812567E-1));
#1198=VECTOR('',#1197,1.414213562170E0);
#1199=CARTESIAN_POINT('',(-1.087677669469E2,-5.191785649467E1,
-9.300000000113E0));
#1200=LINE('',#1199,#1198);
#1201=DIRECTION('',(7.071067750827E-1,2.585545741727E-7,-7.071067872903E-1));
#1202=VECTOR('',#1201,1.414213545993E0);
#1203=CARTESIAN_POINT('',(-1.104999999665E2,-5.015009036109E1,
-8.300000009952E0));
#1204=LINE('',#1203,#1202);
#1205=DIRECTION('',(-1.829491572568E-10,1.991784905881E-8,-1.E0));
#1206=VECTOR('',#1205,1.639999999300E1);
#1207=CARTESIAN_POINT('',(-1.094999999867E2,-5.015008999544E1,
-9.300000007002E0));
#1208=LINE('',#1207,#1206);
#1209=DIRECTION('',(-1.673458120056E-10,1.717650412159E-10,1.E0));
#1210=VECTOR('',#1209,1.639999999989E1);
#1211=CARTESIAN_POINT('',(-1.087677669442E2,-5.191785649749E1,-2.57E1));
#1212=LINE('',#1211,#1210);
#1213=CARTESIAN_POINT('',(-1.069999999897E2,1.33E1,-9.3E0));
#1214=DIRECTION('',(0.E0,0.E0,1.E0));
#1215=DIRECTION('',(-1.444948338758E-9,1.E0,0.E0));
#1216=AXIS2_PLACEMENT_3D('',#1213,#1214,#1215);
#1218=DIRECTION('',(-7.071067750810E-1,7.424697895259E-8,7.071067872921E-1));
#1219=VECTOR('',#1218,1.414213545991E0);
#1220=CARTESIAN_POINT('',(-1.094999999867E2,1.330000002895E1,
-9.300000007003E0));
#1221=LINE('',#1220,#1219);
#1222=DIRECTION('',(-6.830620667558E-9,-7.071067814869E-1,-7.071067808862E-1));
#1223=VECTOR('',#1222,1.414213562792E0);
#1224=CARTESIAN_POINT('',(-1.069999999830E2,1.680000000095E1,
-8.299999999593E0));
#1225=LINE('',#1224,#1223);
#1226=DIRECTION('',(3.514413692197E-11,-1.398631887767E-11,-1.E0));
#1227=VECTOR('',#1226,1.640000000054E1);
#1228=CARTESIAN_POINT('',(-1.069999999927E2,1.580000000023E1,
-9.299999999464E0));
#1229=LINE('',#1228,#1227);
#1230=DIRECTION('',(1.829803518159E-10,1.754024785245E-9,1.E0));
#1231=VECTOR('',#1230,1.639999999300E1);
#1232=CARTESIAN_POINT('',(-1.094999999897E2,1.330000000018E1,-2.57E1));
#1233=LINE('',#1232,#1231);
#1234=CARTESIAN_POINT('',(-9.129999998973E1,1.58E1,-1.37E1));
#1235=DIRECTION('',(0.E0,1.E0,0.E0));
#1236=DIRECTION('',(-1.E0,0.E0,0.E0));
#1237=AXIS2_PLACEMENT_3D('',#1234,#1235,#1236);
#1239=CARTESIAN_POINT('',(-9.129999998973E1,1.58E1,-1.37E1));
#1240=DIRECTION('',(0.E0,1.E0,0.E0));
#1241=DIRECTION('',(1.E0,0.E0,0.E0));
#1242=AXIS2_PLACEMENT_3D('',#1239,#1240,#1241);
#1244=DIRECTION('',(-1.E0,0.E0,0.E0));
#1245=VECTOR('',#1244,3.450000000472E1);
#1246=CARTESIAN_POINT('',(-7.249999998797E1,1.580000000023E1,
-9.299999999464E0));
#1247=LINE('',#1246,#1245);
#1248=CARTESIAN_POINT('',(-7.249999998973E1,2.08E1,-9.3E0));
#1249=DIRECTION('',(0.E0,0.E0,-1.E0));
#1250=DIRECTION('',(1.E0,0.E0,0.E0));
#1251=AXIS2_PLACEMENT_3D('',#1248,#1249,#1250);
#1253=DIRECTION('',(7.788884520954E-9,7.071067814869E-1,7.071067808862E-1));
#1254=VECTOR('',#1253,1.414213562792E0);
#1255=CARTESIAN_POINT('',(-7.249999998797E1,1.580000000023E1,
-9.299999999464E0));
#1256=LINE('',#1255,#1254);
#1257=DIRECTION('',(7.071067815190E-1,8.627826371285E-9,-7.071067808541E-1));
#1258=VECTOR('',#1257,1.414213562880E0);
#1259=CARTESIAN_POINT('',(-6.849999999080E1,2.079999999087E1,
-8.299999999540E0));
#1260=LINE('',#1259,#1258);
#1261=DIRECTION('',(1.492486351257E-11,-1.072830713118E-10,-1.E0));
#1262=VECTOR('',#1261,1.640000000057E1);
#1263=CARTESIAN_POINT('',(-6.749999998997E1,2.080000000307E1,
-9.299999999428E0));
#1264=LINE('',#1263,#1262);
#1265=DIRECTION('',(5.977397438610E-11,1.398642719211E-11,1.E0));
#1266=VECTOR('',#1265,1.640000000054E1);
#1267=CARTESIAN_POINT('',(-7.249999998895E1,1.58E1,-2.57E1));
#1268=LINE('',#1267,#1266);
#1269=DIRECTION('',(0.E0,1.E0,0.E0));
#1270=VECTOR('',#1269,9.E0);
#1271=CARTESIAN_POINT('',(-6.749999998973E1,5.3E1,-2.47E1));
#1272=LINE('',#1271,#1270);
#1273=DIRECTION('',(0.E0,0.E0,1.E0));
#1274=VECTOR('',#1273,5.E0);
#1275=CARTESIAN_POINT('',(-6.749999998973E1,6.2E1,-2.47E1));
#1276=LINE('',#1275,#1274);
#1277=DIRECTION('',(0.E0,-1.E0,0.E0));
#1278=VECTOR('',#1277,9.E0);
#1279=CARTESIAN_POINT('',(-6.749999998973E1,6.2E1,-1.97E1));
#1280=LINE('',#1279,#1278);
#1281=DIRECTION('',(0.E0,0.E0,-1.E0));
#1282=VECTOR('',#1281,5.E0);
#1283=CARTESIAN_POINT('',(-6.749999998973E1,5.3E1,-1.97E1));
#1284=LINE('',#1283,#1282);
#1285=DIRECTION('',(0.E0,-1.E0,0.E0));
#1286=VECTOR('',#1285,4.319999999605E1);
#1287=CARTESIAN_POINT('',(-6.749999998997E1,6.399999999912E1,
-9.299999999428E0));
#1288=LINE('',#1287,#1286);
#1289=CARTESIAN_POINT('',(-6.499999998973E1,6.4E1,-9.3E0));
#1290=DIRECTION('',(0.E0,0.E0,1.E0));
#1291=DIRECTION('',(-1.454117182220E-9,1.E0,0.E0));
#1292=AXIS2_PLACEMENT_3D('',#1289,#1290,#1291);
#1294=DIRECTION('',(-7.071067815190E-1,-3.918654342013E-9,7.071067808541E-1));
#1295=VECTOR('',#1294,1.414213562880E0);
#1296=CARTESIAN_POINT('',(-6.749999998997E1,6.399999999912E1,
-9.299999999428E0));
#1297=LINE('',#1296,#1295);
#1298=DIRECTION('',(9.070863760529E-10,-7.071067811392E-1,-7.071067812339E-1));
#1299=VECTOR('',#1298,1.414213562245E0);
#1300=CARTESIAN_POINT('',(-6.499999999541E1,6.749999999982E1,
-8.300000000077E0));
#1301=LINE('',#1300,#1299);
#1302=DIRECTION('',(1.202974847112E-10,1.387291365800E-12,-1.E0));
#1303=VECTOR('',#1302,1.639999999995E1);
#1304=CARTESIAN_POINT('',(-6.499999999413E1,6.649999999998E1,
-9.300000000053E0));
#1305=LINE('',#1304,#1303);
#1306=DIRECTION('',(-1.492486351257E-11,-6.464162538352E-11,1.E0));
#1307=VECTOR('',#1306,1.640000000057E1);
#1308=CARTESIAN_POINT('',(-6.749999998973E1,6.400000000018E1,-2.57E1));
#1309=LINE('',#1308,#1307);
#1310=DIRECTION('',(-1.E0,0.E0,0.E0));
#1311=VECTOR('',#1310,1.900000000058E2);
#1312=CARTESIAN_POINT('',(1.250000000117E2,6.649999999998E1,-9.300000000053E0));
#1313=LINE('',#1312,#1311);
#1314=CARTESIAN_POINT('',(1.250000000103E2,6.4E1,-9.3E0));
#1315=DIRECTION('',(0.E0,0.E0,1.E0));
#1316=DIRECTION('',(1.E0,1.454117182220E-9,0.E0));
#1317=AXIS2_PLACEMENT_3D('',#1314,#1315,#1316);
#1319=DIRECTION('',(-3.842280022281E-10,7.071067811392E-1,7.071067812339E-1));
#1320=VECTOR('',#1319,1.414213562245E0);
#1321=CARTESIAN_POINT('',(1.250000000117E2,6.649999999998E1,-9.300000000053E0));
#1322=LINE('',#1321,#1320);
#1323=DIRECTION('',(-7.071067811400E-1,-8.571750208891E-10,-7.071067812331E-1));
#1324=VECTOR('',#1323,1.414213562259E0);
#1325=CARTESIAN_POINT('',(1.285000000101E2,6.400000000560E1,-8.300000000075E0));
#1326=LINE('',#1325,#1324);
#1327=DIRECTION('',(9.987628877325E-13,-1.543368875583E-10,-1.E0));
#1328=VECTOR('',#1327,2.839999999994E1);
#1329=CARTESIAN_POINT('',(1.275000000103E2,6.400000000438E1,-9.300000000060E0));
#1330=LINE('',#1329,#1328);
#1331=DIRECTION('',(4.758034342119E-11,-8.011119154606E-13,1.E0));
#1332=VECTOR('',#1331,2.839999999995E1);
#1333=CARTESIAN_POINT('',(1.250000000103E2,6.65E1,-3.77E1));
#1334=LINE('',#1333,#1332);
#1335=DIRECTION('',(0.E0,1.E0,0.E0));
#1336=VECTOR('',#1335,1.291995844826E2);
#1337=CARTESIAN_POINT('',(1.275000000103E2,-6.519958448259E1,-3.77E1));
#1338=LINE('',#1337,#1336);
#1339=CARTESIAN_POINT('',(1.275000000103E2,-5.000000000001E1,-1.37E1));
#1340=DIRECTION('',(-1.E0,0.E0,0.E0));
#1341=DIRECTION('',(0.E0,1.E0,-1.587363129829E-9));
#1342=AXIS2_PLACEMENT_3D('',#1339,#1340,#1341);
#1344=CARTESIAN_POINT('',(1.275000000103E2,-5.000000000001E1,-1.37E1));
#1345=DIRECTION('',(-1.E0,0.E0,0.E0));
#1346=DIRECTION('',(0.E0,-1.E0,0.E0));
#1347=AXIS2_PLACEMENT_3D('',#1344,#1345,#1346);
#1349=CARTESIAN_POINT('',(1.275000000103E2,-6.295408638834E-12,-1.37E1));
#1350=DIRECTION('',(-1.E0,0.E0,0.E0));
#1351=DIRECTION('',(0.E0,1.E0,-1.587363129829E-9));
#1352=AXIS2_PLACEMENT_3D('',#1349,#1350,#1351);
#1354=CARTESIAN_POINT('',(1.275000000103E2,-6.295408638834E-12,-1.37E1));
#1355=DIRECTION('',(-1.E0,0.E0,0.E0));
#1356=DIRECTION('',(0.E0,-1.E0,0.E0));
#1357=AXIS2_PLACEMENT_3D('',#1354,#1355,#1356);
#1359=CARTESIAN_POINT('',(1.275000000103E2,4.999999999999E1,-1.37E1));
#1360=DIRECTION('',(-1.E0,0.E0,0.E0));
#1361=DIRECTION('',(0.E0,1.E0,-1.587363129829E-9));
#1362=AXIS2_PLACEMENT_3D('',#1359,#1360,#1361);
#1364=CARTESIAN_POINT('',(1.275000000103E2,4.999999999999E1,-1.37E1));
#1365=DIRECTION('',(-1.E0,0.E0,0.E0));
#1366=DIRECTION('',(0.E0,-1.E0,0.E0));
#1367=AXIS2_PLACEMENT_3D('',#1364,#1365,#1366);
#1369=DIRECTION('',(0.E0,1.E0,0.E0));
#1370=VECTOR('',#1369,9.E0);
#1371=CARTESIAN_POINT('',(1.275000000103E2,-5.1E0,-1.97E1));
#1372=LINE('',#1371,#1370);
#1373=DIRECTION('',(0.E0,1.E0,0.E0));
#1374=VECTOR('',#1373,1.291995844883E2);
#1375=CARTESIAN_POINT('',(1.275000000103E2,-6.519958448395E1,
-9.300000000060E0));
#1376=LINE('',#1375,#1374);
#1377=CARTESIAN_POINT('',(1.250000000103E2,-6.519958448259E1,-9.3E0));
#1378=DIRECTION('',(0.E0,0.E0,1.E0));
#1379=DIRECTION('',(1.504793090135E-9,-1.E0,0.E0));
#1380=AXIS2_PLACEMENT_3D('',#1377,#1378,#1379);
#1382=DIRECTION('',(7.071067811400E-1,9.495919190886E-10,7.071067812331E-1));
#1383=VECTOR('',#1382,1.414213562259E0);
#1384=CARTESIAN_POINT('',(1.275000000103E2,-6.519958448395E1,
-9.300000000060E0));
#1385=LINE('',#1384,#1383);
#1386=DIRECTION('',(-9.477429783057E-10,7.071067811130E-1,-7.071067812601E-1));
#1387=VECTOR('',#1386,1.414213562115E0);
#1388=CARTESIAN_POINT('',(1.250000000148E2,-6.869958448228E1,
-8.300000000132E0));
#1389=LINE('',#1388,#1387);
#1390=DIRECTION('',(-1.121006261216E-10,-8.216275860002E-13,-1.E0));
#1391=VECTOR('',#1390,2.839999999995E1);
#1392=CARTESIAN_POINT('',(1.250000000135E2,-6.769958448257E1,
-9.300000000053E0));
#1393=LINE('',#1392,#1391);
#1394=DIRECTION('',(-9.992632699408E-13,-4.801017173811E-11,1.E0));
#1395=VECTOR('',#1394,2.839999999994E1);
#1396=CARTESIAN_POINT('',(1.275000000103E2,-6.519958448259E1,-3.77E1));
#1397=LINE('',#1396,#1395);
#1398=DIRECTION('',(0.E0,-1.518660002141E-12,-1.E0));
#1399=VECTOR('',#1398,2.839999999989E1);
#1400=CARTESIAN_POINT('',(1.05E2,-6.769958448255E1,-9.300000000107E0));
#1401=LINE('',#1400,#1399);
#1402=CARTESIAN_POINT('',(1.165000000103E2,-6.769958448259E1,-1.37E1));
#1403=DIRECTION('',(0.E0,1.E0,0.E0));
#1404=DIRECTION('',(1.E0,0.E0,-1.587363129829E-9));
#1405=AXIS2_PLACEMENT_3D('',#1402,#1403,#1404);
#1407=CARTESIAN_POINT('',(1.165000000103E2,-6.769958448259E1,-1.37E1));
#1408=DIRECTION('',(0.E0,1.E0,0.E0));
#1409=DIRECTION('',(-1.E0,0.E0,0.E0));
#1410=AXIS2_PLACEMENT_3D('',#1407,#1408,#1409);
#1412=DIRECTION('',(1.E0,0.E0,0.E0));
#1413=VECTOR('',#1412,9.E0);
#1414=CARTESIAN_POINT('',(1.135000000103E2,-6.769958448259E1,-1.97E1));
#1415=LINE('',#1414,#1413);
#1416=DIRECTION('',(1.E0,-9.897860302465E-13,2.688071985410E-12));
#1417=VECTOR('',#1416,2.000000001348E1);
#1418=CARTESIAN_POINT('',(1.05E2,-6.769958448255E1,-9.300000000107E0));
#1419=LINE('',#1418,#1417);
#1420=DIRECTION('',(0.E0,-7.071067810697E-1,7.071067813034E-1));
#1421=VECTOR('',#1420,1.414213562042E0);
#1422=CARTESIAN_POINT('',(1.05E2,-6.769958448255E1,-9.300000000107E0));
#1423=LINE('',#1422,#1421);
#1424=DIRECTION('',(0.E0,-1.E0,8.800071779791E-11));
#1425=VECTOR('',#1424,1.500000000443E0);
#1426=CARTESIAN_POINT('',(1.05E2,-6.869958448215E1,-8.300000000176E0));
#1427=LINE('',#1426,#1425);
#1428=DIRECTION('',(0.E0,-1.E0,0.E0));
#1429=VECTOR('',#1428,9.301060398060E0);
#1430=CARTESIAN_POINT('',(1.05E2,-5.839852408453E1,-3.77E1));
#1431=LINE('',#1430,#1429);
#1432=DIRECTION('',(1.E0,0.E0,2.213340620753E-12));
#1433=VECTOR('',#1432,2.000000001030E1);
#1434=CARTESIAN_POINT('',(1.05E2,-7.019958448259E1,-8.300000000044E0));
#1435=LINE('',#1434,#1433);
#1436=DIRECTION('',(0.E0,0.E0,1.E0));
#1437=VECTOR('',#1436,3.189999999996E1);
#1438=CARTESIAN_POINT('',(1.05E2,-7.019958448259E1,-4.02E1));
#1439=LINE('',#1438,#1437);
#1440=CARTESIAN_POINT('',(1.165000000103E2,-7.019958448259E1,-1.37E1));
#1441=DIRECTION('',(0.E0,-1.E0,0.E0));
#1442=DIRECTION('',(-1.E0,0.E0,1.535388162389E-9));
#1443=AXIS2_PLACEMENT_3D('',#1440,#1441,#1442);
#1445=CARTESIAN_POINT('',(1.165000000103E2,-7.019958448259E1,-1.37E1));
#1446=DIRECTION('',(0.E0,-1.E0,0.E0));
#1447=DIRECTION('',(1.E0,0.E0,-1.777426192416E-9));
#1448=AXIS2_PLACEMENT_3D('',#1445,#1446,#1447);
#1450=DIRECTION('',(0.E0,0.E0,-1.E0));
#1451=VECTOR('',#1450,3.19E1);
#1452=CARTESIAN_POINT('',(1.300000000103E2,-6.519958448259E1,-8.3E0));
#1453=LINE('',#1452,#1451);
#1454=DIRECTION('',(0.E0,0.E0,1.E0));
#1455=VECTOR('',#1454,3.19E1);
#1456=CARTESIAN_POINT('',(1.250000000103E2,-7.019958448259E1,-4.02E1));
#1457=LINE('',#1456,#1455);
#1458=DIRECTION('',(0.E0,1.E0,0.E0));
#1459=VECTOR('',#1458,1.291995844826E2);
#1460=CARTESIAN_POINT('',(1.300000000103E2,-6.519958448259E1,-8.3E0));
#1461=LINE('',#1460,#1459);
#1462=DIRECTION('',(0.E0,-1.E0,0.E0));
#1463=VECTOR('',#1462,1.291995844826E2);
#1464=CARTESIAN_POINT('',(1.300000000103E2,6.4E1,-4.02E1));
#1465=LINE('',#1464,#1463);
#1466=CARTESIAN_POINT('',(1.300000000103E2,-5.000000000001E1,-1.37E1));
#1467=DIRECTION('',(1.E0,0.E0,0.E0));
#1468=DIRECTION('',(0.E0,1.E0,-1.777486547367E-9));
#1469=AXIS2_PLACEMENT_3D('',#1466,#1467,#1468);
#1471=CARTESIAN_POINT('',(1.300000000103E2,-5.000000000001E1,-1.37E1));
#1472=DIRECTION('',(1.E0,0.E0,0.E0));
#1473=DIRECTION('',(0.E0,-1.E0,1.535449531707E-9));
#1474=AXIS2_PLACEMENT_3D('',#1471,#1472,#1473);
#1476=CARTESIAN_POINT('',(1.300000000103E2,-6.295408638834E-12,-1.37E1));
#1477=DIRECTION('',(1.E0,0.E0,0.E0));
#1478=DIRECTION('',(0.E0,1.E0,-1.777487561735E-9));
#1479=AXIS2_PLACEMENT_3D('',#1476,#1477,#1478);
#1481=CARTESIAN_POINT('',(1.300000000103E2,-6.295408638834E-12,-1.37E1));
#1482=DIRECTION('',(1.E0,0.E0,0.E0));
#1483=DIRECTION('',(0.E0,-1.E0,1.535449531707E-9));
#1484=AXIS2_PLACEMENT_3D('',#1481,#1482,#1483);
#1486=CARTESIAN_POINT('',(1.300000000103E2,4.999999999999E1,-1.37E1));
#1487=DIRECTION('',(1.E0,0.E0,0.E0));
#1488=DIRECTION('',(0.E0,-1.E0,1.535449531707E-9));
#1489=AXIS2_PLACEMENT_3D('',#1486,#1487,#1488);
#1491=CARTESIAN_POINT('',(1.300000000103E2,4.999999999999E1,-1.37E1));
#1492=DIRECTION('',(1.E0,0.E0,0.E0));
#1493=DIRECTION('',(0.E0,1.E0,-1.777486547367E-9));
#1494=AXIS2_PLACEMENT_3D('',#1491,#1492,#1493);
#1496=DIRECTION('',(5.547001962252E-1,-8.320502943378E-1,2.978291333345E-9));
#1497=VECTOR('',#1496,1.805646364757E0);
#1498=CARTESIAN_POINT('',(1.289984076175E2,-5.200000000001E1,-1.37E1));
#1499=LINE('',#1498,#1497);
#1500=DIRECTION('',(5.547001962252E-1,8.320502943378E-1,-1.689546844451E-9));
#1501=VECTOR('',#1500,1.805646364757E0);
#1502=CARTESIAN_POINT('',(1.289984076175E2,-4.800000000001E1,
-1.370000000317E1));
#1503=LINE('',#1502,#1501);
#1504=CARTESIAN_POINT('',(1.289984076175E2,-5.000000000001E1,-1.37E1));
#1505=DIRECTION('',(-1.E0,0.E0,0.E0));
#1506=DIRECTION('',(0.E0,1.E0,-1.587363129829E-9));
#1507=AXIS2_PLACEMENT_3D('',#1504,#1505,#1506);
#1509=DIRECTION('',(-1.E0,0.E0,0.E0));
#1510=VECTOR('',#1509,1.498407607156E0);
#1511=CARTESIAN_POINT('',(1.289984076175E2,-5.200000000001E1,-1.37E1));
#1512=LINE('',#1511,#1510);
#1513=CARTESIAN_POINT('',(1.289984076175E2,-5.000000000001E1,-1.37E1));
#1514=DIRECTION('',(-1.E0,0.E0,0.E0));
#1515=DIRECTION('',(0.E0,-1.E0,0.E0));
#1516=AXIS2_PLACEMENT_3D('',#1513,#1514,#1515);
#1518=DIRECTION('',(-1.E0,0.E0,0.E0));
#1519=VECTOR('',#1518,1.498407607156E0);
#1520=CARTESIAN_POINT('',(1.289984076175E2,-4.800000000001E1,
-1.370000000317E1));
#1521=LINE('',#1520,#1519);
#1522=DIRECTION('',(5.547001962252E-1,-8.320502943378E-1,2.978291333345E-9));
#1523=VECTOR('',#1522,1.805646364757E0);
#1524=CARTESIAN_POINT('',(1.289984076175E2,-2.000000000006E0,-1.37E1));
#1525=LINE('',#1524,#1523);
#1526=DIRECTION('',(5.547001962252E-1,8.320502943378E-1,-1.689548812009E-9));
#1527=VECTOR('',#1526,1.805646364757E0);
#1528=CARTESIAN_POINT('',(1.289984076175E2,1.999999999994E0,-1.370000000317E1));
#1529=LINE('',#1528,#1527);
#1530=CARTESIAN_POINT('',(1.289984076175E2,-6.295408638834E-12,-1.37E1));
#1531=DIRECTION('',(-1.E0,0.E0,0.E0));
#1532=DIRECTION('',(0.E0,1.E0,-1.587363129829E-9));
#1533=AXIS2_PLACEMENT_3D('',#1530,#1531,#1532);
#1535=DIRECTION('',(-1.E0,0.E0,0.E0));
#1536=VECTOR('',#1535,1.498407607156E0);
#1537=CARTESIAN_POINT('',(1.289984076175E2,-2.000000000006E0,-1.37E1));
#1538=LINE('',#1537,#1536);
#1539=CARTESIAN_POINT('',(1.289984076175E2,-6.295408638834E-12,-1.37E1));
#1540=DIRECTION('',(-1.E0,0.E0,0.E0));
#1541=DIRECTION('',(0.E0,-1.E0,0.E0));
#1542=AXIS2_PLACEMENT_3D('',#1539,#1540,#1541);
#1544=DIRECTION('',(-1.E0,0.E0,0.E0));
#1545=VECTOR('',#1544,1.498407607156E0);
#1546=CARTESIAN_POINT('',(1.289984076175E2,1.999999999994E0,-1.370000000317E1));
#1547=LINE('',#1546,#1545);
#1548=DIRECTION('',(5.547001962252E-1,8.320502943378E-1,-1.689546844451E-9));
#1549=VECTOR('',#1548,1.805646364757E0);
#1550=CARTESIAN_POINT('',(1.289984076175E2,5.199999999999E1,-1.370000000317E1));
#1551=LINE('',#1550,#1549);
#1552=DIRECTION('',(5.547001962252E-1,-8.320502943378E-1,2.978291333345E-9));
#1553=VECTOR('',#1552,1.805646364757E0);
#1554=CARTESIAN_POINT('',(1.289984076175E2,4.799999999999E1,-1.37E1));
#1555=LINE('',#1554,#1553);
#1556=CARTESIAN_POINT('',(1.289984076175E2,4.999999999999E1,-1.37E1));
#1557=DIRECTION('',(-1.E0,0.E0,0.E0));
#1558=DIRECTION('',(0.E0,-1.E0,0.E0));
#1559=AXIS2_PLACEMENT_3D('',#1556,#1557,#1558);
#1561=DIRECTION('',(-1.E0,0.E0,0.E0));
#1562=VECTOR('',#1561,1.498407607156E0);
#1563=CARTESIAN_POINT('',(1.289984076175E2,5.199999999999E1,-1.370000000317E1));
#1564=LINE('',#1563,#1562);
#1565=CARTESIAN_POINT('',(1.289984076175E2,4.999999999999E1,-1.37E1));
#1566=DIRECTION('',(-1.E0,0.E0,0.E0));
#1567=DIRECTION('',(0.E0,1.E0,-1.587363129829E-9));
#1568=AXIS2_PLACEMENT_3D('',#1565,#1566,#1567);
#1570=DIRECTION('',(-1.E0,0.E0,0.E0));
#1571=VECTOR('',#1570,1.498407607156E0);
#1572=CARTESIAN_POINT('',(1.289984076175E2,4.799999999999E1,-1.37E1));
#1573=LINE('',#1572,#1571);
#1574=DIRECTION('',(1.E0,0.E0,0.E0));
#1575=VECTOR('',#1574,2.5E0);
#1576=CARTESIAN_POINT('',(1.275000000103E2,-5.1E0,-1.97E1));
#1577=LINE('',#1576,#1575);
#1578=DIRECTION('',(0.E0,1.E0,0.E0));
#1579=VECTOR('',#1578,9.E0);
#1580=CARTESIAN_POINT('',(1.300000000103E2,-5.1E0,-1.97E1));
#1581=LINE('',#1580,#1579);
#1582=DIRECTION('',(0.E0,0.E0,-1.E0));
#1583=VECTOR('',#1582,5.E0);
#1584=CARTESIAN_POINT('',(1.275000000103E2,-5.1E0,-1.97E1));
#1585=LINE('',#1584,#1583);
#1586=DIRECTION('',(1.E0,0.E0,0.E0));
#1587=VECTOR('',#1586,2.5E0);
#1588=CARTESIAN_POINT('',(1.275000000103E2,-5.1E0,-2.47E1));
#1589=LINE('',#1588,#1587);
#1590=DIRECTION('',(0.E0,0.E0,1.E0));
#1591=VECTOR('',#1590,5.E0);
#1592=CARTESIAN_POINT('',(1.300000000103E2,-5.1E0,-2.47E1));
#1593=LINE('',#1592,#1591);
#1594=DIRECTION('',(0.E0,1.E0,0.E0));
#1595=VECTOR('',#1594,9.E0);
#1596=CARTESIAN_POINT('',(1.275000000103E2,-5.1E0,-2.47E1));
#1597=LINE('',#1596,#1595);
#1598=DIRECTION('',(1.E0,0.E0,0.E0));
#1599=VECTOR('',#1598,2.5E0);
#1600=CARTESIAN_POINT('',(1.275000000103E2,3.9E0,-2.47E1));
#1601=LINE('',#1600,#1599);
#1602=DIRECTION('',(0.E0,-1.E0,0.E0));
#1603=VECTOR('',#1602,9.E0);
#1604=CARTESIAN_POINT('',(1.300000000103E2,3.9E0,-2.47E1));
#1605=LINE('',#1604,#1603);
#1606=DIRECTION('',(0.E0,0.E0,1.E0));
#1607=VECTOR('',#1606,5.E0);
#1608=CARTESIAN_POINT('',(1.275000000103E2,3.9E0,-2.47E1));
#1609=LINE('',#1608,#1607);
#1610=DIRECTION('',(1.E0,0.E0,0.E0));
#1611=VECTOR('',#1610,2.5E0);
#1612=CARTESIAN_POINT('',(1.275000000103E2,3.9E0,-1.97E1));
#1613=LINE('',#1612,#1611);
#1614=DIRECTION('',(0.E0,0.E0,-1.E0));
#1615=VECTOR('',#1614,5.E0);
#1616=CARTESIAN_POINT('',(1.300000000103E2,3.9E0,-1.97E1));
#1617=LINE('',#1616,#1615);
#1618=DIRECTION('',(8.320502943378E-1,-5.547001962252E-1,-1.689428790964E-9));
#1619=VECTOR('',#1618,1.805646364774E0);
#1620=CARTESIAN_POINT('',(1.185000000103E2,-6.919799208974E1,
-1.370000000317E1));
#1621=LINE('',#1620,#1619);
#1622=DIRECTION('',(-8.320502943378E-1,-5.547001962252E-1,2.978173279847E-9));
#1623=VECTOR('',#1622,1.805646364774E0);
#1624=CARTESIAN_POINT('',(1.145000000103E2,-6.919799208974E1,-1.37E1));
#1625=LINE('',#1624,#1623);
#1626=CARTESIAN_POINT('',(1.165000000103E2,-6.919799208974E1,-1.37E1));
#1627=DIRECTION('',(0.E0,1.E0,0.E0));
#1628=DIRECTION('',(-1.E0,0.E0,0.E0));
#1629=AXIS2_PLACEMENT_3D('',#1626,#1627,#1628);
#1631=DIRECTION('',(0.E0,1.E0,0.E0));
#1632=VECTOR('',#1631,1.498407607146E0);
#1633=CARTESIAN_POINT('',(1.185000000103E2,-6.919799208974E1,
-1.370000000317E1));
#1634=LINE('',#1633,#1632);
#1635=CARTESIAN_POINT('',(1.165000000103E2,-6.919799208974E1,-1.37E1));
#1636=DIRECTION('',(0.E0,1.E0,0.E0));
#1637=DIRECTION('',(1.E0,0.E0,-1.587363129829E-9));
#1638=AXIS2_PLACEMENT_3D('',#1635,#1636,#1637);
#1640=DIRECTION('',(0.E0,1.E0,0.E0));
#1641=VECTOR('',#1640,1.498407607146E0);
#1642=CARTESIAN_POINT('',(1.145000000103E2,-6.919799208974E1,-1.37E1));
#1643=LINE('',#1642,#1641);
#1644=DIRECTION('',(0.E0,0.E0,-1.E0));
#1645=VECTOR('',#1644,5.E0);
#1646=CARTESIAN_POINT('',(1.135000000103E2,-6.769958448259E1,-1.97E1));
#1647=LINE('',#1646,#1645);
#1648=DIRECTION('',(0.E0,-1.E0,0.E0));
#1649=VECTOR('',#1648,2.5E0);
#1650=CARTESIAN_POINT('',(1.135000000103E2,-6.769958448259E1,-2.47E1));
#1651=LINE('',#1650,#1649);
#1652=DIRECTION('',(0.E0,0.E0,1.E0));
#1653=VECTOR('',#1652,5.E0);
#1654=CARTESIAN_POINT('',(1.135000000103E2,-7.019958448259E1,-2.47E1));
#1655=LINE('',#1654,#1653);
#1656=DIRECTION('',(1.E0,0.E0,0.E0));
#1657=VECTOR('',#1656,9.E0);
#1658=CARTESIAN_POINT('',(1.135000000103E2,-6.769958448259E1,-2.47E1));
#1659=LINE('',#1658,#1657);
#1660=DIRECTION('',(0.E0,-1.E0,0.E0));
#1661=VECTOR('',#1660,2.5E0);
#1662=CARTESIAN_POINT('',(1.225000000103E2,-6.769958448259E1,-2.47E1));
#1663=LINE('',#1662,#1661);
#1664=DIRECTION('',(-1.E0,0.E0,0.E0));
#1665=VECTOR('',#1664,9.E0);
#1666=CARTESIAN_POINT('',(1.225000000103E2,-7.019958448259E1,-2.47E1));
#1667=LINE('',#1666,#1665);
#1668=DIRECTION('',(0.E0,0.E0,-1.E0));
#1669=VECTOR('',#1668,5.E0);
#1670=CARTESIAN_POINT('',(1.225000000103E2,-7.019958448259E1,-1.97E1));
#1671=LINE('',#1670,#1669);
#1672=DIRECTION('',(0.E0,0.E0,1.E0));
#1673=VECTOR('',#1672,5.E0);
#1674=CARTESIAN_POINT('',(1.225000000103E2,-6.769958448259E1,-2.47E1));
#1675=LINE('',#1674,#1673);
#1676=DIRECTION('',(0.E0,-1.E0,0.E0));
#1677=VECTOR('',#1676,2.5E0);
#1678=CARTESIAN_POINT('',(1.225000000103E2,-6.769958448259E1,-1.97E1));
#1679=LINE('',#1678,#1677);
#1680=DIRECTION('',(0.E0,-1.E0,0.E0));
#1681=VECTOR('',#1680,2.5E0);
#1682=CARTESIAN_POINT('',(1.135000000103E2,-6.769958448259E1,-1.97E1));
#1683=LINE('',#1682,#1681);
#1684=DIRECTION('',(1.E0,0.E0,0.E0));
#1685=VECTOR('',#1684,9.E0);
#1686=CARTESIAN_POINT('',(1.135000000103E2,-7.019958448259E1,-1.97E1));
#1687=LINE('',#1686,#1685);
#1688=DIRECTION('',(-1.E0,0.E0,0.E0));
#1689=VECTOR('',#1688,8.3E1);
#1690=CARTESIAN_POINT('',(1.05E2,-5.839852408453E1,-4.02E1));
#1691=LINE('',#1690,#1689);
#1692=DIRECTION('',(0.E0,0.E0,-1.E0));
#1693=VECTOR('',#1692,2.5E0);
#1694=CARTESIAN_POINT('',(1.05E2,-5.839852408453E1,-3.77E1));
#1695=LINE('',#1694,#1693);
#1696=DIRECTION('',(-1.E0,0.E0,0.E0));
#1697=VECTOR('',#1696,2.5E0);
#1698=CARTESIAN_POINT('',(-6.749999998973E1,5.3E1,-2.47E1));
#1699=LINE('',#1698,#1697);
#1700=DIRECTION('',(-1.E0,0.E0,0.E0));
#1701=VECTOR('',#1700,2.5E0);
#1702=CARTESIAN_POINT('',(-6.749999998973E1,5.3E1,-1.97E1));
#1703=LINE('',#1702,#1701);
#1704=DIRECTION('',(-1.E0,0.E0,0.E0));
#1705=VECTOR('',#1704,2.5E0);
#1706=CARTESIAN_POINT('',(-6.749999998973E1,6.2E1,-1.97E1));
#1707=LINE('',#1706,#1705);
#1708=DIRECTION('',(-1.E0,0.E0,0.E0));
#1709=VECTOR('',#1708,2.5E0);
#1710=CARTESIAN_POINT('',(-6.749999998973E1,6.2E1,-2.47E1));
#1711=LINE('',#1710,#1709);
#1712=CARTESIAN_POINT('',(-9.129999998973E1,1.729840760715E1,-1.37E1));
#1713=DIRECTION('',(0.E0,-1.E0,0.E0));
#1714=DIRECTION('',(1.E0,0.E0,-1.796420789901E-10));
#1715=AXIS2_PLACEMENT_3D('',#1712,#1713,#1714);
#1717=DIRECTION('',(0.E0,1.E0,0.E0));
#1718=VECTOR('',#1717,1.498407607145E0);
#1719=CARTESIAN_POINT('',(-9.329999998973E1,1.58E1,-1.37E1));
#1720=LINE('',#1719,#1718);
#1721=DIRECTION('',(-8.320502943378E-1,-5.547001962252E-1,1.494714347261E-10));
#1722=VECTOR('',#1721,1.805646364777E0);
#1723=CARTESIAN_POINT('',(-8.779761140045E1,1.83E1,-1.370000000063E1));
#1724=LINE('',#1723,#1722);
#1725=DIRECTION('',(8.320502943378E-1,-5.547001962252E-1,-4.188055098770E-10));
#1726=VECTOR('',#1725,1.805646364777E0);
#1727=CARTESIAN_POINT('',(-9.480238857901E1,1.83E1,-1.369999999924E1));
#1728=LINE('',#1727,#1726);
#1729=CARTESIAN_POINT('',(-9.129999998973E1,1.729840760715E1,-1.37E1));
#1730=DIRECTION('',(0.E0,-1.E0,0.E0));
#1731=DIRECTION('',(-1.E0,0.E0,0.E0));
#1732=AXIS2_PLACEMENT_3D('',#1729,#1730,#1731);
#1734=DIRECTION('',(0.E0,1.E0,-2.397773184460E-10));
#1735=VECTOR('',#1734,1.498407607145E0);
#1736=CARTESIAN_POINT('',(-8.929999998973E1,1.58E1,-1.37E1));
#1737=LINE('',#1736,#1735);
#1738=CARTESIAN_POINT('',(-1.109984075969E2,-2.819999999999E1,-1.37E1));
#1739=DIRECTION('',(1.E0,0.E0,0.E0));
#1740=DIRECTION('',(0.E0,1.E0,2.152225953012E-9));
#1741=AXIS2_PLACEMENT_3D('',#1738,#1739,#1740);
#1743=DIRECTION('',(1.E0,0.E0,0.E0));
#1744=VECTOR('',#1743,1.498407607164E0);
#1745=CARTESIAN_POINT('',(-1.109984075969E2,-3.019999999999E1,-1.37E1));
#1746=LINE('',#1745,#1744);
#1747=CARTESIAN_POINT('',(-1.109984075969E2,-2.819999999999E1,-1.37E1));
#1748=DIRECTION('',(1.E0,0.E0,0.E0));
#1749=DIRECTION('',(0.E0,-1.E0,0.E0));
#1750=AXIS2_PLACEMENT_3D('',#1747,#1748,#1749);
#1752=DIRECTION('',(1.E0,0.E0,0.E0));
#1753=VECTOR('',#1752,1.498407607164E0);
#1754=CARTESIAN_POINT('',(-1.109984075969E2,-2.619999999999E1,
-1.369999999570E1));
#1755=LINE('',#1754,#1753);
#1756=DIRECTION('',(-5.547001962252E-1,-8.320502943378E-1,-5.738509376241E-9));
#1757=VECTOR('',#1756,1.805646364743E0);
#1758=CARTESIAN_POINT('',(-1.109984075969E2,-3.019999999999E1,-1.37E1));
#1759=LINE('',#1758,#1757);
#1760=DIRECTION('',(-5.547001962252E-1,8.320502943378E-1,3.704854371879E-9));
#1761=VECTOR('',#1760,1.805646364743E0);
#1762=CARTESIAN_POINT('',(-1.109984075969E2,-2.619999999999E1,
-1.369999999570E1));
#1763=LINE('',#1762,#1761);
#1764=CARTESIAN_POINT('',(-1.109984075968E2,3.800000000010E0,-1.37E1));
#1765=DIRECTION('',(1.E0,0.E0,0.E0));
#1766=DIRECTION('',(0.E0,1.E0,-5.201847841363E-10));
#1767=AXIS2_PLACEMENT_3D('',#1764,#1765,#1766);
#1769=DIRECTION('',(-1.E0,0.E0,0.E0));
#1770=VECTOR('',#1769,1.498407607148E0);
#1771=CARTESIAN_POINT('',(-1.094999999897E2,5.800000000010E0,
-1.370000000104E1));
#1772=LINE('',#1771,#1770);
#1773=DIRECTION('',(5.547001962252E-1,8.320502943378E-1,-1.499009526051E-9));
#1774=VECTOR('',#1773,1.805646364772E0);
#1775=CARTESIAN_POINT('',(-1.119999999897E2,2.976114107315E-1,
-1.369999999729E1));
#1776=LINE('',#1775,#1774);
#1777=DIRECTION('',(5.547001962252E-1,-8.320502943378E-1,9.027470223708E-10));
#1778=VECTOR('',#1777,1.805646364772E0);
#1779=CARTESIAN_POINT('',(-1.119999999897E2,7.302388589288E0,
-1.370000000267E1));
#1780=LINE('',#1779,#1778);
#1781=CARTESIAN_POINT('',(-1.109984075968E2,3.800000000010E0,-1.37E1));
#1782=DIRECTION('',(1.E0,0.E0,0.E0));
#1783=DIRECTION('',(0.E0,-1.E0,0.E0));
#1784=AXIS2_PLACEMENT_3D('',#1781,#1782,#1783);
#1786=DIRECTION('',(-1.E0,0.E0,0.E0));
#1787=VECTOR('',#1786,1.498407607148E0);
#1788=CARTESIAN_POINT('',(-1.094999999897E2,1.800000000010E0,-1.37E1));
#1789=LINE('',#1788,#1787);
#1790=DIRECTION('',(0.E0,0.E0,-1.E0));
#1791=VECTOR('',#1790,2.5E0);
#1792=CARTESIAN_POINT('',(-9.649999998970E1,-5.219958448259E1,-2.57E1));
#1793=LINE('',#1792,#1791);
#1794=DIRECTION('',(0.E0,0.E0,-1.E0));
#1795=VECTOR('',#1794,2.5E0);
#1796=CARTESIAN_POINT('',(-1.014999999897E2,-5.219958448259E1,-2.57E1));
#1797=LINE('',#1796,#1795);
#1798=DIRECTION('',(8.320502943378E-1,-5.547001962252E-1,-1.689413050503E-9));
#1799=VECTOR('',#1798,1.805646364773E0);
#1800=CARTESIAN_POINT('',(9.000000000005E0,-6.919799208974E1,
-1.370000000317E1));
#1801=LINE('',#1800,#1799);
#1802=DIRECTION('',(-8.320502943378E-1,-5.547001962252E-1,2.978157539386E-9));
#1803=VECTOR('',#1802,1.805646364773E0);
#1804=CARTESIAN_POINT('',(5.000000000005E0,-6.919799208974E1,-1.37E1));
#1805=LINE('',#1804,#1803);
#1806=CARTESIAN_POINT('',(7.000000000005E0,-6.919799208974E1,-1.37E1));
#1807=DIRECTION('',(0.E0,1.E0,0.E0));
#1808=DIRECTION('',(-1.E0,0.E0,0.E0));
#1809=AXIS2_PLACEMENT_3D('',#1806,#1807,#1808);
#1811=DIRECTION('',(0.E0,1.E0,0.E0));
#1812=VECTOR('',#1811,1.498407607147E0);
#1813=CARTESIAN_POINT('',(9.000000000005E0,-6.919799208974E1,
-1.370000000317E1));
#1814=LINE('',#1813,#1812);
#1815=CARTESIAN_POINT('',(7.000000000005E0,-6.919799208974E1,-1.37E1));
#1816=DIRECTION('',(0.E0,1.E0,0.E0));
#1817=DIRECTION('',(1.E0,0.E0,-1.587363129829E-9));
#1818=AXIS2_PLACEMENT_3D('',#1815,#1816,#1817);
#1820=DIRECTION('',(0.E0,1.E0,0.E0));
#1821=VECTOR('',#1820,1.498407607147E0);
#1822=CARTESIAN_POINT('',(5.000000000005E0,-6.919799208974E1,-1.37E1));
#1823=LINE('',#1822,#1821);
#1824=DIRECTION('',(8.320502943378E-1,-5.547001962252E-1,-1.689413050503E-9));
#1825=VECTOR('',#1824,1.805646364773E0);
#1826=CARTESIAN_POINT('',(-4.799999999999E1,-6.919799208974E1,
-1.370000000317E1));
#1827=LINE('',#1826,#1825);
#1828=DIRECTION('',(-8.320502943378E-1,-5.547001962252E-1,2.978157539386E-9));
#1829=VECTOR('',#1828,1.805646364773E0);
#1830=CARTESIAN_POINT('',(-5.199999999999E1,-6.919799208974E1,-1.37E1));
#1831=LINE('',#1830,#1829);
#1832=CARTESIAN_POINT('',(-4.999999999999E1,-6.919799208974E1,-1.37E1));
#1833=DIRECTION('',(0.E0,1.E0,0.E0));
#1834=DIRECTION('',(-1.E0,0.E0,0.E0));
#1835=AXIS2_PLACEMENT_3D('',#1832,#1833,#1834);
#1837=DIRECTION('',(0.E0,1.E0,0.E0));
#1838=VECTOR('',#1837,1.498407607147E0);
#1839=CARTESIAN_POINT('',(-4.799999999999E1,-6.919799208974E1,
-1.370000000317E1));
#1840=LINE('',#1839,#1838);
#1841=CARTESIAN_POINT('',(-4.999999999999E1,-6.919799208974E1,-1.37E1));
#1842=DIRECTION('',(0.E0,1.E0,0.E0));
#1843=DIRECTION('',(1.E0,0.E0,-1.587363129829E-9));
#1844=AXIS2_PLACEMENT_3D('',#1841,#1842,#1843);
#1846=DIRECTION('',(0.E0,1.E0,0.E0));
#1847=VECTOR('',#1846,1.498407607147E0);
#1848=CARTESIAN_POINT('',(-5.199999999999E1,-6.919799208974E1,-1.37E1));
#1849=LINE('',#1848,#1847);
#1850=DIRECTION('',(8.320502943378E-1,-5.547001962252E-1,-1.689413050503E-9));
#1851=VECTOR('',#1850,1.805646364773E0);
#1852=CARTESIAN_POINT('',(-7.999999999999E1,-6.919799208974E1,
-1.370000000317E1));
#1853=LINE('',#1852,#1851);
#1854=DIRECTION('',(-8.320502943378E-1,-5.547001962252E-1,2.978157539386E-9));
#1855=VECTOR('',#1854,1.805646364773E0);
#1856=CARTESIAN_POINT('',(-8.399999999999E1,-6.919799208974E1,-1.37E1));
#1857=LINE('',#1856,#1855);
#1858=CARTESIAN_POINT('',(-8.199999999999E1,-6.919799208974E1,-1.37E1));
#1859=DIRECTION('',(0.E0,1.E0,0.E0));
#1860=DIRECTION('',(-1.E0,0.E0,0.E0));
#1861=AXIS2_PLACEMENT_3D('',#1858,#1859,#1860);
#1863=DIRECTION('',(0.E0,1.E0,0.E0));
#1864=VECTOR('',#1863,1.498407607147E0);
#1865=CARTESIAN_POINT('',(-7.999999999999E1,-6.919799208974E1,
-1.370000000317E1));
#1866=LINE('',#1865,#1864);
#1867=CARTESIAN_POINT('',(-8.199999999999E1,-6.919799208974E1,-1.37E1));
#1868=DIRECTION('',(0.E0,1.E0,0.E0));
#1869=DIRECTION('',(1.E0,0.E0,-1.587363129829E-9));
#1870=AXIS2_PLACEMENT_3D('',#1867,#1868,#1869);
#1872=DIRECTION('',(0.E0,1.E0,0.E0));
#1873=VECTOR('',#1872,1.498407607147E0);
#1874=CARTESIAN_POINT('',(-8.399999999999E1,-6.919799208974E1,-1.37E1));
#1875=LINE('',#1874,#1873);
#1876=DIRECTION('',(0.E0,-1.E0,0.E0));
#1877=VECTOR('',#1876,2.5E0);
#1878=CARTESIAN_POINT('',(-7.9E1,-6.769958448259E1,-2.47E1));
#1879=LINE('',#1878,#1877);
#1880=DIRECTION('',(0.E0,-1.E0,0.E0));
#1881=VECTOR('',#1880,2.5E0);
#1882=CARTESIAN_POINT('',(-7.E1,-6.769958448259E1,-2.47E1));
#1883=LINE('',#1882,#1881);
#1884=DIRECTION('',(0.E0,-1.E0,0.E0));
#1885=VECTOR('',#1884,2.5E0);
#1886=CARTESIAN_POINT('',(-7.E1,-6.769958448259E1,-1.97E1));
#1887=LINE('',#1886,#1885);
#1888=DIRECTION('',(0.E0,-1.E0,0.E0));
#1889=VECTOR('',#1888,2.5E0);
#1890=CARTESIAN_POINT('',(-7.9E1,-6.769958448259E1,-1.97E1));
#1891=LINE('',#1890,#1889);
#1892=DIRECTION('',(0.E0,1.E0,0.E0));
#1893=VECTOR('',#1892,1.2E1);
#1894=CARTESIAN_POINT('',(5.25E1,5.7E1,-3.92E1));
#1895=LINE('',#1894,#1893);
#1896=DIRECTION('',(0.E0,-1.E0,0.E0));
#1897=VECTOR('',#1896,1.2E1);
#1898=CARTESIAN_POINT('',(5.25E1,6.9E1,-4.02E1));
#1899=LINE('',#1898,#1897);
#1900=DIRECTION('',(0.E0,0.E0,-1.E0));
#1901=VECTOR('',#1900,1.E0);
#1902=CARTESIAN_POINT('',(5.25E1,5.7E1,-3.92E1));
#1903=LINE('',#1902,#1901);
#1904=DIRECTION('',(0.E0,0.E0,1.E0));
#1905=VECTOR('',#1904,1.E0);
#1906=CARTESIAN_POINT('',(5.55E1,5.4E1,-4.02E1));
#1907=LINE('',#1906,#1905);
#1908=DIRECTION('',(-1.E0,0.E0,0.E0));
#1909=VECTOR('',#1908,3.9E1);
#1910=CARTESIAN_POINT('',(9.45E1,5.4E1,-3.92E1));
#1911=LINE('',#1910,#1909);
#1912=DIRECTION('',(0.E0,1.E0,0.E0));
#1913=VECTOR('',#1912,2.5E0);
#1914=CARTESIAN_POINT('',(6.15E1,6.65E1,-3.25E1));
#1915=LINE('',#1914,#1913);
#1916=DIRECTION('',(0.E0,1.E0,0.E0));
#1917=VECTOR('',#1916,2.5E0);
#1918=CARTESIAN_POINT('',(6.55E1,6.65E1,-3.25E1));
#1919=LINE('',#1918,#1917);
#1920=DIRECTION('',(0.E0,0.E0,-1.E0));
#1921=VECTOR('',#1920,1.5E0);
#1922=CARTESIAN_POINT('',(8.85E1,6.45E1,-3.77E1));
#1923=LINE('',#1922,#1921);
#1924=DIRECTION('',(0.E0,0.E0,1.E0));
#1925=VECTOR('',#1924,1.5E0);
#1926=CARTESIAN_POINT('',(8.45E1,6.45E1,-3.92E1));
#1927=LINE('',#1926,#1925);
#1928=DIRECTION('',(0.E0,0.E0,-1.E0));
#1929=VECTOR('',#1928,1.5E0);
#1930=CARTESIAN_POINT('',(6.55E1,6.45E1,-3.77E1));
#1931=LINE('',#1930,#1929);
#1932=DIRECTION('',(0.E0,0.E0,1.E0));
#1933=VECTOR('',#1932,1.5E0);
#1934=CARTESIAN_POINT('',(6.15E1,6.45E1,-3.92E1));
#1935=LINE('',#1934,#1933);
#1936=DIRECTION('',(8.320502943378E-1,5.547001962252E-1,2.978152620491E-9));
#1937=VECTOR('',#1936,1.805646364773E0);
#1938=CARTESIAN_POINT('',(1.169461384706E2,6.799840760715E1,-1.37E1));
#1939=LINE('',#1938,#1937);
#1940=DIRECTION('',(-8.320502943378E-1,5.547001962252E-1,-1.689413050503E-9));
#1941=VECTOR('',#1940,1.805646364773E0);
#1942=CARTESIAN_POINT('',(1.129461384706E2,6.799840760715E1,-1.370000000317E1));
#1943=LINE('',#1942,#1941);
#1944=CARTESIAN_POINT('',(1.149461384706E2,6.799840760715E1,-1.37E1));
#1945=DIRECTION('',(0.E0,-1.E0,0.E0));
#1946=DIRECTION('',(-1.E0,0.E0,-1.587363129829E-9));
#1947=AXIS2_PLACEMENT_3D('',#1944,#1945,#1946);
#1949=DIRECTION('',(0.E0,-1.E0,0.E0));
#1950=VECTOR('',#1949,1.498407607147E0);
#1951=CARTESIAN_POINT('',(1.169461384706E2,6.799840760715E1,-1.37E1));
#1952=LINE('',#1951,#1950);
#1953=CARTESIAN_POINT('',(1.149461384706E2,6.799840760715E1,-1.37E1));
#1954=DIRECTION('',(0.E0,-1.E0,0.E0));
#1955=DIRECTION('',(1.E0,0.E0,0.E0));
#1956=AXIS2_PLACEMENT_3D('',#1953,#1954,#1955);
#1958=DIRECTION('',(0.E0,-1.E0,0.E0));
#1959=VECTOR('',#1958,1.498407607147E0);
#1960=CARTESIAN_POINT('',(1.129461384706E2,6.799840760715E1,-1.370000000317E1));
#1961=LINE('',#1960,#1959);
#1962=DIRECTION('',(0.E0,1.E0,0.E0));
#1963=VECTOR('',#1962,2.5E0);
#1964=CARTESIAN_POINT('',(1.400000001030E1,6.65E1,-1.97E1));
#1965=LINE('',#1964,#1963);
#1966=DIRECTION('',(0.E0,1.E0,0.E0));
#1967=VECTOR('',#1966,2.5E0);
#1968=CARTESIAN_POINT('',(2.300000001030E1,6.65E1,-1.97E1));
#1969=LINE('',#1968,#1967);
#1970=DIRECTION('',(0.E0,1.E0,0.E0));
#1971=VECTOR('',#1970,2.5E0);
#1972=CARTESIAN_POINT('',(2.300000001030E1,6.65E1,-2.47E1));
#1973=LINE('',#1972,#1971);
#1974=DIRECTION('',(0.E0,1.E0,0.E0));
#1975=VECTOR('',#1974,2.5E0);
#1976=CARTESIAN_POINT('',(1.400000001030E1,6.65E1,-2.47E1));
#1977=LINE('',#1976,#1975);
#1978=DIRECTION('',(8.320502943378E-1,-5.547001962252E-1,-7.116773812065E-9));
#1979=VECTOR('',#1978,1.805646364775E0);
#1980=CARTESIAN_POINT('',(3.497611410724E0,6.9E1,-1.369999998715E1));
#1981=LINE('',#1980,#1979);
#1982=DIRECTION('',(-8.320502943378E-1,-5.547001962252E-1,4.293979559391E-9));
#1983=VECTOR('',#1982,1.805646364775E0);
#1984=CARTESIAN_POINT('',(1.050238858929E1,6.9E1,-1.370000001270E1));
#1985=LINE('',#1984,#1983);
#1986=CARTESIAN_POINT('',(7.000000000005E0,6.799840760715E1,-1.37E1));
#1987=DIRECTION('',(0.E0,-1.E0,0.E0));
#1988=DIRECTION('',(-1.E0,0.E0,0.E0));
#1989=AXIS2_PLACEMENT_3D('',#1986,#1987,#1988);
#1991=DIRECTION('',(0.E0,1.E0,0.E0));
#1992=VECTOR('',#1991,1.498407607146E0);
#1993=CARTESIAN_POINT('',(5.000000000005E0,6.65E1,-1.37E1));
#1994=LINE('',#1993,#1992);
#1995=CARTESIAN_POINT('',(7.000000000005E0,6.799840760715E1,-1.37E1));
#1996=DIRECTION('',(0.E0,-1.E0,0.E0));
#1997=DIRECTION('',(1.E0,0.E0,-2.473736770980E-9));
#1998=AXIS2_PLACEMENT_3D('',#1995,#1996,#1997);
#2000=DIRECTION('',(0.E0,1.E0,0.E0));
#2001=VECTOR('',#2000,1.498407607146E0);
#2002=CARTESIAN_POINT('',(9.000000000005E0,6.65E1,-1.370000000495E1));
#2003=LINE('',#2002,#2001);
#2004=DIRECTION('',(0.E0,0.E0,1.E0));
#2005=VECTOR('',#2004,1.2E1);
#2006=CARTESIAN_POINT('',(3.55E1,6.65E1,-3.16E1));
#2007=LINE('',#2006,#2005);
#2008=DIRECTION('',(0.E0,1.E0,0.E0));
#2009=VECTOR('',#2008,2.5E0);
#2010=CARTESIAN_POINT('',(3.55E1,6.65E1,-1.96E1));
#2011=LINE('',#2010,#2009);
#2012=DIRECTION('',(-1.E0,0.E0,0.E0));
#2013=VECTOR('',#2012,1.3E1);
#2014=CARTESIAN_POINT('',(4.85E1,6.65E1,-3.16E1));
#2015=LINE('',#2014,#2013);
#2016=DIRECTION('',(0.E0,1.E0,0.E0));
#2017=VECTOR('',#2016,2.5E0);
#2018=CARTESIAN_POINT('',(3.55E1,6.65E1,-3.16E1));
#2019=LINE('',#2018,#2017);
#2020=DIRECTION('',(0.E0,0.E0,-1.E0));
#2021=VECTOR('',#2020,1.2E1);
#2022=CARTESIAN_POINT('',(4.85E1,6.65E1,-1.96E1));
#2023=LINE('',#2022,#2021);
#2024=DIRECTION('',(0.E0,1.E0,0.E0));
#2025=VECTOR('',#2024,2.5E0);
#2026=CARTESIAN_POINT('',(4.85E1,6.65E1,-3.16E1));
#2027=LINE('',#2026,#2025);
#2028=DIRECTION('',(1.E0,0.E0,0.E0));
#2029=VECTOR('',#2028,1.3E1);
#2030=CARTESIAN_POINT('',(3.55E1,6.65E1,-1.96E1));
#2031=LINE('',#2030,#2029);
#2032=DIRECTION('',(0.E0,1.E0,0.E0));
#2033=VECTOR('',#2032,2.5E0);
#2034=CARTESIAN_POINT('',(4.85E1,6.65E1,-1.96E1));
#2035=LINE('',#2034,#2033);
#2036=DIRECTION('',(0.E0,0.E0,1.E0));
#2037=VECTOR('',#2036,5.E0);
#2038=CARTESIAN_POINT('',(1.135000000103E2,6.65E1,-2.47E1));
#2039=LINE('',#2038,#2037);
#2040=DIRECTION('',(0.E0,1.E0,0.E0));
#2041=VECTOR('',#2040,2.5E0);
#2042=CARTESIAN_POINT('',(1.135000000103E2,6.65E1,-1.97E1));
#2043=LINE('',#2042,#2041);
#2044=DIRECTION('',(0.E0,0.E0,-1.E0));
#2045=VECTOR('',#2044,5.E0);
#2046=CARTESIAN_POINT('',(1.135000000103E2,6.9E1,-1.97E1));
#2047=LINE('',#2046,#2045);
#2048=DIRECTION('',(0.E0,1.E0,0.E0));
#2049=VECTOR('',#2048,2.5E0);
#2050=CARTESIAN_POINT('',(1.225000000103E2,6.65E1,-1.97E1));
#2051=LINE('',#2050,#2049);
#2052=DIRECTION('',(-1.E0,0.E0,0.E0));
#2053=VECTOR('',#2052,9.E0);
#2054=CARTESIAN_POINT('',(1.225000000103E2,6.9E1,-1.97E1));
#2055=LINE('',#2054,#2053);
#2056=DIRECTION('',(0.E0,0.E0,-1.E0));
#2057=VECTOR('',#2056,5.E0);
#2058=CARTESIAN_POINT('',(1.225000000103E2,6.65E1,-1.97E1));
#2059=LINE('',#2058,#2057);
#2060=DIRECTION('',(0.E0,1.E0,0.E0));
#2061=VECTOR('',#2060,2.5E0);
#2062=CARTESIAN_POINT('',(1.225000000103E2,6.65E1,-2.47E1));
#2063=LINE('',#2062,#2061);
#2064=DIRECTION('',(0.E0,0.E0,1.E0));
#2065=VECTOR('',#2064,5.E0);
#2066=CARTESIAN_POINT('',(1.225000000103E2,6.9E1,-2.47E1));
#2067=LINE('',#2066,#2065);
#2068=DIRECTION('',(-1.E0,0.E0,0.E0));
#2069=VECTOR('',#2068,9.E0);
#2070=CARTESIAN_POINT('',(1.225000000103E2,6.65E1,-2.47E1));
#2071=LINE('',#2070,#2069);
#2072=DIRECTION('',(0.E0,1.E0,0.E0));
#2073=VECTOR('',#2072,2.5E0);
#2074=CARTESIAN_POINT('',(1.135000000103E2,6.65E1,-2.47E1));
#2075=LINE('',#2074,#2073);
#2076=DIRECTION('',(1.E0,0.E0,0.E0));
#2077=VECTOR('',#2076,9.E0);
#2078=CARTESIAN_POINT('',(1.135000000103E2,6.9E1,-2.47E1));
#2079=LINE('',#2078,#2077);
#2080=DIRECTION('',(8.320502943378E-1,-5.547001962252E-1,-4.188074774349E-10));
#2081=VECTOR('',#2080,1.805646364777E0);
#2082=CARTESIAN_POINT('',(-5.400238857898E1,6.9E1,-1.369999999924E1));
#2083=LINE('',#2082,#2081);
#2084=DIRECTION('',(-8.320502943378E-1,-5.547001962252E-1,1.494714347261E-10));
#2085=VECTOR('',#2084,1.805646364777E0);
#2086=CARTESIAN_POINT('',(-4.699761140042E1,6.9E1,-1.370000000063E1));
#2087=LINE('',#2086,#2085);
#2088=CARTESIAN_POINT('',(-5.049999998970E1,6.799840760714E1,-1.37E1));
#2089=DIRECTION('',(0.E0,-1.E0,0.E0));
#2090=DIRECTION('',(1.E0,0.E0,-1.796420789901E-10));
#2091=AXIS2_PLACEMENT_3D('',#2088,#2089,#2090);
#2093=DIRECTION('',(0.E0,1.E0,0.E0));
#2094=VECTOR('',#2093,1.498407607145E0);
#2095=CARTESIAN_POINT('',(-5.249999998970E1,6.65E1,-1.37E1));
#2096=LINE('',#2095,#2094);
#2097=CARTESIAN_POINT('',(-5.049999998970E1,6.799840760714E1,-1.37E1));
#2098=DIRECTION('',(0.E0,-1.E0,0.E0));
#2099=DIRECTION('',(-1.E0,0.E0,0.E0));
#2100=AXIS2_PLACEMENT_3D('',#2097,#2098,#2099);
#2102=DIRECTION('',(0.E0,1.E0,-2.397773184460E-10));
#2103=VECTOR('',#2102,1.498407607145E0);
#2104=CARTESIAN_POINT('',(-4.849999998970E1,6.65E1,-1.37E1));
#2105=LINE('',#2104,#2103);
#2106=DIRECTION('',(0.E0,1.E0,0.E0));
#2107=VECTOR('',#2106,2.5E0);
#2108=CARTESIAN_POINT('',(7.16E1,6.65E1,-2.73E1));
#2109=LINE('',#2108,#2107);
#2110=DIRECTION('',(0.E0,1.E0,0.E0));
#2111=VECTOR('',#2110,2.5E0);
#2112=CARTESIAN_POINT('',(5.54E1,6.65E1,-2.73E1));
#2113=LINE('',#2112,#2111);
#2114=DIRECTION('',(0.E0,1.E0,0.E0));
#2115=VECTOR('',#2114,2.5E0);
#2116=CARTESIAN_POINT('',(5.54E1,6.65E1,-2.022E1));
#2117=LINE('',#2116,#2115);
#2118=DIRECTION('',(0.E0,1.E0,0.E0));
#2119=VECTOR('',#2118,2.5E0);
#2120=CARTESIAN_POINT('',(7.16E1,6.65E1,-2.022E1));
#2121=LINE('',#2120,#2119);
#2122=DIRECTION('',(0.E0,1.E0,0.E0));
#2123=VECTOR('',#2122,2.5E0);
#2124=CARTESIAN_POINT('',(9.46E1,6.65E1,-2.73E1));
#2125=LINE('',#2124,#2123);
#2126=DIRECTION('',(0.E0,1.E0,0.E0));
#2127=VECTOR('',#2126,2.5E0);
#2128=CARTESIAN_POINT('',(7.84E1,6.65E1,-2.73E1));
#2129=LINE('',#2128,#2127);
#2130=DIRECTION('',(0.E0,1.E0,0.E0));
#2131=VECTOR('',#2130,2.5E0);
#2132=CARTESIAN_POINT('',(7.84E1,6.65E1,-2.022E1));
#2133=LINE('',#2132,#2131);
#2134=DIRECTION('',(0.E0,1.E0,0.E0));
#2135=VECTOR('',#2134,2.5E0);
#2136=CARTESIAN_POINT('',(9.46E1,6.65E1,-2.022E1));
#2137=LINE('',#2136,#2135);
#2138=DIRECTION('',(0.E0,0.E0,1.E0));
#2139=VECTOR('',#2138,2.5E0);
#2140=CARTESIAN_POINT('',(1.E2,6.100041551741E1,-4.02E1));
#2141=LINE('',#2140,#2139);
#2142=DIRECTION('',(0.E0,0.E0,1.E0));
#2143=VECTOR('',#2142,2.5E0);
#2144=CARTESIAN_POINT('',(1.05E2,6.100041551741E1,-4.02E1));
#2145=LINE('',#2144,#2143);
#2146=DIRECTION('',(0.E0,0.E0,1.E0));
#2147=VECTOR('',#2146,2.5E0);
#2148=CARTESIAN_POINT('',(2.5E1,6.100041551741E1,-4.02E1));
#2149=LINE('',#2148,#2147);
#2150=DIRECTION('',(0.E0,0.E0,1.E0));
#2151=VECTOR('',#2150,2.5E0);
#2152=CARTESIAN_POINT('',(3.E1,6.100041551741E1,-4.02E1));
#2153=LINE('',#2152,#2151);
#2154=CARTESIAN_POINT('',(6.35E1,-5.294905428356E1,-3.869544155877E1));
#2155=DIRECTION('',(0.E0,0.E0,-1.E0));
#2156=DIRECTION('',(1.E0,2.845553126463E-9,0.E0));
#2157=AXIS2_PLACEMENT_3D('',#2154,#2155,#2156);
#2159=DIRECTION('',(-7.071067811865E-1,-4.111728028473E-9,-7.071067811865E-1));
#2160=VECTOR('',#2159,2.127766952968E0);
#2161=CARTESIAN_POINT('',(6.15E1,-5.294905428356E1,-3.869544155877E1));
#2162=LINE('',#2161,#2160);
#2163=CARTESIAN_POINT('',(6.35E1,-5.294905428356E1,-3.869544155877E1));
#2164=DIRECTION('',(0.E0,0.E0,-1.E0));
#2165=DIRECTION('',(-1.E0,0.E0,0.E0));
#2166=AXIS2_PLACEMENT_3D('',#2163,#2164,#2165);
#2168=DIRECTION('',(7.071067811865E-1,2.012104748230E-9,-7.071067811865E-1));
#2169=VECTOR('',#2168,2.127766952968E0);
#2170=CARTESIAN_POINT('',(6.55E1,-5.294905427787E1,-3.869544155877E1));
#2171=LINE('',#2170,#2169);
#2172=DIRECTION('',(0.E0,0.E0,1.E0));
#2173=VECTOR('',#2172,9.954415587719E-1);
#2174=CARTESIAN_POINT('',(6.15E1,-5.294905428356E1,-3.869544155877E1));
#2175=LINE('',#2174,#2173);
#2176=DIRECTION('',(0.E0,-5.254970092990E-10,1.E0));
#2177=VECTOR('',#2176,9.954415587719E-1);
#2178=CARTESIAN_POINT('',(6.55E1,-5.294905427787E1,-3.869544155877E1));
#2179=LINE('',#2178,#2177);
#2180=CARTESIAN_POINT('',(1.105E2,-6.309958448258E1,-3.869544155877E1));
#2181=DIRECTION('',(0.E0,0.E0,-1.E0));
#2182=DIRECTION('',(1.E0,2.842014623639E-9,0.E0));
#2183=AXIS2_PLACEMENT_3D('',#2180,#2181,#2182);
#2185=DIRECTION('',(-7.071067811866E-1,-4.119211584267E-9,-7.071067811865E-1));
#2186=VECTOR('',#2185,2.127766952968E0);
#2187=CARTESIAN_POINT('',(1.085E2,-6.309958448258E1,-3.869544155877E1));
#2188=LINE('',#2187,#2186);
#2189=CARTESIAN_POINT('',(1.105E2,-6.309958448258E1,-3.869544155877E1));
#2190=DIRECTION('',(0.E0,0.E0,-1.E0));
#2191=DIRECTION('',(-1.E0,0.E0,0.E0));
#2192=AXIS2_PLACEMENT_3D('',#2189,#2190,#2191);
#2194=DIRECTION('',(7.071067811865E-1,2.009610229633E-9,-7.071067811865E-1));
#2195=VECTOR('',#2194,2.127766952968E0);
#2196=CARTESIAN_POINT('',(1.125E2,-6.309958447690E1,-3.869544155877E1));
#2197=LINE('',#2196,#2195);
#2198=DIRECTION('',(0.E0,0.E0,1.E0));
#2199=VECTOR('',#2198,9.954415587719E-1);
#2200=CARTESIAN_POINT('',(1.085E2,-6.309958448258E1,-3.869544155877E1));
#2201=LINE('',#2200,#2199);
#2202=DIRECTION('',(0.E0,-5.201221213881E-10,1.E0));
#2203=VECTOR('',#2202,9.954415587719E-1);
#2204=CARTESIAN_POINT('',(1.125E2,-6.309958447690E1,-3.869544155877E1));
#2205=LINE('',#2204,#2203);
#2206=CARTESIAN_POINT('',(1.65E1,-6.309958448258E1,-3.869544155877E1));
#2207=DIRECTION('',(0.E0,0.E0,-1.E0));
#2208=DIRECTION('',(1.E0,2.842014623639E-9,0.E0));
#2209=AXIS2_PLACEMENT_3D('',#2206,#2207,#2208);
#2211=DIRECTION('',(-7.071067811865E-1,-4.119211584267E-9,-7.071067811865E-1));
#2212=VECTOR('',#2211,2.127766952968E0);
#2213=CARTESIAN_POINT('',(1.45E1,-6.309958448258E1,-3.869544155877E1));
#2214=LINE('',#2213,#2212);
#2215=CARTESIAN_POINT('',(1.65E1,-6.309958448258E1,-3.869544155877E1));
#2216=DIRECTION('',(0.E0,0.E0,-1.E0));
#2217=DIRECTION('',(-1.E0,0.E0,0.E0));
#2218=AXIS2_PLACEMENT_3D('',#2215,#2216,#2217);
#2220=DIRECTION('',(7.071067811865E-1,2.009610229633E-9,-7.071067811865E-1));
#2221=VECTOR('',#2220,2.127766952968E0);
#2222=CARTESIAN_POINT('',(1.85E1,-6.309958447690E1,-3.869544155877E1));
#2223=LINE('',#2222,#2221);
#2224=DIRECTION('',(0.E0,0.E0,1.E0));
#2225=VECTOR('',#2224,9.954415587719E-1);
#2226=CARTESIAN_POINT('',(1.45E1,-6.309958448258E1,-3.869544155877E1));
#2227=LINE('',#2226,#2225);
#2228=DIRECTION('',(0.E0,-5.201221213881E-10,1.E0));
#2229=VECTOR('',#2228,9.954415587719E-1);
#2230=CARTESIAN_POINT('',(1.85E1,-6.309958447690E1,-3.869544155877E1));
#2231=LINE('',#2230,#2229);
#2232=DIRECTION('',(0.E0,0.E0,1.E0));
#2233=VECTOR('',#2232,2.5E0);
#2234=CARTESIAN_POINT('',(2.5E1,-3.699958448259E1,-4.02E1));
#2235=LINE('',#2234,#2233);
#2236=DIRECTION('',(0.E0,0.E0,1.E0));
#2237=VECTOR('',#2236,2.5E0);
#2238=CARTESIAN_POINT('',(3.E1,-3.699958448259E1,-4.02E1));
#2239=LINE('',#2238,#2237);
#2240=DIRECTION('',(0.E0,0.E0,1.E0));
#2241=VECTOR('',#2240,2.5E0);
#2242=CARTESIAN_POINT('',(1.05E2,-3.699958448259E1,-4.02E1));
#2243=LINE('',#2242,#2241);
#2244=DIRECTION('',(0.E0,0.E0,-1.E0));
#2245=VECTOR('',#2244,2.5E0);
#2246=CARTESIAN_POINT('',(1.2E2,-3.699958448259E1,-3.77E1));
#2247=LINE('',#2246,#2245);
#2248=DIRECTION('',(0.E0,0.E0,-1.E0));
#2249=VECTOR('',#2248,2.5E0);
#2250=CARTESIAN_POINT('',(1.15E2,-3.699958448259E1,-3.77E1));
#2251=LINE('',#2250,#2249);
#2252=CARTESIAN_POINT('',(-1.087677669469E2,-5.191785649467E1,
-9.300000000113E0));
#2253=CARTESIAN_POINT('',(-9.371827199413E1,-6.696735144746E1,
-9.300000000114E0));
#2254=VERTEX_POINT('',#2252);
#2255=VERTEX_POINT('',#2253);
#2256=CARTESIAN_POINT('',(-1.087677669442E2,-5.191785649749E1,-2.57E1));
#2257=VERTEX_POINT('',#2256);
#2258=CARTESIAN_POINT('',(-9.371827199599E1,-6.696735144567E1,-2.57E1));
#2259=VERTEX_POINT('',#2258);
#2260=CARTESIAN_POINT('',(-9.442537877275E1,-6.767445823070E1,
-8.300000000158E0));
#2261=VERTEX_POINT('',#2260);
#2262=CARTESIAN_POINT('',(-1.094748737322E2,-5.262496327141E1,
-8.300000000157E0));
#2263=VERTEX_POINT('',#2262);
#2264=CARTESIAN_POINT('',(-9.195050538334E1,-6.769958448259E1,-9.3E0));
#2265=VERTEX_POINT('',#2264);
#2266=CARTESIAN_POINT('',(-9.195050563422E1,-6.869958446639E1,
-8.300000006946E0));
#2267=VERTEX_POINT('',#2266);
#2268=CARTESIAN_POINT('',(-9.195050505311E1,-6.769958448259E1,-2.57E1));
#2269=VERTEX_POINT('',#2268);
#2270=CARTESIAN_POINT('',(1.050000001030E1,-6.769958448259E1,-2.57E1));
#2271=CARTESIAN_POINT('',(1.050000001030E1,6.65E1,-2.57E1));
#2272=VERTEX_POINT('',#2270);
#2273=VERTEX_POINT('',#2271);
#2274=CARTESIAN_POINT('',(-1.094999999897E2,-5.015008954597E1,-2.57E1));
#2275=VERTEX_POINT('',#2274);
#2276=CARTESIAN_POINT('',(-1.094999999897E2,1.330000000018E1,-2.57E1));
#2277=VERTEX_POINT('',#2276);
#2278=CARTESIAN_POINT('',(-1.069999999897E2,1.58E1,-2.57E1));
#2279=VERTEX_POINT('',#2278);
#2280=CARTESIAN_POINT('',(-7.249999998895E1,1.58E1,-2.57E1));
#2281=VERTEX_POINT('',#2280);
#2282=CARTESIAN_POINT('',(-6.749999998973E1,2.08E1,-2.57E1));
#2283=VERTEX_POINT('',#2282);
#2284=CARTESIAN_POINT('',(-6.749999998973E1,6.400000000018E1,-2.57E1));
#2285=VERTEX_POINT('',#2284);
#2286=CARTESIAN_POINT('',(-6.499999998973E1,6.65E1,-2.57E1));
#2287=VERTEX_POINT('',#2286);
#2288=CARTESIAN_POINT('',(2.2E1,-6.769958447810E1,-9.300000011318E0));
#2289=VERTEX_POINT('',#2288);
#2290=CARTESIAN_POINT('',(-7.9E1,-6.769958448259E1,-2.47E1));
#2291=CARTESIAN_POINT('',(-7.9E1,-6.769958448259E1,-1.97E1));
#2292=VERTEX_POINT('',#2290);
#2293=VERTEX_POINT('',#2291);
#2294=CARTESIAN_POINT('',(-7.E1,-6.769958448259E1,-1.97E1));
#2295=VERTEX_POINT('',#2294);
#2296=CARTESIAN_POINT('',(-7.E1,-6.769958448259E1,-2.47E1));
#2297=VERTEX_POINT('',#2296);
#2298=CARTESIAN_POINT('',(2.2E1,-6.869958445944E1,-8.300000009261E0));
#2299=VERTEX_POINT('',#2298);
#2300=CARTESIAN_POINT('',(2.2E1,-7.019958448259E1,-8.300000002315E0));
#2301=VERTEX_POINT('',#2300);
#2302=CARTESIAN_POINT('',(1.05E2,-6.769958448255E1,-9.300000000107E0));
#2303=CARTESIAN_POINT('',(1.05E2,-6.869958448215E1,-8.300000000176E0));
#2304=VERTEX_POINT('',#2302);
#2305=VERTEX_POINT('',#2303);
#2306=CARTESIAN_POINT('',(1.05E2,-7.019958448259E1,-8.300000000044E0));
#2307=VERTEX_POINT('',#2306);
#2308=CARTESIAN_POINT('',(1.250000000135E2,-6.769958448257E1,
-9.300000000053E0));
#2309=VERTEX_POINT('',#2308);
#2310=CARTESIAN_POINT('',(1.250000000148E2,-6.869958448228E1,
-8.300000000132E0));
#2311=VERTEX_POINT('',#2310);
#2312=CARTESIAN_POINT('',(1.135000000103E2,-6.769958448259E1,-1.97E1));
#2313=CARTESIAN_POINT('',(1.225000000103E2,-6.769958448259E1,-1.97E1));
#2314=VERTEX_POINT('',#2312);
#2315=VERTEX_POINT('',#2313);
#2316=CARTESIAN_POINT('',(1.225000000103E2,-6.769958448259E1,-2.47E1));
#2317=VERTEX_POINT('',#2316);
#2318=CARTESIAN_POINT('',(1.135000000103E2,-6.769958448259E1,-2.47E1));
#2319=VERTEX_POINT('',#2318);
#2320=CARTESIAN_POINT('',(1.275000000103E2,-6.519958448396E1,-9.3E0));
#2321=VERTEX_POINT('',#2320);
#2322=CARTESIAN_POINT('',(1.285000000101E2,-6.519958448261E1,
-8.300000000075E0));
#2323=VERTEX_POINT('',#2322);
#2324=CARTESIAN_POINT('',(1.275000000103E2,6.400000000438E1,-9.300000000060E0));
#2325=VERTEX_POINT('',#2324);
#2326=CARTESIAN_POINT('',(1.285000000101E2,6.400000000560E1,-8.300000000075E0));
#2327=VERTEX_POINT('',#2326);
#2328=CARTESIAN_POINT('',(1.275000000103E2,3.9E0,-2.47E1));
#2329=CARTESIAN_POINT('',(1.275000000103E2,3.9E0,-1.97E1));
#2330=VERTEX_POINT('',#2328);
#2331=VERTEX_POINT('',#2329);
#2332=CARTESIAN_POINT('',(1.275000000103E2,-5.1E0,-2.47E1));
#2333=VERTEX_POINT('',#2332);
#2334=CARTESIAN_POINT('',(1.275000000103E2,-5.1E0,-1.97E1));
#2335=VERTEX_POINT('',#2334);
#2336=CARTESIAN_POINT('',(1.250000000116E2,6.65E1,-9.3E0));
#2337=VERTEX_POINT('',#2336);
#2338=CARTESIAN_POINT('',(1.250000000111E2,6.749999999982E1,-8.300000000077E0));
#2339=VERTEX_POINT('',#2338);
#2340=CARTESIAN_POINT('',(-6.499999999413E1,6.649999999998E1,
-9.300000000053E0));
#2341=VERTEX_POINT('',#2340);
#2342=CARTESIAN_POINT('',(-6.499999999541E1,6.749999999982E1,
-8.300000000077E0));
#2343=VERTEX_POINT('',#2342);
#2344=CARTESIAN_POINT('',(1.400000001030E1,6.65E1,-1.97E1));
#2345=CARTESIAN_POINT('',(1.400000001030E1,6.65E1,-2.47E1));
#2346=VERTEX_POINT('',#2344);
#2347=VERTEX_POINT('',#2345);
#2348=CARTESIAN_POINT('',(2.300000001030E1,6.65E1,-2.47E1));
#2349=VERTEX_POINT('',#2348);
#2350=CARTESIAN_POINT('',(2.300000001030E1,6.65E1,-1.97E1));
#2351=VERTEX_POINT('',#2350);
#2352=CARTESIAN_POINT('',(3.55E1,6.65E1,-3.16E1));
#2353=CARTESIAN_POINT('',(3.55E1,6.65E1,-1.96E1));
#2354=VERTEX_POINT('',#2352);
#2355=VERTEX_POINT('',#2353);
#2356=CARTESIAN_POINT('',(4.85E1,6.65E1,-3.16E1));
#2357=VERTEX_POINT('',#2356);
#2358=CARTESIAN_POINT('',(4.85E1,6.65E1,-1.96E1));
#2359=VERTEX_POINT('',#2358);
#2360=CARTESIAN_POINT('',(1.225000000103E2,6.65E1,-2.47E1));
#2361=CARTESIAN_POINT('',(1.135000000103E2,6.65E1,-2.47E1));
#2362=VERTEX_POINT('',#2360);
#2363=VERTEX_POINT('',#2361);
#2364=CARTESIAN_POINT('',(1.225000000103E2,6.65E1,-1.97E1));
#2365=VERTEX_POINT('',#2364);
#2366=CARTESIAN_POINT('',(1.135000000103E2,6.65E1,-1.97E1));
#2367=VERTEX_POINT('',#2366);
#2368=CARTESIAN_POINT('',(-6.749999998973E1,6.4E1,-9.3E0));
#2369=VERTEX_POINT('',#2368);
#2370=CARTESIAN_POINT('',(-6.849999999080E1,6.399999999358E1,
-8.299999999540E0));
#2371=VERTEX_POINT('',#2370);
#2372=CARTESIAN_POINT('',(-6.749999998997E1,2.080000000307E1,
-9.299999999428E0));
#2373=VERTEX_POINT('',#2372);
#2374=CARTESIAN_POINT('',(-6.849999999080E1,2.079999999087E1,
-8.299999999540E0));
#2375=VERTEX_POINT('',#2374);
#2376=CARTESIAN_POINT('',(-6.749999998973E1,5.3E1,-2.47E1));
#2377=CARTESIAN_POINT('',(-6.749999998973E1,6.2E1,-2.47E1));
#2378=VERTEX_POINT('',#2376);
#2379=VERTEX_POINT('',#2377);
#2380=CARTESIAN_POINT('',(-6.749999998973E1,6.2E1,-1.97E1));
#2381=VERTEX_POINT('',#2380);
#2382=CARTESIAN_POINT('',(-6.749999998973E1,5.3E1,-1.97E1));
#2383=VERTEX_POINT('',#2382);
#2384=CARTESIAN_POINT('',(-7.249999998856E1,1.58E1,-9.3E0));
#2385=VERTEX_POINT('',#2384);
#2386=CARTESIAN_POINT('',(-7.249999997695E1,1.680000000095E1,
-8.299999999593E0));
#2387=VERTEX_POINT('',#2386);
#2388=CARTESIAN_POINT('',(-1.069999999927E2,1.580000000023E1,
-9.299999999464E0));
#2389=VERTEX_POINT('',#2388);
#2390=CARTESIAN_POINT('',(-1.069999999830E2,1.680000000095E1,
-8.299999999593E0));
#2391=VERTEX_POINT('',#2390);
#2392=CARTESIAN_POINT('',(-1.094999999897E2,1.33E1,-9.3E0));
#2393=VERTEX_POINT('',#2392);
#2394=CARTESIAN_POINT('',(-1.104999999665E2,1.330000013395E1,
-8.300000009952E0));
#2395=VERTEX_POINT('',#2394);
#2396=CARTESIAN_POINT('',(-1.094999999867E2,-5.015008999544E1,
-9.300000007002E0));
#2397=VERTEX_POINT('',#2396);
#2398=CARTESIAN_POINT('',(-1.104999999665E2,-5.015009036109E1,
-8.300000009952E0));
#2399=VERTEX_POINT('',#2398);
#2400=CARTESIAN_POINT('',(-1.094999999897E2,3.9E0,-1.97E1));
#2401=CARTESIAN_POINT('',(-1.094999999897E2,3.9E0,-2.47E1));
#2402=VERTEX_POINT('',#2400);
#2403=VERTEX_POINT('',#2401);
#2404=CARTESIAN_POINT('',(-1.094999999897E2,-5.1E0,-1.97E1));
#2405=VERTEX_POINT('',#2404);
#2406=CARTESIAN_POINT('',(-1.094999999897E2,-5.1E0,-2.47E1));
#2407=VERTEX_POINT('',#2406);
#2408=CARTESIAN_POINT('',(-9.195050505311E1,-7.019958448259E1,-8.3E0));
#2409=VERTEX_POINT('',#2408);
#2410=CARTESIAN_POINT('',(-9.548603895884E1,-6.873511838872E1,-8.3E0));
#2411=VERTEX_POINT('',#2410);
#2412=CARTESIAN_POINT('',(-1.105355338956E2,-5.368562345191E1,-8.3E0));
#2413=VERTEX_POINT('',#2412);
#2414=CARTESIAN_POINT('',(-1.119999999897E2,-5.015008954597E1,-8.3E0));
#2415=VERTEX_POINT('',#2414);
#2416=CARTESIAN_POINT('',(-1.119999999897E2,1.33E1,-8.3E0));
#2417=VERTEX_POINT('',#2416);
#2418=CARTESIAN_POINT('',(-1.069999999897E2,1.83E1,-8.3E0));
#2419=VERTEX_POINT('',#2418);
#2420=CARTESIAN_POINT('',(-7.249999998973E1,1.83E1,-8.3E0));
#2421=VERTEX_POINT('',#2420);
#2422=CARTESIAN_POINT('',(-6.999999998973E1,2.08E1,-8.3E0));
#2423=VERTEX_POINT('',#2422);
#2424=CARTESIAN_POINT('',(-6.999999998973E1,6.4E1,-8.3E0));
#2425=VERTEX_POINT('',#2424);
#2426=CARTESIAN_POINT('',(-6.499999998973E1,6.9E1,-8.3E0));
#2427=VERTEX_POINT('',#2426);
#2428=CARTESIAN_POINT('',(1.250000000103E2,6.9E1,-8.3E0));
#2429=VERTEX_POINT('',#2428);
#2430=CARTESIAN_POINT('',(1.300000000103E2,6.4E1,-8.3E0));
#2431=VERTEX_POINT('',#2430);
#2432=CARTESIAN_POINT('',(1.300000000103E2,-6.519958448259E1,-8.3E0));
#2433=VERTEX_POINT('',#2432);
#2434=CARTESIAN_POINT('',(1.250000000103E2,-7.019958448259E1,-8.3E0));
#2435=VERTEX_POINT('',#2434);
#2436=CARTESIAN_POINT('',(8.000000010300E0,-7.019958448259E1,-2.82E1));
#2437=CARTESIAN_POINT('',(-9.195050505311E1,-7.019958448259E1,-2.82E1));
#2438=VERTEX_POINT('',#2436);
#2439=VERTEX_POINT('',#2437);
#2440=CARTESIAN_POINT('',(-7.9E1,-7.019958448259E1,-1.97E1));
#2441=CARTESIAN_POINT('',(-7.9E1,-7.019958448259E1,-2.47E1));
#2442=VERTEX_POINT('',#2440);
#2443=VERTEX_POINT('',#2441);
#2444=CARTESIAN_POINT('',(-7.E1,-7.019958448259E1,-2.47E1));
#2445=VERTEX_POINT('',#2444);
#2446=CARTESIAN_POINT('',(-7.E1,-7.019958448259E1,-1.97E1));
#2447=VERTEX_POINT('',#2446);
#2448=CARTESIAN_POINT('',(-6.499999998973E1,6.9E1,-2.82E1));
#2449=VERTEX_POINT('',#2448);
#2450=CARTESIAN_POINT('',(8.000000010300E0,6.9E1,-2.82E1));
#2451=VERTEX_POINT('',#2450);
#2452=CARTESIAN_POINT('',(1.400000001030E1,6.9E1,-2.47E1));
#2453=CARTESIAN_POINT('',(1.400000001030E1,6.9E1,-1.97E1));
#2454=VERTEX_POINT('',#2452);
#2455=VERTEX_POINT('',#2453);
#2456=CARTESIAN_POINT('',(2.300000001030E1,6.9E1,-1.97E1));
#2457=VERTEX_POINT('',#2456);
#2458=CARTESIAN_POINT('',(2.300000001030E1,6.9E1,-2.47E1));
#2459=VERTEX_POINT('',#2458);
#2460=CARTESIAN_POINT('',(3.55E1,6.9E1,-3.16E1));
#2461=CARTESIAN_POINT('',(3.55E1,6.9E1,-1.96E1));
#2462=VERTEX_POINT('',#2460);
#2463=VERTEX_POINT('',#2461);
#2464=CARTESIAN_POINT('',(4.85E1,6.9E1,-1.96E1));
#2465=VERTEX_POINT('',#2464);
#2466=CARTESIAN_POINT('',(4.85E1,6.9E1,-3.16E1));
#2467=VERTEX_POINT('',#2466);
#2468=CARTESIAN_POINT('',(1.135000000103E2,6.9E1,-1.97E1));
#2469=CARTESIAN_POINT('',(1.135000000103E2,6.9E1,-2.47E1));
#2470=VERTEX_POINT('',#2468);
#2471=VERTEX_POINT('',#2469);
#2472=CARTESIAN_POINT('',(1.225000000103E2,6.9E1,-1.97E1));
#2473=VERTEX_POINT('',#2472);
#2474=CARTESIAN_POINT('',(1.225000000103E2,6.9E1,-2.47E1));
#2475=VERTEX_POINT('',#2474);
#2476=CARTESIAN_POINT('',(-6.999999998973E1,6.4E1,-2.82E1));
#2477=VERTEX_POINT('',#2476);
#2478=CARTESIAN_POINT('',(-6.999999998973E1,2.08E1,-2.82E1));
#2479=VERTEX_POINT('',#2478);
#2480=CARTESIAN_POINT('',(-6.999999998973E1,6.2E1,-2.47E1));
#2481=CARTESIAN_POINT('',(-6.999999998973E1,5.3E1,-2.47E1));
#2482=VERTEX_POINT('',#2480);
#2483=VERTEX_POINT('',#2481);
#2484=CARTESIAN_POINT('',(-6.999999998973E1,5.3E1,-1.97E1));
#2485=VERTEX_POINT('',#2484);
#2486=CARTESIAN_POINT('',(-6.999999998973E1,6.2E1,-1.97E1));
#2487=VERTEX_POINT('',#2486);
#2488=CARTESIAN_POINT('',(-7.249999998973E1,1.83E1,-2.82E1));
#2489=VERTEX_POINT('',#2488);
#2490=CARTESIAN_POINT('',(-1.069999999899E2,1.83E1,-2.82E1));
#2491=VERTEX_POINT('',#2490);
#2492=CARTESIAN_POINT('',(-1.119999999897E2,1.33E1,-2.82E1));
#2493=VERTEX_POINT('',#2492);
#2494=CARTESIAN_POINT('',(-1.119999999897E2,-5.015008954597E1,-2.82E1));
#2495=VERTEX_POINT('',#2494);
#2496=CARTESIAN_POINT('',(-1.119999999897E2,-5.1E0,-2.47E1));
#2497=CARTESIAN_POINT('',(-1.119999999897E2,3.9E0,-2.47E1));
#2498=VERTEX_POINT('',#2496);
#2499=VERTEX_POINT('',#2497);
#2500=CARTESIAN_POINT('',(-1.119999999897E2,-5.1E0,-1.97E1));
#2501=VERTEX_POINT('',#2500);
#2502=CARTESIAN_POINT('',(-1.119999999897E2,3.9E0,-1.97E1));
#2503=VERTEX_POINT('',#2502);
#2504=CARTESIAN_POINT('',(-1.105355338956E2,-5.368562345198E1,-2.82E1));
#2505=VERTEX_POINT('',#2504);
#2506=CARTESIAN_POINT('',(-9.548603895907E1,-6.873511838849E1,-2.82E1));
#2507=VERTEX_POINT('',#2506);
#2508=CARTESIAN_POINT('',(1.300000000103E2,-5.1E0,-1.97E1));
#2509=CARTESIAN_POINT('',(1.300000000103E2,3.9E0,-1.97E1));
#2510=VERTEX_POINT('',#2508);
#2511=VERTEX_POINT('',#2509);
#2512=CARTESIAN_POINT('',(1.300000000103E2,-5.1E0,-2.47E1));
#2513=VERTEX_POINT('',#2512);
#2514=CARTESIAN_POINT('',(1.300000000103E2,3.9E0,-2.47E1));
#2515=VERTEX_POINT('',#2514);
#2516=CARTESIAN_POINT('',(1.135000000103E2,-7.019958448259E1,-2.47E1));
#2517=CARTESIAN_POINT('',(1.135000000103E2,-7.019958448259E1,-1.97E1));
#2518=VERTEX_POINT('',#2516);
#2519=VERTEX_POINT('',#2517);
#2520=CARTESIAN_POINT('',(1.225000000103E2,-7.019958448259E1,-2.47E1));
#2521=VERTEX_POINT('',#2520);
#2522=CARTESIAN_POINT('',(1.225000000103E2,-7.019958448259E1,-1.97E1));
#2523=VERTEX_POINT('',#2522);
#2524=CARTESIAN_POINT('',(-9.649999998970E1,-5.219958448259E1,-2.57E1));
#2525=CARTESIAN_POINT('',(-1.014999999897E2,-5.219958448259E1,-2.57E1));
#2526=VERTEX_POINT('',#2524);
#2527=VERTEX_POINT('',#2525);
#2528=CARTESIAN_POINT('',(-1.014999999897E2,-5.219958448259E1,-2.82E1));
#2529=CARTESIAN_POINT('',(-9.649999998970E1,-5.219958448259E1,-2.82E1));
#2530=VERTEX_POINT('',#2528);
#2531=VERTEX_POINT('',#2529);
#2532=CARTESIAN_POINT('',(9.75E1,5.7E1,-4.02E1));
#2533=CARTESIAN_POINT('',(9.45E1,5.4E1,-4.02E1));
#2534=VERTEX_POINT('',#2532);
#2535=VERTEX_POINT('',#2533);
#2536=CARTESIAN_POINT('',(5.55E1,5.4E1,-4.02E1));
#2537=VERTEX_POINT('',#2536);
#2538=CARTESIAN_POINT('',(5.25E1,5.7E1,-4.02E1));
#2539=VERTEX_POINT('',#2538);
#2540=CARTESIAN_POINT('',(9.75E1,5.7E1,-3.92E1));
#2541=VERTEX_POINT('',#2540);
#2542=CARTESIAN_POINT('',(9.45E1,5.4E1,-3.92E1));
#2543=VERTEX_POINT('',#2542);
#2544=CARTESIAN_POINT('',(5.25E1,5.7E1,-3.92E1));
#2545=CARTESIAN_POINT('',(5.55E1,5.4E1,-3.92E1));
#2546=VERTEX_POINT('',#2544);
#2547=VERTEX_POINT('',#2545);
#2548=CARTESIAN_POINT('',(7.3E1,6.05E1,-3.92E1));
#2549=CARTESIAN_POINT('',(7.7E1,6.05E1,-3.92E1));
#2550=VERTEX_POINT('',#2548);
#2551=VERTEX_POINT('',#2549);
#2552=CARTESIAN_POINT('',(2.2E1,-5.839852408453E1,-4.02E1));
#2553=CARTESIAN_POINT('',(2.2E1,-7.019958448259E1,-4.02E1));
#2554=VERTEX_POINT('',#2552);
#2555=VERTEX_POINT('',#2553);
#2556=CARTESIAN_POINT('',(1.05E2,-5.839852408453E1,-4.02E1));
#2557=CARTESIAN_POINT('',(1.05E2,-7.019958448259E1,-4.02E1));
#2558=VERTEX_POINT('',#2556);
#2559=VERTEX_POINT('',#2557);
#2560=CARTESIAN_POINT('',(8.000000010300E0,-7.019958448259E1,-4.02E1));
#2561=VERTEX_POINT('',#2560);
#2562=CARTESIAN_POINT('',(9.75E1,6.9E1,-4.02E1));
#2563=VERTEX_POINT('',#2562);
#2564=CARTESIAN_POINT('',(5.25E1,6.9E1,-4.02E1));
#2565=VERTEX_POINT('',#2564);
#2566=CARTESIAN_POINT('',(8.000000010300E0,6.9E1,-4.02E1));
#2567=VERTEX_POINT('',#2566);
#2568=CARTESIAN_POINT('',(1.250000000103E2,-7.019958448259E1,-4.02E1));
#2569=VERTEX_POINT('',#2568);
#2570=CARTESIAN_POINT('',(1.300000000103E2,-6.519958448259E1,-4.02E1));
#2571=VERTEX_POINT('',#2570);
#2572=CARTESIAN_POINT('',(1.300000000103E2,6.4E1,-4.02E1));
#2573=VERTEX_POINT('',#2572);
#2574=CARTESIAN_POINT('',(1.250000000103E2,6.9E1,-4.02E1));
#2575=VERTEX_POINT('',#2574);
#2576=CARTESIAN_POINT('',(1.E2,6.100041551741E1,-4.02E1));
#2577=CARTESIAN_POINT('',(1.05E2,6.100041551741E1,-4.02E1));
#2578=VERTEX_POINT('',#2576);
#2579=VERTEX_POINT('',#2577);
#2580=CARTESIAN_POINT('',(2.5E1,6.100041551741E1,-4.02E1));
#2581=CARTESIAN_POINT('',(3.E1,6.100041551741E1,-4.02E1));
#2582=VERTEX_POINT('',#2580);
#2583=VERTEX_POINT('',#2581);
#2584=CARTESIAN_POINT('',(2.5E1,-3.699958448259E1,-4.02E1));
#2585=CARTESIAN_POINT('',(3.E1,-3.699958448259E1,-4.02E1));
#2586=VERTEX_POINT('',#2584);
#2587=VERTEX_POINT('',#2585);
#2588=CARTESIAN_POINT('',(1.E2,-3.699958448259E1,-4.02E1));
#2589=CARTESIAN_POINT('',(1.05E2,-3.699958448259E1,-4.02E1));
#2590=VERTEX_POINT('',#2588);
#2591=VERTEX_POINT('',#2589);
#2592=CARTESIAN_POINT('',(1.15E2,-3.699958448259E1,-4.02E1));
#2593=CARTESIAN_POINT('',(1.2E2,-3.699958448259E1,-4.02E1));
#2594=VERTEX_POINT('',#2592);
#2595=VERTEX_POINT('',#2593);
#2596=CARTESIAN_POINT('',(9.75E1,6.9E1,-3.92E1));
#2597=VERTEX_POINT('',#2596);
#2598=CARTESIAN_POINT('',(5.25E1,6.9E1,-3.92E1));
#2599=VERTEX_POINT('',#2598);
#2600=CARTESIAN_POINT('',(1.050000001030E1,-6.769958448259E1,-3.77E1));
#2601=CARTESIAN_POINT('',(1.050000001030E1,6.65E1,-3.77E1));
#2602=VERTEX_POINT('',#2600);
#2603=VERTEX_POINT('',#2601);
#2604=CARTESIAN_POINT('',(2.2E1,-6.769958448259E1,-3.77E1));
#2605=VERTEX_POINT('',#2604);
#2606=CARTESIAN_POINT('',(2.2E1,-5.839852408453E1,-3.77E1));
#2607=VERTEX_POINT('',#2606);
#2608=CARTESIAN_POINT('',(1.05E2,-5.839852408453E1,-3.77E1));
#2609=CARTESIAN_POINT('',(1.05E2,-6.769958448259E1,-3.77E1));
#2610=VERTEX_POINT('',#2608);
#2611=VERTEX_POINT('',#2609);
#2612=CARTESIAN_POINT('',(1.250000000103E2,6.65E1,-3.77E1));
#2613=CARTESIAN_POINT('',(1.275000000103E2,6.4E1,-3.77E1));
#2614=VERTEX_POINT('',#2612);
#2615=VERTEX_POINT('',#2613);
#2616=CARTESIAN_POINT('',(1.275000000103E2,-6.519958448259E1,-3.77E1));
#2617=VERTEX_POINT('',#2616);
#2618=CARTESIAN_POINT('',(1.250000000103E2,-6.769958448259E1,-3.77E1));
#2619=VERTEX_POINT('',#2618);
#2620=CARTESIAN_POINT('',(1.05E2,-3.699958448259E1,-3.77E1));
#2621=CARTESIAN_POINT('',(1.E2,-3.699958448259E1,-3.77E1));
#2622=VERTEX_POINT('',#2620);
#2623=VERTEX_POINT('',#2621);
#2624=CARTESIAN_POINT('',(1.05E2,6.100041551741E1,-3.77E1));
#2625=CARTESIAN_POINT('',(1.E2,6.100041551741E1,-3.77E1));
#2626=VERTEX_POINT('',#2624);
#2627=VERTEX_POINT('',#2625);
#2628=CARTESIAN_POINT('',(3.E1,6.100041551741E1,-3.77E1));
#2629=CARTESIAN_POINT('',(2.5E1,6.100041551741E1,-3.77E1));
#2630=VERTEX_POINT('',#2628);
#2631=VERTEX_POINT('',#2629);
#2632=CARTESIAN_POINT('',(3.E1,-3.699958448259E1,-3.77E1));
#2633=CARTESIAN_POINT('',(2.5E1,-3.699958448259E1,-3.77E1));
#2634=VERTEX_POINT('',#2632);
#2635=VERTEX_POINT('',#2633);
#2636=CARTESIAN_POINT('',(1.2E2,-3.699958448259E1,-3.77E1));
#2637=CARTESIAN_POINT('',(1.15E2,-3.699958448259E1,-3.77E1));
#2638=VERTEX_POINT('',#2636);
#2639=VERTEX_POINT('',#2637);
#2640=CARTESIAN_POINT('',(7.7E1,6.05E1,-3.77E1));
#2641=CARTESIAN_POINT('',(7.3E1,6.05E1,-3.77E1));
#2642=VERTEX_POINT('',#2640);
#2643=VERTEX_POINT('',#2641);
#2644=CARTESIAN_POINT('',(8.85E1,6.65E1,-3.25E1));
#2645=CARTESIAN_POINT('',(8.85E1,6.65E1,-3.77E1));
#2646=VERTEX_POINT('',#2644);
#2647=VERTEX_POINT('',#2645);
#2648=CARTESIAN_POINT('',(8.45E1,6.65E1,-3.77E1));
#2649=CARTESIAN_POINT('',(8.45E1,6.65E1,-3.25E1));
#2650=VERTEX_POINT('',#2648);
#2651=VERTEX_POINT('',#2649);
#2652=CARTESIAN_POINT('',(6.55E1,6.65E1,-3.25E1));
#2653=CARTESIAN_POINT('',(6.55E1,6.65E1,-3.77E1));
#2654=VERTEX_POINT('',#2652);
#2655=VERTEX_POINT('',#2653);
#2656=CARTESIAN_POINT('',(6.15E1,6.65E1,-3.77E1));
#2657=CARTESIAN_POINT('',(6.15E1,6.65E1,-3.25E1));
#2658=VERTEX_POINT('',#2656);
#2659=VERTEX_POINT('',#2657);
#2660=CARTESIAN_POINT('',(8.85E1,6.9E1,-3.25E1));
#2661=CARTESIAN_POINT('',(8.85E1,6.9E1,-3.92E1));
#2662=VERTEX_POINT('',#2660);
#2663=VERTEX_POINT('',#2661);
#2664=CARTESIAN_POINT('',(8.45E1,6.9E1,-3.92E1));
#2665=CARTESIAN_POINT('',(8.45E1,6.9E1,-3.25E1));
#2666=VERTEX_POINT('',#2664);
#2667=VERTEX_POINT('',#2665);
#2668=CARTESIAN_POINT('',(6.55E1,6.9E1,-3.25E1));
#2669=CARTESIAN_POINT('',(6.55E1,6.9E1,-3.92E1));
#2670=VERTEX_POINT('',#2668);
#2671=VERTEX_POINT('',#2669);
#2672=CARTESIAN_POINT('',(6.15E1,6.9E1,-3.92E1));
#2673=CARTESIAN_POINT('',(6.15E1,6.9E1,-3.25E1));
#2674=VERTEX_POINT('',#2672);
#2675=VERTEX_POINT('',#2673);
#2676=CARTESIAN_POINT('',(8.85E1,6.45E1,-3.92E1));
#2677=VERTEX_POINT('',#2676);
#2678=CARTESIAN_POINT('',(8.45E1,6.45E1,-3.92E1));
#2679=VERTEX_POINT('',#2678);
#2680=CARTESIAN_POINT('',(6.55E1,6.45E1,-3.92E1));
#2681=VERTEX_POINT('',#2680);
#2682=CARTESIAN_POINT('',(6.15E1,6.45E1,-3.92E1));
#2683=VERTEX_POINT('',#2682);
#2684=CARTESIAN_POINT('',(8.85E1,6.45E1,-3.77E1));
#2685=VERTEX_POINT('',#2684);
#2686=CARTESIAN_POINT('',(8.45E1,6.45E1,-3.77E1));
#2687=VERTEX_POINT('',#2686);
#2688=CARTESIAN_POINT('',(6.55E1,6.45E1,-3.77E1));
#2689=VERTEX_POINT('',#2688);
#2690=CARTESIAN_POINT('',(6.15E1,6.45E1,-3.77E1));
#2691=VERTEX_POINT('',#2690);
#2692=CARTESIAN_POINT('',(7.16E1,6.65E1,-2.73E1));
#2693=CARTESIAN_POINT('',(5.54E1,6.65E1,-2.73E1));
#2694=VERTEX_POINT('',#2692);
#2695=VERTEX_POINT('',#2693);
#2696=CARTESIAN_POINT('',(5.54E1,6.65E1,-2.022E1));
#2697=VERTEX_POINT('',#2696);
#2698=CARTESIAN_POINT('',(7.16E1,6.65E1,-2.022E1));
#2699=VERTEX_POINT('',#2698);
#2700=CARTESIAN_POINT('',(7.16E1,6.9E1,-2.73E1));
#2701=CARTESIAN_POINT('',(5.54E1,6.9E1,-2.73E1));
#2702=VERTEX_POINT('',#2700);
#2703=VERTEX_POINT('',#2701);
#2704=CARTESIAN_POINT('',(5.54E1,6.9E1,-2.022E1));
#2705=VERTEX_POINT('',#2704);
#2706=CARTESIAN_POINT('',(7.16E1,6.9E1,-2.022E1));
#2707=VERTEX_POINT('',#2706);
#2708=CARTESIAN_POINT('',(9.46E1,6.65E1,-2.73E1));
#2709=CARTESIAN_POINT('',(7.84E1,6.65E1,-2.73E1));
#2710=VERTEX_POINT('',#2708);
#2711=VERTEX_POINT('',#2709);
#2712=CARTESIAN_POINT('',(7.84E1,6.65E1,-2.022E1));
#2713=VERTEX_POINT('',#2712);
#2714=CARTESIAN_POINT('',(9.46E1,6.65E1,-2.022E1));
#2715=VERTEX_POINT('',#2714);
#2716=CARTESIAN_POINT('',(9.46E1,6.9E1,-2.73E1));
#2717=CARTESIAN_POINT('',(7.84E1,6.9E1,-2.73E1));
#2718=VERTEX_POINT('',#2716);
#2719=VERTEX_POINT('',#2717);
#2720=CARTESIAN_POINT('',(7.84E1,6.9E1,-2.022E1));
#2721=VERTEX_POINT('',#2720);
#2722=CARTESIAN_POINT('',(9.46E1,6.9E1,-2.022E1));
#2723=VERTEX_POINT('',#2722);
#2724=CARTESIAN_POINT('',(-7.999999999999E1,-6.769958448259E1,
-1.370000000317E1));
#2725=CARTESIAN_POINT('',(-8.399999999999E1,-6.769958448259E1,-1.37E1));
#2726=VERTEX_POINT('',#2724);
#2727=VERTEX_POINT('',#2725);
#2728=CARTESIAN_POINT('',(-4.799999999999E1,-6.769958448259E1,
-1.370000000317E1));
#2729=CARTESIAN_POINT('',(-5.199999999999E1,-6.769958448259E1,-1.37E1));
#2730=VERTEX_POINT('',#2728);
#2731=VERTEX_POINT('',#2729);
#2732=CARTESIAN_POINT('',(9.000000000005E0,-6.769958448259E1,
-1.370000000317E1));
#2733=CARTESIAN_POINT('',(5.000000000005E0,-6.769958448259E1,-1.37E1));
#2734=VERTEX_POINT('',#2732);
#2735=VERTEX_POINT('',#2733);
#2736=CARTESIAN_POINT('',(1.185000000103E2,-6.769958448259E1,
-1.370000000317E1));
#2737=CARTESIAN_POINT('',(1.145000000103E2,-6.769958448259E1,-1.37E1));
#2738=VERTEX_POINT('',#2736);
#2739=VERTEX_POINT('',#2737);
#2740=CARTESIAN_POINT('',(1.275000000103E2,-4.800000000001E1,
-1.370000000317E1));
#2741=CARTESIAN_POINT('',(1.275000000103E2,-5.200000000001E1,-1.37E1));
#2742=VERTEX_POINT('',#2740);
#2743=VERTEX_POINT('',#2741);
#2744=CARTESIAN_POINT('',(1.275000000103E2,1.999999999994E0,-1.370000000317E1));
#2745=CARTESIAN_POINT('',(1.275000000103E2,-2.000000000006E0,-1.37E1));
#2746=VERTEX_POINT('',#2744);
#2747=VERTEX_POINT('',#2745);
#2748=CARTESIAN_POINT('',(1.275000000103E2,5.199999999999E1,-1.370000000317E1));
#2749=CARTESIAN_POINT('',(1.275000000103E2,4.799999999999E1,-1.37E1));
#2750=VERTEX_POINT('',#2748);
#2751=VERTEX_POINT('',#2749);
#2752=CARTESIAN_POINT('',(1.129461384706E2,6.65E1,-1.370000000317E1));
#2753=CARTESIAN_POINT('',(1.169461384706E2,6.65E1,-1.37E1));
#2754=VERTEX_POINT('',#2752);
#2755=VERTEX_POINT('',#2753);
#2756=CARTESIAN_POINT('',(9.000000000005E0,6.65E1,-1.370000000495E1));
#2757=CARTESIAN_POINT('',(5.000000000005E0,6.65E1,-1.37E1));
#2758=VERTEX_POINT('',#2756);
#2759=VERTEX_POINT('',#2757);
#2760=CARTESIAN_POINT('',(-1.094999999897E2,-2.619999999999E1,
-1.369999999570E1));
#2761=CARTESIAN_POINT('',(-1.094999999897E2,-3.019999999999E1,-1.37E1));
#2762=VERTEX_POINT('',#2760);
#2763=VERTEX_POINT('',#2761);
#2764=CARTESIAN_POINT('',(-1.094999999897E2,5.800000000010E0,
-1.370000000104E1));
#2765=CARTESIAN_POINT('',(-1.094999999897E2,1.800000000010E0,-1.37E1));
#2766=VERTEX_POINT('',#2764);
#2767=VERTEX_POINT('',#2765);
#2768=CARTESIAN_POINT('',(-5.249999998970E1,6.65E1,-1.37E1));
#2769=CARTESIAN_POINT('',(-4.849999998970E1,6.65E1,-1.37E1));
#2770=VERTEX_POINT('',#2768);
#2771=VERTEX_POINT('',#2769);
#2772=CARTESIAN_POINT('',(-9.329999998973E1,1.58E1,-1.37E1));
#2773=CARTESIAN_POINT('',(-8.929999998973E1,1.58E1,-1.37E1));
#2774=VERTEX_POINT('',#2772);
#2775=VERTEX_POINT('',#2773);
#2776=CARTESIAN_POINT('',(1.129976114210E2,-7.019958448259E1,
-1.369999999462E1));
#2777=CARTESIAN_POINT('',(1.200023885996E2,-7.019958448259E1,
-1.370000000623E1));
#2778=VERTEX_POINT('',#2776);
#2779=VERTEX_POINT('',#2777);
#2780=CARTESIAN_POINT('',(1.145000000103E2,-6.919799208974E1,-1.37E1));
#2781=VERTEX_POINT('',#2780);
#2782=CARTESIAN_POINT('',(1.185000000103E2,-6.919799208974E1,
-1.370000000317E1));
#2783=VERTEX_POINT('',#2782);
#2784=CARTESIAN_POINT('',(-1.119999999897E2,-3.170238858924E1,
-1.370000001036E1));
#2785=CARTESIAN_POINT('',(-1.119999999897E2,-2.469761141074E1,
-1.369999998901E1));
#2786=VERTEX_POINT('',#2784);
#2787=VERTEX_POINT('',#2785);
#2788=CARTESIAN_POINT('',(-1.119999999897E2,7.302388589288E0,
-1.370000000267E1));
#2789=CARTESIAN_POINT('',(-1.119999999897E2,2.976114107315E-1,
-1.369999999729E1));
#2790=VERTEX_POINT('',#2788);
#2791=VERTEX_POINT('',#2789);
#2792=CARTESIAN_POINT('',(1.114437498813E2,6.9E1,-1.370000000623E1));
#2793=CARTESIAN_POINT('',(1.184485270599E2,6.9E1,-1.369999999462E1));
#2794=VERTEX_POINT('',#2792);
#2795=VERTEX_POINT('',#2793);
#2796=CARTESIAN_POINT('',(3.497611410724E0,6.9E1,-1.369999998715E1));
#2797=CARTESIAN_POINT('',(1.050238858929E1,6.9E1,-1.370000001270E1));
#2798=VERTEX_POINT('',#2796);
#2799=VERTEX_POINT('',#2797);
#2800=CARTESIAN_POINT('',(-9.480238857901E1,1.83E1,-1.369999999924E1));
#2801=CARTESIAN_POINT('',(-8.779761140045E1,1.83E1,-1.370000000063E1));
#2802=VERTEX_POINT('',#2800);
#2803=VERTEX_POINT('',#2801);
#2804=CARTESIAN_POINT('',(-5.400238857898E1,6.9E1,-1.369999999924E1));
#2805=CARTESIAN_POINT('',(-4.699761140042E1,6.9E1,-1.370000000063E1));
#2806=VERTEX_POINT('',#2804);
#2807=VERTEX_POINT('',#2805);
#2808=CARTESIAN_POINT('',(3.497611410726E0,-7.019958448259E1,
-1.369999999462E1));
#2809=CARTESIAN_POINT('',(1.050238858928E1,-7.019958448259E1,
-1.370000000623E1));
#2810=VERTEX_POINT('',#2808);
#2811=VERTEX_POINT('',#2809);
#2812=CARTESIAN_POINT('',(-5.350238858927E1,-7.019958448259E1,
-1.369999999462E1));
#2813=CARTESIAN_POINT('',(-4.649761141071E1,-7.019958448259E1,
-1.370000000623E1));
#2814=VERTEX_POINT('',#2812);
#2815=VERTEX_POINT('',#2813);
#2816=CARTESIAN_POINT('',(-8.550238858927E1,-7.019958448259E1,
-1.369999999462E1));
#2817=CARTESIAN_POINT('',(-7.849761141071E1,-7.019958448259E1,
-1.370000000623E1));
#2818=VERTEX_POINT('',#2816);
#2819=VERTEX_POINT('',#2817);
#2820=CARTESIAN_POINT('',(1.300000000103E2,-4.649761141074E1,
-1.370000000623E1));
#2821=CARTESIAN_POINT('',(1.300000000103E2,-5.350238858928E1,
-1.369999999462E1));
#2822=VERTEX_POINT('',#2820);
#2823=VERTEX_POINT('',#2821);
#2824=CARTESIAN_POINT('',(1.300000000103E2,3.502388589260E0,-1.370000000623E1));
#2825=CARTESIAN_POINT('',(1.300000000103E2,-3.502388589273E0,
-1.369999999462E1));
#2826=VERTEX_POINT('',#2824);
#2827=VERTEX_POINT('',#2825);
#2828=CARTESIAN_POINT('',(1.300000000103E2,4.649761141072E1,-1.369999999462E1));
#2829=CARTESIAN_POINT('',(1.300000000103E2,5.350238858926E1,-1.370000000623E1));
#2830=VERTEX_POINT('',#2828);
#2831=VERTEX_POINT('',#2829);
#2832=CARTESIAN_POINT('',(-1.109984075969E2,-3.019999999999E1,-1.37E1));
#2833=VERTEX_POINT('',#2832);
#2834=CARTESIAN_POINT('',(-1.109984075969E2,-2.619999999999E1,
-1.369999999570E1));
#2835=VERTEX_POINT('',#2834);
#2836=CARTESIAN_POINT('',(-1.109984075968E2,5.800000000010E0,
-1.370000000104E1));
#2837=VERTEX_POINT('',#2836);
#2838=CARTESIAN_POINT('',(-1.109984075968E2,1.800000000010E0,-1.37E1));
#2839=VERTEX_POINT('',#2838);
#2840=CARTESIAN_POINT('',(1.289984076175E2,-4.800000000001E1,
-1.370000000317E1));
#2841=VERTEX_POINT('',#2840);
#2842=CARTESIAN_POINT('',(1.289984076175E2,-5.200000000001E1,-1.37E1));
#2843=VERTEX_POINT('',#2842);
#2844=CARTESIAN_POINT('',(1.289984076175E2,1.999999999994E0,-1.370000000317E1));
#2845=VERTEX_POINT('',#2844);
#2846=CARTESIAN_POINT('',(1.289984076175E2,-2.000000000006E0,-1.37E1));
#2847=VERTEX_POINT('',#2846);
#2848=CARTESIAN_POINT('',(1.289984076175E2,4.799999999999E1,-1.37E1));
#2849=VERTEX_POINT('',#2848);
#2850=CARTESIAN_POINT('',(1.289984076175E2,5.199999999999E1,-1.370000000317E1));
#2851=VERTEX_POINT('',#2850);
#2852=CARTESIAN_POINT('',(1.129461384706E2,6.799840760715E1,-1.370000000317E1));
#2853=VERTEX_POINT('',#2852);
#2854=CARTESIAN_POINT('',(1.169461384706E2,6.799840760715E1,-1.37E1));
#2855=VERTEX_POINT('',#2854);
#2856=CARTESIAN_POINT('',(5.000000000005E0,6.799840760715E1,-1.37E1));
#2857=VERTEX_POINT('',#2856);
#2858=CARTESIAN_POINT('',(9.000000000005E0,6.799840760715E1,-1.370000000495E1));
#2859=VERTEX_POINT('',#2858);
#2860=CARTESIAN_POINT('',(5.000000000005E0,-6.919799208974E1,-1.37E1));
#2861=VERTEX_POINT('',#2860);
#2862=CARTESIAN_POINT('',(9.000000000005E0,-6.919799208974E1,
-1.370000000317E1));
#2863=VERTEX_POINT('',#2862);
#2864=CARTESIAN_POINT('',(-5.199999999999E1,-6.919799208974E1,-1.37E1));
#2865=VERTEX_POINT('',#2864);
#2866=CARTESIAN_POINT('',(-4.799999999999E1,-6.919799208974E1,
-1.370000000317E1));
#2867=VERTEX_POINT('',#2866);
#2868=CARTESIAN_POINT('',(-8.399999999999E1,-6.919799208974E1,-1.37E1));
#2869=VERTEX_POINT('',#2868);
#2870=CARTESIAN_POINT('',(-7.999999999999E1,-6.919799208974E1,
-1.370000000317E1));
#2871=VERTEX_POINT('',#2870);
#2872=CARTESIAN_POINT('',(-9.329999998973E1,1.729840760715E1,-1.37E1));
#2873=CARTESIAN_POINT('',(-8.929999998973E1,1.729840760715E1,
-1.370000000036E1));
#2874=VERTEX_POINT('',#2872);
#2875=VERTEX_POINT('',#2873);
#2876=CARTESIAN_POINT('',(-5.249999998970E1,6.799840760714E1,-1.37E1));
#2877=CARTESIAN_POINT('',(-4.849999998970E1,6.799840760714E1,
-1.370000000036E1));
#2878=VERTEX_POINT('',#2876);
#2879=VERTEX_POINT('',#2877);
#2880=CARTESIAN_POINT('',(1.85E1,-6.309958447741E1,-3.77E1));
#2881=CARTESIAN_POINT('',(1.45E1,-6.309958448258E1,-3.77E1));
#2882=VERTEX_POINT('',#2880);
#2883=VERTEX_POINT('',#2881);
#2884=CARTESIAN_POINT('',(6.55E1,-5.294905427839E1,-3.77E1));
#2885=CARTESIAN_POINT('',(6.15E1,-5.294905428356E1,-3.77E1));
#2886=VERTEX_POINT('',#2884);
#2887=VERTEX_POINT('',#2885);
#2888=CARTESIAN_POINT('',(1.125E2,-6.309958447741E1,-3.77E1));
#2889=CARTESIAN_POINT('',(1.085E2,-6.309958448258E1,-3.77E1));
#2890=VERTEX_POINT('',#2888);
#2891=VERTEX_POINT('',#2889);
#2892=CARTESIAN_POINT('',(1.140045584412E2,-6.309958447262E1,-4.02E1));
#2893=CARTESIAN_POINT('',(1.069954415588E2,-6.309958449134E1,-4.02E1));
#2894=VERTEX_POINT('',#2892);
#2895=VERTEX_POINT('',#2893);
#2896=CARTESIAN_POINT('',(1.125E2,-6.309958447690E1,-3.869544155877E1));
#2897=CARTESIAN_POINT('',(1.085E2,-6.309958448258E1,-3.869544155877E1));
#2898=VERTEX_POINT('',#2896);
#2899=VERTEX_POINT('',#2897);
#2900=CARTESIAN_POINT('',(2.000455844123E1,-6.309958447262E1,-4.02E1));
#2901=CARTESIAN_POINT('',(1.299544155877E1,-6.309958449134E1,-4.02E1));
#2902=VERTEX_POINT('',#2900);
#2903=VERTEX_POINT('',#2901);
#2904=CARTESIAN_POINT('',(1.85E1,-6.309958447690E1,-3.869544155877E1));
#2905=CARTESIAN_POINT('',(1.45E1,-6.309958448258E1,-3.869544155877E1));
#2906=VERTEX_POINT('',#2904);
#2907=VERTEX_POINT('',#2905);
#2908=CARTESIAN_POINT('',(6.700455844123E1,-5.294905427359E1,-4.02E1));
#2909=CARTESIAN_POINT('',(5.999544155877E1,-5.294905429231E1,-4.02E1));
#2910=VERTEX_POINT('',#2908);
#2911=VERTEX_POINT('',#2909);
#2912=CARTESIAN_POINT('',(6.55E1,-5.294905427787E1,-3.869544155877E1));
#2913=CARTESIAN_POINT('',(6.15E1,-5.294905428356E1,-3.869544155877E1));
#2914=VERTEX_POINT('',#2912);
#2915=VERTEX_POINT('',#2913);
#2916=CARTESIAN_POINT('',(-1.080857864274E2,-5.259983701428E1,-8.2E0));
#2917=DIRECTION('',(7.071067811865E-1,7.071067811865E-1,0.E0));
#2918=DIRECTION('',(-7.071067811865E-1,7.071067811865E-1,0.E0));
#2919=AXIS2_PLACEMENT_3D('',#2916,#2917,#2918);
#2920=PLANE('',#2919);
#2922=ORIENTED_EDGE('',*,*,#2921,.F.);
#2924=ORIENTED_EDGE('',*,*,#2923,.F.);
#2926=ORIENTED_EDGE('',*,*,#2925,.F.);
#2928=ORIENTED_EDGE('',*,*,#2927,.F.);
#2929=EDGE_LOOP('',(#2922,#2924,#2926,#2928));
#2930=FACE_OUTER_BOUND('',#2929,.F.);
#2931=ADVANCED_FACE('',(#2930),#2920,.T.);
#2932=CARTESIAN_POINT('',(-1.015965728650E2,-5.979615735787E1,
-8.800000000004E0));
#2933=DIRECTION('',(5.E-1,5.E-1,7.071067811865E-1));
#2934=DIRECTION('',(-5.E-1,-5.E-1,7.071067811866E-1));
#2935=AXIS2_PLACEMENT_3D('',#2932,#2933,#2934);
#2936=PLANE('',#2935);
#2937=ORIENTED_EDGE('',*,*,#2921,.T.);
#2939=ORIENTED_EDGE('',*,*,#2938,.F.);
#2941=ORIENTED_EDGE('',*,*,#2940,.F.);
#2943=ORIENTED_EDGE('',*,*,#2942,.F.);
#2944=EDGE_LOOP('',(#2937,#2939,#2941,#2943));
#2945=FACE_OUTER_BOUND('',#2944,.F.);
#2946=ADVANCED_FACE('',(#2945),#2936,.T.);
#2947=CARTESIAN_POINT('',(-9.195050505311E1,-6.519958448259E1,-8.8E0));
#2948=DIRECTION('',(0.E0,0.E0,1.E0));
#2949=DIRECTION('',(0.E0,-1.E0,0.E0));
#2950=AXIS2_PLACEMENT_3D('',#2947,#2948,#2949);
#2951=CONICAL_SURFACE('',#2950,3.000000000004E0,4.500000000024E1);
#2953=ORIENTED_EDGE('',*,*,#2952,.T.);
#2955=ORIENTED_EDGE('',*,*,#2954,.T.);
#2957=ORIENTED_EDGE('',*,*,#2956,.F.);
#2958=ORIENTED_EDGE('',*,*,#2938,.T.);
#2959=EDGE_LOOP('',(#2953,#2955,#2957,#2958));
#2960=FACE_OUTER_BOUND('',#2959,.F.);
#2961=ADVANCED_FACE('',(#2960),#2951,.F.);
#2962=CARTESIAN_POINT('',(-9.195050505311E1,-6.519958448259E1,
3.877026548730E1));
#2963=DIRECTION('',(0.E0,0.E0,-1.E0));
#2964=DIRECTION('',(-1.E0,0.E0,0.E0));
#2965=AXIS2_PLACEMENT_3D('',#2962,#2963,#2964);
#2966=CYLINDRICAL_SURFACE('',#2965,2.5E0);
#2967=ORIENTED_EDGE('',*,*,#2952,.F.);
#2968=ORIENTED_EDGE('',*,*,#2927,.T.);
#2970=ORIENTED_EDGE('',*,*,#2969,.F.);
#2972=ORIENTED_EDGE('',*,*,#2971,.T.);
#2973=EDGE_LOOP('',(#2967,#2968,#2970,#2972));
#2974=FACE_OUTER_BOUND('',#2973,.F.);
#2975=ADVANCED_FACE('',(#2974),#2966,.F.);
#2976=CARTESIAN_POINT('',(0.E0,0.E0,-2.57E1));
#2977=DIRECTION('',(0.E0,0.E0,-1.E0));
#2978=DIRECTION('',(-1.E0,0.E0,0.E0));
#2979=AXIS2_PLACEMENT_3D('',#2976,#2977,#2978);
#2980=PLANE('',#2979);
#2982=ORIENTED_EDGE('',*,*,#2981,.F.);
#2984=ORIENTED_EDGE('',*,*,#2983,.F.);
#2985=ORIENTED_EDGE('',*,*,#2969,.T.);
#2986=ORIENTED_EDGE('',*,*,#2925,.T.);
#2988=ORIENTED_EDGE('',*,*,#2987,.T.);
#2990=ORIENTED_EDGE('',*,*,#2989,.T.);
#2992=ORIENTED_EDGE('',*,*,#2991,.T.);
#2994=ORIENTED_EDGE('',*,*,#2993,.T.);
#2996=ORIENTED_EDGE('',*,*,#2995,.T.);
#2998=ORIENTED_EDGE('',*,*,#2997,.T.);
#3000=ORIENTED_EDGE('',*,*,#2999,.T.);
#3002=ORIENTED_EDGE('',*,*,#3001,.T.);
#3003=EDGE_LOOP('',(#2982,#2984,#2985,#2986,#2988,#2990,#2992,#2994,#2996,#2998,
#3000,#3002));
#3004=FACE_OUTER_BOUND('',#3003,.F.);
#3006=ORIENTED_EDGE('',*,*,#3005,.T.);
#3008=ORIENTED_EDGE('',*,*,#3007,.T.);
#3009=EDGE_LOOP('',(#3006,#3008));
#3010=FACE_BOUND('',#3009,.F.);
#3011=ADVANCED_FACE('',(#3004,#3010),#2980,.F.);
#3012=CARTESIAN_POINT('',(1.050000001030E1,-4.529958448259E1,-3.62E1));
#3013=DIRECTION('',(-1.E0,0.E0,0.E0));
#3014=DIRECTION('',(0.E0,-1.E0,0.E0));
#3015=AXIS2_PLACEMENT_3D('',#3012,#3013,#3014);
#3016=PLANE('',#3015);
#3018=ORIENTED_EDGE('',*,*,#3017,.F.);
#3019=ORIENTED_EDGE('',*,*,#2981,.T.);
#3021=ORIENTED_EDGE('',*,*,#3020,.F.);
#3023=ORIENTED_EDGE('',*,*,#3022,.F.);
#3024=EDGE_LOOP('',(#3018,#3019,#3021,#3023));
#3025=FACE_OUTER_BOUND('',#3024,.F.);
#3026=ADVANCED_FACE('',(#3025),#3016,.F.);
#3027=CARTESIAN_POINT('',(-9.581446608379E1,-6.769958448259E1,-8.2E0));
#3028=DIRECTION('',(0.E0,1.E0,0.E0));
#3029=DIRECTION('',(0.E0,0.E0,1.E0));
#3030=AXIS2_PLACEMENT_3D('',#3027,#3028,#3029);
#3031=PLANE('',#3030);
#3033=ORIENTED_EDGE('',*,*,#3032,.F.);
#3034=ORIENTED_EDGE('',*,*,#2971,.F.);
#3035=ORIENTED_EDGE('',*,*,#2983,.T.);
#3036=ORIENTED_EDGE('',*,*,#3017,.T.);
#3038=ORIENTED_EDGE('',*,*,#3037,.F.);
#3040=ORIENTED_EDGE('',*,*,#3039,.F.);
#3041=EDGE_LOOP('',(#3033,#3034,#3035,#3036,#3038,#3040));
#3042=FACE_OUTER_BOUND('',#3041,.F.);
#3044=ORIENTED_EDGE('',*,*,#3043,.T.);
#3046=ORIENTED_EDGE('',*,*,#3045,.T.);
#3047=EDGE_LOOP('',(#3044,#3046));
#3048=FACE_BOUND('',#3047,.F.);
#3050=ORIENTED_EDGE('',*,*,#3049,.T.);
#3052=ORIENTED_EDGE('',*,*,#3051,.T.);
#3053=EDGE_LOOP('',(#3050,#3052));
#3054=FACE_BOUND('',#3053,.F.);
#3056=ORIENTED_EDGE('',*,*,#3055,.T.);
#3058=ORIENTED_EDGE('',*,*,#3057,.T.);
#3059=EDGE_LOOP('',(#3056,#3058));
#3060=FACE_BOUND('',#3059,.F.);
#3062=ORIENTED_EDGE('',*,*,#3061,.T.);
#3064=ORIENTED_EDGE('',*,*,#3063,.T.);
#3066=ORIENTED_EDGE('',*,*,#3065,.T.);
#3068=ORIENTED_EDGE('',*,*,#3067,.T.);
#3069=EDGE_LOOP('',(#3062,#3064,#3066,#3068));
#3070=FACE_BOUND('',#3069,.F.);
#3071=ADVANCED_FACE('',(#3042,#3048,#3054,#3060,#3070),#3031,.T.);
#3072=CARTESIAN_POINT('',(-3.497525449530E1,-6.819958439330E1,
-8.800000089295E0));
#3073=DIRECTION('',(0.E0,7.071067811865E-1,7.071067811865E-1));
#3074=DIRECTION('',(0.E0,-7.071067811865E-1,7.071067811865E-1));
#3075=AXIS2_PLACEMENT_3D('',#3072,#3073,#3074);
#3076=PLANE('',#3075);
#3078=ORIENTED_EDGE('',*,*,#3077,.F.);
#3080=ORIENTED_EDGE('',*,*,#3079,.F.);
#3081=ORIENTED_EDGE('',*,*,#2954,.F.);
#3082=ORIENTED_EDGE('',*,*,#3032,.T.);
#3083=EDGE_LOOP('',(#3078,#3080,#3081,#3082));
#3084=FACE_OUTER_BOUND('',#3083,.F.);
#3085=ADVANCED_FACE('',(#3084),#3076,.T.);
#3086=CARTESIAN_POINT('',(2.2E1,-9.339852408453E1,-3.82E1));
#3087=DIRECTION('',(-1.E0,0.E0,0.E0));
#3088=DIRECTION('',(0.E0,1.E0,0.E0));
#3089=AXIS2_PLACEMENT_3D('',#3086,#3087,#3088);
#3090=PLANE('',#3089);
#3091=ORIENTED_EDGE('',*,*,#3077,.T.);
#3092=ORIENTED_EDGE('',*,*,#3039,.T.);
#3094=ORIENTED_EDGE('',*,*,#3093,.F.);
#3096=ORIENTED_EDGE('',*,*,#3095,.T.);
#3098=ORIENTED_EDGE('',*,*,#3097,.T.);
#3100=ORIENTED_EDGE('',*,*,#3099,.T.);
#3102=ORIENTED_EDGE('',*,*,#3101,.T.);
#3103=EDGE_LOOP('',(#3091,#3092,#3094,#3096,#3098,#3100,#3102));
#3104=FACE_OUTER_BOUND('',#3103,.F.);
#3105=ADVANCED_FACE('',(#3104),#3090,.F.);
#3106=CARTESIAN_POINT('',(8.000000010300E0,-5.379958448259E1,-3.77E1));
#3107=DIRECTION('',(0.E0,0.E0,1.E0));
#3108=DIRECTION('',(0.E0,-1.E0,0.E0));
#3109=AXIS2_PLACEMENT_3D('',#3106,#3107,#3108);
#3110=PLANE('',#3109);
#3112=ORIENTED_EDGE('',*,*,#3111,.F.);
#3114=ORIENTED_EDGE('',*,*,#3113,.T.);
#3116=ORIENTED_EDGE('',*,*,#3115,.F.);
#3118=ORIENTED_EDGE('',*,*,#3117,.T.);
#3120=ORIENTED_EDGE('',*,*,#3119,.T.);
#3122=ORIENTED_EDGE('',*,*,#3121,.F.);
#3124=ORIENTED_EDGE('',*,*,#3123,.T.);
#3125=ORIENTED_EDGE('',*,*,#3093,.T.);
#3126=ORIENTED_EDGE('',*,*,#3037,.T.);
#3127=ORIENTED_EDGE('',*,*,#3022,.T.);
#3129=ORIENTED_EDGE('',*,*,#3128,.F.);
#3131=ORIENTED_EDGE('',*,*,#3130,.T.);
#3133=ORIENTED_EDGE('',*,*,#3132,.F.);
#3135=ORIENTED_EDGE('',*,*,#3134,.F.);
#3137=ORIENTED_EDGE('',*,*,#3136,.F.);
#3139=ORIENTED_EDGE('',*,*,#3138,.T.);
#3141=ORIENTED_EDGE('',*,*,#3140,.F.);
#3143=ORIENTED_EDGE('',*,*,#3142,.F.);
#3144=EDGE_LOOP('',(#3112,#3114,#3116,#3118,#3120,#3122,#3124,#3125,#3126,#3127,
#3129,#3131,#3133,#3135,#3137,#3139,#3141,#3143));
#3145=FACE_OUTER_BOUND('',#3144,.F.);
#3147=ORIENTED_EDGE('',*,*,#3146,.T.);
#3149=ORIENTED_EDGE('',*,*,#3148,.T.);
#3150=EDGE_LOOP('',(#3147,#3149));
#3151=FACE_BOUND('',#3150,.F.);
#3153=ORIENTED_EDGE('',*,*,#3152,.T.);
#3155=ORIENTED_EDGE('',*,*,#3154,.T.);
#3156=EDGE_LOOP('',(#3153,#3155));
#3157=FACE_BOUND('',#3156,.F.);
#3159=ORIENTED_EDGE('',*,*,#3158,.T.);
#3161=ORIENTED_EDGE('',*,*,#3160,.T.);
#3162=EDGE_LOOP('',(#3159,#3161));
#3163=FACE_BOUND('',#3162,.F.);
#3165=ORIENTED_EDGE('',*,*,#3164,.T.);
#3167=ORIENTED_EDGE('',*,*,#3166,.T.);
#3168=EDGE_LOOP('',(#3165,#3167));
#3169=FACE_BOUND('',#3168,.F.);
#3171=ORIENTED_EDGE('',*,*,#3170,.T.);
#3173=ORIENTED_EDGE('',*,*,#3172,.T.);
#3174=EDGE_LOOP('',(#3171,#3173));
#3175=FACE_BOUND('',#3174,.F.);
#3177=ORIENTED_EDGE('',*,*,#3176,.T.);
#3179=ORIENTED_EDGE('',*,*,#3178,.T.);
#3180=EDGE_LOOP('',(#3177,#3179));
#3181=FACE_BOUND('',#3180,.F.);
#3183=ORIENTED_EDGE('',*,*,#3182,.T.);
#3185=ORIENTED_EDGE('',*,*,#3184,.T.);
#3186=EDGE_LOOP('',(#3183,#3185));
#3187=FACE_BOUND('',#3186,.F.);
#3189=ORIENTED_EDGE('',*,*,#3188,.T.);
#3191=ORIENTED_EDGE('',*,*,#3190,.T.);
#3192=EDGE_LOOP('',(#3189,#3191));
#3193=FACE_BOUND('',#3192,.F.);
#3195=ORIENTED_EDGE('',*,*,#3194,.T.);
#3197=ORIENTED_EDGE('',*,*,#3196,.T.);
#3198=EDGE_LOOP('',(#3195,#3197));
#3199=FACE_BOUND('',#3198,.F.);
#3200=ADVANCED_FACE('',(#3145,#3151,#3157,#3163,#3169,#3175,#3181,#3187,#3193,
#3199),#3110,.T.);
#3201=CARTESIAN_POINT('',(1.025E2,-3.699958448259E1,-3.1E0));
#3202=DIRECTION('',(0.E0,0.E0,-1.E0));
#3203=DIRECTION('',(-1.E0,0.E0,0.E0));
#3204=AXIS2_PLACEMENT_3D('',#3201,#3202,#3203);
#3205=CYLINDRICAL_SURFACE('',#3204,2.5E0);
#3207=ORIENTED_EDGE('',*,*,#3206,.F.);
#3209=ORIENTED_EDGE('',*,*,#3208,.T.);
#3210=ORIENTED_EDGE('',*,*,#3194,.F.);
#3212=ORIENTED_EDGE('',*,*,#3211,.F.);
#3213=EDGE_LOOP('',(#3207,#3209,#3210,#3212));
#3214=FACE_OUTER_BOUND('',#3213,.F.);
#3215=ADVANCED_FACE('',(#3214),#3205,.F.);
#3216=CARTESIAN_POINT('',(1.250000000103E2,6.4E1,-4.02E1));
#3217=DIRECTION('',(0.E0,0.E0,-1.E0));
#3218=DIRECTION('',(-1.E0,0.E0,0.E0));
#3219=AXIS2_PLACEMENT_3D('',#3216,#3217,#3218);
#3220=PLANE('',#3219);
#3222=ORIENTED_EDGE('',*,*,#3221,.T.);
#3224=ORIENTED_EDGE('',*,*,#3223,.T.);
#3226=ORIENTED_EDGE('',*,*,#3225,.T.);
#3228=ORIENTED_EDGE('',*,*,#3227,.T.);
#3230=ORIENTED_EDGE('',*,*,#3229,.F.);
#3232=ORIENTED_EDGE('',*,*,#3231,.T.);
#3234=ORIENTED_EDGE('',*,*,#3233,.F.);
#3236=ORIENTED_EDGE('',*,*,#3235,.T.);
#3237=ORIENTED_EDGE('',*,*,#3097,.F.);
#3239=ORIENTED_EDGE('',*,*,#3238,.F.);
#3241=ORIENTED_EDGE('',*,*,#3240,.T.);
#3243=ORIENTED_EDGE('',*,*,#3242,.T.);
#3245=ORIENTED_EDGE('',*,*,#3244,.T.);
#3247=ORIENTED_EDGE('',*,*,#3246,.F.);
#3249=ORIENTED_EDGE('',*,*,#3248,.T.);
#3251=ORIENTED_EDGE('',*,*,#3250,.T.);
#3252=EDGE_LOOP('',(#3222,#3224,#3226,#3228,#3230,#3232,#3234,#3236,#3237,#3239,
#3241,#3243,#3245,#3247,#3249,#3251));
#3253=FACE_OUTER_BOUND('',#3252,.F.);
#3255=ORIENTED_EDGE('',*,*,#3254,.T.);
#3257=ORIENTED_EDGE('',*,*,#3256,.T.);
#3258=EDGE_LOOP('',(#3255,#3257));
#3259=FACE_BOUND('',#3258,.F.);
#3261=ORIENTED_EDGE('',*,*,#3260,.T.);
#3263=ORIENTED_EDGE('',*,*,#3262,.T.);
#3264=EDGE_LOOP('',(#3261,#3263));
#3265=FACE_BOUND('',#3264,.F.);
#3267=ORIENTED_EDGE('',*,*,#3266,.T.);
#3269=ORIENTED_EDGE('',*,*,#3268,.T.);
#3270=EDGE_LOOP('',(#3267,#3269));
#3271=FACE_BOUND('',#3270,.F.);
#3273=ORIENTED_EDGE('',*,*,#3272,.T.);
#3275=ORIENTED_EDGE('',*,*,#3274,.T.);
#3276=EDGE_LOOP('',(#3273,#3275));
#3277=FACE_BOUND('',#3276,.F.);
#3279=ORIENTED_EDGE('',*,*,#3278,.T.);
#3281=ORIENTED_EDGE('',*,*,#3280,.T.);
#3282=EDGE_LOOP('',(#3279,#3281));
#3283=FACE_BOUND('',#3282,.F.);
#3285=ORIENTED_EDGE('',*,*,#3284,.T.);
#3287=ORIENTED_EDGE('',*,*,#3286,.T.);
#3288=EDGE_LOOP('',(#3285,#3287));
#3289=FACE_BOUND('',#3288,.F.);
#3290=ORIENTED_EDGE('',*,*,#3206,.T.);
#3292=ORIENTED_EDGE('',*,*,#3291,.T.);
#3293=EDGE_LOOP('',(#3290,#3292));
#3294=FACE_BOUND('',#3293,.F.);
#3296=ORIENTED_EDGE('',*,*,#3295,.T.);
#3298=ORIENTED_EDGE('',*,*,#3297,.T.);
#3299=EDGE_LOOP('',(#3296,#3298));
#3300=FACE_BOUND('',#3299,.F.);
#3301=ADVANCED_FACE('',(#3253,#3259,#3265,#3271,#3277,#3283,#3289,#3294,#3300),
#3220,.T.);
#3302=CARTESIAN_POINT('',(9.75E1,6.9E1,-4.02E1));
#3303=DIRECTION('',(1.E0,0.E0,0.E0));
#3304=DIRECTION('',(0.E0,-1.E0,0.E0));
#3305=AXIS2_PLACEMENT_3D('',#3302,#3303,#3304);
#3306=PLANE('',#3305);
#3308=ORIENTED_EDGE('',*,*,#3307,.F.);
#3309=ORIENTED_EDGE('',*,*,#3221,.F.);
#3311=ORIENTED_EDGE('',*,*,#3310,.T.);
#3313=ORIENTED_EDGE('',*,*,#3312,.T.);
#3314=EDGE_LOOP('',(#3308,#3309,#3311,#3313));
#3315=FACE_OUTER_BOUND('',#3314,.F.);
#3316=ADVANCED_FACE('',(#3315),#3306,.F.);
#3317=CARTESIAN_POINT('',(9.45E1,5.7E1,-7.930800000440E1));
#3318=DIRECTION('',(0.E0,0.E0,1.E0));
#3319=DIRECTION('',(0.E0,-1.E0,0.E0));
#3320=AXIS2_PLACEMENT_3D('',#3317,#3318,#3319);
#3321=CYLINDRICAL_SURFACE('',#3320,3.E0);
#3323=ORIENTED_EDGE('',*,*,#3322,.F.);
#3325=ORIENTED_EDGE('',*,*,#3324,.T.);
#3326=ORIENTED_EDGE('',*,*,#3223,.F.);
#3327=ORIENTED_EDGE('',*,*,#3307,.T.);
#3328=EDGE_LOOP('',(#3323,#3325,#3326,#3327));
#3329=FACE_OUTER_BOUND('',#3328,.F.);
#3330=ADVANCED_FACE('',(#3329),#3321,.F.);
#3331=CARTESIAN_POINT('',(4.263256414561E-14,-1.250555214938E-12,-3.92E1));
#3332=DIRECTION('',(0.E0,0.E0,-1.E0));
#3333=DIRECTION('',(1.E0,0.E0,0.E0));
#3334=AXIS2_PLACEMENT_3D('',#3331,#3332,#3333);
#3335=PLANE('',#3334);
#3337=ORIENTED_EDGE('',*,*,#3336,.T.);
#3339=ORIENTED_EDGE('',*,*,#3338,.T.);
#3341=ORIENTED_EDGE('',*,*,#3340,.F.);
#3343=ORIENTED_EDGE('',*,*,#3342,.F.);
#3345=ORIENTED_EDGE('',*,*,#3344,.T.);
#3347=ORIENTED_EDGE('',*,*,#3346,.T.);
#3349=ORIENTED_EDGE('',*,*,#3348,.F.);
#3351=ORIENTED_EDGE('',*,*,#3350,.F.);
#3353=ORIENTED_EDGE('',*,*,#3352,.F.);
#3355=ORIENTED_EDGE('',*,*,#3354,.T.);
#3357=ORIENTED_EDGE('',*,*,#3356,.F.);
#3358=ORIENTED_EDGE('',*,*,#3322,.T.);
#3359=ORIENTED_EDGE('',*,*,#3312,.F.);
#3361=ORIENTED_EDGE('',*,*,#3360,.F.);
#3362=EDGE_LOOP('',(#3337,#3339,#3341,#3343,#3345,#3347,#3349,#3351,#3353,#3355,
#3357,#3358,#3359,#3361));
#3363=FACE_OUTER_BOUND('',#3362,.F.);
#3365=ORIENTED_EDGE('',*,*,#3364,.T.);
#3367=ORIENTED_EDGE('',*,*,#3366,.T.);
#3368=EDGE_LOOP('',(#3365,#3367));
#3369=FACE_BOUND('',#3368,.F.);
#3370=ADVANCED_FACE('',(#3363,#3369),#3335,.T.);
#3371=CARTESIAN_POINT('',(7.5E1,6.05E1,-3.42E1));
#3372=DIRECTION('',(0.E0,0.E0,-1.E0));
#3373=DIRECTION('',(-1.E0,0.E0,0.E0));
#3374=AXIS2_PLACEMENT_3D('',#3371,#3372,#3373);
#3375=CYLINDRICAL_SURFACE('',#3374,2.E0);
#3376=ORIENTED_EDGE('',*,*,#3182,.F.);
#3378=ORIENTED_EDGE('',*,*,#3377,.T.);
#3379=ORIENTED_EDGE('',*,*,#3364,.F.);
#3381=ORIENTED_EDGE('',*,*,#3380,.F.);
#3382=EDGE_LOOP('',(#3376,#3378,#3379,#3381));
#3383=FACE_OUTER_BOUND('',#3382,.F.);
#3384=ADVANCED_FACE('',(#3383),#3375,.F.);
#3385=CARTESIAN_POINT('',(7.5E1,6.05E1,-3.42E1));
#3386=DIRECTION('',(0.E0,0.E0,-1.E0));
#3387=DIRECTION('',(-1.E0,0.E0,0.E0));
#3388=AXIS2_PLACEMENT_3D('',#3385,#3386,#3387);
#3389=CYLINDRICAL_SURFACE('',#3388,2.E0);
#3390=ORIENTED_EDGE('',*,*,#3184,.F.);
#3391=ORIENTED_EDGE('',*,*,#3380,.T.);
#3392=ORIENTED_EDGE('',*,*,#3366,.F.);
#3393=ORIENTED_EDGE('',*,*,#3377,.F.);
#3394=EDGE_LOOP('',(#3390,#3391,#3392,#3393));
#3395=FACE_OUTER_BOUND('',#3394,.F.);
#3396=ADVANCED_FACE('',(#3395),#3389,.F.);
#3397=CARTESIAN_POINT('',(8.85E1,6.9E1,-3.25E1));
#3398=DIRECTION('',(1.E0,0.E0,0.E0));
#3399=DIRECTION('',(0.E0,0.E0,-1.E0));
#3400=AXIS2_PLACEMENT_3D('',#3397,#3398,#3399);
#3401=PLANE('',#3400);
#3403=ORIENTED_EDGE('',*,*,#3402,.T.);
#3404=ORIENTED_EDGE('',*,*,#3142,.T.);
#3406=ORIENTED_EDGE('',*,*,#3405,.T.);
#3407=ORIENTED_EDGE('',*,*,#3336,.F.);
#3409=ORIENTED_EDGE('',*,*,#3408,.F.);
#3411=ORIENTED_EDGE('',*,*,#3410,.F.);
#3412=EDGE_LOOP('',(#3403,#3404,#3406,#3407,#3409,#3411));
#3413=FACE_OUTER_BOUND('',#3412,.F.);
#3414=ADVANCED_FACE('',(#3413),#3401,.F.);
#3415=CARTESIAN_POINT('',(1.275000000103E2,6.65E1,-8.2E0));
#3416=DIRECTION('',(0.E0,-1.E0,0.E0));
#3417=DIRECTION('',(0.E0,0.E0,-1.E0));
#3418=AXIS2_PLACEMENT_3D('',#3415,#3416,#3417);
#3419=PLANE('',#3418);
#3420=ORIENTED_EDGE('',*,*,#3402,.F.);
#3422=ORIENTED_EDGE('',*,*,#3421,.F.);
#3424=ORIENTED_EDGE('',*,*,#3423,.F.);
#3425=ORIENTED_EDGE('',*,*,#3136,.T.);
#3427=ORIENTED_EDGE('',*,*,#3426,.F.);
#3429=ORIENTED_EDGE('',*,*,#3428,.F.);
#3431=ORIENTED_EDGE('',*,*,#3430,.F.);
#3432=ORIENTED_EDGE('',*,*,#3128,.T.);
#3433=ORIENTED_EDGE('',*,*,#3020,.T.);
#3434=ORIENTED_EDGE('',*,*,#3001,.F.);
#3436=ORIENTED_EDGE('',*,*,#3435,.F.);
#3438=ORIENTED_EDGE('',*,*,#3437,.F.);
#3440=ORIENTED_EDGE('',*,*,#3439,.F.);
#3441=ORIENTED_EDGE('',*,*,#3111,.T.);
#3442=EDGE_LOOP('',(#3420,#3422,#3424,#3425,#3427,#3429,#3431,#3432,#3433,#3434,
#3436,#3438,#3440,#3441));
#3443=FACE_OUTER_BOUND('',#3442,.F.);
#3445=ORIENTED_EDGE('',*,*,#3444,.T.);
#3447=ORIENTED_EDGE('',*,*,#3446,.T.);
#3449=ORIENTED_EDGE('',*,*,#3448,.T.);
#3451=ORIENTED_EDGE('',*,*,#3450,.T.);
#3452=EDGE_LOOP('',(#3445,#3447,#3449,#3451));
#3453=FACE_BOUND('',#3452,.F.);
#3455=ORIENTED_EDGE('',*,*,#3454,.T.);
#3457=ORIENTED_EDGE('',*,*,#3456,.T.);
#3458=EDGE_LOOP('',(#3455,#3457));
#3459=FACE_BOUND('',#3458,.F.);
#3461=ORIENTED_EDGE('',*,*,#3460,.T.);
#3463=ORIENTED_EDGE('',*,*,#3462,.T.);
#3464=EDGE_LOOP('',(#3461,#3463));
#3465=FACE_BOUND('',#3464,.F.);
#3467=ORIENTED_EDGE('',*,*,#3466,.F.);
#3469=ORIENTED_EDGE('',*,*,#3468,.F.);
#3471=ORIENTED_EDGE('',*,*,#3470,.F.);
#3473=ORIENTED_EDGE('',*,*,#3472,.F.);
#3474=EDGE_LOOP('',(#3467,#3469,#3471,#3473));
#3475=FACE_BOUND('',#3474,.F.);
#3477=ORIENTED_EDGE('',*,*,#3476,.F.);
#3479=ORIENTED_EDGE('',*,*,#3478,.F.);
#3481=ORIENTED_EDGE('',*,*,#3480,.T.);
#3483=ORIENTED_EDGE('',*,*,#3482,.F.);
#3484=EDGE_LOOP('',(#3477,#3479,#3481,#3483));
#3485=FACE_BOUND('',#3484,.F.);
#3487=ORIENTED_EDGE('',*,*,#3486,.F.);
#3489=ORIENTED_EDGE('',*,*,#3488,.F.);
#3490=EDGE_LOOP('',(#3487,#3489));
#3491=FACE_BOUND('',#3490,.F.);
#3493=ORIENTED_EDGE('',*,*,#3492,.F.);
#3495=ORIENTED_EDGE('',*,*,#3494,.F.);
#3497=ORIENTED_EDGE('',*,*,#3496,.F.);
#3499=ORIENTED_EDGE('',*,*,#3498,.F.);
#3500=EDGE_LOOP('',(#3493,#3495,#3497,#3499));
#3501=FACE_BOUND('',#3500,.F.);
#3503=ORIENTED_EDGE('',*,*,#3502,.F.);
#3505=ORIENTED_EDGE('',*,*,#3504,.F.);
#3507=ORIENTED_EDGE('',*,*,#3506,.F.);
#3509=ORIENTED_EDGE('',*,*,#3508,.F.);
#3510=EDGE_LOOP('',(#3503,#3505,#3507,#3509));
#3511=FACE_BOUND('',#3510,.F.);
#3512=ADVANCED_FACE('',(#3443,#3453,#3459,#3465,#3475,#3485,#3491,#3501,#3511),
#3419,.T.);
#3513=CARTESIAN_POINT('',(8.65E1,6.9E1,-3.25E1));
#3514=DIRECTION('',(0.E0,1.E0,0.E0));
#3515=DIRECTION('',(-1.E0,0.E0,0.E0));
#3516=AXIS2_PLACEMENT_3D('',#3513,#3514,#3515);
#3517=CYLINDRICAL_SURFACE('',#3516,2.E0);
#3518=ORIENTED_EDGE('',*,*,#3421,.T.);
#3519=ORIENTED_EDGE('',*,*,#3410,.T.);
#3521=ORIENTED_EDGE('',*,*,#3520,.F.);
#3523=ORIENTED_EDGE('',*,*,#3522,.F.);
#3524=EDGE_LOOP('',(#3518,#3519,#3521,#3523));
#3525=FACE_OUTER_BOUND('',#3524,.F.);
#3526=ADVANCED_FACE('',(#3525),#3517,.F.);
#3527=CARTESIAN_POINT('',(-6.999999998973E1,6.9E1,-8.2E0));
#3528=DIRECTION('',(0.E0,1.E0,0.E0));
#3529=DIRECTION('',(0.E0,0.E0,1.E0));
#3530=AXIS2_PLACEMENT_3D('',#3527,#3528,#3529);
#3531=PLANE('',#3530);
#3532=ORIENTED_EDGE('',*,*,#3408,.T.);
#3533=ORIENTED_EDGE('',*,*,#3360,.T.);
#3534=ORIENTED_EDGE('',*,*,#3310,.F.);
#3535=ORIENTED_EDGE('',*,*,#3250,.F.);
#3537=ORIENTED_EDGE('',*,*,#3536,.F.);
#3539=ORIENTED_EDGE('',*,*,#3538,.F.);
#3541=ORIENTED_EDGE('',*,*,#3540,.F.);
#3543=ORIENTED_EDGE('',*,*,#3542,.T.);
#3545=ORIENTED_EDGE('',*,*,#3544,.F.);
#3546=ORIENTED_EDGE('',*,*,#3231,.F.);
#3548=ORIENTED_EDGE('',*,*,#3547,.T.);
#3549=ORIENTED_EDGE('',*,*,#3350,.T.);
#3551=ORIENTED_EDGE('',*,*,#3550,.T.);
#3553=ORIENTED_EDGE('',*,*,#3552,.T.);
#3555=ORIENTED_EDGE('',*,*,#3554,.T.);
#3556=ORIENTED_EDGE('',*,*,#3342,.T.);
#3558=ORIENTED_EDGE('',*,*,#3557,.T.);
#3559=ORIENTED_EDGE('',*,*,#3520,.T.);
#3560=EDGE_LOOP('',(#3532,#3533,#3534,#3535,#3537,#3539,#3541,#3543,#3545,#3546,
#3548,#3549,#3551,#3553,#3555,#3556,#3558,#3559));
#3561=FACE_OUTER_BOUND('',#3560,.F.);
#3563=ORIENTED_EDGE('',*,*,#3562,.T.);
#3565=ORIENTED_EDGE('',*,*,#3564,.T.);
#3566=EDGE_LOOP('',(#3563,#3565));
#3567=FACE_BOUND('',#3566,.F.);
#3569=ORIENTED_EDGE('',*,*,#3568,.T.);
#3571=ORIENTED_EDGE('',*,*,#3570,.T.);
#3573=ORIENTED_EDGE('',*,*,#3572,.T.);
#3575=ORIENTED_EDGE('',*,*,#3574,.T.);
#3576=EDGE_LOOP('',(#3569,#3571,#3573,#3575));
#3577=FACE_BOUND('',#3576,.F.);
#3579=ORIENTED_EDGE('',*,*,#3578,.T.);
#3581=ORIENTED_EDGE('',*,*,#3580,.T.);
#3582=EDGE_LOOP('',(#3579,#3581));
#3583=FACE_BOUND('',#3582,.F.);
#3585=ORIENTED_EDGE('',*,*,#3584,.T.);
#3587=ORIENTED_EDGE('',*,*,#3586,.T.);
#3589=ORIENTED_EDGE('',*,*,#3588,.T.);
#3591=ORIENTED_EDGE('',*,*,#3590,.T.);
#3592=EDGE_LOOP('',(#3585,#3587,#3589,#3591));
#3593=FACE_BOUND('',#3592,.F.);
#3595=ORIENTED_EDGE('',*,*,#3594,.F.);
#3597=ORIENTED_EDGE('',*,*,#3596,.F.);
#3599=ORIENTED_EDGE('',*,*,#3598,.F.);
#3601=ORIENTED_EDGE('',*,*,#3600,.F.);
#3602=EDGE_LOOP('',(#3595,#3597,#3599,#3601));
#3603=FACE_BOUND('',#3602,.F.);
#3605=ORIENTED_EDGE('',*,*,#3604,.F.);
#3607=ORIENTED_EDGE('',*,*,#3606,.F.);
#3608=EDGE_LOOP('',(#3605,#3607));
#3609=FACE_BOUND('',#3608,.F.);
#3611=ORIENTED_EDGE('',*,*,#3610,.T.);
#3613=ORIENTED_EDGE('',*,*,#3612,.T.);
#3615=ORIENTED_EDGE('',*,*,#3614,.T.);
#3617=ORIENTED_EDGE('',*,*,#3616,.T.);
#3618=EDGE_LOOP('',(#3611,#3613,#3615,#3617));
#3619=FACE_BOUND('',#3618,.F.);
#3621=ORIENTED_EDGE('',*,*,#3620,.T.);
#3623=ORIENTED_EDGE('',*,*,#3622,.T.);
#3625=ORIENTED_EDGE('',*,*,#3624,.T.);
#3627=ORIENTED_EDGE('',*,*,#3626,.T.);
#3628=EDGE_LOOP('',(#3621,#3623,#3625,#3627));
#3629=FACE_BOUND('',#3628,.F.);
#3630=ADVANCED_FACE('',(#3561,#3567,#3577,#3583,#3593,#3603,#3609,#3619,#3629),
#3531,.T.);
#3631=CARTESIAN_POINT('',(1.250000000103E2,6.4E1,-6.609826275796E1));
#3632=DIRECTION('',(0.E0,0.E0,1.E0));
#3633=DIRECTION('',(1.E0,0.E0,0.E0));
#3634=AXIS2_PLACEMENT_3D('',#3631,#3632,#3633);
#3635=CYLINDRICAL_SURFACE('',#3634,5.E0);
#3637=ORIENTED_EDGE('',*,*,#3636,.F.);
#3638=ORIENTED_EDGE('',*,*,#3536,.T.);
#3639=ORIENTED_EDGE('',*,*,#3248,.F.);
#3641=ORIENTED_EDGE('',*,*,#3640,.T.);
#3642=EDGE_LOOP('',(#3637,#3638,#3639,#3641));
#3643=FACE_OUTER_BOUND('',#3642,.F.);
#3644=ADVANCED_FACE('',(#3643),#3635,.T.);
#3645=CARTESIAN_POINT('',(0.E0,0.E0,-8.3E0));
#3646=DIRECTION('',(0.E0,0.E0,1.E0));
#3647=DIRECTION('',(1.E0,0.E0,0.E0));
#3648=AXIS2_PLACEMENT_3D('',#3645,#3646,#3647);
#3649=PLANE('',#3648);
#3650=ORIENTED_EDGE('',*,*,#3079,.T.);
#3651=ORIENTED_EDGE('',*,*,#3101,.F.);
#3653=ORIENTED_EDGE('',*,*,#3652,.F.);
#3655=ORIENTED_EDGE('',*,*,#3654,.T.);
#3657=ORIENTED_EDGE('',*,*,#3656,.T.);
#3659=ORIENTED_EDGE('',*,*,#3658,.T.);
#3661=ORIENTED_EDGE('',*,*,#3660,.T.);
#3663=ORIENTED_EDGE('',*,*,#3662,.T.);
#3665=ORIENTED_EDGE('',*,*,#3664,.T.);
#3667=ORIENTED_EDGE('',*,*,#3666,.T.);
#3669=ORIENTED_EDGE('',*,*,#3668,.T.);
#3671=ORIENTED_EDGE('',*,*,#3670,.T.);
#3672=ORIENTED_EDGE('',*,*,#3538,.T.);
#3673=ORIENTED_EDGE('',*,*,#3636,.T.);
#3675=ORIENTED_EDGE('',*,*,#3674,.F.);
#3677=ORIENTED_EDGE('',*,*,#3676,.T.);
#3679=ORIENTED_EDGE('',*,*,#3678,.F.);
#3681=ORIENTED_EDGE('',*,*,#3680,.F.);
#3683=ORIENTED_EDGE('',*,*,#3682,.T.);
#3685=ORIENTED_EDGE('',*,*,#3684,.T.);
#3687=ORIENTED_EDGE('',*,*,#3686,.T.);
#3689=ORIENTED_EDGE('',*,*,#3688,.T.);
#3691=ORIENTED_EDGE('',*,*,#3690,.T.);
#3693=ORIENTED_EDGE('',*,*,#3692,.T.);
#3695=ORIENTED_EDGE('',*,*,#3694,.T.);
#3697=ORIENTED_EDGE('',*,*,#3696,.T.);
#3699=ORIENTED_EDGE('',*,*,#3698,.T.);
#3701=ORIENTED_EDGE('',*,*,#3700,.T.);
#3703=ORIENTED_EDGE('',*,*,#3702,.T.);
#3705=ORIENTED_EDGE('',*,*,#3704,.T.);
#3706=ORIENTED_EDGE('',*,*,#2940,.T.);
#3707=ORIENTED_EDGE('',*,*,#2956,.T.);
#3708=EDGE_LOOP('',(#3650,#3651,#3653,#3655,#3657,#3659,#3661,#3663,#3665,#3667,
#3669,#3671,#3672,#3673,#3675,#3677,#3679,#3681,#3683,#3685,#3687,#3689,#3691,
#3693,#3695,#3697,#3699,#3701,#3703,#3705,#3706,#3707));
#3709=FACE_OUTER_BOUND('',#3708,.F.);
#3710=ADVANCED_FACE('',(#3709),#3649,.T.);
#3711=CARTESIAN_POINT('',(1.300000000103E2,-7.019958448259E1,-8.2E0));
#3712=DIRECTION('',(0.E0,-1.E0,0.E0));
#3713=DIRECTION('',(0.E0,0.E0,-1.E0));
#3714=AXIS2_PLACEMENT_3D('',#3711,#3712,#3713);
#3715=PLANE('',#3714);
#3716=ORIENTED_EDGE('',*,*,#3652,.T.);
#3717=ORIENTED_EDGE('',*,*,#3099,.F.);
#3718=ORIENTED_EDGE('',*,*,#3235,.F.);
#3720=ORIENTED_EDGE('',*,*,#3719,.T.);
#3722=ORIENTED_EDGE('',*,*,#3721,.T.);
#3724=ORIENTED_EDGE('',*,*,#3723,.F.);
#3725=EDGE_LOOP('',(#3716,#3717,#3718,#3720,#3722,#3724));
#3726=FACE_OUTER_BOUND('',#3725,.F.);
#3728=ORIENTED_EDGE('',*,*,#3727,.T.);
#3730=ORIENTED_EDGE('',*,*,#3729,.T.);
#3731=EDGE_LOOP('',(#3728,#3730));
#3732=FACE_BOUND('',#3731,.F.);
#3734=ORIENTED_EDGE('',*,*,#3733,.T.);
#3736=ORIENTED_EDGE('',*,*,#3735,.T.);
#3737=EDGE_LOOP('',(#3734,#3736));
#3738=FACE_BOUND('',#3737,.F.);
#3740=ORIENTED_EDGE('',*,*,#3739,.T.);
#3742=ORIENTED_EDGE('',*,*,#3741,.T.);
#3743=EDGE_LOOP('',(#3740,#3742));
#3744=FACE_BOUND('',#3743,.F.);
#3746=ORIENTED_EDGE('',*,*,#3745,.T.);
#3748=ORIENTED_EDGE('',*,*,#3747,.T.);
#3750=ORIENTED_EDGE('',*,*,#3749,.T.);
#3752=ORIENTED_EDGE('',*,*,#3751,.T.);
#3753=EDGE_LOOP('',(#3746,#3748,#3750,#3752));
#3754=FACE_BOUND('',#3753,.F.);
#3755=ADVANCED_FACE('',(#3726,#3732,#3738,#3744,#3754),#3715,.T.);
#3756=CARTESIAN_POINT('',(8.000000010300E0,-6.769958448259E1,-1.52E1));
#3757=DIRECTION('',(-1.E0,0.E0,0.E0));
#3758=DIRECTION('',(0.E0,0.E0,1.E0));
#3759=AXIS2_PLACEMENT_3D('',#3756,#3757,#3758);
#3760=PLANE('',#3759);
#3762=ORIENTED_EDGE('',*,*,#3761,.F.);
#3763=ORIENTED_EDGE('',*,*,#3719,.F.);
#3764=ORIENTED_EDGE('',*,*,#3233,.T.);
#3765=ORIENTED_EDGE('',*,*,#3544,.T.);
#3766=EDGE_LOOP('',(#3762,#3763,#3764,#3765));
#3767=FACE_OUTER_BOUND('',#3766,.F.);
#3768=ADVANCED_FACE('',(#3767),#3760,.T.);
#3769=CARTESIAN_POINT('',(0.E0,0.E0,-2.82E1));
#3770=DIRECTION('',(0.E0,0.E0,-1.E0));
#3771=DIRECTION('',(-1.E0,0.E0,0.E0));
#3772=AXIS2_PLACEMENT_3D('',#3769,#3770,#3771);
#3773=PLANE('',#3772);
#3774=ORIENTED_EDGE('',*,*,#3542,.F.);
#3776=ORIENTED_EDGE('',*,*,#3775,.T.);
#3778=ORIENTED_EDGE('',*,*,#3777,.F.);
#3780=ORIENTED_EDGE('',*,*,#3779,.T.);
#3782=ORIENTED_EDGE('',*,*,#3781,.F.);
#3784=ORIENTED_EDGE('',*,*,#3783,.T.);
#3786=ORIENTED_EDGE('',*,*,#3785,.F.);
#3788=ORIENTED_EDGE('',*,*,#3787,.T.);
#3790=ORIENTED_EDGE('',*,*,#3789,.T.);
#3792=ORIENTED_EDGE('',*,*,#3791,.T.);
#3793=ORIENTED_EDGE('',*,*,#3721,.F.);
#3794=ORIENTED_EDGE('',*,*,#3761,.T.);
#3795=EDGE_LOOP('',(#3774,#3776,#3778,#3780,#3782,#3784,#3786,#3788,#3790,#3792,
#3793,#3794));
#3796=FACE_OUTER_BOUND('',#3795,.F.);
#3798=ORIENTED_EDGE('',*,*,#3797,.T.);
#3800=ORIENTED_EDGE('',*,*,#3799,.T.);
#3801=EDGE_LOOP('',(#3798,#3800));
#3802=FACE_BOUND('',#3801,.F.);
#3803=ADVANCED_FACE('',(#3796,#3802),#3773,.T.);
#3804=CARTESIAN_POINT('',(-6.499999998973E1,6.4E1,-6.609826275796E1));
#3805=DIRECTION('',(0.E0,0.E0,1.E0));
#3806=DIRECTION('',(1.E0,0.E0,0.E0));
#3807=AXIS2_PLACEMENT_3D('',#3804,#3805,#3806);
#3808=CYLINDRICAL_SURFACE('',#3807,5.E0);
#3809=ORIENTED_EDGE('',*,*,#3670,.F.);
#3811=ORIENTED_EDGE('',*,*,#3810,.T.);
#3812=ORIENTED_EDGE('',*,*,#3775,.F.);
#3813=ORIENTED_EDGE('',*,*,#3540,.T.);
#3814=EDGE_LOOP('',(#3809,#3811,#3812,#3813));
#3815=FACE_OUTER_BOUND('',#3814,.F.);
#3816=ADVANCED_FACE('',(#3815),#3808,.T.);
#3817=CARTESIAN_POINT('',(-6.999999998973E1,1.83E1,-8.2E0));
#3818=DIRECTION('',(-1.E0,0.E0,0.E0));
#3819=DIRECTION('',(0.E0,0.E0,1.E0));
#3820=AXIS2_PLACEMENT_3D('',#3817,#3818,#3819);
#3821=PLANE('',#3820);
#3822=ORIENTED_EDGE('',*,*,#3668,.F.);
#3824=ORIENTED_EDGE('',*,*,#3823,.F.);
#3825=ORIENTED_EDGE('',*,*,#3777,.T.);
#3826=ORIENTED_EDGE('',*,*,#3810,.F.);
#3827=EDGE_LOOP('',(#3822,#3824,#3825,#3826));
#3828=FACE_OUTER_BOUND('',#3827,.F.);
#3830=ORIENTED_EDGE('',*,*,#3829,.T.);
#3832=ORIENTED_EDGE('',*,*,#3831,.T.);
#3834=ORIENTED_EDGE('',*,*,#3833,.T.);
#3836=ORIENTED_EDGE('',*,*,#3835,.T.);
#3837=EDGE_LOOP('',(#3830,#3832,#3834,#3836));
#3838=FACE_BOUND('',#3837,.F.);
#3839=ADVANCED_FACE('',(#3828,#3838),#3821,.T.);
#3840=CARTESIAN_POINT('',(-7.249999998973E1,2.08E1,3.877026548730E1));
#3841=DIRECTION('',(0.E0,0.E0,-1.E0));
#3842=DIRECTION('',(-1.E0,0.E0,0.E0));
#3843=AXIS2_PLACEMENT_3D('',#3840,#3841,#3842);
#3844=CYLINDRICAL_SURFACE('',#3843,2.5E0);
#3845=ORIENTED_EDGE('',*,*,#3666,.F.);
#3847=ORIENTED_EDGE('',*,*,#3846,.T.);
#3848=ORIENTED_EDGE('',*,*,#3779,.F.);
#3849=ORIENTED_EDGE('',*,*,#3823,.T.);
#3850=EDGE_LOOP('',(#3845,#3847,#3848,#3849));
#3851=FACE_OUTER_BOUND('',#3850,.F.);
#3852=ADVANCED_FACE('',(#3851),#3844,.F.);
#3853=CARTESIAN_POINT('',(-1.119999999897E2,1.83E1,-8.2E0));
#3854=DIRECTION('',(0.E0,1.E0,0.E0));
#3855=DIRECTION('',(0.E0,0.E0,1.E0));
#3856=AXIS2_PLACEMENT_3D('',#3853,#3854,#3855);
#3857=PLANE('',#3856);
#3858=ORIENTED_EDGE('',*,*,#3664,.F.);
#3860=ORIENTED_EDGE('',*,*,#3859,.F.);
#3861=ORIENTED_EDGE('',*,*,#3781,.T.);
#3862=ORIENTED_EDGE('',*,*,#3846,.F.);
#3863=EDGE_LOOP('',(#3858,#3860,#3861,#3862));
#3864=FACE_OUTER_BOUND('',#3863,.F.);
#3866=ORIENTED_EDGE('',*,*,#3865,.F.);
#3868=ORIENTED_EDGE('',*,*,#3867,.F.);
#3869=EDGE_LOOP('',(#3866,#3868));
#3870=FACE_BOUND('',#3869,.F.);
#3871=ADVANCED_FACE('',(#3864,#3870),#3857,.T.);
#3872=CARTESIAN_POINT('',(-1.069999999897E2,1.33E1,-6.609826275796E1));
#3873=DIRECTION('',(0.E0,0.E0,1.E0));
#3874=DIRECTION('',(1.E0,0.E0,0.E0));
#3875=AXIS2_PLACEMENT_3D('',#3872,#3873,#3874);
#3876=CYLINDRICAL_SURFACE('',#3875,5.E0);
#3877=ORIENTED_EDGE('',*,*,#3662,.F.);
#3879=ORIENTED_EDGE('',*,*,#3878,.T.);
#3880=ORIENTED_EDGE('',*,*,#3783,.F.);
#3881=ORIENTED_EDGE('',*,*,#3859,.T.);
#3882=EDGE_LOOP('',(#3877,#3879,#3880,#3881));
#3883=FACE_OUTER_BOUND('',#3882,.F.);
#3884=ADVANCED_FACE('',(#3883),#3876,.T.);
#3885=CARTESIAN_POINT('',(-1.119999999897E2,-5.504958448259E1,-8.2E0));
#3886=DIRECTION('',(-1.E0,0.E0,0.E0));
#3887=DIRECTION('',(0.E0,0.E0,1.E0));
#3888=AXIS2_PLACEMENT_3D('',#3885,#3886,#3887);
#3889=PLANE('',#3888);
#3890=ORIENTED_EDGE('',*,*,#3660,.F.);
#3892=ORIENTED_EDGE('',*,*,#3891,.F.);
#3893=ORIENTED_EDGE('',*,*,#3785,.T.);
#3894=ORIENTED_EDGE('',*,*,#3878,.F.);
#3895=EDGE_LOOP('',(#3890,#3892,#3893,#3894));
#3896=FACE_OUTER_BOUND('',#3895,.F.);
#3898=ORIENTED_EDGE('',*,*,#3897,.F.);
#3900=ORIENTED_EDGE('',*,*,#3899,.F.);
#3902=ORIENTED_EDGE('',*,*,#3901,.F.);
#3904=ORIENTED_EDGE('',*,*,#3903,.F.);
#3905=EDGE_LOOP('',(#3898,#3900,#3902,#3904));
#3906=FACE_BOUND('',#3905,.F.);
#3908=ORIENTED_EDGE('',*,*,#3907,.T.);
#3910=ORIENTED_EDGE('',*,*,#3909,.T.);
#3911=EDGE_LOOP('',(#3908,#3910));
#3912=FACE_BOUND('',#3911,.F.);
#3914=ORIENTED_EDGE('',*,*,#3913,.T.);
#3916=ORIENTED_EDGE('',*,*,#3915,.T.);
#3917=EDGE_LOOP('',(#3914,#3916));
#3918=FACE_BOUND('',#3917,.F.);
#3919=ADVANCED_FACE('',(#3896,#3906,#3912,#3918),#3889,.T.);
#3920=CARTESIAN_POINT('',(-1.069999999897E2,-5.015008954597E1,
-6.609826275796E1));
#3921=DIRECTION('',(0.E0,0.E0,1.E0));
#3922=DIRECTION('',(1.E0,0.E0,0.E0));
#3923=AXIS2_PLACEMENT_3D('',#3920,#3921,#3922);
#3924=CYLINDRICAL_SURFACE('',#3923,5.E0);
#3925=ORIENTED_EDGE('',*,*,#3658,.F.);
#3927=ORIENTED_EDGE('',*,*,#3926,.T.);
#3928=ORIENTED_EDGE('',*,*,#3787,.F.);
#3929=ORIENTED_EDGE('',*,*,#3891,.T.);
#3930=EDGE_LOOP('',(#3925,#3927,#3928,#3929));
#3931=FACE_OUTER_BOUND('',#3930,.F.);
#3932=ADVANCED_FACE('',(#3931),#3924,.T.);
#3933=CARTESIAN_POINT('',(-9.543578642735E1,-6.878537092021E1,-8.2E0));
#3934=DIRECTION('',(-7.071067811865E-1,-7.071067811865E-1,0.E0));
#3935=DIRECTION('',(7.071067811865E-1,-7.071067811865E-1,0.E0));
#3936=AXIS2_PLACEMENT_3D('',#3933,#3934,#3935);
#3937=PLANE('',#3936);
#3938=ORIENTED_EDGE('',*,*,#3656,.F.);
#3940=ORIENTED_EDGE('',*,*,#3939,.F.);
#3941=ORIENTED_EDGE('',*,*,#3789,.F.);
#3942=ORIENTED_EDGE('',*,*,#3926,.F.);
#3943=EDGE_LOOP('',(#3938,#3940,#3941,#3942));
#3944=FACE_OUTER_BOUND('',#3943,.F.);
#3945=ADVANCED_FACE('',(#3944),#3937,.T.);
#3946=CARTESIAN_POINT('',(-9.195050505311E1,-6.519958448259E1,
-6.609826275796E1));
#3947=DIRECTION('',(0.E0,0.E0,1.E0));
#3948=DIRECTION('',(1.E0,0.E0,0.E0));
#3949=AXIS2_PLACEMENT_3D('',#3946,#3947,#3948);
#3950=CYLINDRICAL_SURFACE('',#3949,5.E0);
#3951=ORIENTED_EDGE('',*,*,#3654,.F.);
#3952=ORIENTED_EDGE('',*,*,#3723,.T.);
#3953=ORIENTED_EDGE('',*,*,#3791,.F.);
#3954=ORIENTED_EDGE('',*,*,#3939,.T.);
#3955=EDGE_LOOP('',(#3951,#3952,#3953,#3954));
#3956=FACE_OUTER_BOUND('',#3955,.F.);
#3957=ADVANCED_FACE('',(#3956),#3950,.T.);
#3958=CARTESIAN_POINT('',(1.300000000103E2,-7.019958448259E1,-2.47E1));
#3959=DIRECTION('',(0.E0,0.E0,-1.E0));
#3960=DIRECTION('',(-1.E0,0.E0,0.E0));
#3961=AXIS2_PLACEMENT_3D('',#3958,#3959,#3960);
#3962=PLANE('',#3961);
#3963=ORIENTED_EDGE('',*,*,#3897,.T.);
#3965=ORIENTED_EDGE('',*,*,#3964,.F.);
#3967=ORIENTED_EDGE('',*,*,#3966,.T.);
#3969=ORIENTED_EDGE('',*,*,#3968,.T.);
#3970=EDGE_LOOP('',(#3963,#3965,#3967,#3969));
#3971=FACE_OUTER_BOUND('',#3970,.F.);
#3972=ADVANCED_FACE('',(#3971),#3962,.F.);
#3973=CARTESIAN_POINT('',(-1.119999999897E2,3.9E0,-2.35E1));
#3974=DIRECTION('',(0.E0,1.E0,0.E0));
#3975=DIRECTION('',(0.E0,0.E0,1.E0));
#3976=AXIS2_PLACEMENT_3D('',#3973,#3974,#3975);
#3977=PLANE('',#3976);
#3978=ORIENTED_EDGE('',*,*,#3903,.T.);
#3980=ORIENTED_EDGE('',*,*,#3979,.F.);
#3982=ORIENTED_EDGE('',*,*,#3981,.T.);
#3983=ORIENTED_EDGE('',*,*,#3964,.T.);
#3984=EDGE_LOOP('',(#3978,#3980,#3982,#3983));
#3985=FACE_OUTER_BOUND('',#3984,.F.);
#3986=ADVANCED_FACE('',(#3985),#3977,.F.);
#3987=CARTESIAN_POINT('',(1.300000000103E2,-7.019958448259E1,-1.97E1));
#3988=DIRECTION('',(0.E0,0.E0,-1.E0));
#3989=DIRECTION('',(-1.E0,0.E0,0.E0));
#3990=AXIS2_PLACEMENT_3D('',#3987,#3988,#3989);
#3991=PLANE('',#3990);
#3992=ORIENTED_EDGE('',*,*,#3901,.T.);
#3994=ORIENTED_EDGE('',*,*,#3993,.F.);
#3996=ORIENTED_EDGE('',*,*,#3995,.F.);
#3997=ORIENTED_EDGE('',*,*,#3979,.T.);
#3998=EDGE_LOOP('',(#3992,#3994,#3996,#3997));
#3999=FACE_OUTER_BOUND('',#3998,.F.);
#4000=ADVANCED_FACE('',(#3999),#3991,.T.);
#4001=CARTESIAN_POINT('',(-1.094999999897E2,-5.1E0,-2.35E1));
#4002=DIRECTION('',(0.E0,-1.E0,0.E0));
#4003=DIRECTION('',(0.E0,0.E0,-1.E0));
#4004=AXIS2_PLACEMENT_3D('',#4001,#4002,#4003);
#4005=PLANE('',#4004);
#4006=ORIENTED_EDGE('',*,*,#3899,.T.);
#4007=ORIENTED_EDGE('',*,*,#3968,.F.);
#4009=ORIENTED_EDGE('',*,*,#4008,.T.);
#4010=ORIENTED_EDGE('',*,*,#3993,.T.);
#4011=EDGE_LOOP('',(#4006,#4007,#4009,#4010));
#4012=FACE_OUTER_BOUND('',#4011,.F.);
#4013=ADVANCED_FACE('',(#4012),#4005,.F.);
#4014=CARTESIAN_POINT('',(-1.094999999897E2,1.58E1,-8.2E0));
#4015=DIRECTION('',(1.E0,0.E0,0.E0));
#4016=DIRECTION('',(0.E0,0.E0,-1.E0));
#4017=AXIS2_PLACEMENT_3D('',#4014,#4015,#4016);
#4018=PLANE('',#4017);
#4020=ORIENTED_EDGE('',*,*,#4019,.F.);
#4022=ORIENTED_EDGE('',*,*,#4021,.F.);
#4023=ORIENTED_EDGE('',*,*,#2989,.F.);
#4025=ORIENTED_EDGE('',*,*,#4024,.F.);
#4026=EDGE_LOOP('',(#4020,#4022,#4023,#4025));
#4027=FACE_OUTER_BOUND('',#4026,.F.);
#4028=ORIENTED_EDGE('',*,*,#3981,.F.);
#4029=ORIENTED_EDGE('',*,*,#3995,.T.);
#4030=ORIENTED_EDGE('',*,*,#4008,.F.);
#4031=ORIENTED_EDGE('',*,*,#3966,.F.);
#4032=EDGE_LOOP('',(#4028,#4029,#4030,#4031));
#4033=FACE_BOUND('',#4032,.F.);
#4035=ORIENTED_EDGE('',*,*,#4034,.T.);
#4037=ORIENTED_EDGE('',*,*,#4036,.T.);
#4038=EDGE_LOOP('',(#4035,#4037));
#4039=FACE_BOUND('',#4038,.F.);
#4041=ORIENTED_EDGE('',*,*,#4040,.T.);
#4043=ORIENTED_EDGE('',*,*,#4042,.T.);
#4044=EDGE_LOOP('',(#4041,#4043));
#4045=FACE_BOUND('',#4044,.F.);
#4046=ADVANCED_FACE('',(#4027,#4033,#4039,#4045),#4018,.T.);
#4047=CARTESIAN_POINT('',(-1.099999999897E2,-1.842504477299E1,-8.8E0));
#4048=DIRECTION('',(7.071067811865E-1,0.E0,7.071067811865E-1));
#4049=DIRECTION('',(-7.071067811865E-1,0.E0,7.071067811865E-1));
#4050=AXIS2_PLACEMENT_3D('',#4047,#4048,#4049);
#4051=PLANE('',#4050);
#4052=ORIENTED_EDGE('',*,*,#4019,.T.);
#4054=ORIENTED_EDGE('',*,*,#4053,.F.);
#4055=ORIENTED_EDGE('',*,*,#3702,.F.);
#4057=ORIENTED_EDGE('',*,*,#4056,.F.);
#4058=EDGE_LOOP('',(#4052,#4054,#4055,#4057));
#4059=FACE_OUTER_BOUND('',#4058,.F.);
#4060=ADVANCED_FACE('',(#4059),#4051,.T.);
#4061=CARTESIAN_POINT('',(-1.069999999897E2,-5.015008954596E1,
-8.799999999999E0));
#4062=DIRECTION('',(0.E0,0.E0,1.E0));
#4063=DIRECTION('',(0.E0,-1.E0,0.E0));
#4064=AXIS2_PLACEMENT_3D('',#4061,#4062,#4063);
#4065=CONICAL_SURFACE('',#4064,3.000000000008E0,4.500000000039E1);
#4067=ORIENTED_EDGE('',*,*,#4066,.T.);
#4068=ORIENTED_EDGE('',*,*,#2942,.T.);
#4069=ORIENTED_EDGE('',*,*,#3704,.F.);
#4070=ORIENTED_EDGE('',*,*,#4053,.T.);
#4071=EDGE_LOOP('',(#4067,#4068,#4069,#4070));
#4072=FACE_OUTER_BOUND('',#4071,.F.);
#4073=ADVANCED_FACE('',(#4072),#4065,.F.);
#4074=CARTESIAN_POINT('',(-1.069999999897E2,-5.015008954597E1,
3.877026548730E1));
#4075=DIRECTION('',(0.E0,0.E0,-1.E0));
#4076=DIRECTION('',(-1.E0,0.E0,0.E0));
#4077=AXIS2_PLACEMENT_3D('',#4074,#4075,#4076);
#4078=CYLINDRICAL_SURFACE('',#4077,2.5E0);
#4079=ORIENTED_EDGE('',*,*,#4066,.F.);
#4080=ORIENTED_EDGE('',*,*,#4024,.T.);
#4081=ORIENTED_EDGE('',*,*,#2987,.F.);
#4082=ORIENTED_EDGE('',*,*,#2923,.T.);
#4083=EDGE_LOOP('',(#4079,#4080,#4081,#4082));
#4084=FACE_OUTER_BOUND('',#4083,.F.);
#4085=ADVANCED_FACE('',(#4084),#4078,.F.);
#4086=CARTESIAN_POINT('',(-1.069999999897E2,1.33E1,-8.8E0));
#4087=DIRECTION('',(0.E0,0.E0,1.E0));
#4088=DIRECTION('',(0.E0,-1.E0,0.E0));
#4089=AXIS2_PLACEMENT_3D('',#4086,#4087,#4088);
#4090=CONICAL_SURFACE('',#4089,3.E0,4.5E1);
#4092=ORIENTED_EDGE('',*,*,#4091,.T.);
#4093=ORIENTED_EDGE('',*,*,#4056,.T.);
#4094=ORIENTED_EDGE('',*,*,#3700,.F.);
#4096=ORIENTED_EDGE('',*,*,#4095,.T.);
#4097=EDGE_LOOP('',(#4092,#4093,#4094,#4096));
#4098=FACE_OUTER_BOUND('',#4097,.F.);
#4099=ADVANCED_FACE('',(#4098),#4090,.F.);
#4100=CARTESIAN_POINT('',(-1.069999999897E2,1.33E1,3.877026548730E1));
#4101=DIRECTION('',(0.E0,0.E0,-1.E0));
#4102=DIRECTION('',(-1.E0,0.E0,0.E0));
#4103=AXIS2_PLACEMENT_3D('',#4100,#4101,#4102);
#4104=CYLINDRICAL_SURFACE('',#4103,2.5E0);
#4105=ORIENTED_EDGE('',*,*,#4091,.F.);
#4107=ORIENTED_EDGE('',*,*,#4106,.T.);
#4108=ORIENTED_EDGE('',*,*,#2991,.F.);
#4109=ORIENTED_EDGE('',*,*,#4021,.T.);
#4110=EDGE_LOOP('',(#4105,#4107,#4108,#4109));
#4111=FACE_OUTER_BOUND('',#4110,.F.);
#4112=ADVANCED_FACE('',(#4111),#4104,.F.);
#4113=CARTESIAN_POINT('',(-6.749999998973E1,1.58E1,-8.2E0));
#4114=DIRECTION('',(0.E0,-1.E0,0.E0));
#4115=DIRECTION('',(0.E0,0.E0,-1.E0));
#4116=AXIS2_PLACEMENT_3D('',#4113,#4114,#4115);
#4117=PLANE('',#4116);
#4119=ORIENTED_EDGE('',*,*,#4118,.F.);
#4121=ORIENTED_EDGE('',*,*,#4120,.F.);
#4122=ORIENTED_EDGE('',*,*,#2993,.F.);
#4123=ORIENTED_EDGE('',*,*,#4106,.F.);
#4124=EDGE_LOOP('',(#4119,#4121,#4122,#4123));
#4125=FACE_OUTER_BOUND('',#4124,.F.);
#4127=ORIENTED_EDGE('',*,*,#4126,.F.);
#4129=ORIENTED_EDGE('',*,*,#4128,.F.);
#4130=EDGE_LOOP('',(#4127,#4129));
#4131=FACE_BOUND('',#4130,.F.);
#4132=ADVANCED_FACE('',(#4125,#4131),#4117,.T.);
#4133=CARTESIAN_POINT('',(-8.974999998972E1,1.63E1,-8.8E0));
#4134=DIRECTION('',(0.E0,-7.071067811865E-1,7.071067811865E-1));
#4135=DIRECTION('',(0.E0,7.071067811865E-1,7.071067811865E-1));
#4136=AXIS2_PLACEMENT_3D('',#4133,#4134,#4135);
#4137=PLANE('',#4136);
#4138=ORIENTED_EDGE('',*,*,#4118,.T.);
#4139=ORIENTED_EDGE('',*,*,#4095,.F.);
#4140=ORIENTED_EDGE('',*,*,#3698,.F.);
#4142=ORIENTED_EDGE('',*,*,#4141,.F.);
#4143=EDGE_LOOP('',(#4138,#4139,#4140,#4142));
#4144=FACE_OUTER_BOUND('',#4143,.F.);
#4145=ADVANCED_FACE('',(#4144),#4137,.T.);
#4146=CARTESIAN_POINT('',(-7.249999998973E1,2.08E1,-8.8E0));
#4147=DIRECTION('',(0.E0,0.E0,-1.E0));
#4148=DIRECTION('',(0.E0,-1.E0,0.E0));
#4149=AXIS2_PLACEMENT_3D('',#4146,#4147,#4148);
#4150=CONICAL_SURFACE('',#4149,4.5E0,4.5E1);
#4152=ORIENTED_EDGE('',*,*,#4151,.T.);
#4153=ORIENTED_EDGE('',*,*,#4141,.T.);
#4154=ORIENTED_EDGE('',*,*,#3696,.F.);
#4156=ORIENTED_EDGE('',*,*,#4155,.T.);
#4157=EDGE_LOOP('',(#4152,#4153,#4154,#4156));
#4158=FACE_OUTER_BOUND('',#4157,.F.);
#4159=ADVANCED_FACE('',(#4158),#4150,.T.);
#4160=CARTESIAN_POINT('',(-7.249999998973E1,2.08E1,-6.609826275796E1));
#4161=DIRECTION('',(0.E0,0.E0,1.E0));
#4162=DIRECTION('',(1.E0,0.E0,0.E0));
#4163=AXIS2_PLACEMENT_3D('',#4160,#4161,#4162);
#4164=CYLINDRICAL_SURFACE('',#4163,5.E0);
#4165=ORIENTED_EDGE('',*,*,#4151,.F.);
#4167=ORIENTED_EDGE('',*,*,#4166,.T.);
#4168=ORIENTED_EDGE('',*,*,#2995,.F.);
#4169=ORIENTED_EDGE('',*,*,#4120,.T.);
#4170=EDGE_LOOP('',(#4165,#4167,#4168,#4169));
#4171=FACE_OUTER_BOUND('',#4170,.F.);
#4172=ADVANCED_FACE('',(#4171),#4164,.T.);
#4173=CARTESIAN_POINT('',(-6.749999998973E1,6.65E1,-8.2E0));
#4174=DIRECTION('',(1.E0,0.E0,0.E0));
#4175=DIRECTION('',(0.E0,0.E0,-1.E0));
#4176=AXIS2_PLACEMENT_3D('',#4173,#4174,#4175);
#4177=PLANE('',#4176);
#4179=ORIENTED_EDGE('',*,*,#4178,.F.);
#4181=ORIENTED_EDGE('',*,*,#4180,.F.);
#4182=ORIENTED_EDGE('',*,*,#2997,.F.);
#4183=ORIENTED_EDGE('',*,*,#4166,.F.);
#4184=EDGE_LOOP('',(#4179,#4181,#4182,#4183));
#4185=FACE_OUTER_BOUND('',#4184,.F.);
#4187=ORIENTED_EDGE('',*,*,#4186,.T.);
#4189=ORIENTED_EDGE('',*,*,#4188,.T.);
#4191=ORIENTED_EDGE('',*,*,#4190,.T.);
#4193=ORIENTED_EDGE('',*,*,#4192,.T.);
#4194=EDGE_LOOP('',(#4187,#4189,#4191,#4193));
#4195=FACE_BOUND('',#4194,.F.);
#4196=ADVANCED_FACE('',(#4185,#4195),#4177,.T.);
#4197=CARTESIAN_POINT('',(-6.799999998973E1,4.24E1,-8.8E0));
#4198=DIRECTION('',(7.071067811865E-1,0.E0,7.071067811865E-1));
#4199=DIRECTION('',(-7.071067811865E-1,0.E0,7.071067811865E-1));
#4200=AXIS2_PLACEMENT_3D('',#4197,#4198,#4199);
#4201=PLANE('',#4200);
#4202=ORIENTED_EDGE('',*,*,#4178,.T.);
#4203=ORIENTED_EDGE('',*,*,#4155,.F.);
#4204=ORIENTED_EDGE('',*,*,#3694,.F.);
#4206=ORIENTED_EDGE('',*,*,#4205,.F.);
#4207=EDGE_LOOP('',(#4202,#4203,#4204,#4206));
#4208=FACE_OUTER_BOUND('',#4207,.F.);
#4209=ADVANCED_FACE('',(#4208),#4201,.T.);
#4210=CARTESIAN_POINT('',(-6.499999998973E1,6.4E1,-8.8E0));
#4211=DIRECTION('',(0.E0,0.E0,1.E0));
#4212=DIRECTION('',(0.E0,-1.E0,0.E0));
#4213=AXIS2_PLACEMENT_3D('',#4210,#4211,#4212);
#4214=CONICAL_SURFACE('',#4213,3.E0,4.5E1);
#4216=ORIENTED_EDGE('',*,*,#4215,.T.);
#4217=ORIENTED_EDGE('',*,*,#4205,.T.);
#4218=ORIENTED_EDGE('',*,*,#3692,.F.);
#4220=ORIENTED_EDGE('',*,*,#4219,.T.);
#4221=EDGE_LOOP('',(#4216,#4217,#4218,#4220));
#4222=FACE_OUTER_BOUND('',#4221,.F.);
#4223=ADVANCED_FACE('',(#4222),#4214,.F.);
#4224=CARTESIAN_POINT('',(-6.499999998973E1,6.4E1,3.877026548730E1));
#4225=DIRECTION('',(0.E0,0.E0,-1.E0));
#4226=DIRECTION('',(-1.E0,0.E0,0.E0));
#4227=AXIS2_PLACEMENT_3D('',#4224,#4225,#4226);
#4228=CYLINDRICAL_SURFACE('',#4227,2.5E0);
#4229=ORIENTED_EDGE('',*,*,#4215,.F.);
#4230=ORIENTED_EDGE('',*,*,#3435,.T.);
#4231=ORIENTED_EDGE('',*,*,#2999,.F.);
#4232=ORIENTED_EDGE('',*,*,#4180,.T.);
#4233=EDGE_LOOP('',(#4229,#4230,#4231,#4232));
#4234=FACE_OUTER_BOUND('',#4233,.F.);
#4235=ADVANCED_FACE('',(#4234),#4228,.F.);
#4236=CARTESIAN_POINT('',(3.000000001029E1,6.7E1,-8.8E0));
#4237=DIRECTION('',(0.E0,-7.071067811865E-1,7.071067811865E-1));
#4238=DIRECTION('',(0.E0,7.071067811865E-1,7.071067811865E-1));
#4239=AXIS2_PLACEMENT_3D('',#4236,#4237,#4238);
#4240=PLANE('',#4239);
#4241=ORIENTED_EDGE('',*,*,#3437,.T.);
#4242=ORIENTED_EDGE('',*,*,#4219,.F.);
#4243=ORIENTED_EDGE('',*,*,#3690,.F.);
#4245=ORIENTED_EDGE('',*,*,#4244,.F.);
#4246=EDGE_LOOP('',(#4241,#4242,#4243,#4245));
#4247=FACE_OUTER_BOUND('',#4246,.F.);
#4248=ADVANCED_FACE('',(#4247),#4240,.T.);
#4249=CARTESIAN_POINT('',(1.250000000103E2,6.4E1,-8.8E0));
#4250=DIRECTION('',(0.E0,0.E0,1.E0));
#4251=DIRECTION('',(0.E0,-1.E0,0.E0));
#4252=AXIS2_PLACEMENT_3D('',#4249,#4250,#4251);
#4253=CONICAL_SURFACE('',#4252,3.E0,4.5E1);
#4255=ORIENTED_EDGE('',*,*,#4254,.T.);
#4256=ORIENTED_EDGE('',*,*,#4244,.T.);
#4257=ORIENTED_EDGE('',*,*,#3688,.F.);
#4259=ORIENTED_EDGE('',*,*,#4258,.T.);
#4260=EDGE_LOOP('',(#4255,#4256,#4257,#4259));
#4261=FACE_OUTER_BOUND('',#4260,.F.);
#4262=ADVANCED_FACE('',(#4261),#4253,.F.);
#4263=CARTESIAN_POINT('',(1.250000000103E2,6.4E1,3.877026548730E1));
#4264=DIRECTION('',(0.E0,0.E0,-1.E0));
#4265=DIRECTION('',(-1.E0,0.E0,0.E0));
#4266=AXIS2_PLACEMENT_3D('',#4263,#4264,#4265);
#4267=CYLINDRICAL_SURFACE('',#4266,2.5E0);
#4268=ORIENTED_EDGE('',*,*,#4254,.F.);
#4270=ORIENTED_EDGE('',*,*,#4269,.T.);
#4271=ORIENTED_EDGE('',*,*,#3113,.F.);
#4272=ORIENTED_EDGE('',*,*,#3439,.T.);
#4273=EDGE_LOOP('',(#4268,#4270,#4271,#4272));
#4274=FACE_OUTER_BOUND('',#4273,.F.);
#4275=ADVANCED_FACE('',(#4274),#4267,.F.);
#4276=CARTESIAN_POINT('',(1.275000000103E2,-6.769958448259E1,-8.2E0));
#4277=DIRECTION('',(-1.E0,0.E0,0.E0));
#4278=DIRECTION('',(0.E0,0.E0,1.E0));
#4279=AXIS2_PLACEMENT_3D('',#4276,#4277,#4278);
#4280=PLANE('',#4279);
#4282=ORIENTED_EDGE('',*,*,#4281,.F.);
#4284=ORIENTED_EDGE('',*,*,#4283,.F.);
#4285=ORIENTED_EDGE('',*,*,#3115,.T.);
#4286=ORIENTED_EDGE('',*,*,#4269,.F.);
#4287=EDGE_LOOP('',(#4282,#4284,#4285,#4286));
#4288=FACE_OUTER_BOUND('',#4287,.F.);
#4290=ORIENTED_EDGE('',*,*,#4289,.T.);
#4292=ORIENTED_EDGE('',*,*,#4291,.T.);
#4293=EDGE_LOOP('',(#4290,#4292));
#4294=FACE_BOUND('',#4293,.F.);
#4296=ORIENTED_EDGE('',*,*,#4295,.T.);
#4298=ORIENTED_EDGE('',*,*,#4297,.T.);
#4299=EDGE_LOOP('',(#4296,#4298));
#4300=FACE_BOUND('',#4299,.F.);
#4302=ORIENTED_EDGE('',*,*,#4301,.T.);
#4304=ORIENTED_EDGE('',*,*,#4303,.T.);
#4305=EDGE_LOOP('',(#4302,#4304));
#4306=FACE_BOUND('',#4305,.F.);
#4308=ORIENTED_EDGE('',*,*,#4307,.F.);
#4310=ORIENTED_EDGE('',*,*,#4309,.F.);
#4312=ORIENTED_EDGE('',*,*,#4311,.F.);
#4314=ORIENTED_EDGE('',*,*,#4313,.T.);
#4315=EDGE_LOOP('',(#4308,#4310,#4312,#4314));
#4316=FACE_BOUND('',#4315,.F.);
#4317=ADVANCED_FACE('',(#4288,#4294,#4300,#4306,#4316),#4280,.T.);
#4318=CARTESIAN_POINT('',(1.280000000103E2,-5.997922412950E-1,-8.8E0));
#4319=DIRECTION('',(-7.071067811865E-1,0.E0,7.071067811865E-1));
#4320=DIRECTION('',(7.071067811865E-1,0.E0,7.071067811865E-1));
#4321=AXIS2_PLACEMENT_3D('',#4318,#4319,#4320);
#4322=PLANE('',#4321);
#4323=ORIENTED_EDGE('',*,*,#4281,.T.);
#4324=ORIENTED_EDGE('',*,*,#4258,.F.);
#4325=ORIENTED_EDGE('',*,*,#3686,.F.);
#4327=ORIENTED_EDGE('',*,*,#4326,.F.);
#4328=EDGE_LOOP('',(#4323,#4324,#4325,#4327));
#4329=FACE_OUTER_BOUND('',#4328,.F.);
#4330=ADVANCED_FACE('',(#4329),#4322,.T.);
#4331=CARTESIAN_POINT('',(1.250000000103E2,-6.519958448259E1,-8.8E0));
#4332=DIRECTION('',(0.E0,0.E0,1.E0));
#4333=DIRECTION('',(0.E0,-1.E0,0.E0));
#4334=AXIS2_PLACEMENT_3D('',#4331,#4332,#4333);
#4335=CONICAL_SURFACE('',#4334,3.E0,4.5E1);
#4337=ORIENTED_EDGE('',*,*,#4336,.T.);
#4338=ORIENTED_EDGE('',*,*,#4326,.T.);
#4339=ORIENTED_EDGE('',*,*,#3684,.F.);
#4341=ORIENTED_EDGE('',*,*,#4340,.T.);
#4342=EDGE_LOOP('',(#4337,#4338,#4339,#4341));
#4343=FACE_OUTER_BOUND('',#4342,.F.);
#4344=ADVANCED_FACE('',(#4343),#4335,.F.);
#4345=CARTESIAN_POINT('',(1.250000000103E2,-6.519958448259E1,3.877026548730E1));
#4346=DIRECTION('',(0.E0,0.E0,-1.E0));
#4347=DIRECTION('',(-1.E0,0.E0,0.E0));
#4348=AXIS2_PLACEMENT_3D('',#4345,#4346,#4347);
#4349=CYLINDRICAL_SURFACE('',#4348,2.5E0);
#4350=ORIENTED_EDGE('',*,*,#4336,.F.);
#4352=ORIENTED_EDGE('',*,*,#4351,.T.);
#4353=ORIENTED_EDGE('',*,*,#3117,.F.);
#4354=ORIENTED_EDGE('',*,*,#4283,.T.);
#4355=EDGE_LOOP('',(#4350,#4352,#4353,#4354));
#4356=FACE_OUTER_BOUND('',#4355,.F.);
#4357=ADVANCED_FACE('',(#4356),#4349,.F.);
#4358=CARTESIAN_POINT('',(-9.581446608379E1,-6.769958448259E1,-8.2E0));
#4359=DIRECTION('',(0.E0,1.E0,0.E0));
#4360=DIRECTION('',(0.E0,0.E0,1.E0));
#4361=AXIS2_PLACEMENT_3D('',#4358,#4359,#4360);
#4362=PLANE('',#4361);
#4364=ORIENTED_EDGE('',*,*,#4363,.F.);
#4366=ORIENTED_EDGE('',*,*,#4365,.T.);
#4367=ORIENTED_EDGE('',*,*,#3119,.F.);
#4368=ORIENTED_EDGE('',*,*,#4351,.F.);
#4369=EDGE_LOOP('',(#4364,#4366,#4367,#4368));
#4370=FACE_OUTER_BOUND('',#4369,.F.);
#4372=ORIENTED_EDGE('',*,*,#4371,.T.);
#4374=ORIENTED_EDGE('',*,*,#4373,.T.);
#4375=EDGE_LOOP('',(#4372,#4374));
#4376=FACE_BOUND('',#4375,.F.);
#4378=ORIENTED_EDGE('',*,*,#4377,.T.);
#4380=ORIENTED_EDGE('',*,*,#4379,.F.);
#4382=ORIENTED_EDGE('',*,*,#4381,.F.);
#4384=ORIENTED_EDGE('',*,*,#4383,.F.);
#4385=EDGE_LOOP('',(#4378,#4380,#4382,#4384));
#4386=FACE_BOUND('',#4385,.F.);
#4387=ADVANCED_FACE('',(#4370,#4376,#4386),#4362,.T.);
#4388=CARTESIAN_POINT('',(1.150000000194E2,-6.819958448173E1,
-8.800000000856E0));
#4389=DIRECTION('',(0.E0,7.071067811865E-1,7.071067811865E-1));
#4390=DIRECTION('',(0.E0,-7.071067811865E-1,7.071067811865E-1));
#4391=AXIS2_PLACEMENT_3D('',#4388,#4389,#4390);
#4392=PLANE('',#4391);
#4394=ORIENTED_EDGE('',*,*,#4393,.F.);
#4395=ORIENTED_EDGE('',*,*,#4363,.T.);
#4396=ORIENTED_EDGE('',*,*,#4340,.F.);
#4397=ORIENTED_EDGE('',*,*,#3682,.F.);
#4398=EDGE_LOOP('',(#4394,#4395,#4396,#4397));
#4399=FACE_OUTER_BOUND('',#4398,.F.);
#4400=ADVANCED_FACE('',(#4399),#4392,.T.);
#4401=CARTESIAN_POINT('',(1.05E2,-5.839852408453E1,-3.82E1));
#4402=DIRECTION('',(1.E0,0.E0,0.E0));
#4403=DIRECTION('',(0.E0,-1.E0,0.E0));
#4404=AXIS2_PLACEMENT_3D('',#4401,#4402,#4403);
#4405=PLANE('',#4404);
#4406=ORIENTED_EDGE('',*,*,#4393,.T.);
#4407=ORIENTED_EDGE('',*,*,#3680,.T.);
#4409=ORIENTED_EDGE('',*,*,#4408,.F.);
#4410=ORIENTED_EDGE('',*,*,#3240,.F.);
#4412=ORIENTED_EDGE('',*,*,#4411,.F.);
#4413=ORIENTED_EDGE('',*,*,#3121,.T.);
#4414=ORIENTED_EDGE('',*,*,#4365,.F.);
#4415=EDGE_LOOP('',(#4406,#4407,#4409,#4410,#4412,#4413,#4414));
#4416=FACE_OUTER_BOUND('',#4415,.F.);
#4417=ADVANCED_FACE('',(#4416),#4405,.F.);
#4418=CARTESIAN_POINT('',(1.300000000103E2,-7.019958448259E1,-8.2E0));
#4419=DIRECTION('',(0.E0,-1.E0,0.E0));
#4420=DIRECTION('',(0.E0,0.E0,-1.E0));
#4421=AXIS2_PLACEMENT_3D('',#4418,#4419,#4420);
#4422=PLANE('',#4421);
#4423=ORIENTED_EDGE('',*,*,#3678,.T.);
#4425=ORIENTED_EDGE('',*,*,#4424,.F.);
#4426=ORIENTED_EDGE('',*,*,#3242,.F.);
#4427=ORIENTED_EDGE('',*,*,#4408,.T.);
#4428=EDGE_LOOP('',(#4423,#4425,#4426,#4427));
#4429=FACE_OUTER_BOUND('',#4428,.F.);
#4431=ORIENTED_EDGE('',*,*,#4430,.T.);
#4433=ORIENTED_EDGE('',*,*,#4432,.T.);
#4434=EDGE_LOOP('',(#4431,#4433));
#4435=FACE_BOUND('',#4434,.F.);
#4437=ORIENTED_EDGE('',*,*,#4436,.F.);
#4439=ORIENTED_EDGE('',*,*,#4438,.F.);
#4441=ORIENTED_EDGE('',*,*,#4440,.F.);
#4443=ORIENTED_EDGE('',*,*,#4442,.F.);
#4444=EDGE_LOOP('',(#4437,#4439,#4441,#4443));
#4445=FACE_BOUND('',#4444,.F.);
#4446=ADVANCED_FACE('',(#4429,#4435,#4445),#4422,.T.);
#4447=CARTESIAN_POINT('',(1.250000000103E2,-6.519958448259E1,
-6.609826275796E1));
#4448=DIRECTION('',(0.E0,0.E0,1.E0));
#4449=DIRECTION('',(1.E0,0.E0,0.E0));
#4450=AXIS2_PLACEMENT_3D('',#4447,#4448,#4449);
#4451=CYLINDRICAL_SURFACE('',#4450,5.E0);
#4452=ORIENTED_EDGE('',*,*,#3676,.F.);
#4454=ORIENTED_EDGE('',*,*,#4453,.T.);
#4455=ORIENTED_EDGE('',*,*,#3244,.F.);
#4456=ORIENTED_EDGE('',*,*,#4424,.T.);
#4457=EDGE_LOOP('',(#4452,#4454,#4455,#4456));
#4458=FACE_OUTER_BOUND('',#4457,.F.);
#4459=ADVANCED_FACE('',(#4458),#4451,.T.);
#4460=CARTESIAN_POINT('',(1.300000000103E2,6.9E1,-8.2E0));
#4461=DIRECTION('',(1.E0,0.E0,0.E0));
#4462=DIRECTION('',(0.E0,0.E0,-1.E0));
#4463=AXIS2_PLACEMENT_3D('',#4460,#4461,#4462);
#4464=PLANE('',#4463);
#4465=ORIENTED_EDGE('',*,*,#3674,.T.);
#4466=ORIENTED_EDGE('',*,*,#3640,.F.);
#4467=ORIENTED_EDGE('',*,*,#3246,.T.);
#4468=ORIENTED_EDGE('',*,*,#4453,.F.);
#4469=EDGE_LOOP('',(#4465,#4466,#4467,#4468));
#4470=FACE_OUTER_BOUND('',#4469,.F.);
#4472=ORIENTED_EDGE('',*,*,#4471,.T.);
#4474=ORIENTED_EDGE('',*,*,#4473,.T.);
#4475=EDGE_LOOP('',(#4472,#4474));
#4476=FACE_BOUND('',#4475,.F.);
#4478=ORIENTED_EDGE('',*,*,#4477,.T.);
#4480=ORIENTED_EDGE('',*,*,#4479,.T.);
#4481=EDGE_LOOP('',(#4478,#4480));
#4482=FACE_BOUND('',#4481,.F.);
#4484=ORIENTED_EDGE('',*,*,#4483,.T.);
#4486=ORIENTED_EDGE('',*,*,#4485,.T.);
#4487=EDGE_LOOP('',(#4484,#4486));
#4488=FACE_BOUND('',#4487,.F.);
#4490=ORIENTED_EDGE('',*,*,#4489,.F.);
#4492=ORIENTED_EDGE('',*,*,#4491,.F.);
#4494=ORIENTED_EDGE('',*,*,#4493,.F.);
#4496=ORIENTED_EDGE('',*,*,#4495,.F.);
#4497=EDGE_LOOP('',(#4490,#4492,#4494,#4496));
#4498=FACE_BOUND('',#4497,.F.);
#4499=ADVANCED_FACE('',(#4470,#4476,#4482,#4488,#4498),#4464,.T.);
#4500=CARTESIAN_POINT('',(1.294992038139E2,-5.000000000001E1,-1.37E1));
#4501=DIRECTION('',(1.E0,0.E0,0.E0));
#4502=DIRECTION('',(0.E0,0.E0,-1.E0));
#4503=AXIS2_PLACEMENT_3D('',#4500,#4501,#4502);
#4504=CONICAL_SURFACE('',#4503,2.751194294633E0,5.630993247402E1);
#4505=ORIENTED_EDGE('',*,*,#4471,.F.);
#4507=ORIENTED_EDGE('',*,*,#4506,.F.);
#4509=ORIENTED_EDGE('',*,*,#4508,.F.);
#4511=ORIENTED_EDGE('',*,*,#4510,.T.);
#4512=EDGE_LOOP('',(#4505,#4507,#4509,#4511));
#4513=FACE_OUTER_BOUND('',#4512,.F.);
#4514=ADVANCED_FACE('',(#4513),#4504,.F.);
#4515=CARTESIAN_POINT('',(1.294992038139E2,-5.000000000001E1,-1.37E1));
#4516=DIRECTION('',(1.E0,0.E0,0.E0));
#4517=DIRECTION('',(0.E0,0.E0,-1.E0));
#4518=AXIS2_PLACEMENT_3D('',#4515,#4516,#4517);
#4519=CONICAL_SURFACE('',#4518,2.751194294633E0,5.630993247402E1);
#4520=ORIENTED_EDGE('',*,*,#4473,.F.);
#4521=ORIENTED_EDGE('',*,*,#4510,.F.);
#4523=ORIENTED_EDGE('',*,*,#4522,.F.);
#4524=ORIENTED_EDGE('',*,*,#4506,.T.);
#4525=EDGE_LOOP('',(#4520,#4521,#4523,#4524));
#4526=FACE_OUTER_BOUND('',#4525,.F.);
#4527=ADVANCED_FACE('',(#4526),#4519,.F.);
#4528=CARTESIAN_POINT('',(1.200000000103E2,-5.000000000001E1,-1.37E1));
#4529=DIRECTION('',(1.E0,0.E0,0.E0));
#4530=DIRECTION('',(0.E0,-1.E0,0.E0));
#4531=AXIS2_PLACEMENT_3D('',#4528,#4529,#4530);
#4532=CYLINDRICAL_SURFACE('',#4531,2.E0);
#4533=ORIENTED_EDGE('',*,*,#4522,.T.);
#4535=ORIENTED_EDGE('',*,*,#4534,.T.);
#4536=ORIENTED_EDGE('',*,*,#4289,.F.);
#4538=ORIENTED_EDGE('',*,*,#4537,.F.);
#4539=EDGE_LOOP('',(#4533,#4535,#4536,#4538));
#4540=FACE_OUTER_BOUND('',#4539,.F.);
#4541=ADVANCED_FACE('',(#4540),#4532,.F.);
#4542=CARTESIAN_POINT('',(1.200000000103E2,-5.000000000001E1,-1.37E1));
#4543=DIRECTION('',(1.E0,0.E0,0.E0));
#4544=DIRECTION('',(0.E0,-1.E0,0.E0));
#4545=AXIS2_PLACEMENT_3D('',#4542,#4543,#4544);
#4546=CYLINDRICAL_SURFACE('',#4545,2.E0);
#4547=ORIENTED_EDGE('',*,*,#4508,.T.);
#4548=ORIENTED_EDGE('',*,*,#4537,.T.);
#4549=ORIENTED_EDGE('',*,*,#4291,.F.);
#4550=ORIENTED_EDGE('',*,*,#4534,.F.);
#4551=EDGE_LOOP('',(#4547,#4548,#4549,#4550));
#4552=FACE_OUTER_BOUND('',#4551,.F.);
#4553=ADVANCED_FACE('',(#4552),#4546,.F.);
#4554=CARTESIAN_POINT('',(1.294992038139E2,-6.295408638834E-12,-1.37E1));
#4555=DIRECTION('',(1.E0,0.E0,0.E0));
#4556=DIRECTION('',(0.E0,0.E0,-1.E0));
#4557=AXIS2_PLACEMENT_3D('',#4554,#4555,#4556);
#4558=CONICAL_SURFACE('',#4557,2.751194294633E0,5.630993247402E1);
#4559=ORIENTED_EDGE('',*,*,#4477,.F.);
#4561=ORIENTED_EDGE('',*,*,#4560,.F.);
#4563=ORIENTED_EDGE('',*,*,#4562,.F.);
#4565=ORIENTED_EDGE('',*,*,#4564,.T.);
#4566=EDGE_LOOP('',(#4559,#4561,#4563,#4565));
#4567=FACE_OUTER_BOUND('',#4566,.F.);
#4568=ADVANCED_FACE('',(#4567),#4558,.F.);
#4569=CARTESIAN_POINT('',(1.294992038139E2,-6.295408638834E-12,-1.37E1));
#4570=DIRECTION('',(1.E0,0.E0,0.E0));
#4571=DIRECTION('',(0.E0,0.E0,-1.E0));
#4572=AXIS2_PLACEMENT_3D('',#4569,#4570,#4571);
#4573=CONICAL_SURFACE('',#4572,2.751194294633E0,5.630993247402E1);
#4574=ORIENTED_EDGE('',*,*,#4479,.F.);
#4575=ORIENTED_EDGE('',*,*,#4564,.F.);
#4577=ORIENTED_EDGE('',*,*,#4576,.F.);
#4578=ORIENTED_EDGE('',*,*,#4560,.T.);
#4579=EDGE_LOOP('',(#4574,#4575,#4577,#4578));
#4580=FACE_OUTER_BOUND('',#4579,.F.);
#4581=ADVANCED_FACE('',(#4580),#4573,.F.);
#4582=CARTESIAN_POINT('',(1.200000000103E2,-6.295408638834E-12,-1.37E1));
#4583=DIRECTION('',(1.E0,0.E0,0.E0));
#4584=DIRECTION('',(0.E0,-1.E0,0.E0));
#4585=AXIS2_PLACEMENT_3D('',#4582,#4583,#4584);
#4586=CYLINDRICAL_SURFACE('',#4585,2.E0);
#4587=ORIENTED_EDGE('',*,*,#4576,.T.);
#4589=ORIENTED_EDGE('',*,*,#4588,.T.);
#4590=ORIENTED_EDGE('',*,*,#4295,.F.);
#4592=ORIENTED_EDGE('',*,*,#4591,.F.);
#4593=EDGE_LOOP('',(#4587,#4589,#4590,#4592));
#4594=FACE_OUTER_BOUND('',#4593,.F.);
#4595=ADVANCED_FACE('',(#4594),#4586,.F.);
#4596=CARTESIAN_POINT('',(1.200000000103E2,-6.295408638834E-12,-1.37E1));
#4597=DIRECTION('',(1.E0,0.E0,0.E0));
#4598=DIRECTION('',(0.E0,-1.E0,0.E0));
#4599=AXIS2_PLACEMENT_3D('',#4596,#4597,#4598);
#4600=CYLINDRICAL_SURFACE('',#4599,2.E0);
#4601=ORIENTED_EDGE('',*,*,#4562,.T.);
#4602=ORIENTED_EDGE('',*,*,#4591,.T.);
#4603=ORIENTED_EDGE('',*,*,#4297,.F.);
#4604=ORIENTED_EDGE('',*,*,#4588,.F.);
#4605=EDGE_LOOP('',(#4601,#4602,#4603,#4604));
#4606=FACE_OUTER_BOUND('',#4605,.F.);
#4607=ADVANCED_FACE('',(#4606),#4600,.F.);
#4608=CARTESIAN_POINT('',(1.294992038139E2,4.999999999999E1,-1.37E1));
#4609=DIRECTION('',(1.E0,0.E0,0.E0));
#4610=DIRECTION('',(0.E0,0.E0,-1.E0));
#4611=AXIS2_PLACEMENT_3D('',#4608,#4609,#4610);
#4612=CONICAL_SURFACE('',#4611,2.751194294633E0,5.630993247402E1);
#4613=ORIENTED_EDGE('',*,*,#4483,.F.);
#4615=ORIENTED_EDGE('',*,*,#4614,.F.);
#4617=ORIENTED_EDGE('',*,*,#4616,.F.);
#4619=ORIENTED_EDGE('',*,*,#4618,.T.);
#4620=EDGE_LOOP('',(#4613,#4615,#4617,#4619));
#4621=FACE_OUTER_BOUND('',#4620,.F.);
#4622=ADVANCED_FACE('',(#4621),#4612,.F.);
#4623=CARTESIAN_POINT('',(1.294992038139E2,4.999999999999E1,-1.37E1));
#4624=DIRECTION('',(1.E0,0.E0,0.E0));
#4625=DIRECTION('',(0.E0,0.E0,-1.E0));
#4626=AXIS2_PLACEMENT_3D('',#4623,#4624,#4625);
#4627=CONICAL_SURFACE('',#4626,2.751194294633E0,5.630993247402E1);
#4628=ORIENTED_EDGE('',*,*,#4485,.F.);
#4629=ORIENTED_EDGE('',*,*,#4618,.F.);
#4631=ORIENTED_EDGE('',*,*,#4630,.F.);
#4632=ORIENTED_EDGE('',*,*,#4614,.T.);
#4633=EDGE_LOOP('',(#4628,#4629,#4631,#4632));
#4634=FACE_OUTER_BOUND('',#4633,.F.);
#4635=ADVANCED_FACE('',(#4634),#4627,.F.);
#4636=CARTESIAN_POINT('',(1.200000000103E2,4.999999999999E1,-1.37E1));
#4637=DIRECTION('',(1.E0,0.E0,0.E0));
#4638=DIRECTION('',(0.E0,-1.E0,0.E0));
#4639=AXIS2_PLACEMENT_3D('',#4636,#4637,#4638);
#4640=CYLINDRICAL_SURFACE('',#4639,2.E0);
#4641=ORIENTED_EDGE('',*,*,#4630,.T.);
#4643=ORIENTED_EDGE('',*,*,#4642,.T.);
#4644=ORIENTED_EDGE('',*,*,#4303,.F.);
#4646=ORIENTED_EDGE('',*,*,#4645,.F.);
#4647=EDGE_LOOP('',(#4641,#4643,#4644,#4646));
#4648=FACE_OUTER_BOUND('',#4647,.F.);
#4649=ADVANCED_FACE('',(#4648),#4640,.F.);
#4650=CARTESIAN_POINT('',(1.200000000103E2,4.999999999999E1,-1.37E1));
#4651=DIRECTION('',(1.E0,0.E0,0.E0));
#4652=DIRECTION('',(0.E0,-1.E0,0.E0));
#4653=AXIS2_PLACEMENT_3D('',#4650,#4651,#4652);
#4654=CYLINDRICAL_SURFACE('',#4653,2.E0);
#4655=ORIENTED_EDGE('',*,*,#4616,.T.);
#4656=ORIENTED_EDGE('',*,*,#4645,.T.);
#4657=ORIENTED_EDGE('',*,*,#4301,.F.);
#4658=ORIENTED_EDGE('',*,*,#4642,.F.);
#4659=EDGE_LOOP('',(#4655,#4656,#4657,#4658));
#4660=FACE_OUTER_BOUND('',#4659,.F.);
#4661=ADVANCED_FACE('',(#4660),#4654,.F.);
#4662=CARTESIAN_POINT('',(1.300000000103E2,-7.019958448259E1,-1.97E1));
#4663=DIRECTION('',(0.E0,0.E0,-1.E0));
#4664=DIRECTION('',(-1.E0,0.E0,0.E0));
#4665=AXIS2_PLACEMENT_3D('',#4662,#4663,#4664);
#4666=PLANE('',#4665);
#4667=ORIENTED_EDGE('',*,*,#4313,.F.);
#4669=ORIENTED_EDGE('',*,*,#4668,.T.);
#4670=ORIENTED_EDGE('',*,*,#4489,.T.);
#4672=ORIENTED_EDGE('',*,*,#4671,.F.);
#4673=EDGE_LOOP('',(#4667,#4669,#4670,#4672));
#4674=FACE_OUTER_BOUND('',#4673,.F.);
#4675=ADVANCED_FACE('',(#4674),#4666,.T.);
#4676=CARTESIAN_POINT('',(1.300000000103E2,-5.1E0,-2.35E1));
#4677=DIRECTION('',(0.E0,-1.E0,0.E0));
#4678=DIRECTION('',(0.E0,0.E0,-1.E0));
#4679=AXIS2_PLACEMENT_3D('',#4676,#4677,#4678);
#4680=PLANE('',#4679);
#4681=ORIENTED_EDGE('',*,*,#4311,.T.);
#4683=ORIENTED_EDGE('',*,*,#4682,.T.);
#4684=ORIENTED_EDGE('',*,*,#4491,.T.);
#4685=ORIENTED_EDGE('',*,*,#4668,.F.);
#4686=EDGE_LOOP('',(#4681,#4683,#4684,#4685));
#4687=FACE_OUTER_BOUND('',#4686,.F.);
#4688=ADVANCED_FACE('',(#4687),#4680,.F.);
#4689=CARTESIAN_POINT('',(1.300000000103E2,-7.019958448259E1,-2.47E1));
#4690=DIRECTION('',(0.E0,0.E0,-1.E0));
#4691=DIRECTION('',(-1.E0,0.E0,0.E0));
#4692=AXIS2_PLACEMENT_3D('',#4689,#4690,#4691);
#4693=PLANE('',#4692);
#4694=ORIENTED_EDGE('',*,*,#4309,.T.);
#4696=ORIENTED_EDGE('',*,*,#4695,.T.);
#4697=ORIENTED_EDGE('',*,*,#4493,.T.);
#4698=ORIENTED_EDGE('',*,*,#4682,.F.);
#4699=EDGE_LOOP('',(#4694,#4696,#4697,#4698));
#4700=FACE_OUTER_BOUND('',#4699,.F.);
#4701=ADVANCED_FACE('',(#4700),#4693,.F.);
#4702=CARTESIAN_POINT('',(1.275000000103E2,3.9E0,-2.35E1));
#4703=DIRECTION('',(0.E0,1.E0,0.E0));
#4704=DIRECTION('',(0.E0,0.E0,1.E0));
#4705=AXIS2_PLACEMENT_3D('',#4702,#4703,#4704);
#4706=PLANE('',#4705);
#4707=ORIENTED_EDGE('',*,*,#4307,.T.);
#4708=ORIENTED_EDGE('',*,*,#4671,.T.);
#4709=ORIENTED_EDGE('',*,*,#4495,.T.);
#4710=ORIENTED_EDGE('',*,*,#4695,.F.);
#4711=EDGE_LOOP('',(#4707,#4708,#4709,#4710));
#4712=FACE_OUTER_BOUND('',#4711,.F.);
#4713=ADVANCED_FACE('',(#4712),#4706,.F.);
#4714=CARTESIAN_POINT('',(1.165000000103E2,-6.969878828616E1,-1.37E1));
#4715=DIRECTION('',(0.E0,-1.E0,0.E0));
#4716=DIRECTION('',(0.E0,0.E0,-1.E0));
#4717=AXIS2_PLACEMENT_3D('',#4714,#4715,#4716);
#4718=CONICAL_SURFACE('',#4717,2.751194294640E0,5.630993247402E1);
#4719=ORIENTED_EDGE('',*,*,#4430,.F.);
#4721=ORIENTED_EDGE('',*,*,#4720,.F.);
#4723=ORIENTED_EDGE('',*,*,#4722,.F.);
#4725=ORIENTED_EDGE('',*,*,#4724,.T.);
#4726=EDGE_LOOP('',(#4719,#4721,#4723,#4725));
#4727=FACE_OUTER_BOUND('',#4726,.F.);
#4728=ADVANCED_FACE('',(#4727),#4718,.F.);
#4729=CARTESIAN_POINT('',(1.165000000103E2,-6.969878828616E1,-1.37E1));
#4730=DIRECTION('',(0.E0,-1.E0,0.E0));
#4731=DIRECTION('',(0.E0,0.E0,-1.E0));
#4732=AXIS2_PLACEMENT_3D('',#4729,#4730,#4731);
#4733=CONICAL_SURFACE('',#4732,2.751194294640E0,5.630993247402E1);
#4734=ORIENTED_EDGE('',*,*,#4432,.F.);
#4735=ORIENTED_EDGE('',*,*,#4724,.F.);
#4737=ORIENTED_EDGE('',*,*,#4736,.F.);
#4738=ORIENTED_EDGE('',*,*,#4720,.T.);
#4739=EDGE_LOOP('',(#4734,#4735,#4737,#4738));
#4740=FACE_OUTER_BOUND('',#4739,.F.);
#4741=ADVANCED_FACE('',(#4740),#4733,.F.);
#4742=CARTESIAN_POINT('',(1.165000000103E2,-6.019958448259E1,-1.37E1));
#4743=DIRECTION('',(0.E0,-1.E0,0.E0));
#4744=DIRECTION('',(-1.E0,0.E0,0.E0));
#4745=AXIS2_PLACEMENT_3D('',#4742,#4743,#4744);
#4746=CYLINDRICAL_SURFACE('',#4745,2.E0);
#4747=ORIENTED_EDGE('',*,*,#4736,.T.);
#4749=ORIENTED_EDGE('',*,*,#4748,.T.);
#4750=ORIENTED_EDGE('',*,*,#4373,.F.);
#4752=ORIENTED_EDGE('',*,*,#4751,.F.);
#4753=EDGE_LOOP('',(#4747,#4749,#4750,#4752));
#4754=FACE_OUTER_BOUND('',#4753,.F.);
#4755=ADVANCED_FACE('',(#4754),#4746,.F.);
#4756=CARTESIAN_POINT('',(1.165000000103E2,-6.019958448259E1,-1.37E1));
#4757=DIRECTION('',(0.E0,-1.E0,0.E0));
#4758=DIRECTION('',(-1.E0,0.E0,0.E0));
#4759=AXIS2_PLACEMENT_3D('',#4756,#4757,#4758);
#4760=CYLINDRICAL_SURFACE('',#4759,2.E0);
#4761=ORIENTED_EDGE('',*,*,#4722,.T.);
#4762=ORIENTED_EDGE('',*,*,#4751,.T.);
#4763=ORIENTED_EDGE('',*,*,#4371,.F.);
#4764=ORIENTED_EDGE('',*,*,#4748,.F.);
#4765=EDGE_LOOP('',(#4761,#4762,#4763,#4764));
#4766=FACE_OUTER_BOUND('',#4765,.F.);
#4767=ADVANCED_FACE('',(#4766),#4760,.F.);
#4768=CARTESIAN_POINT('',(1.135000000103E2,-7.019958448259E1,-2.35E1));
#4769=DIRECTION('',(-1.E0,0.E0,0.E0));
#4770=DIRECTION('',(0.E0,0.E0,1.E0));
#4771=AXIS2_PLACEMENT_3D('',#4768,#4769,#4770);
#4772=PLANE('',#4771);
#4773=ORIENTED_EDGE('',*,*,#4383,.T.);
#4775=ORIENTED_EDGE('',*,*,#4774,.T.);
#4776=ORIENTED_EDGE('',*,*,#4436,.T.);
#4778=ORIENTED_EDGE('',*,*,#4777,.F.);
#4779=EDGE_LOOP('',(#4773,#4775,#4776,#4778));
#4780=FACE_OUTER_BOUND('',#4779,.F.);
#4781=ADVANCED_FACE('',(#4780),#4772,.F.);
#4782=CARTESIAN_POINT('',(1.300000000103E2,-7.019958448259E1,-2.47E1));
#4783=DIRECTION('',(0.E0,0.E0,-1.E0));
#4784=DIRECTION('',(-1.E0,0.E0,0.E0));
#4785=AXIS2_PLACEMENT_3D('',#4782,#4783,#4784);
#4786=PLANE('',#4785);
#4787=ORIENTED_EDGE('',*,*,#4381,.T.);
#4789=ORIENTED_EDGE('',*,*,#4788,.T.);
#4790=ORIENTED_EDGE('',*,*,#4438,.T.);
#4791=ORIENTED_EDGE('',*,*,#4774,.F.);
#4792=EDGE_LOOP('',(#4787,#4789,#4790,#4791));
#4793=FACE_OUTER_BOUND('',#4792,.F.);
#4794=ADVANCED_FACE('',(#4793),#4786,.F.);
#4795=CARTESIAN_POINT('',(1.225000000103E2,-6.769958448259E1,-2.35E1));
#4796=DIRECTION('',(1.E0,0.E0,0.E0));
#4797=DIRECTION('',(0.E0,0.E0,-1.E0));
#4798=AXIS2_PLACEMENT_3D('',#4795,#4796,#4797);
#4799=PLANE('',#4798);
#4800=ORIENTED_EDGE('',*,*,#4440,.T.);
#4801=ORIENTED_EDGE('',*,*,#4788,.F.);
#4802=ORIENTED_EDGE('',*,*,#4379,.T.);
#4804=ORIENTED_EDGE('',*,*,#4803,.T.);
#4805=EDGE_LOOP('',(#4800,#4801,#4802,#4804));
#4806=FACE_OUTER_BOUND('',#4805,.F.);
#4807=ADVANCED_FACE('',(#4806),#4799,.F.);
#4808=CARTESIAN_POINT('',(1.300000000103E2,-7.019958448259E1,-1.97E1));
#4809=DIRECTION('',(0.E0,0.E0,-1.E0));
#4810=DIRECTION('',(-1.E0,0.E0,0.E0));
#4811=AXIS2_PLACEMENT_3D('',#4808,#4809,#4810);
#4812=PLANE('',#4811);
#4813=ORIENTED_EDGE('',*,*,#4377,.F.);
#4814=ORIENTED_EDGE('',*,*,#4777,.T.);
#4815=ORIENTED_EDGE('',*,*,#4442,.T.);
#4816=ORIENTED_EDGE('',*,*,#4803,.F.);
#4817=EDGE_LOOP('',(#4813,#4814,#4815,#4816));
#4818=FACE_OUTER_BOUND('',#4817,.F.);
#4819=ADVANCED_FACE('',(#4818),#4812,.T.);
#4820=CARTESIAN_POINT('',(2.2E1,-5.839852408453E1,-3.82E1));
#4821=DIRECTION('',(0.E0,1.E0,0.E0));
#4822=DIRECTION('',(1.E0,0.E0,0.E0));
#4823=AXIS2_PLACEMENT_3D('',#4820,#4821,#4822);
#4824=PLANE('',#4823);
#4825=ORIENTED_EDGE('',*,*,#3238,.T.);
#4826=ORIENTED_EDGE('',*,*,#3095,.F.);
#4827=ORIENTED_EDGE('',*,*,#3123,.F.);
#4828=ORIENTED_EDGE('',*,*,#4411,.T.);
#4829=EDGE_LOOP('',(#4825,#4826,#4827,#4828));
#4830=FACE_OUTER_BOUND('',#4829,.F.);
#4831=ADVANCED_FACE('',(#4830),#4824,.F.);
#4832=CARTESIAN_POINT('',(-5.999999998973E1,6.2E1,-2.47E1));
#4833=DIRECTION('',(0.E0,0.E0,-1.E0));
#4834=DIRECTION('',(-1.E0,0.E0,0.E0));
#4835=AXIS2_PLACEMENT_3D('',#4832,#4833,#4834);
#4836=PLANE('',#4835);
#4837=ORIENTED_EDGE('',*,*,#4186,.F.);
#4839=ORIENTED_EDGE('',*,*,#4838,.T.);
#4840=ORIENTED_EDGE('',*,*,#3829,.F.);
#4842=ORIENTED_EDGE('',*,*,#4841,.F.);
#4843=EDGE_LOOP('',(#4837,#4839,#4840,#4842));
#4844=FACE_OUTER_BOUND('',#4843,.F.);
#4845=ADVANCED_FACE('',(#4844),#4836,.F.);
#4846=CARTESIAN_POINT('',(-5.999999998973E1,5.3E1,-2.47E1));
#4847=DIRECTION('',(0.E0,-1.E0,0.E0));
#4848=DIRECTION('',(0.E0,0.E0,-1.E0));
#4849=AXIS2_PLACEMENT_3D('',#4846,#4847,#4848);
#4850=PLANE('',#4849);
#4851=ORIENTED_EDGE('',*,*,#4192,.F.);
#4853=ORIENTED_EDGE('',*,*,#4852,.T.);
#4854=ORIENTED_EDGE('',*,*,#3831,.F.);
#4855=ORIENTED_EDGE('',*,*,#4838,.F.);
#4856=EDGE_LOOP('',(#4851,#4853,#4854,#4855));
#4857=FACE_OUTER_BOUND('',#4856,.F.);
#4858=ADVANCED_FACE('',(#4857),#4850,.F.);
#4859=CARTESIAN_POINT('',(-5.999999998973E1,6.2E1,-1.97E1));
#4860=DIRECTION('',(0.E0,0.E0,1.E0));
#4861=DIRECTION('',(1.E0,0.E0,0.E0));
#4862=AXIS2_PLACEMENT_3D('',#4859,#4860,#4861);
#4863=PLANE('',#4862);
#4864=ORIENTED_EDGE('',*,*,#4190,.F.);
#4866=ORIENTED_EDGE('',*,*,#4865,.T.);
#4867=ORIENTED_EDGE('',*,*,#3833,.F.);
#4868=ORIENTED_EDGE('',*,*,#4852,.F.);
#4869=EDGE_LOOP('',(#4864,#4866,#4867,#4868));
#4870=FACE_OUTER_BOUND('',#4869,.F.);
#4871=ADVANCED_FACE('',(#4870),#4863,.F.);
#4872=CARTESIAN_POINT('',(-5.999999998973E1,6.2E1,-2.47E1));
#4873=DIRECTION('',(0.E0,1.E0,0.E0));
#4874=DIRECTION('',(0.E0,0.E0,1.E0));
#4875=AXIS2_PLACEMENT_3D('',#4872,#4873,#4874);
#4876=PLANE('',#4875);
#4877=ORIENTED_EDGE('',*,*,#4188,.F.);
#4878=ORIENTED_EDGE('',*,*,#4841,.T.);
#4879=ORIENTED_EDGE('',*,*,#3835,.F.);
#4880=ORIENTED_EDGE('',*,*,#4865,.F.);
#4881=EDGE_LOOP('',(#4877,#4878,#4879,#4880));
#4882=FACE_OUTER_BOUND('',#4881,.F.);
#4883=ADVANCED_FACE('',(#4882),#4876,.F.);
#4884=CARTESIAN_POINT('',(-9.129999998973E1,1.33E1,-1.37E1));
#4885=DIRECTION('',(0.E0,1.E0,0.E0));
#4886=DIRECTION('',(-1.E0,0.E0,0.E0));
#4887=AXIS2_PLACEMENT_3D('',#4884,#4885,#4886);
#4888=CYLINDRICAL_SURFACE('',#4887,2.E0);
#4890=ORIENTED_EDGE('',*,*,#4889,.T.);
#4892=ORIENTED_EDGE('',*,*,#4891,.F.);
#4893=ORIENTED_EDGE('',*,*,#4126,.T.);
#4895=ORIENTED_EDGE('',*,*,#4894,.T.);
#4896=EDGE_LOOP('',(#4890,#4892,#4893,#4895));
#4897=FACE_OUTER_BOUND('',#4896,.F.);
#4898=ADVANCED_FACE('',(#4897),#4888,.F.);
#4899=CARTESIAN_POINT('',(-9.129999998973E1,1.779920380357E1,-1.37E1));
#4900=DIRECTION('',(0.E0,1.E0,0.E0));
#4901=DIRECTION('',(0.E0,0.E0,-1.E0));
#4902=AXIS2_PLACEMENT_3D('',#4899,#4900,#4901);
#4903=CONICAL_SURFACE('',#4902,2.751194294641E0,5.630993247402E1);
#4904=ORIENTED_EDGE('',*,*,#3867,.T.);
#4906=ORIENTED_EDGE('',*,*,#4905,.T.);
#4907=ORIENTED_EDGE('',*,*,#4889,.F.);
#4909=ORIENTED_EDGE('',*,*,#4908,.F.);
#4910=EDGE_LOOP('',(#4904,#4906,#4907,#4909));
#4911=FACE_OUTER_BOUND('',#4910,.F.);
#4912=ADVANCED_FACE('',(#4911),#4903,.F.);
#4913=CARTESIAN_POINT('',(-9.129999998973E1,1.779920380357E1,-1.37E1));
#4914=DIRECTION('',(0.E0,1.E0,0.E0));
#4915=DIRECTION('',(0.E0,0.E0,-1.E0));
#4916=AXIS2_PLACEMENT_3D('',#4913,#4914,#4915);
#4917=CONICAL_SURFACE('',#4916,2.751194294641E0,5.630993247402E1);
#4918=ORIENTED_EDGE('',*,*,#3865,.T.);
#4919=ORIENTED_EDGE('',*,*,#4908,.T.);
#4921=ORIENTED_EDGE('',*,*,#4920,.F.);
#4922=ORIENTED_EDGE('',*,*,#4905,.F.);
#4923=EDGE_LOOP('',(#4918,#4919,#4921,#4922));
#4924=FACE_OUTER_BOUND('',#4923,.F.);
#4925=ADVANCED_FACE('',(#4924),#4917,.F.);
#4926=CARTESIAN_POINT('',(-9.129999998973E1,1.33E1,-1.37E1));
#4927=DIRECTION('',(0.E0,1.E0,0.E0));
#4928=DIRECTION('',(-1.E0,0.E0,0.E0));
#4929=AXIS2_PLACEMENT_3D('',#4926,#4927,#4928);
#4930=CYLINDRICAL_SURFACE('',#4929,2.E0);
#4931=ORIENTED_EDGE('',*,*,#4920,.T.);
#4932=ORIENTED_EDGE('',*,*,#4894,.F.);
#4933=ORIENTED_EDGE('',*,*,#4128,.T.);
#4934=ORIENTED_EDGE('',*,*,#4891,.T.);
#4935=EDGE_LOOP('',(#4931,#4932,#4933,#4934));
#4936=FACE_OUTER_BOUND('',#4935,.F.);
#4937=ADVANCED_FACE('',(#4936),#4930,.F.);
#4938=CARTESIAN_POINT('',(-1.019999999897E2,-2.819999999999E1,-1.37E1));
#4939=DIRECTION('',(-1.E0,0.E0,0.E0));
#4940=DIRECTION('',(0.E0,-1.E0,0.E0));
#4941=AXIS2_PLACEMENT_3D('',#4938,#4939,#4940);
#4942=CYLINDRICAL_SURFACE('',#4941,2.E0);
#4943=ORIENTED_EDGE('',*,*,#4034,.F.);
#4945=ORIENTED_EDGE('',*,*,#4944,.F.);
#4947=ORIENTED_EDGE('',*,*,#4946,.T.);
#4949=ORIENTED_EDGE('',*,*,#4948,.T.);
#4950=EDGE_LOOP('',(#4943,#4945,#4947,#4949));
#4951=FACE_OUTER_BOUND('',#4950,.F.);
#4952=ADVANCED_FACE('',(#4951),#4942,.F.);
#4953=CARTESIAN_POINT('',(-1.019999999897E2,-2.819999999999E1,-1.37E1));
#4954=DIRECTION('',(-1.E0,0.E0,0.E0));
#4955=DIRECTION('',(0.E0,-1.E0,0.E0));
#4956=AXIS2_PLACEMENT_3D('',#4953,#4954,#4955);
#4957=CYLINDRICAL_SURFACE('',#4956,2.E0);
#4958=ORIENTED_EDGE('',*,*,#4036,.F.);
#4959=ORIENTED_EDGE('',*,*,#4948,.F.);
#4961=ORIENTED_EDGE('',*,*,#4960,.T.);
#4962=ORIENTED_EDGE('',*,*,#4944,.T.);
#4963=EDGE_LOOP('',(#4958,#4959,#4961,#4962));
#4964=FACE_OUTER_BOUND('',#4963,.F.);
#4965=ADVANCED_FACE('',(#4964),#4957,.F.);
#4966=CARTESIAN_POINT('',(-1.114992037933E2,-2.819999999999E1,-1.37E1));
#4967=DIRECTION('',(-1.E0,0.E0,0.E0));
#4968=DIRECTION('',(0.E0,0.E0,-1.E0));
#4969=AXIS2_PLACEMENT_3D('',#4966,#4967,#4968);
#4970=CONICAL_SURFACE('',#4969,2.751194294627E0,5.630993247402E1);
#4971=ORIENTED_EDGE('',*,*,#3909,.F.);
#4973=ORIENTED_EDGE('',*,*,#4972,.F.);
#4974=ORIENTED_EDGE('',*,*,#4960,.F.);
#4976=ORIENTED_EDGE('',*,*,#4975,.T.);
#4977=EDGE_LOOP('',(#4971,#4973,#4974,#4976));
#4978=FACE_OUTER_BOUND('',#4977,.F.);
#4979=ADVANCED_FACE('',(#4978),#4970,.F.);
#4980=CARTESIAN_POINT('',(-1.114992037933E2,-2.819999999999E1,-1.37E1));
#4981=DIRECTION('',(-1.E0,0.E0,0.E0));
#4982=DIRECTION('',(0.E0,0.E0,-1.E0));
#4983=AXIS2_PLACEMENT_3D('',#4980,#4981,#4982);
#4984=CONICAL_SURFACE('',#4983,2.751194294627E0,5.630993247402E1);
#4985=ORIENTED_EDGE('',*,*,#3907,.F.);
#4986=ORIENTED_EDGE('',*,*,#4975,.F.);
#4987=ORIENTED_EDGE('',*,*,#4946,.F.);
#4988=ORIENTED_EDGE('',*,*,#4972,.T.);
#4989=EDGE_LOOP('',(#4985,#4986,#4987,#4988));
#4990=FACE_OUTER_BOUND('',#4989,.F.);
#4991=ADVANCED_FACE('',(#4990),#4984,.F.);
#4992=CARTESIAN_POINT('',(-1.094999999897E2,3.800000000010E0,-1.37E1));
#4993=DIRECTION('',(-1.E0,0.E0,0.E0));
#4994=DIRECTION('',(0.E0,-1.E0,0.E0));
#4995=AXIS2_PLACEMENT_3D('',#4992,#4993,#4994);
#4996=CYLINDRICAL_SURFACE('',#4995,2.E0);
#4998=ORIENTED_EDGE('',*,*,#4997,.T.);
#5000=ORIENTED_EDGE('',*,*,#4999,.F.);
#5001=ORIENTED_EDGE('',*,*,#4040,.F.);
#5003=ORIENTED_EDGE('',*,*,#5002,.T.);
#5004=EDGE_LOOP('',(#4998,#5000,#5001,#5003));
#5005=FACE_OUTER_BOUND('',#5004,.F.);
#5006=ADVANCED_FACE('',(#5005),#4996,.F.);
#5007=CARTESIAN_POINT('',(-1.114992037933E2,3.800000000010E0,-1.37E1));
#5008=DIRECTION('',(-1.E0,0.E0,0.E0));
#5009=DIRECTION('',(0.E0,0.E0,-1.E0));
#5010=AXIS2_PLACEMENT_3D('',#5007,#5008,#5009);
#5011=CONICAL_SURFACE('',#5010,2.751194294639E0,5.630993247402E1);
#5012=ORIENTED_EDGE('',*,*,#3915,.F.);
#5014=ORIENTED_EDGE('',*,*,#5013,.T.);
#5015=ORIENTED_EDGE('',*,*,#4997,.F.);
#5017=ORIENTED_EDGE('',*,*,#5016,.F.);
#5018=EDGE_LOOP('',(#5012,#5014,#5015,#5017));
#5019=FACE_OUTER_BOUND('',#5018,.F.);
#5020=ADVANCED_FACE('',(#5019),#5011,.F.);
#5021=CARTESIAN_POINT('',(-1.114992037933E2,3.800000000010E0,-1.37E1));
#5022=DIRECTION('',(-1.E0,0.E0,0.E0));
#5023=DIRECTION('',(0.E0,0.E0,-1.E0));
#5024=AXIS2_PLACEMENT_3D('',#5021,#5022,#5023);
#5025=CONICAL_SURFACE('',#5024,2.751194294639E0,5.630993247402E1);
#5026=ORIENTED_EDGE('',*,*,#3913,.F.);
#5027=ORIENTED_EDGE('',*,*,#5016,.T.);
#5029=ORIENTED_EDGE('',*,*,#5028,.F.);
#5030=ORIENTED_EDGE('',*,*,#5013,.F.);
#5031=EDGE_LOOP('',(#5026,#5027,#5029,#5030));
#5032=FACE_OUTER_BOUND('',#5031,.F.);
#5033=ADVANCED_FACE('',(#5032),#5025,.F.);
#5034=CARTESIAN_POINT('',(-1.094999999897E2,3.800000000010E0,-1.37E1));
#5035=DIRECTION('',(-1.E0,0.E0,0.E0));
#5036=DIRECTION('',(0.E0,-1.E0,0.E0));
#5037=AXIS2_PLACEMENT_3D('',#5034,#5035,#5036);
#5038=CYLINDRICAL_SURFACE('',#5037,2.E0);
#5039=ORIENTED_EDGE('',*,*,#5028,.T.);
#5040=ORIENTED_EDGE('',*,*,#5002,.F.);
#5041=ORIENTED_EDGE('',*,*,#4042,.F.);
#5042=ORIENTED_EDGE('',*,*,#4999,.T.);
#5043=EDGE_LOOP('',(#5039,#5040,#5041,#5042));
#5044=FACE_OUTER_BOUND('',#5043,.F.);
#5045=ADVANCED_FACE('',(#5044),#5038,.F.);
#5046=CARTESIAN_POINT('',(-9.899999998970E1,-5.219958448259E1,-2.32E1));
#5047=DIRECTION('',(0.E0,0.E0,-1.E0));
#5048=DIRECTION('',(-1.E0,0.E0,0.E0));
#5049=AXIS2_PLACEMENT_3D('',#5046,#5047,#5048);
#5050=CYLINDRICAL_SURFACE('',#5049,2.5E0);
#5051=ORIENTED_EDGE('',*,*,#3005,.F.);
#5053=ORIENTED_EDGE('',*,*,#5052,.T.);
#5054=ORIENTED_EDGE('',*,*,#3797,.F.);
#5056=ORIENTED_EDGE('',*,*,#5055,.F.);
#5057=EDGE_LOOP('',(#5051,#5053,#5054,#5056));
#5058=FACE_OUTER_BOUND('',#5057,.F.);
#5059=ADVANCED_FACE('',(#5058),#5050,.F.);
#5060=CARTESIAN_POINT('',(-9.899999998970E1,-5.219958448259E1,-2.32E1));
#5061=DIRECTION('',(0.E0,0.E0,-1.E0));
#5062=DIRECTION('',(-1.E0,0.E0,0.E0));
#5063=AXIS2_PLACEMENT_3D('',#5060,#5061,#5062);
#5064=CYLINDRICAL_SURFACE('',#5063,2.5E0);
#5065=ORIENTED_EDGE('',*,*,#3007,.F.);
#5066=ORIENTED_EDGE('',*,*,#5055,.T.);
#5067=ORIENTED_EDGE('',*,*,#3799,.F.);
#5068=ORIENTED_EDGE('',*,*,#5052,.F.);
#5069=EDGE_LOOP('',(#5065,#5066,#5067,#5068));
#5070=FACE_OUTER_BOUND('',#5069,.F.);
#5071=ADVANCED_FACE('',(#5070),#5064,.F.);
#5072=CARTESIAN_POINT('',(7.000000000005E0,-6.969878828616E1,-1.37E1));
#5073=DIRECTION('',(0.E0,-1.E0,0.E0));
#5074=DIRECTION('',(0.E0,0.E0,-1.E0));
#5075=AXIS2_PLACEMENT_3D('',#5072,#5073,#5074);
#5076=CONICAL_SURFACE('',#5075,2.751194294640E0,5.630993247402E1);
#5077=ORIENTED_EDGE('',*,*,#3727,.F.);
#5079=ORIENTED_EDGE('',*,*,#5078,.F.);
#5081=ORIENTED_EDGE('',*,*,#5080,.F.);
#5083=ORIENTED_EDGE('',*,*,#5082,.T.);
#5084=EDGE_LOOP('',(#5077,#5079,#5081,#5083));
#5085=FACE_OUTER_BOUND('',#5084,.F.);
#5086=ADVANCED_FACE('',(#5085),#5076,.F.);
#5087=CARTESIAN_POINT('',(7.000000000005E0,-6.969878828616E1,-1.37E1));
#5088=DIRECTION('',(0.E0,-1.E0,0.E0));
#5089=DIRECTION('',(0.E0,0.E0,-1.E0));
#5090=AXIS2_PLACEMENT_3D('',#5087,#5088,#5089);
#5091=CONICAL_SURFACE('',#5090,2.751194294640E0,5.630993247402E1);
#5092=ORIENTED_EDGE('',*,*,#3729,.F.);
#5093=ORIENTED_EDGE('',*,*,#5082,.F.);
#5095=ORIENTED_EDGE('',*,*,#5094,.F.);
#5096=ORIENTED_EDGE('',*,*,#5078,.T.);
#5097=EDGE_LOOP('',(#5092,#5093,#5095,#5096));
#5098=FACE_OUTER_BOUND('',#5097,.F.);
#5099=ADVANCED_FACE('',(#5098),#5091,.F.);
#5100=CARTESIAN_POINT('',(7.000000000005E0,-6.019958448259E1,-1.37E1));
#5101=DIRECTION('',(0.E0,-1.E0,0.E0));
#5102=DIRECTION('',(-1.E0,0.E0,0.E0));
#5103=AXIS2_PLACEMENT_3D('',#5100,#5101,#5102);
#5104=CYLINDRICAL_SURFACE('',#5103,2.E0);
#5105=ORIENTED_EDGE('',*,*,#5094,.T.);
#5107=ORIENTED_EDGE('',*,*,#5106,.T.);
#5108=ORIENTED_EDGE('',*,*,#3057,.F.);
#5110=ORIENTED_EDGE('',*,*,#5109,.F.);
#5111=EDGE_LOOP('',(#5105,#5107,#5108,#5110));
#5112=FACE_OUTER_BOUND('',#5111,.F.);
#5113=ADVANCED_FACE('',(#5112),#5104,.F.);
#5114=CARTESIAN_POINT('',(7.000000000005E0,-6.019958448259E1,-1.37E1));
#5115=DIRECTION('',(0.E0,-1.E0,0.E0));
#5116=DIRECTION('',(-1.E0,0.E0,0.E0));
#5117=AXIS2_PLACEMENT_3D('',#5114,#5115,#5116);
#5118=CYLINDRICAL_SURFACE('',#5117,2.E0);
#5119=ORIENTED_EDGE('',*,*,#5080,.T.);
#5120=ORIENTED_EDGE('',*,*,#5109,.T.);
#5121=ORIENTED_EDGE('',*,*,#3055,.F.);
#5122=ORIENTED_EDGE('',*,*,#5106,.F.);
#5123=EDGE_LOOP('',(#5119,#5120,#5121,#5122));
#5124=FACE_OUTER_BOUND('',#5123,.F.);
#5125=ADVANCED_FACE('',(#5124),#5118,.F.);
#5126=CARTESIAN_POINT('',(-4.999999999999E1,-6.969878828616E1,-1.37E1));
#5127=DIRECTION('',(0.E0,-1.E0,0.E0));
#5128=DIRECTION('',(0.E0,0.E0,-1.E0));
#5129=AXIS2_PLACEMENT_3D('',#5126,#5127,#5128);
#5130=CONICAL_SURFACE('',#5129,2.751194294640E0,5.630993247402E1);
#5131=ORIENTED_EDGE('',*,*,#3733,.F.);
#5133=ORIENTED_EDGE('',*,*,#5132,.F.);
#5135=ORIENTED_EDGE('',*,*,#5134,.F.);
#5137=ORIENTED_EDGE('',*,*,#5136,.T.);
#5138=EDGE_LOOP('',(#5131,#5133,#5135,#5137));
#5139=FACE_OUTER_BOUND('',#5138,.F.);
#5140=ADVANCED_FACE('',(#5139),#5130,.F.);
#5141=CARTESIAN_POINT('',(-4.999999999999E1,-6.969878828616E1,-1.37E1));
#5142=DIRECTION('',(0.E0,-1.E0,0.E0));
#5143=DIRECTION('',(0.E0,0.E0,-1.E0));
#5144=AXIS2_PLACEMENT_3D('',#5141,#5142,#5143);
#5145=CONICAL_SURFACE('',#5144,2.751194294640E0,5.630993247402E1);
#5146=ORIENTED_EDGE('',*,*,#3735,.F.);
#5147=ORIENTED_EDGE('',*,*,#5136,.F.);
#5149=ORIENTED_EDGE('',*,*,#5148,.F.);
#5150=ORIENTED_EDGE('',*,*,#5132,.T.);
#5151=EDGE_LOOP('',(#5146,#5147,#5149,#5150));
#5152=FACE_OUTER_BOUND('',#5151,.F.);
#5153=ADVANCED_FACE('',(#5152),#5145,.F.);
#5154=CARTESIAN_POINT('',(-4.999999999999E1,-6.019958448259E1,-1.37E1));
#5155=DIRECTION('',(0.E0,-1.E0,0.E0));
#5156=DIRECTION('',(-1.E0,0.E0,0.E0));
#5157=AXIS2_PLACEMENT_3D('',#5154,#5155,#5156);
#5158=CYLINDRICAL_SURFACE('',#5157,2.E0);
#5159=ORIENTED_EDGE('',*,*,#5148,.T.);
#5161=ORIENTED_EDGE('',*,*,#5160,.T.);
#5162=ORIENTED_EDGE('',*,*,#3051,.F.);
#5164=ORIENTED_EDGE('',*,*,#5163,.F.);
#5165=EDGE_LOOP('',(#5159,#5161,#5162,#5164));
#5166=FACE_OUTER_BOUND('',#5165,.F.);
#5167=ADVANCED_FACE('',(#5166),#5158,.F.);
#5168=CARTESIAN_POINT('',(-4.999999999999E1,-6.019958448259E1,-1.37E1));
#5169=DIRECTION('',(0.E0,-1.E0,0.E0));
#5170=DIRECTION('',(-1.E0,0.E0,0.E0));
#5171=AXIS2_PLACEMENT_3D('',#5168,#5169,#5170);
#5172=CYLINDRICAL_SURFACE('',#5171,2.E0);
#5173=ORIENTED_EDGE('',*,*,#5134,.T.);
#5174=ORIENTED_EDGE('',*,*,#5163,.T.);
#5175=ORIENTED_EDGE('',*,*,#3049,.F.);
#5176=ORIENTED_EDGE('',*,*,#5160,.F.);
#5177=EDGE_LOOP('',(#5173,#5174,#5175,#5176));
#5178=FACE_OUTER_BOUND('',#5177,.F.);
#5179=ADVANCED_FACE('',(#5178),#5172,.F.);
#5180=CARTESIAN_POINT('',(-8.199999999999E1,-6.969878828616E1,-1.37E1));
#5181=DIRECTION('',(0.E0,-1.E0,0.E0));
#5182=DIRECTION('',(0.E0,0.E0,-1.E0));
#5183=AXIS2_PLACEMENT_3D('',#5180,#5181,#5182);
#5184=CONICAL_SURFACE('',#5183,2.751194294640E0,5.630993247402E1);
#5185=ORIENTED_EDGE('',*,*,#3739,.F.);
#5187=ORIENTED_EDGE('',*,*,#5186,.F.);
#5189=ORIENTED_EDGE('',*,*,#5188,.F.);
#5191=ORIENTED_EDGE('',*,*,#5190,.T.);
#5192=EDGE_LOOP('',(#5185,#5187,#5189,#5191));
#5193=FACE_OUTER_BOUND('',#5192,.F.);
#5194=ADVANCED_FACE('',(#5193),#5184,.F.);
#5195=CARTESIAN_POINT('',(-8.199999999999E1,-6.969878828616E1,-1.37E1));
#5196=DIRECTION('',(0.E0,-1.E0,0.E0));
#5197=DIRECTION('',(0.E0,0.E0,-1.E0));
#5198=AXIS2_PLACEMENT_3D('',#5195,#5196,#5197);
#5199=CONICAL_SURFACE('',#5198,2.751194294640E0,5.630993247402E1);
#5200=ORIENTED_EDGE('',*,*,#3741,.F.);
#5201=ORIENTED_EDGE('',*,*,#5190,.F.);
#5203=ORIENTED_EDGE('',*,*,#5202,.F.);
#5204=ORIENTED_EDGE('',*,*,#5186,.T.);
#5205=EDGE_LOOP('',(#5200,#5201,#5203,#5204));
#5206=FACE_OUTER_BOUND('',#5205,.F.);
#5207=ADVANCED_FACE('',(#5206),#5199,.F.);
#5208=CARTESIAN_POINT('',(-8.199999999999E1,-6.019958448259E1,-1.37E1));
#5209=DIRECTION('',(0.E0,-1.E0,0.E0));
#5210=DIRECTION('',(-1.E0,0.E0,0.E0));
#5211=AXIS2_PLACEMENT_3D('',#5208,#5209,#5210);
#5212=CYLINDRICAL_SURFACE('',#5211,2.E0);
#5213=ORIENTED_EDGE('',*,*,#5202,.T.);
#5215=ORIENTED_EDGE('',*,*,#5214,.T.);
#5216=ORIENTED_EDGE('',*,*,#3045,.F.);
#5218=ORIENTED_EDGE('',*,*,#5217,.F.);
#5219=EDGE_LOOP('',(#5213,#5215,#5216,#5218));
#5220=FACE_OUTER_BOUND('',#5219,.F.);
#5221=ADVANCED_FACE('',(#5220),#5212,.F.);
#5222=CARTESIAN_POINT('',(-8.199999999999E1,-6.019958448259E1,-1.37E1));
#5223=DIRECTION('',(0.E0,-1.E0,0.E0));
#5224=DIRECTION('',(-1.E0,0.E0,0.E0));
#5225=AXIS2_PLACEMENT_3D('',#5222,#5223,#5224);
#5226=CYLINDRICAL_SURFACE('',#5225,2.E0);
#5227=ORIENTED_EDGE('',*,*,#5188,.T.);
#5228=ORIENTED_EDGE('',*,*,#5217,.T.);
#5229=ORIENTED_EDGE('',*,*,#3043,.F.);
#5230=ORIENTED_EDGE('',*,*,#5214,.F.);
#5231=EDGE_LOOP('',(#5227,#5228,#5229,#5230));
#5232=FACE_OUTER_BOUND('',#5231,.F.);
#5233=ADVANCED_FACE('',(#5232),#5226,.F.);
#5234=CARTESIAN_POINT('',(-7.9E1,-6.019958448259E1,-1.97E1));
#5235=DIRECTION('',(-1.E0,0.E0,0.E0));
#5236=DIRECTION('',(0.E0,0.E0,1.E0));
#5237=AXIS2_PLACEMENT_3D('',#5234,#5235,#5236);
#5238=PLANE('',#5237);
#5239=ORIENTED_EDGE('',*,*,#3061,.F.);
#5241=ORIENTED_EDGE('',*,*,#5240,.T.);
#5242=ORIENTED_EDGE('',*,*,#3745,.F.);
#5244=ORIENTED_EDGE('',*,*,#5243,.F.);
#5245=EDGE_LOOP('',(#5239,#5241,#5242,#5244));
#5246=FACE_OUTER_BOUND('',#5245,.F.);
#5247=ADVANCED_FACE('',(#5246),#5238,.F.);
#5248=CARTESIAN_POINT('',(-7.9E1,-6.019958448259E1,-2.47E1));
#5249=DIRECTION('',(0.E0,0.E0,-1.E0));
#5250=DIRECTION('',(-1.E0,0.E0,0.E0));
#5251=AXIS2_PLACEMENT_3D('',#5248,#5249,#5250);
#5252=PLANE('',#5251);
#5253=ORIENTED_EDGE('',*,*,#3067,.F.);
#5255=ORIENTED_EDGE('',*,*,#5254,.T.);
#5256=ORIENTED_EDGE('',*,*,#3747,.F.);
#5257=ORIENTED_EDGE('',*,*,#5240,.F.);
#5258=EDGE_LOOP('',(#5253,#5255,#5256,#5257));
#5259=FACE_OUTER_BOUND('',#5258,.F.);
#5260=ADVANCED_FACE('',(#5259),#5252,.F.);
#5261=CARTESIAN_POINT('',(-7.E1,-6.019958448259E1,-1.97E1));
#5262=DIRECTION('',(1.E0,0.E0,0.E0));
#5263=DIRECTION('',(0.E0,0.E0,-1.E0));
#5264=AXIS2_PLACEMENT_3D('',#5261,#5262,#5263);
#5265=PLANE('',#5264);
#5266=ORIENTED_EDGE('',*,*,#3065,.F.);
#5268=ORIENTED_EDGE('',*,*,#5267,.T.);
#5269=ORIENTED_EDGE('',*,*,#3749,.F.);
#5270=ORIENTED_EDGE('',*,*,#5254,.F.);
#5271=EDGE_LOOP('',(#5266,#5268,#5269,#5270));
#5272=FACE_OUTER_BOUND('',#5271,.F.);
#5273=ADVANCED_FACE('',(#5272),#5265,.F.);
#5274=CARTESIAN_POINT('',(-7.9E1,-6.019958448259E1,-1.97E1));
#5275=DIRECTION('',(0.E0,0.E0,1.E0));
#5276=DIRECTION('',(1.E0,0.E0,0.E0));
#5277=AXIS2_PLACEMENT_3D('',#5274,#5275,#5276);
#5278=PLANE('',#5277);
#5279=ORIENTED_EDGE('',*,*,#3063,.F.);
#5280=ORIENTED_EDGE('',*,*,#5243,.T.);
#5281=ORIENTED_EDGE('',*,*,#3751,.F.);
#5282=ORIENTED_EDGE('',*,*,#5267,.F.);
#5283=EDGE_LOOP('',(#5279,#5280,#5281,#5282));
#5284=FACE_OUTER_BOUND('',#5283,.F.);
#5285=ADVANCED_FACE('',(#5284),#5278,.F.);
#5286=CARTESIAN_POINT('',(5.25E1,5.4E1,-4.02E1));
#5287=DIRECTION('',(-1.E0,0.E0,0.E0));
#5288=DIRECTION('',(0.E0,1.E0,0.E0));
#5289=AXIS2_PLACEMENT_3D('',#5286,#5287,#5288);
#5290=PLANE('',#5289);
#5292=ORIENTED_EDGE('',*,*,#5291,.F.);
#5293=ORIENTED_EDGE('',*,*,#3352,.T.);
#5294=ORIENTED_EDGE('',*,*,#3547,.F.);
#5295=ORIENTED_EDGE('',*,*,#3229,.T.);
#5296=EDGE_LOOP('',(#5292,#5293,#5294,#5295));
#5297=FACE_OUTER_BOUND('',#5296,.F.);
#5298=ADVANCED_FACE('',(#5297),#5290,.F.);
#5299=CARTESIAN_POINT('',(5.55E1,5.7E1,-7.930800000440E1));
#5300=DIRECTION('',(0.E0,0.E0,1.E0));
#5301=DIRECTION('',(-1.E0,0.E0,0.E0));
#5302=AXIS2_PLACEMENT_3D('',#5299,#5300,#5301);
#5303=CYLINDRICAL_SURFACE('',#5302,3.E0);
#5304=ORIENTED_EDGE('',*,*,#3354,.F.);
#5305=ORIENTED_EDGE('',*,*,#5291,.T.);
#5306=ORIENTED_EDGE('',*,*,#3227,.F.);
#5308=ORIENTED_EDGE('',*,*,#5307,.T.);
#5309=EDGE_LOOP('',(#5304,#5305,#5306,#5308));
#5310=FACE_OUTER_BOUND('',#5309,.F.);
#5311=ADVANCED_FACE('',(#5310),#5303,.F.);
#5312=CARTESIAN_POINT('',(9.75E1,5.4E1,-4.02E1));
#5313=DIRECTION('',(0.E0,-1.E0,0.E0));
#5314=DIRECTION('',(-1.E0,0.E0,0.E0));
#5315=AXIS2_PLACEMENT_3D('',#5312,#5313,#5314);
#5316=PLANE('',#5315);
#5317=ORIENTED_EDGE('',*,*,#5307,.F.);
#5318=ORIENTED_EDGE('',*,*,#3225,.F.);
#5319=ORIENTED_EDGE('',*,*,#3324,.F.);
#5320=ORIENTED_EDGE('',*,*,#3356,.T.);
#5321=EDGE_LOOP('',(#5317,#5318,#5319,#5320));
#5322=FACE_OUTER_BOUND('',#5321,.F.);
#5323=ADVANCED_FACE('',(#5322),#5316,.F.);
#5324=CARTESIAN_POINT('',(6.15E1,6.9E1,-3.92E1));
#5325=DIRECTION('',(-1.E0,0.E0,0.E0));
#5326=DIRECTION('',(0.E0,0.E0,1.E0));
#5327=AXIS2_PLACEMENT_3D('',#5324,#5325,#5326);
#5328=PLANE('',#5327);
#5329=ORIENTED_EDGE('',*,*,#3430,.T.);
#5331=ORIENTED_EDGE('',*,*,#5330,.T.);
#5332=ORIENTED_EDGE('',*,*,#3550,.F.);
#5333=ORIENTED_EDGE('',*,*,#3348,.T.);
#5335=ORIENTED_EDGE('',*,*,#5334,.T.);
#5336=ORIENTED_EDGE('',*,*,#3130,.F.);
#5337=EDGE_LOOP('',(#5329,#5331,#5332,#5333,#5335,#5336));
#5338=FACE_OUTER_BOUND('',#5337,.F.);
#5339=ADVANCED_FACE('',(#5338),#5328,.F.);
#5340=CARTESIAN_POINT('',(6.35E1,6.9E1,-3.25E1));
#5341=DIRECTION('',(0.E0,1.E0,0.E0));
#5342=DIRECTION('',(-1.E0,0.E0,0.E0));
#5343=AXIS2_PLACEMENT_3D('',#5340,#5341,#5342);
#5344=CYLINDRICAL_SURFACE('',#5343,2.E0);
#5345=ORIENTED_EDGE('',*,*,#3428,.T.);
#5347=ORIENTED_EDGE('',*,*,#5346,.T.);
#5348=ORIENTED_EDGE('',*,*,#3552,.F.);
#5349=ORIENTED_EDGE('',*,*,#5330,.F.);
#5350=EDGE_LOOP('',(#5345,#5347,#5348,#5349));
#5351=FACE_OUTER_BOUND('',#5350,.F.);
#5352=ADVANCED_FACE('',(#5351),#5344,.F.);
#5353=CARTESIAN_POINT('',(6.55E1,6.9E1,-3.25E1));
#5354=DIRECTION('',(1.E0,0.E0,0.E0));
#5355=DIRECTION('',(0.E0,0.E0,-1.E0));
#5356=AXIS2_PLACEMENT_3D('',#5353,#5354,#5355);
#5357=PLANE('',#5356);
#5358=ORIENTED_EDGE('',*,*,#3426,.T.);
#5359=ORIENTED_EDGE('',*,*,#3134,.T.);
#5361=ORIENTED_EDGE('',*,*,#5360,.T.);
#5362=ORIENTED_EDGE('',*,*,#3344,.F.);
#5363=ORIENTED_EDGE('',*,*,#3554,.F.);
#5364=ORIENTED_EDGE('',*,*,#5346,.F.);
#5365=EDGE_LOOP('',(#5358,#5359,#5361,#5362,#5363,#5364));
#5366=FACE_OUTER_BOUND('',#5365,.F.);
#5367=ADVANCED_FACE('',(#5366),#5357,.F.);
#5368=CARTESIAN_POINT('',(0.E0,6.45E1,0.E0));
#5369=DIRECTION('',(0.E0,1.E0,0.E0));
#5370=DIRECTION('',(-1.E0,0.E0,0.E0));
#5371=AXIS2_PLACEMENT_3D('',#5368,#5369,#5370);
#5372=PLANE('',#5371);
#5373=ORIENTED_EDGE('',*,*,#3338,.F.);
#5374=ORIENTED_EDGE('',*,*,#3405,.F.);
#5375=ORIENTED_EDGE('',*,*,#3140,.T.);
#5377=ORIENTED_EDGE('',*,*,#5376,.F.);
#5378=EDGE_LOOP('',(#5373,#5374,#5375,#5377));
#5379=FACE_OUTER_BOUND('',#5378,.F.);
#5380=ADVANCED_FACE('',(#5379),#5372,.T.);
#5381=CARTESIAN_POINT('',(0.E0,6.45E1,0.E0));
#5382=DIRECTION('',(0.E0,1.E0,0.E0));
#5383=DIRECTION('',(-1.E0,0.E0,0.E0));
#5384=AXIS2_PLACEMENT_3D('',#5381,#5382,#5383);
#5385=PLANE('',#5384);
#5386=ORIENTED_EDGE('',*,*,#3346,.F.);
#5387=ORIENTED_EDGE('',*,*,#5360,.F.);
#5388=ORIENTED_EDGE('',*,*,#3132,.T.);
#5389=ORIENTED_EDGE('',*,*,#5334,.F.);
#5390=EDGE_LOOP('',(#5386,#5387,#5388,#5389));
#5391=FACE_OUTER_BOUND('',#5390,.F.);
#5392=ADVANCED_FACE('',(#5391),#5385,.T.);
#5393=CARTESIAN_POINT('',(8.45E1,6.9E1,-3.92E1));
#5394=DIRECTION('',(-1.E0,0.E0,0.E0));
#5395=DIRECTION('',(0.E0,0.E0,1.E0));
#5396=AXIS2_PLACEMENT_3D('',#5393,#5394,#5395);
#5397=PLANE('',#5396);
#5398=ORIENTED_EDGE('',*,*,#3423,.T.);
#5399=ORIENTED_EDGE('',*,*,#3522,.T.);
#5400=ORIENTED_EDGE('',*,*,#3557,.F.);
#5401=ORIENTED_EDGE('',*,*,#3340,.T.);
#5402=ORIENTED_EDGE('',*,*,#5376,.T.);
#5403=ORIENTED_EDGE('',*,*,#3138,.F.);
#5404=EDGE_LOOP('',(#5398,#5399,#5400,#5401,#5402,#5403));
#5405=FACE_OUTER_BOUND('',#5404,.F.);
#5406=ADVANCED_FACE('',(#5405),#5397,.F.);
#5407=CARTESIAN_POINT('',(1.149461384706E2,6.849920380357E1,-1.37E1));
#5408=DIRECTION('',(0.E0,1.E0,0.E0));
#5409=DIRECTION('',(0.E0,0.E0,-1.E0));
#5410=AXIS2_PLACEMENT_3D('',#5407,#5408,#5409);
#5411=CONICAL_SURFACE('',#5410,2.751194294640E0,5.630993247402E1);
#5412=ORIENTED_EDGE('',*,*,#3562,.F.);
#5414=ORIENTED_EDGE('',*,*,#5413,.F.);
#5416=ORIENTED_EDGE('',*,*,#5415,.F.);
#5418=ORIENTED_EDGE('',*,*,#5417,.T.);
#5419=EDGE_LOOP('',(#5412,#5414,#5416,#5418));
#5420=FACE_OUTER_BOUND('',#5419,.F.);
#5421=ADVANCED_FACE('',(#5420),#5411,.F.);
#5422=CARTESIAN_POINT('',(1.149461384706E2,6.849920380357E1,-1.37E1));
#5423=DIRECTION('',(0.E0,1.E0,0.E0));
#5424=DIRECTION('',(0.E0,0.E0,-1.E0));
#5425=AXIS2_PLACEMENT_3D('',#5422,#5423,#5424);
#5426=CONICAL_SURFACE('',#5425,2.751194294640E0,5.630993247402E1);
#5427=ORIENTED_EDGE('',*,*,#3564,.F.);
#5428=ORIENTED_EDGE('',*,*,#5417,.F.);
#5430=ORIENTED_EDGE('',*,*,#5429,.F.);
#5431=ORIENTED_EDGE('',*,*,#5413,.T.);
#5432=EDGE_LOOP('',(#5427,#5428,#5430,#5431));
#5433=FACE_OUTER_BOUND('',#5432,.F.);
#5434=ADVANCED_FACE('',(#5433),#5426,.F.);
#5435=CARTESIAN_POINT('',(1.149461384706E2,5.9E1,-1.37E1));
#5436=DIRECTION('',(0.E0,1.E0,0.E0));
#5437=DIRECTION('',(1.E0,0.E0,0.E0));
#5438=AXIS2_PLACEMENT_3D('',#5435,#5436,#5437);
#5439=CYLINDRICAL_SURFACE('',#5438,2.E0);
#5440=ORIENTED_EDGE('',*,*,#5429,.T.);
#5442=ORIENTED_EDGE('',*,*,#5441,.T.);
#5443=ORIENTED_EDGE('',*,*,#3454,.F.);
#5445=ORIENTED_EDGE('',*,*,#5444,.F.);
#5446=EDGE_LOOP('',(#5440,#5442,#5443,#5445));
#5447=FACE_OUTER_BOUND('',#5446,.F.);
#5448=ADVANCED_FACE('',(#5447),#5439,.F.);
#5449=CARTESIAN_POINT('',(1.149461384706E2,5.9E1,-1.37E1));
#5450=DIRECTION('',(0.E0,1.E0,0.E0));
#5451=DIRECTION('',(1.E0,0.E0,0.E0));
#5452=AXIS2_PLACEMENT_3D('',#5449,#5450,#5451);
#5453=CYLINDRICAL_SURFACE('',#5452,2.E0);
#5454=ORIENTED_EDGE('',*,*,#5415,.T.);
#5455=ORIENTED_EDGE('',*,*,#5444,.T.);
#5456=ORIENTED_EDGE('',*,*,#3456,.F.);
#5457=ORIENTED_EDGE('',*,*,#5441,.F.);
#5458=EDGE_LOOP('',(#5454,#5455,#5456,#5457));
#5459=FACE_OUTER_BOUND('',#5458,.F.);
#5460=ADVANCED_FACE('',(#5459),#5453,.F.);
#5461=CARTESIAN_POINT('',(1.400000001030E1,5.9E1,-2.47E1));
#5462=DIRECTION('',(-1.E0,0.E0,0.E0));
#5463=DIRECTION('',(0.E0,0.E0,1.E0));
#5464=AXIS2_PLACEMENT_3D('',#5461,#5462,#5463);
#5465=PLANE('',#5464);
#5466=ORIENTED_EDGE('',*,*,#3444,.F.);
#5468=ORIENTED_EDGE('',*,*,#5467,.T.);
#5469=ORIENTED_EDGE('',*,*,#3568,.F.);
#5471=ORIENTED_EDGE('',*,*,#5470,.F.);
#5472=EDGE_LOOP('',(#5466,#5468,#5469,#5471));
#5473=FACE_OUTER_BOUND('',#5472,.F.);
#5474=ADVANCED_FACE('',(#5473),#5465,.F.);
#5475=CARTESIAN_POINT('',(1.400000001030E1,5.9E1,-1.97E1));
#5476=DIRECTION('',(0.E0,0.E0,1.E0));
#5477=DIRECTION('',(1.E0,0.E0,0.E0));
#5478=AXIS2_PLACEMENT_3D('',#5475,#5476,#5477);
#5479=PLANE('',#5478);
#5480=ORIENTED_EDGE('',*,*,#3450,.F.);
#5482=ORIENTED_EDGE('',*,*,#5481,.T.);
#5483=ORIENTED_EDGE('',*,*,#3570,.F.);
#5484=ORIENTED_EDGE('',*,*,#5467,.F.);
#5485=EDGE_LOOP('',(#5480,#5482,#5483,#5484));
#5486=FACE_OUTER_BOUND('',#5485,.F.);
#5487=ADVANCED_FACE('',(#5486),#5479,.F.);
#5488=CARTESIAN_POINT('',(2.300000001030E1,5.9E1,-2.47E1));
#5489=DIRECTION('',(1.E0,0.E0,0.E0));
#5490=DIRECTION('',(0.E0,0.E0,-1.E0));
#5491=AXIS2_PLACEMENT_3D('',#5488,#5489,#5490);
#5492=PLANE('',#5491);
#5493=ORIENTED_EDGE('',*,*,#3448,.F.);
#5495=ORIENTED_EDGE('',*,*,#5494,.T.);
#5496=ORIENTED_EDGE('',*,*,#3572,.F.);
#5497=ORIENTED_EDGE('',*,*,#5481,.F.);
#5498=EDGE_LOOP('',(#5493,#5495,#5496,#5497));
#5499=FACE_OUTER_BOUND('',#5498,.F.);
#5500=ADVANCED_FACE('',(#5499),#5492,.F.);
#5501=CARTESIAN_POINT('',(1.400000001030E1,5.9E1,-2.47E1));
#5502=DIRECTION('',(0.E0,0.E0,-1.E0));
#5503=DIRECTION('',(-1.E0,0.E0,0.E0));
#5504=AXIS2_PLACEMENT_3D('',#5501,#5502,#5503);
#5505=PLANE('',#5504);
#5506=ORIENTED_EDGE('',*,*,#3446,.F.);
#5507=ORIENTED_EDGE('',*,*,#5470,.T.);
#5508=ORIENTED_EDGE('',*,*,#3574,.F.);
#5509=ORIENTED_EDGE('',*,*,#5494,.F.);
#5510=EDGE_LOOP('',(#5506,#5507,#5508,#5509));
#5511=FACE_OUTER_BOUND('',#5510,.F.);
#5512=ADVANCED_FACE('',(#5511),#5505,.F.);
#5513=CARTESIAN_POINT('',(7.000000000005E0,6.849920380357E1,-1.37E1));
#5514=DIRECTION('',(0.E0,1.E0,0.E0));
#5515=DIRECTION('',(0.E0,0.E0,-1.E0));
#5516=AXIS2_PLACEMENT_3D('',#5513,#5514,#5515);
#5517=CONICAL_SURFACE('',#5516,2.751194294641E0,5.630993247402E1);
#5518=ORIENTED_EDGE('',*,*,#3578,.F.);
#5520=ORIENTED_EDGE('',*,*,#5519,.T.);
#5522=ORIENTED_EDGE('',*,*,#5521,.F.);
#5524=ORIENTED_EDGE('',*,*,#5523,.F.);
#5525=EDGE_LOOP('',(#5518,#5520,#5522,#5524));
#5526=FACE_OUTER_BOUND('',#5525,.F.);
#5527=ADVANCED_FACE('',(#5526),#5517,.F.);
#5528=CARTESIAN_POINT('',(7.000000000005E0,6.849920380357E1,-1.37E1));
#5529=DIRECTION('',(0.E0,1.E0,0.E0));
#5530=DIRECTION('',(0.E0,0.E0,-1.E0));
#5531=AXIS2_PLACEMENT_3D('',#5528,#5529,#5530);
#5532=CONICAL_SURFACE('',#5531,2.751194294641E0,5.630993247402E1);
#5533=ORIENTED_EDGE('',*,*,#3580,.F.);
#5534=ORIENTED_EDGE('',*,*,#5523,.T.);
#5536=ORIENTED_EDGE('',*,*,#5535,.F.);
#5537=ORIENTED_EDGE('',*,*,#5519,.F.);
#5538=EDGE_LOOP('',(#5533,#5534,#5536,#5537));
#5539=FACE_OUTER_BOUND('',#5538,.F.);
#5540=ADVANCED_FACE('',(#5539),#5532,.F.);
#5541=CARTESIAN_POINT('',(7.000000000005E0,6.4E1,-1.37E1));
#5542=DIRECTION('',(0.E0,1.E0,0.E0));
#5543=DIRECTION('',(-1.E0,0.E0,0.E0));
#5544=AXIS2_PLACEMENT_3D('',#5541,#5542,#5543);
#5545=CYLINDRICAL_SURFACE('',#5544,2.E0);
#5546=ORIENTED_EDGE('',*,*,#5535,.T.);
#5548=ORIENTED_EDGE('',*,*,#5547,.F.);
#5549=ORIENTED_EDGE('',*,*,#3462,.F.);
#5551=ORIENTED_EDGE('',*,*,#5550,.T.);
#5552=EDGE_LOOP('',(#5546,#5548,#5549,#5551));
#5553=FACE_OUTER_BOUND('',#5552,.F.);
#5554=ADVANCED_FACE('',(#5553),#5545,.F.);
#5555=CARTESIAN_POINT('',(7.000000000005E0,6.4E1,-1.37E1));
#5556=DIRECTION('',(0.E0,1.E0,0.E0));
#5557=DIRECTION('',(-1.E0,0.E0,0.E0));
#5558=AXIS2_PLACEMENT_3D('',#5555,#5556,#5557);
#5559=CYLINDRICAL_SURFACE('',#5558,2.E0);
#5560=ORIENTED_EDGE('',*,*,#5521,.T.);
#5561=ORIENTED_EDGE('',*,*,#5550,.F.);
#5562=ORIENTED_EDGE('',*,*,#3460,.F.);
#5563=ORIENTED_EDGE('',*,*,#5547,.T.);
#5564=EDGE_LOOP('',(#5560,#5561,#5562,#5563));
#5565=FACE_OUTER_BOUND('',#5564,.F.);
#5566=ADVANCED_FACE('',(#5565),#5559,.F.);
#5567=CARTESIAN_POINT('',(3.55E1,6.4E1,-3.16E1));
#5568=DIRECTION('',(-1.E0,0.E0,0.E0));
#5569=DIRECTION('',(0.E0,0.E0,1.E0));
#5570=AXIS2_PLACEMENT_3D('',#5567,#5568,#5569);
#5571=PLANE('',#5570);
#5572=ORIENTED_EDGE('',*,*,#3584,.F.);
#5574=ORIENTED_EDGE('',*,*,#5573,.F.);
#5575=ORIENTED_EDGE('',*,*,#3466,.T.);
#5577=ORIENTED_EDGE('',*,*,#5576,.T.);
#5578=EDGE_LOOP('',(#5572,#5574,#5575,#5577));
#5579=FACE_OUTER_BOUND('',#5578,.F.);
#5580=ADVANCED_FACE('',(#5579),#5571,.F.);
#5581=CARTESIAN_POINT('',(4.85E1,6.4E1,-3.16E1));
#5582=DIRECTION('',(0.E0,0.E0,-1.E0));
#5583=DIRECTION('',(-1.E0,0.E0,0.E0));
#5584=AXIS2_PLACEMENT_3D('',#5581,#5582,#5583);
#5585=PLANE('',#5584);
#5586=ORIENTED_EDGE('',*,*,#3590,.F.);
#5588=ORIENTED_EDGE('',*,*,#5587,.F.);
#5589=ORIENTED_EDGE('',*,*,#3468,.T.);
#5590=ORIENTED_EDGE('',*,*,#5573,.T.);
#5591=EDGE_LOOP('',(#5586,#5588,#5589,#5590));
#5592=FACE_OUTER_BOUND('',#5591,.F.);
#5593=ADVANCED_FACE('',(#5592),#5585,.F.);
#5594=CARTESIAN_POINT('',(4.85E1,6.4E1,-1.96E1));
#5595=DIRECTION('',(1.E0,0.E0,0.E0));
#5596=DIRECTION('',(0.E0,0.E0,-1.E0));
#5597=AXIS2_PLACEMENT_3D('',#5594,#5595,#5596);
#5598=PLANE('',#5597);
#5599=ORIENTED_EDGE('',*,*,#3588,.F.);
#5601=ORIENTED_EDGE('',*,*,#5600,.F.);
#5602=ORIENTED_EDGE('',*,*,#3470,.T.);
#5603=ORIENTED_EDGE('',*,*,#5587,.T.);
#5604=EDGE_LOOP('',(#5599,#5601,#5602,#5603));
#5605=FACE_OUTER_BOUND('',#5604,.F.);
#5606=ADVANCED_FACE('',(#5605),#5598,.F.);
#5607=CARTESIAN_POINT('',(3.55E1,6.4E1,-1.96E1));
#5608=DIRECTION('',(0.E0,0.E0,1.E0));
#5609=DIRECTION('',(1.E0,0.E0,0.E0));
#5610=AXIS2_PLACEMENT_3D('',#5607,#5608,#5609);
#5611=PLANE('',#5610);
#5612=ORIENTED_EDGE('',*,*,#3586,.F.);
#5613=ORIENTED_EDGE('',*,*,#5576,.F.);
#5614=ORIENTED_EDGE('',*,*,#3472,.T.);
#5615=ORIENTED_EDGE('',*,*,#5600,.T.);
#5616=EDGE_LOOP('',(#5612,#5613,#5614,#5615));
#5617=FACE_OUTER_BOUND('',#5616,.F.);
#5618=ADVANCED_FACE('',(#5617),#5611,.F.);
#5619=CARTESIAN_POINT('',(1.135000000103E2,6.65E1,-2.35E1));
#5620=DIRECTION('',(-1.E0,0.E0,0.E0));
#5621=DIRECTION('',(0.E0,0.E0,1.E0));
#5622=AXIS2_PLACEMENT_3D('',#5619,#5620,#5621);
#5623=PLANE('',#5622);
#5624=ORIENTED_EDGE('',*,*,#3482,.T.);
#5626=ORIENTED_EDGE('',*,*,#5625,.T.);
#5627=ORIENTED_EDGE('',*,*,#3594,.T.);
#5629=ORIENTED_EDGE('',*,*,#5628,.F.);
#5630=EDGE_LOOP('',(#5624,#5626,#5627,#5629));
#5631=FACE_OUTER_BOUND('',#5630,.F.);
#5632=ADVANCED_FACE('',(#5631),#5623,.F.);
#5633=CARTESIAN_POINT('',(1.300000000103E2,-7.019958448259E1,-1.97E1));
#5634=DIRECTION('',(0.E0,0.E0,-1.E0));
#5635=DIRECTION('',(-1.E0,0.E0,0.E0));
#5636=AXIS2_PLACEMENT_3D('',#5633,#5634,#5635);
#5637=PLANE('',#5636);
#5638=ORIENTED_EDGE('',*,*,#3480,.F.);
#5640=ORIENTED_EDGE('',*,*,#5639,.T.);
#5641=ORIENTED_EDGE('',*,*,#3596,.T.);
#5642=ORIENTED_EDGE('',*,*,#5625,.F.);
#5643=EDGE_LOOP('',(#5638,#5640,#5641,#5642));
#5644=FACE_OUTER_BOUND('',#5643,.F.);
#5645=ADVANCED_FACE('',(#5644),#5637,.T.);
#5646=CARTESIAN_POINT('',(1.225000000103E2,6.9E1,-2.35E1));
#5647=DIRECTION('',(1.E0,0.E0,0.E0));
#5648=DIRECTION('',(0.E0,0.E0,-1.E0));
#5649=AXIS2_PLACEMENT_3D('',#5646,#5647,#5648);
#5650=PLANE('',#5649);
#5651=ORIENTED_EDGE('',*,*,#3478,.T.);
#5653=ORIENTED_EDGE('',*,*,#5652,.T.);
#5654=ORIENTED_EDGE('',*,*,#3598,.T.);
#5655=ORIENTED_EDGE('',*,*,#5639,.F.);
#5656=EDGE_LOOP('',(#5651,#5653,#5654,#5655));
#5657=FACE_OUTER_BOUND('',#5656,.F.);
#5658=ADVANCED_FACE('',(#5657),#5650,.F.);
#5659=CARTESIAN_POINT('',(1.300000000103E2,-7.019958448259E1,-2.47E1));
#5660=DIRECTION('',(0.E0,0.E0,-1.E0));
#5661=DIRECTION('',(-1.E0,0.E0,0.E0));
#5662=AXIS2_PLACEMENT_3D('',#5659,#5660,#5661);
#5663=PLANE('',#5662);
#5664=ORIENTED_EDGE('',*,*,#3476,.T.);
#5665=ORIENTED_EDGE('',*,*,#5628,.T.);
#5666=ORIENTED_EDGE('',*,*,#3600,.T.);
#5667=ORIENTED_EDGE('',*,*,#5652,.F.);
#5668=EDGE_LOOP('',(#5664,#5665,#5666,#5667));
#5669=FACE_OUTER_BOUND('',#5668,.F.);
#5670=ADVANCED_FACE('',(#5669),#5663,.F.);
#5671=CARTESIAN_POINT('',(-5.049999998970E1,6.849920380357E1,-1.37E1));
#5672=DIRECTION('',(0.E0,1.E0,0.E0));
#5673=DIRECTION('',(0.E0,0.E0,-1.E0));
#5674=AXIS2_PLACEMENT_3D('',#5671,#5672,#5673);
#5675=CONICAL_SURFACE('',#5674,2.751194294641E0,5.630993247402E1);
#5676=ORIENTED_EDGE('',*,*,#3604,.T.);
#5678=ORIENTED_EDGE('',*,*,#5677,.T.);
#5680=ORIENTED_EDGE('',*,*,#5679,.F.);
#5682=ORIENTED_EDGE('',*,*,#5681,.F.);
#5683=EDGE_LOOP('',(#5676,#5678,#5680,#5682));
#5684=FACE_OUTER_BOUND('',#5683,.F.);
#5685=ADVANCED_FACE('',(#5684),#5675,.F.);
#5686=CARTESIAN_POINT('',(-5.049999998970E1,6.849920380357E1,-1.37E1));
#5687=DIRECTION('',(0.E0,1.E0,0.E0));
#5688=DIRECTION('',(0.E0,0.E0,-1.E0));
#5689=AXIS2_PLACEMENT_3D('',#5686,#5687,#5688);
#5690=CONICAL_SURFACE('',#5689,2.751194294641E0,5.630993247402E1);
#5691=ORIENTED_EDGE('',*,*,#3606,.T.);
#5692=ORIENTED_EDGE('',*,*,#5681,.T.);
#5694=ORIENTED_EDGE('',*,*,#5693,.F.);
#5695=ORIENTED_EDGE('',*,*,#5677,.F.);
#5696=EDGE_LOOP('',(#5691,#5692,#5694,#5695));
#5697=FACE_OUTER_BOUND('',#5696,.F.);
#5698=ADVANCED_FACE('',(#5697),#5690,.F.);
#5699=CARTESIAN_POINT('',(-5.049999998970E1,6.29E1,-1.37E1));
#5700=DIRECTION('',(0.E0,1.E0,0.E0));
#5701=DIRECTION('',(-1.E0,0.E0,0.E0));
#5702=AXIS2_PLACEMENT_3D('',#5699,#5700,#5701);
#5703=CYLINDRICAL_SURFACE('',#5702,2.E0);
#5704=ORIENTED_EDGE('',*,*,#5693,.T.);
#5706=ORIENTED_EDGE('',*,*,#5705,.F.);
#5707=ORIENTED_EDGE('',*,*,#3486,.T.);
#5709=ORIENTED_EDGE('',*,*,#5708,.T.);
#5710=EDGE_LOOP('',(#5704,#5706,#5707,#5709));
#5711=FACE_OUTER_BOUND('',#5710,.F.);
#5712=ADVANCED_FACE('',(#5711),#5703,.F.);
#5713=CARTESIAN_POINT('',(-5.049999998970E1,6.29E1,-1.37E1));
#5714=DIRECTION('',(0.E0,1.E0,0.E0));
#5715=DIRECTION('',(-1.E0,0.E0,0.E0));
#5716=AXIS2_PLACEMENT_3D('',#5713,#5714,#5715);
#5717=CYLINDRICAL_SURFACE('',#5716,2.E0);
#5718=ORIENTED_EDGE('',*,*,#5679,.T.);
#5719=ORIENTED_EDGE('',*,*,#5708,.F.);
#5720=ORIENTED_EDGE('',*,*,#3488,.T.);
#5721=ORIENTED_EDGE('',*,*,#5705,.T.);
#5722=EDGE_LOOP('',(#5718,#5719,#5720,#5721));
#5723=FACE_OUTER_BOUND('',#5722,.F.);
#5724=ADVANCED_FACE('',(#5723),#5717,.F.);
#5725=CARTESIAN_POINT('',(7.16E1,6.65E1,-2.73E1));
#5726=DIRECTION('',(0.E0,0.E0,-1.E0));
#5727=DIRECTION('',(-1.E0,0.E0,0.E0));
#5728=AXIS2_PLACEMENT_3D('',#5725,#5726,#5727);
#5729=PLANE('',#5728);
#5730=ORIENTED_EDGE('',*,*,#3492,.T.);
#5732=ORIENTED_EDGE('',*,*,#5731,.T.);
#5733=ORIENTED_EDGE('',*,*,#3610,.F.);
#5735=ORIENTED_EDGE('',*,*,#5734,.F.);
#5736=EDGE_LOOP('',(#5730,#5732,#5733,#5735));
#5737=FACE_OUTER_BOUND('',#5736,.F.);
#5738=ADVANCED_FACE('',(#5737),#5729,.F.);
#5739=CARTESIAN_POINT('',(5.54E1,6.65E1,-2.73E1));
#5740=DIRECTION('',(-1.E0,0.E0,0.E0));
#5741=DIRECTION('',(0.E0,0.E0,1.E0));
#5742=AXIS2_PLACEMENT_3D('',#5739,#5740,#5741);
#5743=PLANE('',#5742);
#5744=ORIENTED_EDGE('',*,*,#3498,.T.);
#5746=ORIENTED_EDGE('',*,*,#5745,.T.);
#5747=ORIENTED_EDGE('',*,*,#3612,.F.);
#5748=ORIENTED_EDGE('',*,*,#5731,.F.);
#5749=EDGE_LOOP('',(#5744,#5746,#5747,#5748));
#5750=FACE_OUTER_BOUND('',#5749,.F.);
#5751=ADVANCED_FACE('',(#5750),#5743,.F.);
#5752=CARTESIAN_POINT('',(5.54E1,6.65E1,-2.022E1));
#5753=DIRECTION('',(0.E0,0.E0,1.E0));
#5754=DIRECTION('',(1.E0,0.E0,0.E0));
#5755=AXIS2_PLACEMENT_3D('',#5752,#5753,#5754);
#5756=PLANE('',#5755);
#5757=ORIENTED_EDGE('',*,*,#3496,.T.);
#5759=ORIENTED_EDGE('',*,*,#5758,.T.);
#5760=ORIENTED_EDGE('',*,*,#3614,.F.);
#5761=ORIENTED_EDGE('',*,*,#5745,.F.);
#5762=EDGE_LOOP('',(#5757,#5759,#5760,#5761));
#5763=FACE_OUTER_BOUND('',#5762,.F.);
#5764=ADVANCED_FACE('',(#5763),#5756,.F.);
#5765=CARTESIAN_POINT('',(7.16E1,6.65E1,-2.022E1));
#5766=DIRECTION('',(1.E0,0.E0,0.E0));
#5767=DIRECTION('',(0.E0,0.E0,-1.E0));
#5768=AXIS2_PLACEMENT_3D('',#5765,#5766,#5767);
#5769=PLANE('',#5768);
#5770=ORIENTED_EDGE('',*,*,#3494,.T.);
#5771=ORIENTED_EDGE('',*,*,#5734,.T.);
#5772=ORIENTED_EDGE('',*,*,#3616,.F.);
#5773=ORIENTED_EDGE('',*,*,#5758,.F.);
#5774=EDGE_LOOP('',(#5770,#5771,#5772,#5773));
#5775=FACE_OUTER_BOUND('',#5774,.F.);
#5776=ADVANCED_FACE('',(#5775),#5769,.F.);
#5777=CARTESIAN_POINT('',(9.46E1,6.65E1,-2.73E1));
#5778=DIRECTION('',(0.E0,0.E0,-1.E0));
#5779=DIRECTION('',(-1.E0,0.E0,0.E0));
#5780=AXIS2_PLACEMENT_3D('',#5777,#5778,#5779);
#5781=PLANE('',#5780);
#5782=ORIENTED_EDGE('',*,*,#3502,.T.);
#5784=ORIENTED_EDGE('',*,*,#5783,.T.);
#5785=ORIENTED_EDGE('',*,*,#3620,.F.);
#5787=ORIENTED_EDGE('',*,*,#5786,.F.);
#5788=EDGE_LOOP('',(#5782,#5784,#5785,#5787));
#5789=FACE_OUTER_BOUND('',#5788,.F.);
#5790=ADVANCED_FACE('',(#5789),#5781,.F.);
#5791=CARTESIAN_POINT('',(7.84E1,6.65E1,-2.73E1));
#5792=DIRECTION('',(-1.E0,0.E0,0.E0));
#5793=DIRECTION('',(0.E0,0.E0,1.E0));
#5794=AXIS2_PLACEMENT_3D('',#5791,#5792,#5793);
#5795=PLANE('',#5794);
#5796=ORIENTED_EDGE('',*,*,#3508,.T.);
#5798=ORIENTED_EDGE('',*,*,#5797,.T.);
#5799=ORIENTED_EDGE('',*,*,#3622,.F.);
#5800=ORIENTED_EDGE('',*,*,#5783,.F.);
#5801=EDGE_LOOP('',(#5796,#5798,#5799,#5800));
#5802=FACE_OUTER_BOUND('',#5801,.F.);
#5803=ADVANCED_FACE('',(#5802),#5795,.F.);
#5804=CARTESIAN_POINT('',(7.84E1,6.65E1,-2.022E1));
#5805=DIRECTION('',(0.E0,0.E0,1.E0));
#5806=DIRECTION('',(1.E0,0.E0,0.E0));
#5807=AXIS2_PLACEMENT_3D('',#5804,#5805,#5806);
#5808=PLANE('',#5807);
#5809=ORIENTED_EDGE('',*,*,#3506,.T.);
#5811=ORIENTED_EDGE('',*,*,#5810,.T.);
#5812=ORIENTED_EDGE('',*,*,#3624,.F.);
#5813=ORIENTED_EDGE('',*,*,#5797,.F.);
#5814=EDGE_LOOP('',(#5809,#5811,#5812,#5813));
#5815=FACE_OUTER_BOUND('',#5814,.F.);
#5816=ADVANCED_FACE('',(#5815),#5808,.F.);
#5817=CARTESIAN_POINT('',(9.46E1,6.65E1,-2.022E1));
#5818=DIRECTION('',(1.E0,0.E0,0.E0));
#5819=DIRECTION('',(0.E0,0.E0,-1.E0));
#5820=AXIS2_PLACEMENT_3D('',#5817,#5818,#5819);
#5821=PLANE('',#5820);
#5822=ORIENTED_EDGE('',*,*,#3504,.T.);
#5823=ORIENTED_EDGE('',*,*,#5786,.T.);
#5824=ORIENTED_EDGE('',*,*,#3626,.F.);
#5825=ORIENTED_EDGE('',*,*,#5810,.F.);
#5826=EDGE_LOOP('',(#5822,#5823,#5824,#5825));
#5827=FACE_OUTER_BOUND('',#5826,.F.);
#5828=ADVANCED_FACE('',(#5827),#5821,.F.);
#5829=CARTESIAN_POINT('',(1.025E2,6.100041551741E1,-3.1E0));
#5830=DIRECTION('',(0.E0,0.E0,-1.E0));
#5831=DIRECTION('',(-1.E0,0.E0,0.E0));
#5832=AXIS2_PLACEMENT_3D('',#5829,#5830,#5831);
#5833=CYLINDRICAL_SURFACE('',#5832,2.5E0);
#5834=ORIENTED_EDGE('',*,*,#3254,.F.);
#5836=ORIENTED_EDGE('',*,*,#5835,.T.);
#5837=ORIENTED_EDGE('',*,*,#3146,.F.);
#5839=ORIENTED_EDGE('',*,*,#5838,.F.);
#5840=EDGE_LOOP('',(#5834,#5836,#5837,#5839));
#5841=FACE_OUTER_BOUND('',#5840,.F.);
#5842=ADVANCED_FACE('',(#5841),#5833,.F.);
#5843=CARTESIAN_POINT('',(1.025E2,6.100041551741E1,-3.1E0));
#5844=DIRECTION('',(0.E0,0.E0,-1.E0));
#5845=DIRECTION('',(-1.E0,0.E0,0.E0));
#5846=AXIS2_PLACEMENT_3D('',#5843,#5844,#5845);
#5847=CYLINDRICAL_SURFACE('',#5846,2.5E0);
#5848=ORIENTED_EDGE('',*,*,#3256,.F.);
#5849=ORIENTED_EDGE('',*,*,#5838,.T.);
#5850=ORIENTED_EDGE('',*,*,#3148,.F.);
#5851=ORIENTED_EDGE('',*,*,#5835,.F.);
#5852=EDGE_LOOP('',(#5848,#5849,#5850,#5851));
#5853=FACE_OUTER_BOUND('',#5852,.F.);
#5854=ADVANCED_FACE('',(#5853),#5847,.F.);
#5855=CARTESIAN_POINT('',(2.75E1,6.100041551741E1,-3.1E0));
#5856=DIRECTION('',(0.E0,0.E0,-1.E0));
#5857=DIRECTION('',(-1.E0,0.E0,0.E0));
#5858=AXIS2_PLACEMENT_3D('',#5855,#5856,#5857);
#5859=CYLINDRICAL_SURFACE('',#5858,2.5E0);
#5860=ORIENTED_EDGE('',*,*,#3260,.F.);
#5862=ORIENTED_EDGE('',*,*,#5861,.T.);
#5863=ORIENTED_EDGE('',*,*,#3152,.F.);
#5865=ORIENTED_EDGE('',*,*,#5864,.F.);
#5866=EDGE_LOOP('',(#5860,#5862,#5863,#5865));
#5867=FACE_OUTER_BOUND('',#5866,.F.);
#5868=ADVANCED_FACE('',(#5867),#5859,.F.);
#5869=CARTESIAN_POINT('',(2.75E1,6.100041551741E1,-3.1E0));
#5870=DIRECTION('',(0.E0,0.E0,-1.E0));
#5871=DIRECTION('',(-1.E0,0.E0,0.E0));
#5872=AXIS2_PLACEMENT_3D('',#5869,#5870,#5871);
#5873=CYLINDRICAL_SURFACE('',#5872,2.5E0);
#5874=ORIENTED_EDGE('',*,*,#3262,.F.);
#5875=ORIENTED_EDGE('',*,*,#5864,.T.);
#5876=ORIENTED_EDGE('',*,*,#3154,.F.);
#5877=ORIENTED_EDGE('',*,*,#5861,.F.);
#5878=EDGE_LOOP('',(#5874,#5875,#5876,#5877));
#5879=FACE_OUTER_BOUND('',#5878,.F.);
#5880=ADVANCED_FACE('',(#5879),#5873,.F.);
#5881=CARTESIAN_POINT('',(6.35E1,-5.294905428356E1,-3.944772077939E1));
#5882=DIRECTION('',(0.E0,0.E0,-1.E0));
#5883=DIRECTION('',(0.E0,-1.E0,0.E0));
#5884=AXIS2_PLACEMENT_3D('',#5881,#5882,#5883);
#5885=CONICAL_SURFACE('',#5884,2.752279220614E0,4.5E1);
#5886=ORIENTED_EDGE('',*,*,#3266,.F.);
#5888=ORIENTED_EDGE('',*,*,#5887,.F.);
#5890=ORIENTED_EDGE('',*,*,#5889,.T.);
#5892=ORIENTED_EDGE('',*,*,#5891,.T.);
#5893=EDGE_LOOP('',(#5886,#5888,#5890,#5892));
#5894=FACE_OUTER_BOUND('',#5893,.F.);
#5895=ADVANCED_FACE('',(#5894),#5885,.F.);
#5896=CARTESIAN_POINT('',(6.35E1,-5.294905428356E1,-3.944772077939E1));
#5897=DIRECTION('',(0.E0,0.E0,-1.E0));
#5898=DIRECTION('',(0.E0,-1.E0,0.E0));
#5899=AXIS2_PLACEMENT_3D('',#5896,#5897,#5898);
#5900=CONICAL_SURFACE('',#5899,2.752279220614E0,4.5E1);
#5901=ORIENTED_EDGE('',*,*,#3268,.F.);
#5902=ORIENTED_EDGE('',*,*,#5891,.F.);
#5904=ORIENTED_EDGE('',*,*,#5903,.T.);
#5905=ORIENTED_EDGE('',*,*,#5887,.T.);
#5906=EDGE_LOOP('',(#5901,#5902,#5904,#5905));
#5907=FACE_OUTER_BOUND('',#5906,.F.);
#5908=ADVANCED_FACE('',(#5907),#5900,.F.);
#5909=CARTESIAN_POINT('',(6.35E1,-5.294905428356E1,-5.1E0));
#5910=DIRECTION('',(0.E0,0.E0,-1.E0));
#5911=DIRECTION('',(-1.E0,0.E0,0.E0));
#5912=AXIS2_PLACEMENT_3D('',#5909,#5910,#5911);
#5913=CYLINDRICAL_SURFACE('',#5912,2.E0);
#5914=ORIENTED_EDGE('',*,*,#5903,.F.);
#5916=ORIENTED_EDGE('',*,*,#5915,.T.);
#5917=ORIENTED_EDGE('',*,*,#3170,.F.);
#5919=ORIENTED_EDGE('',*,*,#5918,.F.);
#5920=EDGE_LOOP('',(#5914,#5916,#5917,#5919));
#5921=FACE_OUTER_BOUND('',#5920,.F.);
#5922=ADVANCED_FACE('',(#5921),#5913,.F.);
#5923=CARTESIAN_POINT('',(6.35E1,-5.294905428356E1,-5.1E0));
#5924=DIRECTION('',(0.E0,0.E0,-1.E0));
#5925=DIRECTION('',(-1.E0,0.E0,0.E0));
#5926=AXIS2_PLACEMENT_3D('',#5923,#5924,#5925);
#5927=CYLINDRICAL_SURFACE('',#5926,2.E0);
#5928=ORIENTED_EDGE('',*,*,#5889,.F.);
#5929=ORIENTED_EDGE('',*,*,#5918,.T.);
#5930=ORIENTED_EDGE('',*,*,#3172,.F.);
#5931=ORIENTED_EDGE('',*,*,#5915,.F.);
#5932=EDGE_LOOP('',(#5928,#5929,#5930,#5931));
#5933=FACE_OUTER_BOUND('',#5932,.F.);
#5934=ADVANCED_FACE('',(#5933),#5927,.F.);
#5935=CARTESIAN_POINT('',(1.105E2,-6.309958448258E1,-3.944772077939E1));
#5936=DIRECTION('',(0.E0,0.E0,-1.E0));
#5937=DIRECTION('',(0.E0,-1.E0,0.E0));
#5938=AXIS2_PLACEMENT_3D('',#5935,#5936,#5937);
#5939=CONICAL_SURFACE('',#5938,2.752279220614E0,4.5E1);
#5940=ORIENTED_EDGE('',*,*,#3272,.F.);
#5942=ORIENTED_EDGE('',*,*,#5941,.F.);
#5944=ORIENTED_EDGE('',*,*,#5943,.T.);
#5946=ORIENTED_EDGE('',*,*,#5945,.T.);
#5947=EDGE_LOOP('',(#5940,#5942,#5944,#5946));
#5948=FACE_OUTER_BOUND('',#5947,.F.);
#5949=ADVANCED_FACE('',(#5948),#5939,.F.);
#5950=CARTESIAN_POINT('',(1.105E2,-6.309958448258E1,-3.944772077939E1));
#5951=DIRECTION('',(0.E0,0.E0,-1.E0));
#5952=DIRECTION('',(0.E0,-1.E0,0.E0));
#5953=AXIS2_PLACEMENT_3D('',#5950,#5951,#5952);
#5954=CONICAL_SURFACE('',#5953,2.752279220614E0,4.5E1);
#5955=ORIENTED_EDGE('',*,*,#3274,.F.);
#5956=ORIENTED_EDGE('',*,*,#5945,.F.);
#5958=ORIENTED_EDGE('',*,*,#5957,.T.);
#5959=ORIENTED_EDGE('',*,*,#5941,.T.);
#5960=EDGE_LOOP('',(#5955,#5956,#5958,#5959));
#5961=FACE_OUTER_BOUND('',#5960,.F.);
#5962=ADVANCED_FACE('',(#5961),#5954,.F.);
#5963=CARTESIAN_POINT('',(1.105E2,-6.309958448258E1,-5.1E0));
#5964=DIRECTION('',(0.E0,0.E0,-1.E0));
#5965=DIRECTION('',(-1.E0,0.E0,0.E0));
#5966=AXIS2_PLACEMENT_3D('',#5963,#5964,#5965);
#5967=CYLINDRICAL_SURFACE('',#5966,2.E0);
#5968=ORIENTED_EDGE('',*,*,#5957,.F.);
#5970=ORIENTED_EDGE('',*,*,#5969,.T.);
#5971=ORIENTED_EDGE('',*,*,#3176,.F.);
#5973=ORIENTED_EDGE('',*,*,#5972,.F.);
#5974=EDGE_LOOP('',(#5968,#5970,#5971,#5973));
#5975=FACE_OUTER_BOUND('',#5974,.F.);
#5976=ADVANCED_FACE('',(#5975),#5967,.F.);
#5977=CARTESIAN_POINT('',(1.105E2,-6.309958448258E1,-5.1E0));
#5978=DIRECTION('',(0.E0,0.E0,-1.E0));
#5979=DIRECTION('',(-1.E0,0.E0,0.E0));
#5980=AXIS2_PLACEMENT_3D('',#5977,#5978,#5979);
#5981=CYLINDRICAL_SURFACE('',#5980,2.E0);
#5982=ORIENTED_EDGE('',*,*,#5943,.F.);
#5983=ORIENTED_EDGE('',*,*,#5972,.T.);
#5984=ORIENTED_EDGE('',*,*,#3178,.F.);
#5985=ORIENTED_EDGE('',*,*,#5969,.F.);
#5986=EDGE_LOOP('',(#5982,#5983,#5984,#5985));
#5987=FACE_OUTER_BOUND('',#5986,.F.);
#5988=ADVANCED_FACE('',(#5987),#5981,.F.);
#5989=CARTESIAN_POINT('',(1.65E1,-6.309958448258E1,-3.944772077939E1));
#5990=DIRECTION('',(0.E0,0.E0,-1.E0));
#5991=DIRECTION('',(0.E0,-1.E0,0.E0));
#5992=AXIS2_PLACEMENT_3D('',#5989,#5990,#5991);
#5993=CONICAL_SURFACE('',#5992,2.752279220614E0,4.5E1);
#5994=ORIENTED_EDGE('',*,*,#3278,.F.);
#5996=ORIENTED_EDGE('',*,*,#5995,.F.);
#5998=ORIENTED_EDGE('',*,*,#5997,.T.);
#6000=ORIENTED_EDGE('',*,*,#5999,.T.);
#6001=EDGE_LOOP('',(#5994,#5996,#5998,#6000));
#6002=FACE_OUTER_BOUND('',#6001,.F.);
#6003=ADVANCED_FACE('',(#6002),#5993,.F.);
#6004=CARTESIAN_POINT('',(1.65E1,-6.309958448258E1,-3.944772077939E1));
#6005=DIRECTION('',(0.E0,0.E0,-1.E0));
#6006=DIRECTION('',(0.E0,-1.E0,0.E0));
#6007=AXIS2_PLACEMENT_3D('',#6004,#6005,#6006);
#6008=CONICAL_SURFACE('',#6007,2.752279220614E0,4.5E1);
#6009=ORIENTED_EDGE('',*,*,#3280,.F.);
#6010=ORIENTED_EDGE('',*,*,#5999,.F.);
#6012=ORIENTED_EDGE('',*,*,#6011,.T.);
#6013=ORIENTED_EDGE('',*,*,#5995,.T.);
#6014=EDGE_LOOP('',(#6009,#6010,#6012,#6013));
#6015=FACE_OUTER_BOUND('',#6014,.F.);
#6016=ADVANCED_FACE('',(#6015),#6008,.F.);
#6017=CARTESIAN_POINT('',(1.65E1,-6.309958448258E1,-5.1E0));
#6018=DIRECTION('',(0.E0,0.E0,-1.E0));
#6019=DIRECTION('',(-1.E0,0.E0,0.E0));
#6020=AXIS2_PLACEMENT_3D('',#6017,#6018,#6019);
#6021=CYLINDRICAL_SURFACE('',#6020,2.E0);
#6022=ORIENTED_EDGE('',*,*,#6011,.F.);
#6024=ORIENTED_EDGE('',*,*,#6023,.T.);
#6025=ORIENTED_EDGE('',*,*,#3164,.F.);
#6027=ORIENTED_EDGE('',*,*,#6026,.F.);
#6028=EDGE_LOOP('',(#6022,#6024,#6025,#6027));
#6029=FACE_OUTER_BOUND('',#6028,.F.);
#6030=ADVANCED_FACE('',(#6029),#6021,.F.);
#6031=CARTESIAN_POINT('',(1.65E1,-6.309958448258E1,-5.1E0));
#6032=DIRECTION('',(0.E0,0.E0,-1.E0));
#6033=DIRECTION('',(-1.E0,0.E0,0.E0));
#6034=AXIS2_PLACEMENT_3D('',#6031,#6032,#6033);
#6035=CYLINDRICAL_SURFACE('',#6034,2.E0);
#6036=ORIENTED_EDGE('',*,*,#5997,.F.);
#6037=ORIENTED_EDGE('',*,*,#6026,.T.);
#6038=ORIENTED_EDGE('',*,*,#3166,.F.);
#6039=ORIENTED_EDGE('',*,*,#6023,.F.);
#6040=EDGE_LOOP('',(#6036,#6037,#6038,#6039));
#6041=FACE_OUTER_BOUND('',#6040,.F.);
#6042=ADVANCED_FACE('',(#6041),#6035,.F.);
#6043=CARTESIAN_POINT('',(2.75E1,-3.699958448259E1,-3.1E0));
#6044=DIRECTION('',(0.E0,0.E0,-1.E0));
#6045=DIRECTION('',(-1.E0,0.E0,0.E0));
#6046=AXIS2_PLACEMENT_3D('',#6043,#6044,#6045);
#6047=CYLINDRICAL_SURFACE('',#6046,2.5E0);
#6048=ORIENTED_EDGE('',*,*,#3284,.F.);
#6050=ORIENTED_EDGE('',*,*,#6049,.T.);
#6051=ORIENTED_EDGE('',*,*,#3158,.F.);
#6053=ORIENTED_EDGE('',*,*,#6052,.F.);
#6054=EDGE_LOOP('',(#6048,#6050,#6051,#6053));
#6055=FACE_OUTER_BOUND('',#6054,.F.);
#6056=ADVANCED_FACE('',(#6055),#6047,.F.);
#6057=CARTESIAN_POINT('',(2.75E1,-3.699958448259E1,-3.1E0));
#6058=DIRECTION('',(0.E0,0.E0,-1.E0));
#6059=DIRECTION('',(-1.E0,0.E0,0.E0));
#6060=AXIS2_PLACEMENT_3D('',#6057,#6058,#6059);
#6061=CYLINDRICAL_SURFACE('',#6060,2.5E0);
#6062=ORIENTED_EDGE('',*,*,#3286,.F.);
#6063=ORIENTED_EDGE('',*,*,#6052,.T.);
#6064=ORIENTED_EDGE('',*,*,#3160,.F.);
#6065=ORIENTED_EDGE('',*,*,#6049,.F.);
#6066=EDGE_LOOP('',(#6062,#6063,#6064,#6065));
#6067=FACE_OUTER_BOUND('',#6066,.F.);
#6068=ADVANCED_FACE('',(#6067),#6061,.F.);
#6069=CARTESIAN_POINT('',(1.025E2,-3.699958448259E1,-3.1E0));
#6070=DIRECTION('',(0.E0,0.E0,-1.E0));
#6071=DIRECTION('',(-1.E0,0.E0,0.E0));
#6072=AXIS2_PLACEMENT_3D('',#6069,#6070,#6071);
#6073=CYLINDRICAL_SURFACE('',#6072,2.5E0);
#6074=ORIENTED_EDGE('',*,*,#3291,.F.);
#6075=ORIENTED_EDGE('',*,*,#3211,.T.);
#6076=ORIENTED_EDGE('',*,*,#3196,.F.);
#6077=ORIENTED_EDGE('',*,*,#3208,.F.);
#6078=EDGE_LOOP('',(#6074,#6075,#6076,#6077));
#6079=FACE_OUTER_BOUND('',#6078,.F.);
#6080=ADVANCED_FACE('',(#6079),#6073,.F.);
#6081=CARTESIAN_POINT('',(1.175E2,-3.699958448259E1,-3.32E1));
#6082=DIRECTION('',(0.E0,0.E0,-1.E0));
#6083=DIRECTION('',(-1.E0,0.E0,0.E0));
#6084=AXIS2_PLACEMENT_3D('',#6081,#6082,#6083);
#6085=CYLINDRICAL_SURFACE('',#6084,2.5E0);
#6086=ORIENTED_EDGE('',*,*,#3188,.F.);
#6088=ORIENTED_EDGE('',*,*,#6087,.T.);
#6089=ORIENTED_EDGE('',*,*,#3295,.F.);
#6091=ORIENTED_EDGE('',*,*,#6090,.F.);
#6092=EDGE_LOOP('',(#6086,#6088,#6089,#6091));
#6093=FACE_OUTER_BOUND('',#6092,.F.);
#6094=ADVANCED_FACE('',(#6093),#6085,.F.);
#6095=CARTESIAN_POINT('',(1.175E2,-3.699958448259E1,-3.32E1));
#6096=DIRECTION('',(0.E0,0.E0,-1.E0));
#6097=DIRECTION('',(-1.E0,0.E0,0.E0));
#6098=AXIS2_PLACEMENT_3D('',#6095,#6096,#6097);
#6099=CYLINDRICAL_SURFACE('',#6098,2.5E0);
#6100=ORIENTED_EDGE('',*,*,#3190,.F.);
#6101=ORIENTED_EDGE('',*,*,#6090,.T.);
#6102=ORIENTED_EDGE('',*,*,#3297,.F.);
#6103=ORIENTED_EDGE('',*,*,#6087,.F.);
#6104=EDGE_LOOP('',(#6100,#6101,#6102,#6103));
#6105=FACE_OUTER_BOUND('',#6104,.F.);
#6106=ADVANCED_FACE('',(#6105),#6099,.F.);
#6107=CLOSED_SHELL('',(#2931,#2946,#2961,#2975,#3011,#3026,#3071,#3085,#3105,
#3200,#3215,#3301,#3316,#3330,#3370,#3384,#3396,#3414,#3512,#3526,#3630,#3644,
#3710,#3755,#3768,#3803,#3816,#3839,#3852,#3871,#3884,#3919,#3932,#3945,#3957,
#3972,#3986,#4000,#4013,#4046,#4060,#4073,#4085,#4099,#4112,#4132,#4145,#4159,
#4172,#4196,#4209,#4223,#4235,#4248,#4262,#4275,#4317,#4330,#4344,#4357,#4387,
#4400,#4417,#4446,#4459,#4499,#4514,#4527,#4541,#4553,#4568,#4581,#4595,#4607,
#4622,#4635,#4649,#4661,#4675,#4688,#4701,#4713,#4728,#4741,#4755,#4767,#4781,
#4794,#4807,#4819,#4831,#4845,#4858,#4871,#4883,#4898,#4912,#4925,#4937,#4952,
#4965,#4979,#4991,#5006,#5020,#5033,#5045,#5059,#5071,#5086,#5099,#5113,#5125,
#5140,#5153,#5167,#5179,#5194,#5207,#5221,#5233,#5247,#5260,#5273,#5285,#5298,
#5311,#5323,#5339,#5352,#5367,#5380,#5392,#5406,#5421,#5434,#5448,#5460,#5474,
#5487,#5500,#5512,#5527,#5540,#5554,#5566,#5580,#5593,#5606,#5618,#5632,#5645,
#5658,#5670,#5685,#5698,#5712,#5724,#5738,#5751,#5764,#5776,#5790,#5803,#5816,
#5828,#5842,#5854,#5868,#5880,#5895,#5908,#5922,#5934,#5949,#5962,#5976,#5988,
#6003,#6016,#6030,#6042,#6056,#6068,#6080,#6094,#6106));
#6108=MANIFOLD_SOLID_BREP('',#6107);
#6110=DIMENSIONAL_EXPONENTS(0.E0,0.E0,0.E0,0.E0,0.E0,0.E0,0.E0);
#6112=PLANE_ANGLE_MEASURE_WITH_UNIT(PLANE_ANGLE_MEASURE(1.745329251994E-2),
#6111);
#6113=(CONVERSION_BASED_UNIT('DEGREE',#6112)NAMED_UNIT(*)PLANE_ANGLE_UNIT());
#6115=UNCERTAINTY_MEASURE_WITH_UNIT(LENGTH_MEASURE(2.809836610834E-2),#6109,
'closure',
'Maximum model space distance between geometric entities at asserted connectivities');
#6116=(GEOMETRIC_REPRESENTATION_CONTEXT(3)GLOBAL_UNCERTAINTY_ASSIGNED_CONTEXT((
#6115))GLOBAL_UNIT_ASSIGNED_CONTEXT((#6109,#6113,#6114))REPRESENTATION_CONTEXT(
'ID1','3'));
#6117=CARTESIAN_POINT('',(0.E0,0.E0,0.E0));
#6118=DIRECTION('',(0.E0,0.E0,1.E0));
#6119=DIRECTION('',(1.E0,0.E0,0.E0));
#6122=APPLICATION_CONTEXT(
'CONFIGURATION CONTROLLED 3D DESIGNS OF MECHANICAL PARTS AND ASSEMBLIES');
#6123=APPLICATION_PROTOCOL_DEFINITION('international standard',
'config_control_design',1994,#6122);
#6124=DESIGN_CONTEXT('',#6122,'design');
#6125=MECHANICAL_CONTEXT('',#6122,'mechanical');
#6126=PRODUCT('_7604127404000','_7604127404000','NOT SPECIFIED',(#6125));
#6127=PRODUCT_DEFINITION_FORMATION_WITH_SPECIFIED_SOURCE('31','LAST_VERSION',
#6126,.MADE.);
#6136=CARTESIAN_POINT('',(0.E0,0.E0,0.E0));
#6137=DIRECTION('',(0.E0,0.E0,1.E0));
#6138=DIRECTION('',(1.E0,0.E0,0.E0));
#6139=AXIS2_PLACEMENT_3D('',#6136,#6137,#6138);
#6140=ITEM_DEFINED_TRANSFORMATION('','',#6120,#6139);
#6141=(REPRESENTATION_RELATIONSHIP('','',#6121,#6133)REPRESENTATION_RELATIONSHIP_WITH_TRANSFORMATION(#6140)SHAPE_REPRESENTATION_RELATIONSHIP());
#6142=CONTEXT_DEPENDENT_SHAPE_REPRESENTATION(#6141,#6135);
#6143=CARTESIAN_POINT('',(0.E0,-2.E1,0.E0));
#6144=DIRECTION('',(0.E0,1.E0,0.E0));
#6145=DIRECTION('',(0.E0,0.E0,-1.E0));
#6146=AXIS2_PLACEMENT_3D('',#6143,#6144,#6145);
#6148=CARTESIAN_POINT('',(0.E0,-2.E1,0.E0));
#6149=DIRECTION('',(0.E0,1.E0,0.E0));
#6150=DIRECTION('',(0.E0,0.E0,1.E0));
#6151=AXIS2_PLACEMENT_3D('',#6148,#6149,#6150);
#6153=CARTESIAN_POINT('',(0.E0,-2.E1,0.E0));
#6154=DIRECTION('',(0.E0,1.E0,0.E0));
#6155=DIRECTION('',(0.E0,0.E0,1.E0));
#6156=AXIS2_PLACEMENT_3D('',#6153,#6154,#6155);
#6158=CARTESIAN_POINT('',(0.E0,-2.E1,0.E0));
#6159=DIRECTION('',(0.E0,1.E0,0.E0));
#6160=DIRECTION('',(3.116786308917E-12,0.E0,-1.E0));
#6161=AXIS2_PLACEMENT_3D('',#6158,#6159,#6160);
#6163=DIRECTION('',(0.E0,-1.E0,0.E0));
#6164=VECTOR('',#6163,1.92E1);
#6165=CARTESIAN_POINT('',(0.E0,-8.E-1,3.E0));
#6166=LINE('',#6165,#6164);
#6167=DIRECTION('',(0.E0,-1.E0,0.E0));
#6168=VECTOR('',#6167,1.92E1);
#6169=CARTESIAN_POINT('',(0.E0,-8.E-1,-3.E0));
#6170=LINE('',#6169,#6168);
#6171=CARTESIAN_POINT('',(0.E0,-8.E-1,0.E0));
#6172=DIRECTION('',(0.E0,-1.E0,0.E0));
#6173=DIRECTION('',(0.E0,0.E0,-1.E0));
#6174=AXIS2_PLACEMENT_3D('',#6171,#6172,#6173);
#6176=CARTESIAN_POINT('',(0.E0,-8.E-1,0.E0));
#6177=DIRECTION('',(0.E0,-1.E0,0.E0));
#6178=DIRECTION('',(0.E0,0.E0,1.E0));
#6179=AXIS2_PLACEMENT_3D('',#6176,#6177,#6178);
#6181=CARTESIAN_POINT('',(0.E0,-8.E-1,0.E0));
#6182=DIRECTION('',(0.E0,1.E0,0.E0));
#6183=DIRECTION('',(0.E0,0.E0,-1.E0));
#6184=AXIS2_PLACEMENT_3D('',#6181,#6182,#6183);
#6186=CARTESIAN_POINT('',(0.E0,-8.E-1,0.E0));
#6187=DIRECTION('',(0.E0,1.E0,0.E0));
#6188=DIRECTION('',(0.E0,0.E0,1.E0));
#6189=AXIS2_PLACEMENT_3D('',#6186,#6187,#6188);
#6191=DIRECTION('',(0.E0,-1.E0,0.E0));
#6192=VECTOR('',#6191,4.E-1);
#6193=CARTESIAN_POINT('',(0.E0,-4.E-1,2.4E0));
#6194=LINE('',#6193,#6192);
#6195=DIRECTION('',(0.E0,-1.E0,0.E0));
#6196=VECTOR('',#6195,4.E-1);
#6197=CARTESIAN_POINT('',(0.E0,-4.E-1,-2.4E0));
#6198=LINE('',#6197,#6196);
#6199=DIRECTION('',(5.E-1,0.E0,-8.660254037844E-1));
#6200=VECTOR('',#6199,4.041451884327E0);
#6201=CARTESIAN_POINT('',(2.018675134595E0,-4.E-1,3.5E0));
#6202=LINE('',#6201,#6200);
#6203=DIRECTION('',(-5.E-1,0.E0,-8.660254037844E-1));
#6204=VECTOR('',#6203,4.041451884327E0);
#6205=CARTESIAN_POINT('',(4.039401076759E0,-4.E-1,3.965213718908E-14));
#6206=LINE('',#6205,#6204);
#6207=DIRECTION('',(-1.E0,0.E0,0.E0));
#6208=VECTOR('',#6207,4.036768785595E0);
#6209=CARTESIAN_POINT('',(2.018675134595E0,-4.E-1,-3.5E0));
#6210=LINE('',#6209,#6208);
#6211=DIRECTION('',(-5.015107371595E-1,0.E0,8.651514205697E-1));
#6212=VECTOR('',#6211,4.045534592887E0);
#6213=CARTESIAN_POINT('',(-2.018093651001E0,-4.E-1,-3.5E0));
#6214=LINE('',#6213,#6212);
#6215=DIRECTION('',(5.015107371595E-1,0.E0,8.651514205697E-1));
#6216=VECTOR('',#6215,4.045534592887E0);
#6217=CARTESIAN_POINT('',(-4.046972686884E0,-4.E-1,0.E0));
#6218=LINE('',#6217,#6216);
#6219=DIRECTION('',(1.E0,0.E0,0.E0));
#6220=VECTOR('',#6219,4.036768785595E0);
#6221=CARTESIAN_POINT('',(-2.018093651001E0,-4.E-1,3.5E0));
#6222=LINE('',#6221,#6220);
#6223=CARTESIAN_POINT('',(0.E0,-4.E-1,0.E0));
#6224=DIRECTION('',(0.E0,-1.E0,0.E0));
#6225=DIRECTION('',(0.E0,0.E0,-1.E0));
#6226=AXIS2_PLACEMENT_3D('',#6223,#6224,#6225);
#6228=CARTESIAN_POINT('',(0.E0,-4.E-1,0.E0));
#6229=DIRECTION('',(0.E0,-1.E0,0.E0));
#6230=DIRECTION('',(0.E0,0.E0,1.E0));
#6231=AXIS2_PLACEMENT_3D('',#6228,#6229,#6230);
#6233=DIRECTION('',(0.E0,-1.E0,0.E0));
#6234=VECTOR('',#6233,4.E-1);
#6235=CARTESIAN_POINT('',(2.018675134595E0,0.E0,3.5E0));
#6236=LINE('',#6235,#6234);
#6237=DIRECTION('',(5.E-1,0.E0,-8.660254037844E-1));
#6238=VECTOR('',#6237,4.041451884327E0);
#6239=CARTESIAN_POINT('',(2.018675134595E0,0.E0,3.5E0));
#6240=LINE('',#6239,#6238);
#6241=DIRECTION('',(1.E0,0.E0,0.E0));
#6242=VECTOR('',#6241,4.036768785595E0);
#6243=CARTESIAN_POINT('',(-2.018093651001E0,0.E0,3.5E0));
#6244=LINE('',#6243,#6242);
#6245=DIRECTION('',(5.015107371595E-1,0.E0,8.651514205697E-1));
#6246=VECTOR('',#6245,4.045534592887E0);
#6247=CARTESIAN_POINT('',(-4.046972686884E0,0.E0,0.E0));
#6248=LINE('',#6247,#6246);
#6249=DIRECTION('',(-5.015107371595E-1,0.E0,8.651514205697E-1));
#6250=VECTOR('',#6249,4.045534592887E0);
#6251=CARTESIAN_POINT('',(-2.018093651001E0,0.E0,-3.5E0));
#6252=LINE('',#6251,#6250);
#6253=DIRECTION('',(-1.E0,0.E0,0.E0));
#6254=VECTOR('',#6253,4.036768785595E0);
#6255=CARTESIAN_POINT('',(2.018675134595E0,0.E0,-3.5E0));
#6256=LINE('',#6255,#6254);
#6257=DIRECTION('',(-5.E-1,0.E0,-8.660254037844E-1));
#6258=VECTOR('',#6257,4.041451884327E0);
#6259=CARTESIAN_POINT('',(4.039401076759E0,0.E0,3.937590994004E-14));
#6260=LINE('',#6259,#6258);
#6261=DIRECTION('',(0.E0,-1.E0,0.E0));
#6262=VECTOR('',#6261,4.E-1);
#6263=CARTESIAN_POINT('',(-2.018093651001E0,0.E0,3.5E0));
#6264=LINE('',#6263,#6262);
#6265=DIRECTION('',(0.E0,-1.E0,0.E0));
#6266=VECTOR('',#6265,4.E-1);
#6267=CARTESIAN_POINT('',(-4.046972686884E0,0.E0,0.E0));
#6268=LINE('',#6267,#6266);
#6269=DIRECTION('',(0.E0,-1.E0,0.E0));
#6270=VECTOR('',#6269,4.E-1);
#6271=CARTESIAN_POINT('',(-2.018093651001E0,0.E0,-3.5E0));
#6272=LINE('',#6271,#6270);
#6273=DIRECTION('',(0.E0,-1.E0,0.E0));
#6274=VECTOR('',#6273,4.E-1);
#6275=CARTESIAN_POINT('',(2.018675134595E0,0.E0,-3.5E0));
#6276=LINE('',#6275,#6274);
#6277=DIRECTION('',(0.E0,-1.E0,0.E0));
#6278=VECTOR('',#6277,4.E-1);
#6279=CARTESIAN_POINT('',(4.039401076759E0,0.E0,3.937590994004E-14));
#6280=LINE('',#6279,#6278);
#6281=DIRECTION('',(-5.189827668339E-10,7.071067811865E-1,-7.071067811866E-1));
#6282=VECTOR('',#6281,7.071067809117E-1);
#6283=CARTESIAN_POINT('',(9.174405267996E-10,-1.999999999951E1,
2.499999999514E0));
#6284=LINE('',#6283,#6282);
#6285=DIRECTION('',(5.167797697456E-10,7.071067811865E-1,7.071067811866E-1));
#6286=VECTOR('',#6285,7.071067809117E-1);
#6287=CARTESIAN_POINT('',(-9.096506027216E-10,-1.999999999951E1,
-2.499999999514E0));
#6288=LINE('',#6287,#6286);
#6289=CARTESIAN_POINT('',(0.E0,-1.95E1,0.E0));
#6290=DIRECTION('',(0.E0,1.E0,0.E0));
#6291=DIRECTION('',(3.116296450198E-12,0.E0,-1.E0));
#6292=AXIS2_PLACEMENT_3D('',#6289,#6290,#6291);
#6294=CARTESIAN_POINT('',(0.E0,-1.95E1,0.E0));
#6295=DIRECTION('',(0.E0,1.E0,0.E0));
#6296=DIRECTION('',(0.E0,0.E0,1.E0));
#6297=AXIS2_PLACEMENT_3D('',#6294,#6295,#6296);
#6299=DIRECTION('',(3.181876972290E-11,1.E0,-1.684784617562E-11));
#6300=VECTOR('',#6299,1.729999999971E1);
#6301=CARTESIAN_POINT('',(-5.442321232965E-10,-1.949999999971E1,
-1.999999999709E0));
#6302=LINE('',#6301,#6300);
#6303=DIRECTION('',(3.181876414895E-11,-1.E0,-1.684782050572E-11));
#6304=VECTOR('',#6303,1.729999999971E1);
#6305=CARTESIAN_POINT('',(0.E0,-2.2E0,2.E0));
#6306=LINE('',#6305,#6304);
#6307=CARTESIAN_POINT('',(0.E0,-2.2E0,0.E0));
#6308=DIRECTION('',(0.E0,1.E0,0.E0));
#6309=DIRECTION('',(3.116296450198E-12,0.E0,-1.E0));
#6310=AXIS2_PLACEMENT_3D('',#6307,#6308,#6309);
#6312=CARTESIAN_POINT('',(0.E0,-2.2E0,0.E0));
#6313=DIRECTION('',(0.E0,1.E0,0.E0));
#6314=DIRECTION('',(0.E0,0.E0,1.E0));
#6315=AXIS2_PLACEMENT_3D('',#6312,#6313,#6314);
#6317=CARTESIAN_POINT('',(0.E0,-8.E-1,-2.4E0));
#6318=CARTESIAN_POINT('',(0.E0,-8.E-1,2.4E0));
#6319=VERTEX_POINT('',#6317);
#6320=VERTEX_POINT('',#6318);
#6321=CARTESIAN_POINT('',(0.E0,-4.E-1,2.4E0));
#6322=VERTEX_POINT('',#6321);
#6323=CARTESIAN_POINT('',(0.E0,-4.E-1,-2.4E0));
#6324=VERTEX_POINT('',#6323);
#6325=CARTESIAN_POINT('',(0.E0,-8.E-1,3.E0));
#6326=CARTESIAN_POINT('',(0.E0,-8.E-1,-3.E0));
#6327=VERTEX_POINT('',#6325);
#6328=VERTEX_POINT('',#6326);
#6329=CARTESIAN_POINT('',(6.232592900396E-12,-2.2E0,-2.E0));
#6330=CARTESIAN_POINT('',(0.E0,-2.2E0,2.E0));
#6331=VERTEX_POINT('',#6329);
#6332=VERTEX_POINT('',#6330);
#6333=CARTESIAN_POINT('',(2.018675134595E0,0.E0,3.5E0));
#6334=CARTESIAN_POINT('',(4.039401076759E0,0.E0,3.952393967666E-14));
#6335=VERTEX_POINT('',#6333);
#6336=VERTEX_POINT('',#6334);
#6337=CARTESIAN_POINT('',(2.018675134595E0,0.E0,-3.5E0));
#6338=VERTEX_POINT('',#6337);
#6339=CARTESIAN_POINT('',(-2.018093651001E0,0.E0,-3.5E0));
#6340=VERTEX_POINT('',#6339);
#6341=CARTESIAN_POINT('',(-4.046972686884E0,0.E0,0.E0));
#6342=VERTEX_POINT('',#6341);
#6343=CARTESIAN_POINT('',(-2.018093651001E0,0.E0,3.5E0));
#6344=VERTEX_POINT('',#6343);
#6345=CARTESIAN_POINT('',(2.018675134595E0,-4.E-1,3.5E0));
#6346=CARTESIAN_POINT('',(4.039401076759E0,-4.E-1,3.952393967666E-14));
#6347=VERTEX_POINT('',#6345);
#6348=VERTEX_POINT('',#6346);
#6349=CARTESIAN_POINT('',(2.018675134595E0,-4.E-1,-3.5E0));
#6350=VERTEX_POINT('',#6349);
#6351=CARTESIAN_POINT('',(-2.018093651001E0,-4.E-1,-3.5E0));
#6352=VERTEX_POINT('',#6351);
#6353=CARTESIAN_POINT('',(-4.046972686884E0,-4.E-1,0.E0));
#6354=VERTEX_POINT('',#6353);
#6355=CARTESIAN_POINT('',(-2.018093651001E0,-4.E-1,3.5E0));
#6356=VERTEX_POINT('',#6355);
#6357=CARTESIAN_POINT('',(0.E0,-2.E1,-3.E0));
#6358=CARTESIAN_POINT('',(0.E0,-2.E1,3.E0));
#6359=VERTEX_POINT('',#6357);
#6360=VERTEX_POINT('',#6358);
#6361=CARTESIAN_POINT('',(0.E0,-2.E1,2.5E0));
#6362=CARTESIAN_POINT('',(7.790741125495E-12,-2.E1,-2.5E0));
#6363=VERTEX_POINT('',#6361);
#6364=VERTEX_POINT('',#6362);
#6365=CARTESIAN_POINT('',(0.E0,-1.95E1,2.E0));
#6366=CARTESIAN_POINT('',(6.232837829755E-12,-1.95E1,-2.E0));
#6367=VERTEX_POINT('',#6365);
#6368=VERTEX_POINT('',#6366);
#6369=CARTESIAN_POINT('',(0.E0,-2.E1,0.E0));
#6370=DIRECTION('',(0.E0,-1.E0,0.E0));
#6371=DIRECTION('',(0.E0,0.E0,-1.E0));
#6372=AXIS2_PLACEMENT_3D('',#6369,#6370,#6371);
#6373=PLANE('',#6372);
#6375=ORIENTED_EDGE('',*,*,#6374,.T.);
#6377=ORIENTED_EDGE('',*,*,#6376,.T.);
#6378=EDGE_LOOP('',(#6375,#6377));
#6379=FACE_OUTER_BOUND('',#6378,.F.);
#6381=ORIENTED_EDGE('',*,*,#6380,.F.);
#6383=ORIENTED_EDGE('',*,*,#6382,.F.);
#6384=EDGE_LOOP('',(#6381,#6383));
#6385=FACE_BOUND('',#6384,.F.);
#6386=ADVANCED_FACE('',(#6379,#6385),#6373,.T.);
#6387=CARTESIAN_POINT('',(0.E0,5.8E-1,0.E0));
#6388=DIRECTION('',(0.E0,-1.E0,0.E0));
#6389=DIRECTION('',(0.E0,0.E0,-1.E0));
#6390=AXIS2_PLACEMENT_3D('',#6387,#6388,#6389);
#6391=CYLINDRICAL_SURFACE('',#6390,3.E0);
#6393=ORIENTED_EDGE('',*,*,#6392,.T.);
#6394=ORIENTED_EDGE('',*,*,#6374,.F.);
#6396=ORIENTED_EDGE('',*,*,#6395,.F.);
#6398=ORIENTED_EDGE('',*,*,#6397,.F.);
#6399=EDGE_LOOP('',(#6393,#6394,#6396,#6398));
#6400=FACE_OUTER_BOUND('',#6399,.F.);
#6401=ADVANCED_FACE('',(#6400),#6391,.T.);
#6402=CARTESIAN_POINT('',(0.E0,5.8E-1,0.E0));
#6403=DIRECTION('',(0.E0,-1.E0,0.E0));
#6404=DIRECTION('',(0.E0,0.E0,-1.E0));
#6405=AXIS2_PLACEMENT_3D('',#6402,#6403,#6404);
#6406=CYLINDRICAL_SURFACE('',#6405,3.E0);
#6408=ORIENTED_EDGE('',*,*,#6407,.F.);
#6409=ORIENTED_EDGE('',*,*,#6395,.T.);
#6410=ORIENTED_EDGE('',*,*,#6376,.F.);
#6411=ORIENTED_EDGE('',*,*,#6392,.F.);
#6412=EDGE_LOOP('',(#6408,#6409,#6410,#6411));
#6413=FACE_OUTER_BOUND('',#6412,.F.);
#6414=ADVANCED_FACE('',(#6413),#6406,.T.);
#6415=CARTESIAN_POINT('',(0.E0,-8.E-1,0.E0));
#6416=DIRECTION('',(0.E0,-1.E0,0.E0));
#6417=DIRECTION('',(0.E0,0.E0,-1.E0));
#6418=AXIS2_PLACEMENT_3D('',#6415,#6416,#6417);
#6419=PLANE('',#6418);
#6420=ORIENTED_EDGE('',*,*,#6407,.T.);
#6421=ORIENTED_EDGE('',*,*,#6397,.T.);
#6422=EDGE_LOOP('',(#6420,#6421));
#6423=FACE_OUTER_BOUND('',#6422,.F.);
#6425=ORIENTED_EDGE('',*,*,#6424,.T.);
#6427=ORIENTED_EDGE('',*,*,#6426,.T.);
#6428=EDGE_LOOP('',(#6425,#6427));
#6429=FACE_BOUND('',#6428,.F.);
#6430=ADVANCED_FACE('',(#6423,#6429),#6419,.F.);
#6431=CARTESIAN_POINT('',(0.E0,5.8E-1,0.E0));
#6432=DIRECTION('',(0.E0,-1.E0,0.E0));
#6433=DIRECTION('',(0.E0,0.E0,-1.E0));
#6434=AXIS2_PLACEMENT_3D('',#6431,#6432,#6433);
#6435=CYLINDRICAL_SURFACE('',#6434,2.4E0);
#6437=ORIENTED_EDGE('',*,*,#6436,.T.);
#6438=ORIENTED_EDGE('',*,*,#6424,.F.);
#6440=ORIENTED_EDGE('',*,*,#6439,.F.);
#6442=ORIENTED_EDGE('',*,*,#6441,.F.);
#6443=EDGE_LOOP('',(#6437,#6438,#6440,#6442));
#6444=FACE_OUTER_BOUND('',#6443,.F.);
#6445=ADVANCED_FACE('',(#6444),#6435,.T.);
#6446=CARTESIAN_POINT('',(0.E0,5.8E-1,0.E0));
#6447=DIRECTION('',(0.E0,-1.E0,0.E0));
#6448=DIRECTION('',(0.E0,0.E0,-1.E0));
#6449=AXIS2_PLACEMENT_3D('',#6446,#6447,#6448);
#6450=CYLINDRICAL_SURFACE('',#6449,2.4E0);
#6452=ORIENTED_EDGE('',*,*,#6451,.F.);
#6453=ORIENTED_EDGE('',*,*,#6439,.T.);
#6454=ORIENTED_EDGE('',*,*,#6426,.F.);
#6455=ORIENTED_EDGE('',*,*,#6436,.F.);
#6456=EDGE_LOOP('',(#6452,#6453,#6454,#6455));
#6457=FACE_OUTER_BOUND('',#6456,.F.);
#6458=ADVANCED_FACE('',(#6457),#6450,.T.);
#6459=CARTESIAN_POINT('',(0.E0,-4.E-1,0.E0));
#6460=DIRECTION('',(0.E0,1.E0,0.E0));
#6461=DIRECTION('',(0.E0,0.E0,1.E0));
#6462=AXIS2_PLACEMENT_3D('',#6459,#6460,#6461);
#6463=PLANE('',#6462);
#6465=ORIENTED_EDGE('',*,*,#6464,.T.);
#6467=ORIENTED_EDGE('',*,*,#6466,.T.);
#6469=ORIENTED_EDGE('',*,*,#6468,.T.);
#6471=ORIENTED_EDGE('',*,*,#6470,.T.);
#6473=ORIENTED_EDGE('',*,*,#6472,.T.);
#6475=ORIENTED_EDGE('',*,*,#6474,.T.);
#6476=EDGE_LOOP('',(#6465,#6467,#6469,#6471,#6473,#6475));
#6477=FACE_OUTER_BOUND('',#6476,.F.);
#6478=ORIENTED_EDGE('',*,*,#6451,.T.);
#6479=ORIENTED_EDGE('',*,*,#6441,.T.);
#6480=EDGE_LOOP('',(#6478,#6479));
#6481=FACE_BOUND('',#6480,.F.);
#6482=ADVANCED_FACE('',(#6477,#6481),#6463,.F.);
#6483=CARTESIAN_POINT('',(2.018675134595E0,0.E0,3.5E0));
#6484=DIRECTION('',(8.660254037844E-1,0.E0,5.E-1));
#6485=DIRECTION('',(5.E-1,0.E0,-8.660254037844E-1));
#6486=AXIS2_PLACEMENT_3D('',#6483,#6484,#6485);
#6487=PLANE('',#6486);
#6489=ORIENTED_EDGE('',*,*,#6488,.T.);
#6491=ORIENTED_EDGE('',*,*,#6490,.T.);
#6492=ORIENTED_EDGE('',*,*,#6464,.F.);
#6494=ORIENTED_EDGE('',*,*,#6493,.F.);
#6495=EDGE_LOOP('',(#6489,#6491,#6492,#6494));
#6496=FACE_OUTER_BOUND('',#6495,.F.);
#6497=ADVANCED_FACE('',(#6496),#6487,.T.);
#6498=CARTESIAN_POINT('',(0.E0,0.E0,0.E0));
#6499=DIRECTION('',(0.E0,1.E0,0.E0));
#6500=DIRECTION('',(0.E0,0.E0,1.E0));
#6501=AXIS2_PLACEMENT_3D('',#6498,#6499,#6500);
#6502=PLANE('',#6501);
#6503=ORIENTED_EDGE('',*,*,#6488,.F.);
#6505=ORIENTED_EDGE('',*,*,#6504,.F.);
#6507=ORIENTED_EDGE('',*,*,#6506,.F.);
#6509=ORIENTED_EDGE('',*,*,#6508,.F.);
#6511=ORIENTED_EDGE('',*,*,#6510,.F.);
#6513=ORIENTED_EDGE('',*,*,#6512,.F.);
#6514=EDGE_LOOP('',(#6503,#6505,#6507,#6509,#6511,#6513));
#6515=FACE_OUTER_BOUND('',#6514,.F.);
#6516=ADVANCED_FACE('',(#6515),#6502,.T.);
#6517=CARTESIAN_POINT('',(-2.018093651001E0,0.E0,3.5E0));
#6518=DIRECTION('',(0.E0,0.E0,1.E0));
#6519=DIRECTION('',(1.E0,0.E0,0.E0));
#6520=AXIS2_PLACEMENT_3D('',#6517,#6518,#6519);
#6521=PLANE('',#6520);
#6522=ORIENTED_EDGE('',*,*,#6504,.T.);
#6523=ORIENTED_EDGE('',*,*,#6493,.T.);
#6524=ORIENTED_EDGE('',*,*,#6474,.F.);
#6526=ORIENTED_EDGE('',*,*,#6525,.F.);
#6527=EDGE_LOOP('',(#6522,#6523,#6524,#6526));
#6528=FACE_OUTER_BOUND('',#6527,.F.);
#6529=ADVANCED_FACE('',(#6528),#6521,.T.);
#6530=CARTESIAN_POINT('',(-4.046972686884E0,0.E0,0.E0));
#6531=DIRECTION('',(-8.651514205697E-1,0.E0,5.015107371595E-1));
#6532=DIRECTION('',(5.015107371595E-1,0.E0,8.651514205697E-1));
#6533=AXIS2_PLACEMENT_3D('',#6530,#6531,#6532);
#6534=PLANE('',#6533);
#6535=ORIENTED_EDGE('',*,*,#6506,.T.);
#6536=ORIENTED_EDGE('',*,*,#6525,.T.);
#6537=ORIENTED_EDGE('',*,*,#6472,.F.);
#6539=ORIENTED_EDGE('',*,*,#6538,.F.);
#6540=EDGE_LOOP('',(#6535,#6536,#6537,#6539));
#6541=FACE_OUTER_BOUND('',#6540,.F.);
#6542=ADVANCED_FACE('',(#6541),#6534,.T.);
#6543=CARTESIAN_POINT('',(-2.018093651001E0,0.E0,-3.5E0));
#6544=DIRECTION('',(-8.651514205697E-1,0.E0,-5.015107371595E-1));
#6545=DIRECTION('',(-5.015107371595E-1,0.E0,8.651514205697E-1));
#6546=AXIS2_PLACEMENT_3D('',#6543,#6544,#6545);
#6547=PLANE('',#6546);
#6548=ORIENTED_EDGE('',*,*,#6508,.T.);
#6549=ORIENTED_EDGE('',*,*,#6538,.T.);
#6550=ORIENTED_EDGE('',*,*,#6470,.F.);
#6552=ORIENTED_EDGE('',*,*,#6551,.F.);
#6553=EDGE_LOOP('',(#6548,#6549,#6550,#6552));
#6554=FACE_OUTER_BOUND('',#6553,.F.);
#6555=ADVANCED_FACE('',(#6554),#6547,.T.);
#6556=CARTESIAN_POINT('',(2.018675134595E0,0.E0,-3.5E0));
#6557=DIRECTION('',(0.E0,0.E0,-1.E0));
#6558=DIRECTION('',(-1.E0,0.E0,0.E0));
#6559=AXIS2_PLACEMENT_3D('',#6556,#6557,#6558);
#6560=PLANE('',#6559);
#6561=ORIENTED_EDGE('',*,*,#6510,.T.);
#6562=ORIENTED_EDGE('',*,*,#6551,.T.);
#6563=ORIENTED_EDGE('',*,*,#6468,.F.);
#6565=ORIENTED_EDGE('',*,*,#6564,.F.);
#6566=EDGE_LOOP('',(#6561,#6562,#6563,#6565));
#6567=FACE_OUTER_BOUND('',#6566,.F.);
#6568=ADVANCED_FACE('',(#6567),#6560,.T.);
#6569=CARTESIAN_POINT('',(4.039401076759E0,0.E0,3.907985046681E-14));
#6570=DIRECTION('',(8.660254037844E-1,0.E0,-5.E-1));
#6571=DIRECTION('',(-5.E-1,0.E0,-8.660254037844E-1));
#6572=AXIS2_PLACEMENT_3D('',#6569,#6570,#6571);
#6573=PLANE('',#6572);
#6574=ORIENTED_EDGE('',*,*,#6512,.T.);
#6575=ORIENTED_EDGE('',*,*,#6564,.T.);
#6576=ORIENTED_EDGE('',*,*,#6466,.F.);
#6577=ORIENTED_EDGE('',*,*,#6490,.F.);
#6578=EDGE_LOOP('',(#6574,#6575,#6576,#6577));
#6579=FACE_OUTER_BOUND('',#6578,.F.);
#6580=ADVANCED_FACE('',(#6579),#6573,.T.);
#6581=CARTESIAN_POINT('',(0.E0,-1.974999999963E1,0.E0));
#6582=DIRECTION('',(0.E0,-1.E0,0.E0));
#6583=DIRECTION('',(0.E0,0.E0,-1.E0));
#6584=AXIS2_PLACEMENT_3D('',#6581,#6582,#6583);
#6585=CONICAL_SURFACE('',#6584,2.249999999633E0,4.5E1);
#6586=ORIENTED_EDGE('',*,*,#6380,.T.);
#6588=ORIENTED_EDGE('',*,*,#6587,.T.);
#6590=ORIENTED_EDGE('',*,*,#6589,.F.);
#6592=ORIENTED_EDGE('',*,*,#6591,.F.);
#6593=EDGE_LOOP('',(#6586,#6588,#6590,#6592));
#6594=FACE_OUTER_BOUND('',#6593,.F.);
#6595=ADVANCED_FACE('',(#6594),#6585,.F.);
#6596=CARTESIAN_POINT('',(0.E0,-1.974999999963E1,0.E0));
#6597=DIRECTION('',(0.E0,-1.E0,0.E0));
#6598=DIRECTION('',(0.E0,0.E0,-1.E0));
#6599=AXIS2_PLACEMENT_3D('',#6596,#6597,#6598);
#6600=CONICAL_SURFACE('',#6599,2.249999999633E0,4.5E1);
#6601=ORIENTED_EDGE('',*,*,#6382,.T.);
#6602=ORIENTED_EDGE('',*,*,#6591,.T.);
#6604=ORIENTED_EDGE('',*,*,#6603,.F.);
#6605=ORIENTED_EDGE('',*,*,#6587,.F.);
#6606=EDGE_LOOP('',(#6601,#6602,#6604,#6605));
#6607=FACE_OUTER_BOUND('',#6606,.F.);
#6608=ADVANCED_FACE('',(#6607),#6600,.F.);
#6609=CARTESIAN_POINT('',(0.E0,-2.052071067812E1,0.E0));
#6610=DIRECTION('',(0.E0,1.E0,0.E0));
#6611=DIRECTION('',(0.E0,0.E0,1.E0));
#6612=AXIS2_PLACEMENT_3D('',#6609,#6610,#6611);
#6613=CYLINDRICAL_SURFACE('',#6612,2.E0);
#6614=ORIENTED_EDGE('',*,*,#6603,.T.);
#6616=ORIENTED_EDGE('',*,*,#6615,.F.);
#6618=ORIENTED_EDGE('',*,*,#6617,.F.);
#6620=ORIENTED_EDGE('',*,*,#6619,.F.);
#6621=EDGE_LOOP('',(#6614,#6616,#6618,#6620));
#6622=FACE_OUTER_BOUND('',#6621,.F.);
#6623=ADVANCED_FACE('',(#6622),#6613,.F.);
#6624=CARTESIAN_POINT('',(0.E0,-2.052071067812E1,0.E0));
#6625=DIRECTION('',(0.E0,1.E0,0.E0));
#6626=DIRECTION('',(0.E0,0.E0,1.E0));
#6627=AXIS2_PLACEMENT_3D('',#6624,#6625,#6626);
#6628=CYLINDRICAL_SURFACE('',#6627,2.E0);
#6629=ORIENTED_EDGE('',*,*,#6589,.T.);
#6630=ORIENTED_EDGE('',*,*,#6619,.T.);
#6632=ORIENTED_EDGE('',*,*,#6631,.F.);
#6633=ORIENTED_EDGE('',*,*,#6615,.T.);
#6634=EDGE_LOOP('',(#6629,#6630,#6632,#6633));
#6635=FACE_OUTER_BOUND('',#6634,.F.);
#6636=ADVANCED_FACE('',(#6635),#6628,.F.);
#6637=CARTESIAN_POINT('',(0.E0,-2.2E0,0.E0));
#6638=DIRECTION('',(0.E0,-1.E0,0.E0));
#6639=DIRECTION('',(0.E0,0.E0,-1.E0));
#6640=AXIS2_PLACEMENT_3D('',#6637,#6638,#6639);
#6641=PLANE('',#6640);
#6642=ORIENTED_EDGE('',*,*,#6617,.T.);
#6643=ORIENTED_EDGE('',*,*,#6631,.T.);
#6644=EDGE_LOOP('',(#6642,#6643));
#6645=FACE_OUTER_BOUND('',#6644,.F.);
#6646=ADVANCED_FACE('',(#6645),#6641,.T.);
#6647=CLOSED_SHELL('',(#6386,#6401,#6414,#6430,#6445,#6458,#6482,#6497,#6516,
#6529,#6542,#6555,#6568,#6580,#6595,#6608,#6623,#6636,#6646));
#6648=MANIFOLD_SOLID_BREP('',#6647);
#6650=DIMENSIONAL_EXPONENTS(0.E0,0.E0,0.E0,0.E0,0.E0,0.E0,0.E0);
#6652=PLANE_ANGLE_MEASURE_WITH_UNIT(PLANE_ANGLE_MEASURE(1.745329251994E-2),
#6651);
#6653=(CONVERSION_BASED_UNIT('DEGREE',#6652)NAMED_UNIT(*)PLANE_ANGLE_UNIT());
#6655=UNCERTAINTY_MEASURE_WITH_UNIT(LENGTH_MEASURE(2.267924801031E-3),#6649,
'closure',
'Maximum model space distance between geometric entities at asserted connectivities');
#6656=(GEOMETRIC_REPRESENTATION_CONTEXT(3)GLOBAL_UNCERTAINTY_ASSIGNED_CONTEXT((
#6655))GLOBAL_UNIT_ASSIGNED_CONTEXT((#6649,#6653,#6654))REPRESENTATION_CONTEXT(
'ID2','3'));
#6657=CARTESIAN_POINT('',(0.E0,0.E0,0.E0));
#6658=DIRECTION('',(0.E0,0.E0,1.E0));
#6659=DIRECTION('',(1.E0,0.E0,0.E0));
#6662=MECHANICAL_CONTEXT('',#6122,'mechanical');
#6663=PRODUCT('BSO-M4-20','BSO-M4-20','NOT SPECIFIED',(#6662));
#6664=PRODUCT_DEFINITION_FORMATION_WITH_SPECIFIED_SOURCE('12','LAST_VERSION',
#6663,.MADE.);
#6670=CARTESIAN_POINT('',(2.75E1,6.100041551741E1,-4.02E1));
#6671=DIRECTION('',(0.E0,1.E0,0.E0));
#6672=DIRECTION('',(1.E0,0.E0,0.E0));
#6673=AXIS2_PLACEMENT_3D('',#6670,#6671,#6672);
#6674=ITEM_DEFINED_TRANSFORMATION('','',#6660,#6673);
#6675=(REPRESENTATION_RELATIONSHIP('','',#6661,#6133)REPRESENTATION_RELATIONSHIP_WITH_TRANSFORMATION(#6674)SHAPE_REPRESENTATION_RELATIONSHIP());
#6676=CONTEXT_DEPENDENT_SHAPE_REPRESENTATION(#6675,#6669);
#6679=CARTESIAN_POINT('',(1.025E2,6.100041551741E1,-4.02E1));
#6680=DIRECTION('',(0.E0,1.E0,0.E0));
#6681=DIRECTION('',(1.E0,0.E0,0.E0));
#6682=AXIS2_PLACEMENT_3D('',#6679,#6680,#6681);
#6683=ITEM_DEFINED_TRANSFORMATION('','',#6660,#6682);
#6684=(REPRESENTATION_RELATIONSHIP('','',#6661,#6133)REPRESENTATION_RELATIONSHIP_WITH_TRANSFORMATION(#6683)SHAPE_REPRESENTATION_RELATIONSHIP());
#6685=CONTEXT_DEPENDENT_SHAPE_REPRESENTATION(#6684,#6678);
#6688=CARTESIAN_POINT('',(1.025E2,-3.699958448259E1,-4.02E1));
#6689=DIRECTION('',(0.E0,1.E0,0.E0));
#6690=DIRECTION('',(1.E0,0.E0,0.E0));
#6691=AXIS2_PLACEMENT_3D('',#6688,#6689,#6690);
#6692=ITEM_DEFINED_TRANSFORMATION('','',#6660,#6691);
#6693=(REPRESENTATION_RELATIONSHIP('','',#6661,#6133)REPRESENTATION_RELATIONSHIP_WITH_TRANSFORMATION(#6692)SHAPE_REPRESENTATION_RELATIONSHIP());
#6694=CONTEXT_DEPENDENT_SHAPE_REPRESENTATION(#6693,#6687);
#6697=CARTESIAN_POINT('',(2.75E1,-3.699958448259E1,-4.02E1));
#6698=DIRECTION('',(0.E0,1.E0,0.E0));
#6699=DIRECTION('',(1.E0,0.E0,0.E0));
#6700=AXIS2_PLACEMENT_3D('',#6697,#6698,#6699);
#6701=ITEM_DEFINED_TRANSFORMATION('','',#6660,#6700);
#6702=(REPRESENTATION_RELATIONSHIP('','',#6661,#6133)REPRESENTATION_RELATIONSHIP_WITH_TRANSFORMATION(#6701)SHAPE_REPRESENTATION_RELATIONSHIP());
#6703=CONTEXT_DEPENDENT_SHAPE_REPRESENTATION(#6702,#6696);
#6704=DIRECTION('',(0.E0,-1.E0,0.E0));
#6705=VECTOR('',#6704,2.E0);
#6706=CARTESIAN_POINT('',(-4.E0,3.E0,0.E0));
#6707=LINE('',#6706,#6705);
#6708=CARTESIAN_POINT('',(0.E0,1.E0,0.E0));
#6709=DIRECTION('',(0.E0,1.E0,0.E0));
#6710=DIRECTION('',(1.E0,0.E0,0.E0));
#6711=AXIS2_PLACEMENT_3D('',#6708,#6709,#6710);
#6713=CARTESIAN_POINT('',(0.E0,1.E0,0.E0));
#6714=DIRECTION('',(0.E0,1.E0,0.E0));
#6715=DIRECTION('',(-1.E0,0.E0,0.E0));
#6716=AXIS2_PLACEMENT_3D('',#6713,#6714,#6715);
#6718=CARTESIAN_POINT('',(0.E0,1.E0,0.E0));
#6719=DIRECTION('',(0.E0,-1.E0,0.E0));
#6720=DIRECTION('',(1.E0,0.E0,0.E0));
#6721=AXIS2_PLACEMENT_3D('',#6718,#6719,#6720);
#6723=CARTESIAN_POINT('',(0.E0,1.E0,0.E0));
#6724=DIRECTION('',(0.E0,-1.E0,0.E0));
#6725=DIRECTION('',(-1.E0,0.E0,0.E0));
#6726=AXIS2_PLACEMENT_3D('',#6723,#6724,#6725);
#6728=DIRECTION('',(0.E0,-1.E0,0.E0));
#6729=VECTOR('',#6728,2.E0);
#6730=CARTESIAN_POINT('',(4.E0,3.E0,0.E0));
#6731=LINE('',#6730,#6729);
#6732=CARTESIAN_POINT('',(0.E0,3.E0,0.E0));
#6733=DIRECTION('',(0.E0,-1.E0,0.E0));
#6734=DIRECTION('',(1.E0,0.E0,0.E0));
#6735=AXIS2_PLACEMENT_3D('',#6732,#6733,#6734);
#6737=CARTESIAN_POINT('',(0.E0,3.E0,0.E0));
#6738=DIRECTION('',(0.E0,-1.E0,0.E0));
#6739=DIRECTION('',(-1.E0,0.E0,0.E0));
#6740=AXIS2_PLACEMENT_3D('',#6737,#6738,#6739);
#6742=CARTESIAN_POINT('',(0.E0,3.E0,0.E0));
#6743=DIRECTION('',(0.E0,1.E0,0.E0));
#6744=DIRECTION('',(1.E0,0.E0,0.E0));
#6745=AXIS2_PLACEMENT_3D('',#6742,#6743,#6744);
#6747=CARTESIAN_POINT('',(0.E0,3.E0,0.E0));
#6748=DIRECTION('',(0.E0,1.E0,0.E0));
#6749=DIRECTION('',(-1.E0,0.E0,0.E0));
#6750=AXIS2_PLACEMENT_3D('',#6747,#6748,#6749);
#6752=DIRECTION('',(0.E0,-1.E0,0.E0));
#6753=VECTOR('',#6752,2.E0);
#6754=CARTESIAN_POINT('',(-2.7E0,5.E0,0.E0));
#6755=LINE('',#6754,#6753);
#6756=DIRECTION('',(0.E0,-1.E0,0.E0));
#6757=VECTOR('',#6756,2.E0);
#6758=CARTESIAN_POINT('',(2.7E0,5.E0,0.E0));
#6759=LINE('',#6758,#6757);
#6760=CARTESIAN_POINT('',(0.E0,5.E0,0.E0));
#6761=DIRECTION('',(0.E0,-1.E0,0.E0));
#6762=DIRECTION('',(1.E0,0.E0,0.E0));
#6763=AXIS2_PLACEMENT_3D('',#6760,#6761,#6762);
#6765=CARTESIAN_POINT('',(0.E0,5.E0,0.E0));
#6766=DIRECTION('',(0.E0,-1.E0,0.E0));
#6767=DIRECTION('',(-1.E0,0.E0,0.E0));
#6768=AXIS2_PLACEMENT_3D('',#6765,#6766,#6767);
#6770=CARTESIAN_POINT('',(0.E0,5.E0,0.E0));
#6771=DIRECTION('',(0.E0,1.E0,0.E0));
#6772=DIRECTION('',(-1.E0,0.E0,0.E0));
#6773=AXIS2_PLACEMENT_3D('',#6770,#6771,#6772);
#6775=CARTESIAN_POINT('',(0.E0,5.E0,0.E0));
#6776=DIRECTION('',(0.E0,1.E0,0.E0));
#6777=DIRECTION('',(1.E0,0.E0,0.E0));
#6778=AXIS2_PLACEMENT_3D('',#6775,#6776,#6777);
#6780=DIRECTION('',(0.E0,-1.E0,0.E0));
#6781=VECTOR('',#6780,4.E0);
#6782=CARTESIAN_POINT('',(-2.E0,5.E0,0.E0));
#6783=LINE('',#6782,#6781);
#6784=DIRECTION('',(0.E0,-1.E0,0.E0));
#6785=VECTOR('',#6784,4.E0);
#6786=CARTESIAN_POINT('',(2.E0,5.E0,0.E0));
#6787=LINE('',#6786,#6785);
#6788=CARTESIAN_POINT('',(4.E0,1.E0,0.E0));
#6789=CARTESIAN_POINT('',(-4.E0,1.E0,0.E0));
#6790=VERTEX_POINT('',#6788);
#6791=VERTEX_POINT('',#6789);
#6792=CARTESIAN_POINT('',(4.E0,3.E0,0.E0));
#6793=VERTEX_POINT('',#6792);
#6794=CARTESIAN_POINT('',(-4.E0,3.E0,0.E0));
#6795=VERTEX_POINT('',#6794);
#6796=CARTESIAN_POINT('',(2.E0,1.E0,0.E0));
#6797=CARTESIAN_POINT('',(-2.E0,1.E0,0.E0));
#6798=VERTEX_POINT('',#6796);
#6799=VERTEX_POINT('',#6797);
#6800=CARTESIAN_POINT('',(2.7E0,3.E0,0.E0));
#6801=CARTESIAN_POINT('',(-2.7E0,3.E0,0.E0));
#6802=VERTEX_POINT('',#6800);
#6803=VERTEX_POINT('',#6801);
#6804=CARTESIAN_POINT('',(-2.7E0,5.E0,0.E0));
#6805=VERTEX_POINT('',#6804);
#6806=CARTESIAN_POINT('',(2.7E0,5.E0,0.E0));
#6807=VERTEX_POINT('',#6806);
#6808=CARTESIAN_POINT('',(-2.E0,5.E0,0.E0));
#6809=CARTESIAN_POINT('',(2.E0,5.E0,0.E0));
#6810=VERTEX_POINT('',#6808);
#6811=VERTEX_POINT('',#6809);
#6812=CARTESIAN_POINT('',(0.E0,4.2E0,0.E0));
#6813=DIRECTION('',(0.E0,-1.E0,0.E0));
#6814=DIRECTION('',(1.E0,0.E0,0.E0));
#6815=AXIS2_PLACEMENT_3D('',#6812,#6813,#6814);
#6816=CYLINDRICAL_SURFACE('',#6815,4.E0);
#6818=ORIENTED_EDGE('',*,*,#6817,.F.);
#6820=ORIENTED_EDGE('',*,*,#6819,.F.);
#6822=ORIENTED_EDGE('',*,*,#6821,.F.);
#6824=ORIENTED_EDGE('',*,*,#6823,.T.);
#6825=EDGE_LOOP('',(#6818,#6820,#6822,#6824));
#6826=FACE_OUTER_BOUND('',#6825,.F.);
#6827=ADVANCED_FACE('',(#6826),#6816,.T.);
#6828=CARTESIAN_POINT('',(0.E0,1.E0,0.E0));
#6829=DIRECTION('',(0.E0,-1.E0,0.E0));
#6830=DIRECTION('',(1.E0,0.E0,0.E0));
#6831=AXIS2_PLACEMENT_3D('',#6828,#6829,#6830);
#6832=PLANE('',#6831);
#6833=ORIENTED_EDGE('',*,*,#6817,.T.);
#6835=ORIENTED_EDGE('',*,*,#6834,.T.);
#6836=EDGE_LOOP('',(#6833,#6835));
#6837=FACE_OUTER_BOUND('',#6836,.F.);
#6839=ORIENTED_EDGE('',*,*,#6838,.T.);
#6841=ORIENTED_EDGE('',*,*,#6840,.T.);
#6842=EDGE_LOOP('',(#6839,#6841));
#6843=FACE_BOUND('',#6842,.F.);
#6844=ADVANCED_FACE('',(#6837,#6843),#6832,.T.);
#6845=CARTESIAN_POINT('',(0.E0,4.2E0,0.E0));
#6846=DIRECTION('',(0.E0,-1.E0,0.E0));
#6847=DIRECTION('',(1.E0,0.E0,0.E0));
#6848=AXIS2_PLACEMENT_3D('',#6845,#6846,#6847);
#6849=CYLINDRICAL_SURFACE('',#6848,4.E0);
#6850=ORIENTED_EDGE('',*,*,#6834,.F.);
#6851=ORIENTED_EDGE('',*,*,#6823,.F.);
#6853=ORIENTED_EDGE('',*,*,#6852,.F.);
#6854=ORIENTED_EDGE('',*,*,#6819,.T.);
#6855=EDGE_LOOP('',(#6850,#6851,#6853,#6854));
#6856=FACE_OUTER_BOUND('',#6855,.F.);
#6857=ADVANCED_FACE('',(#6856),#6849,.T.);
#6858=CARTESIAN_POINT('',(0.E0,3.E0,0.E0));
#6859=DIRECTION('',(0.E0,-1.E0,0.E0));
#6860=DIRECTION('',(1.E0,0.E0,0.E0));
#6861=AXIS2_PLACEMENT_3D('',#6858,#6859,#6860);
#6862=PLANE('',#6861);
#6863=ORIENTED_EDGE('',*,*,#6852,.T.);
#6864=ORIENTED_EDGE('',*,*,#6821,.T.);
#6865=EDGE_LOOP('',(#6863,#6864));
#6866=FACE_OUTER_BOUND('',#6865,.F.);
#6868=ORIENTED_EDGE('',*,*,#6867,.T.);
#6870=ORIENTED_EDGE('',*,*,#6869,.T.);
#6871=EDGE_LOOP('',(#6868,#6870));
#6872=FACE_BOUND('',#6871,.F.);
#6873=ADVANCED_FACE('',(#6866,#6872),#6862,.F.);
#6874=CARTESIAN_POINT('',(0.E0,4.2E0,0.E0));
#6875=DIRECTION('',(0.E0,-1.E0,0.E0));
#6876=DIRECTION('',(1.E0,0.E0,0.E0));
#6877=AXIS2_PLACEMENT_3D('',#6874,#6875,#6876);
#6878=CYLINDRICAL_SURFACE('',#6877,2.7E0);
#6880=ORIENTED_EDGE('',*,*,#6879,.T.);
#6881=ORIENTED_EDGE('',*,*,#6867,.F.);
#6883=ORIENTED_EDGE('',*,*,#6882,.F.);
#6885=ORIENTED_EDGE('',*,*,#6884,.F.);
#6886=EDGE_LOOP('',(#6880,#6881,#6883,#6885));
#6887=FACE_OUTER_BOUND('',#6886,.F.);
#6888=ADVANCED_FACE('',(#6887),#6878,.T.);
#6889=CARTESIAN_POINT('',(0.E0,4.2E0,0.E0));
#6890=DIRECTION('',(0.E0,-1.E0,0.E0));
#6891=DIRECTION('',(1.E0,0.E0,0.E0));
#6892=AXIS2_PLACEMENT_3D('',#6889,#6890,#6891);
#6893=CYLINDRICAL_SURFACE('',#6892,2.7E0);
#6894=ORIENTED_EDGE('',*,*,#6879,.F.);
#6896=ORIENTED_EDGE('',*,*,#6895,.F.);
#6897=ORIENTED_EDGE('',*,*,#6882,.T.);
#6898=ORIENTED_EDGE('',*,*,#6869,.F.);
#6899=EDGE_LOOP('',(#6894,#6896,#6897,#6898));
#6900=FACE_OUTER_BOUND('',#6899,.F.);
#6901=ADVANCED_FACE('',(#6900),#6893,.T.);
#6902=CARTESIAN_POINT('',(0.E0,5.E0,0.E0));
#6903=DIRECTION('',(0.E0,-1.E0,0.E0));
#6904=DIRECTION('',(1.E0,0.E0,0.E0));
#6905=AXIS2_PLACEMENT_3D('',#6902,#6903,#6904);
#6906=PLANE('',#6905);
#6907=ORIENTED_EDGE('',*,*,#6895,.T.);
#6908=ORIENTED_EDGE('',*,*,#6884,.T.);
#6909=EDGE_LOOP('',(#6907,#6908));
#6910=FACE_OUTER_BOUND('',#6909,.F.);
#6912=ORIENTED_EDGE('',*,*,#6911,.T.);
#6914=ORIENTED_EDGE('',*,*,#6913,.T.);
#6915=EDGE_LOOP('',(#6912,#6914));
#6916=FACE_BOUND('',#6915,.F.);
#6917=ADVANCED_FACE('',(#6910,#6916),#6906,.F.);
#6918=CARTESIAN_POINT('',(0.E0,4.E0,0.E0));
#6919=DIRECTION('',(0.E0,1.E0,0.E0));
#6920=DIRECTION('',(-1.E0,0.E0,0.E0));
#6921=AXIS2_PLACEMENT_3D('',#6918,#6919,#6920);
#6922=CYLINDRICAL_SURFACE('',#6921,2.E0);
#6923=ORIENTED_EDGE('',*,*,#6911,.F.);
#6925=ORIENTED_EDGE('',*,*,#6924,.T.);
#6926=ORIENTED_EDGE('',*,*,#6838,.F.);
#6928=ORIENTED_EDGE('',*,*,#6927,.F.);
#6929=EDGE_LOOP('',(#6923,#6925,#6926,#6928));
#6930=FACE_OUTER_BOUND('',#6929,.F.);
#6931=ADVANCED_FACE('',(#6930),#6922,.F.);
#6932=CARTESIAN_POINT('',(0.E0,4.E0,0.E0));
#6933=DIRECTION('',(0.E0,1.E0,0.E0));
#6934=DIRECTION('',(-1.E0,0.E0,0.E0));
#6935=AXIS2_PLACEMENT_3D('',#6932,#6933,#6934);
#6936=CYLINDRICAL_SURFACE('',#6935,2.E0);
#6937=ORIENTED_EDGE('',*,*,#6913,.F.);
#6938=ORIENTED_EDGE('',*,*,#6927,.T.);
#6939=ORIENTED_EDGE('',*,*,#6840,.F.);
#6940=ORIENTED_EDGE('',*,*,#6924,.F.);
#6941=EDGE_LOOP('',(#6937,#6938,#6939,#6940));
#6942=FACE_OUTER_BOUND('',#6941,.F.);
#6943=ADVANCED_FACE('',(#6942),#6936,.F.);
#6944=CLOSED_SHELL('',(#6827,#6844,#6857,#6873,#6888,#6901,#6917,#6931,#6943));
#6945=MANIFOLD_SOLID_BREP('',#6944);
#6947=DIMENSIONAL_EXPONENTS(0.E0,0.E0,0.E0,0.E0,0.E0,0.E0,0.E0);
#6949=PLANE_ANGLE_MEASURE_WITH_UNIT(PLANE_ANGLE_MEASURE(1.745329251994E-2),
#6948);
#6950=(CONVERSION_BASED_UNIT('DEGREE',#6949)NAMED_UNIT(*)PLANE_ANGLE_UNIT());
#6952=UNCERTAINTY_MEASURE_WITH_UNIT(LENGTH_MEASURE(1.200317808282E-3),#6946,
'closure',
'Maximum model space distance between geometric entities at asserted connectivities');
#6953=(GEOMETRIC_REPRESENTATION_CONTEXT(3)GLOBAL_UNCERTAINTY_ASSIGNED_CONTEXT((
#6952))GLOBAL_UNIT_ASSIGNED_CONTEXT((#6946,#6950,#6951))REPRESENTATION_CONTEXT(
'ID3','3'));
#6954=CARTESIAN_POINT('',(0.E0,0.E0,0.E0));
#6955=DIRECTION('',(0.E0,0.E0,1.E0));
#6956=DIRECTION('',(1.E0,0.E0,0.E0));
#6959=DESIGN_CONTEXT('',#6122,'design');
#6960=MECHANICAL_CONTEXT('',#6122,'mechanical');
#6961=PRODUCT('S-M4-2','S-M4-2','NOT SPECIFIED',(#6960));
#6962=PRODUCT_DEFINITION_FORMATION_WITH_SPECIFIED_SOURCE('4','LAST_VERSION',
#6961,.MADE.);
#6968=CARTESIAN_POINT('',(1.175E2,-3.699958448259E1,-3.52E1));
#6969=DIRECTION('',(0.E0,1.E0,0.E0));
#6970=DIRECTION('',(1.E0,0.E0,0.E0));
#6971=AXIS2_PLACEMENT_3D('',#6968,#6969,#6970);
#6972=ITEM_DEFINED_TRANSFORMATION('','',#6957,#6971);
#6973=(REPRESENTATION_RELATIONSHIP('','',#6958,#6133)REPRESENTATION_RELATIONSHIP_WITH_TRANSFORMATION(#6972)SHAPE_REPRESENTATION_RELATIONSHIP());
#6974=CONTEXT_DEPENDENT_SHAPE_REPRESENTATION(#6973,#6967);
#6975=CARTESIAN_POINT('',(0.E0,0.E0,-1.499999812187E0));
#6976=DIRECTION('',(0.E0,0.E0,1.E0));
#6977=DIRECTION('',(0.E0,1.E0,0.E0));
#6978=AXIS2_PLACEMENT_3D('',#6975,#6976,#6977);
#6980=CARTESIAN_POINT('',(0.E0,0.E0,-1.499999812187E0));
#6981=DIRECTION('',(0.E0,0.E0,1.E0));
#6982=DIRECTION('',(0.E0,-1.E0,0.E0));
#6983=AXIS2_PLACEMENT_3D('',#6980,#6981,#6982);
#6985=CARTESIAN_POINT('',(0.E0,0.E0,-1.5E0));
#6986=DIRECTION('',(0.E0,0.E0,-1.E0));
#6987=DIRECTION('',(-1.E0,0.E0,0.E0));
#6988=AXIS2_PLACEMENT_3D('',#6985,#6986,#6987);
#6990=CARTESIAN_POINT('',(0.E0,0.E0,-1.5E0));
#6991=DIRECTION('',(0.E0,0.E0,-1.E0));
#6992=DIRECTION('',(1.E0,0.E0,0.E0));
#6993=AXIS2_PLACEMENT_3D('',#6990,#6991,#6992);
#6995=DIRECTION('',(5.451664866739E-11,7.071067600233E-1,7.071068023498E-1));
#6996=VECTOR('',#6995,4.242644618147E-1);
#6997=CARTESIAN_POINT('',(3.612712104968E-11,2.849999627373E0,
-1.499999874791E0));
#6998=LINE('',#6997,#6996);
#6999=CARTESIAN_POINT('',(0.E0,0.E0,-1.199999587847E0));
#7000=DIRECTION('',(0.E0,0.E0,1.E0));
#7001=DIRECTION('',(1.860899178488E-11,1.E0,0.E0));
#7002=AXIS2_PLACEMENT_3D('',#6999,#7000,#7001);
#7004=DIRECTION('',(0.E0,-7.071067600233E-1,7.071068023498E-1));
#7005=VECTOR('',#7004,4.242644618147E-1);
#7006=CARTESIAN_POINT('',(0.E0,-2.849999627373E0,-1.499999874791E0));
#7007=LINE('',#7006,#7005);
#7008=CARTESIAN_POINT('',(0.E0,0.E0,-1.199999587847E0));
#7009=DIRECTION('',(0.E0,0.E0,1.E0));
#7010=DIRECTION('',(0.E0,-1.E0,0.E0));
#7011=AXIS2_PLACEMENT_3D('',#7008,#7009,#7010);
#7013=DIRECTION('',(1.681482183248E-11,-8.636687223023E-8,-1.E0));
#7014=VECTOR('',#7013,1.199999587847E0);
#7015=CARTESIAN_POINT('',(3.907881838780E-11,3.15E0,0.E0));
#7016=LINE('',#7015,#7014);
#7017=DIRECTION('',(0.E0,8.636687223023E-8,-1.E0));
#7018=VECTOR('',#7017,1.199999587847E0);
#7019=CARTESIAN_POINT('',(0.E0,-3.15E0,0.E0));
#7020=LINE('',#7019,#7018);
#7021=CARTESIAN_POINT('',(0.E0,0.E0,0.E0));
#7022=DIRECTION('',(0.E0,0.E0,-1.E0));
#7023=DIRECTION('',(0.E0,1.E0,0.E0));
#7024=AXIS2_PLACEMENT_3D('',#7021,#7022,#7023);
#7026=CARTESIAN_POINT('',(0.E0,0.E0,0.E0));
#7027=DIRECTION('',(0.E0,0.E0,-1.E0));
#7028=DIRECTION('',(0.E0,-1.E0,0.E0));
#7029=AXIS2_PLACEMENT_3D('',#7026,#7027,#7028);
#7031=CARTESIAN_POINT('',(0.E0,0.E0,0.E0));
#7032=DIRECTION('',(0.E0,0.E0,1.E0));
#7033=DIRECTION('',(0.E0,1.E0,0.E0));
#7034=AXIS2_PLACEMENT_3D('',#7031,#7032,#7033);
#7036=CARTESIAN_POINT('',(0.E0,0.E0,0.E0));
#7037=DIRECTION('',(0.E0,0.E0,1.E0));
#7038=DIRECTION('',(0.E0,-1.E0,0.E0));
#7039=AXIS2_PLACEMENT_3D('',#7036,#7037,#7038);
#7041=DIRECTION('',(0.E0,0.E0,-1.E0));
#7042=VECTOR('',#7041,2.3E-1);
#7043=CARTESIAN_POINT('',(-2.11E0,0.E0,1.E0));
#7044=LINE('',#7043,#7042);
#7045=CARTESIAN_POINT('',(0.E0,0.E0,7.7E-1));
#7046=DIRECTION('',(0.E0,0.E0,1.E0));
#7047=DIRECTION('',(-1.E0,0.E0,0.E0));
#7048=AXIS2_PLACEMENT_3D('',#7045,#7046,#7047);
#7050=DIRECTION('',(0.E0,0.E0,-1.E0));
#7051=VECTOR('',#7050,7.7E-1);
#7052=CARTESIAN_POINT('',(0.E0,-2.11E0,7.7E-1));
#7053=LINE('',#7052,#7051);
#7054=DIRECTION('',(0.E0,0.E0,-1.E0));
#7055=VECTOR('',#7054,2.3E-1);
#7056=CARTESIAN_POINT('',(2.11E0,0.E0,1.E0));
#7057=LINE('',#7056,#7055);
#7058=CARTESIAN_POINT('',(0.E0,0.E0,7.7E-1));
#7059=DIRECTION('',(0.E0,0.E0,1.E0));
#7060=DIRECTION('',(1.E0,0.E0,0.E0));
#7061=AXIS2_PLACEMENT_3D('',#7058,#7059,#7060);
#7063=DIRECTION('',(0.E0,0.E0,-1.E0));
#7064=VECTOR('',#7063,7.7E-1);
#7065=CARTESIAN_POINT('',(0.E0,2.11E0,7.7E-1));
#7066=LINE('',#7065,#7064);
#7067=CARTESIAN_POINT('',(0.E0,0.E0,1.E0));
#7068=DIRECTION('',(0.E0,0.E0,-1.E0));
#7069=DIRECTION('',(-1.E0,0.E0,0.E0));
#7070=AXIS2_PLACEMENT_3D('',#7067,#7068,#7069);
#7072=CARTESIAN_POINT('',(0.E0,0.E0,1.E0));
#7073=DIRECTION('',(0.E0,0.E0,-1.E0));
#7074=DIRECTION('',(0.E0,1.E0,0.E0));
#7075=AXIS2_PLACEMENT_3D('',#7072,#7073,#7074);
#7077=CARTESIAN_POINT('',(0.E0,0.E0,1.E0));
#7078=DIRECTION('',(0.E0,0.E0,-1.E0));
#7079=DIRECTION('',(1.E0,0.E0,0.E0));
#7080=AXIS2_PLACEMENT_3D('',#7077,#7078,#7079);
#7082=CARTESIAN_POINT('',(0.E0,0.E0,1.E0));
#7083=DIRECTION('',(0.E0,0.E0,-1.E0));
#7084=DIRECTION('',(0.E0,-1.E0,0.E0));
#7085=AXIS2_PLACEMENT_3D('',#7082,#7083,#7084);
#7087=CARTESIAN_POINT('',(0.E0,0.E0,1.E0));
#7088=DIRECTION('',(0.E0,0.E0,1.E0));
#7089=DIRECTION('',(1.E0,0.E0,0.E0));
#7090=AXIS2_PLACEMENT_3D('',#7087,#7088,#7089);
#7092=CARTESIAN_POINT('',(0.E0,0.E0,1.E0));
#7093=DIRECTION('',(0.E0,0.E0,1.E0));
#7094=DIRECTION('',(-1.E0,0.E0,0.E0));
#7095=AXIS2_PLACEMENT_3D('',#7092,#7093,#7094);
#7097=DIRECTION('',(0.E0,0.E0,1.E0));
#7098=VECTOR('',#7097,2.5E0);
#7099=CARTESIAN_POINT('',(-1.5E0,0.E0,-1.5E0));
#7100=LINE('',#7099,#7098);
#7101=DIRECTION('',(0.E0,0.E0,1.E0));
#7102=VECTOR('',#7101,2.5E0);
#7103=CARTESIAN_POINT('',(1.5E0,0.E0,-1.5E0));
#7104=LINE('',#7103,#7102);
#7105=CARTESIAN_POINT('',(0.E0,2.849999627373E0,-1.499999812187E0));
#7106=CARTESIAN_POINT('',(0.E0,-2.849999627373E0,-1.499999812187E0));
#7107=VERTEX_POINT('',#7105);
#7108=VERTEX_POINT('',#7106);
#7109=CARTESIAN_POINT('',(-1.5E0,0.E0,-1.5E0));
#7110=CARTESIAN_POINT('',(1.5E0,0.E0,-1.5E0));
#7111=VERTEX_POINT('',#7109);
#7112=VERTEX_POINT('',#7110);
#7113=CARTESIAN_POINT('',(5.925659765649E-11,3.149999896360E0,
-1.199999587847E0));
#7114=VERTEX_POINT('',#7113);
#7115=CARTESIAN_POINT('',(0.E0,-3.149999792720E0,-1.199999587847E0));
#7116=VERTEX_POINT('',#7115);
#7117=CARTESIAN_POINT('',(0.E0,-3.15E0,0.E0));
#7118=VERTEX_POINT('',#7117);
#7119=CARTESIAN_POINT('',(0.E0,3.15E0,0.E0));
#7120=VERTEX_POINT('',#7119);
#7121=CARTESIAN_POINT('',(0.E0,2.11E0,0.E0));
#7122=CARTESIAN_POINT('',(0.E0,-2.11E0,0.E0));
#7123=VERTEX_POINT('',#7121);
#7124=VERTEX_POINT('',#7122);
#7125=CARTESIAN_POINT('',(0.E0,2.11E0,7.7E-1));
#7126=VERTEX_POINT('',#7125);
#7127=CARTESIAN_POINT('',(2.11E0,0.E0,7.7E-1));
#7128=VERTEX_POINT('',#7127);
#7129=CARTESIAN_POINT('',(2.11E0,0.E0,1.E0));
#7130=VERTEX_POINT('',#7129);
#7131=CARTESIAN_POINT('',(0.E0,2.11E0,1.E0));
#7132=VERTEX_POINT('',#7131);
#7133=CARTESIAN_POINT('',(-2.11E0,0.E0,1.E0));
#7134=VERTEX_POINT('',#7133);
#7135=CARTESIAN_POINT('',(-2.11E0,0.E0,7.7E-1));
#7136=VERTEX_POINT('',#7135);
#7137=CARTESIAN_POINT('',(0.E0,-2.11E0,7.7E-1));
#7138=VERTEX_POINT('',#7137);
#7139=CARTESIAN_POINT('',(0.E0,-2.11E0,1.E0));
#7140=VERTEX_POINT('',#7139);
#7141=CARTESIAN_POINT('',(1.5E0,0.E0,1.E0));
#7142=CARTESIAN_POINT('',(-1.5E0,0.E0,1.E0));
#7143=VERTEX_POINT('',#7141);
#7144=VERTEX_POINT('',#7142);
#7145=CARTESIAN_POINT('',(0.E0,0.E0,-1.5E0));
#7146=DIRECTION('',(0.E0,0.E0,-1.E0));
#7147=DIRECTION('',(0.E0,-1.E0,0.E0));
#7148=AXIS2_PLACEMENT_3D('',#7145,#7146,#7147);
#7149=PLANE('',#7148);
#7151=ORIENTED_EDGE('',*,*,#7150,.T.);
#7153=ORIENTED_EDGE('',*,*,#7152,.T.);
#7154=EDGE_LOOP('',(#7151,#7153));
#7155=FACE_OUTER_BOUND('',#7154,.F.);
#7157=ORIENTED_EDGE('',*,*,#7156,.T.);
#7159=ORIENTED_EDGE('',*,*,#7158,.T.);
#7160=EDGE_LOOP('',(#7157,#7159));
#7161=FACE_BOUND('',#7160,.F.);
#7162=ADVANCED_FACE('',(#7155,#7161),#7149,.T.);
#7163=CARTESIAN_POINT('',(0.E0,0.E0,-1.349999700017E0));
#7164=DIRECTION('',(0.E0,0.E0,1.E0));
#7165=DIRECTION('',(0.E0,-1.E0,0.E0));
#7166=AXIS2_PLACEMENT_3D('',#7163,#7164,#7165);
#7167=CONICAL_SURFACE('',#7166,2.999999710046E0,4.499999436652E1);
#7168=ORIENTED_EDGE('',*,*,#7150,.F.);
#7170=ORIENTED_EDGE('',*,*,#7169,.T.);
#7172=ORIENTED_EDGE('',*,*,#7171,.T.);
#7174=ORIENTED_EDGE('',*,*,#7173,.F.);
#7175=EDGE_LOOP('',(#7168,#7170,#7172,#7174));
#7176=FACE_OUTER_BOUND('',#7175,.F.);
#7177=ADVANCED_FACE('',(#7176),#7167,.T.);
#7178=CARTESIAN_POINT('',(0.E0,0.E0,-1.349999700017E0));
#7179=DIRECTION('',(0.E0,0.E0,1.E0));
#7180=DIRECTION('',(0.E0,-1.E0,0.E0));
#7181=AXIS2_PLACEMENT_3D('',#7178,#7179,#7180);
#7182=CONICAL_SURFACE('',#7181,2.999999710046E0,4.499999436652E1);
#7183=ORIENTED_EDGE('',*,*,#7152,.F.);
#7184=ORIENTED_EDGE('',*,*,#7173,.T.);
#7186=ORIENTED_EDGE('',*,*,#7185,.T.);
#7187=ORIENTED_EDGE('',*,*,#7169,.F.);
#7188=EDGE_LOOP('',(#7183,#7184,#7186,#7187));
#7189=FACE_OUTER_BOUND('',#7188,.F.);
#7190=ADVANCED_FACE('',(#7189),#7182,.T.);
#7191=CARTESIAN_POINT('',(0.E0,0.E0,8.835E-1));
#7192=DIRECTION('',(0.E0,0.E0,-1.E0));
#7193=DIRECTION('',(0.E0,-1.E0,0.E0));
#7194=AXIS2_PLACEMENT_3D('',#7191,#7192,#7193);
#7195=CYLINDRICAL_SURFACE('',#7194,3.15E0);
#7196=ORIENTED_EDGE('',*,*,#7185,.F.);
#7198=ORIENTED_EDGE('',*,*,#7197,.F.);
#7200=ORIENTED_EDGE('',*,*,#7199,.F.);
#7202=ORIENTED_EDGE('',*,*,#7201,.T.);
#7203=EDGE_LOOP('',(#7196,#7198,#7200,#7202));
#7204=FACE_OUTER_BOUND('',#7203,.F.);
#7205=ADVANCED_FACE('',(#7204),#7195,.T.);
#7206=CARTESIAN_POINT('',(0.E0,0.E0,8.835E-1));
#7207=DIRECTION('',(0.E0,0.E0,-1.E0));
#7208=DIRECTION('',(0.E0,-1.E0,0.E0));
#7209=AXIS2_PLACEMENT_3D('',#7206,#7207,#7208);
#7210=CYLINDRICAL_SURFACE('',#7209,3.15E0);
#7211=ORIENTED_EDGE('',*,*,#7171,.F.);
#7212=ORIENTED_EDGE('',*,*,#7201,.F.);
#7214=ORIENTED_EDGE('',*,*,#7213,.F.);
#7215=ORIENTED_EDGE('',*,*,#7197,.T.);
#7216=EDGE_LOOP('',(#7211,#7212,#7214,#7215));
#7217=FACE_OUTER_BOUND('',#7216,.F.);
#7218=ADVANCED_FACE('',(#7217),#7210,.T.);
#7219=CARTESIAN_POINT('',(0.E0,0.E0,0.E0));
#7220=DIRECTION('',(0.E0,0.E0,-1.E0));
#7221=DIRECTION('',(0.E0,-1.E0,0.E0));
#7222=AXIS2_PLACEMENT_3D('',#7219,#7220,#7221);
#7223=PLANE('',#7222);
#7224=ORIENTED_EDGE('',*,*,#7199,.T.);
#7225=ORIENTED_EDGE('',*,*,#7213,.T.);
#7226=EDGE_LOOP('',(#7224,#7225));
#7227=FACE_OUTER_BOUND('',#7226,.F.);
#7229=ORIENTED_EDGE('',*,*,#7228,.T.);
#7231=ORIENTED_EDGE('',*,*,#7230,.T.);
#7232=EDGE_LOOP('',(#7229,#7231));
#7233=FACE_BOUND('',#7232,.F.);
#7234=ADVANCED_FACE('',(#7227,#7233),#7223,.F.);
#7235=CARTESIAN_POINT('',(0.E0,0.E0,8.835E-1));
#7236=DIRECTION('',(0.E0,0.E0,-1.E0));
#7237=DIRECTION('',(0.E0,-1.E0,0.E0));
#7238=AXIS2_PLACEMENT_3D('',#7235,#7236,#7237);
#7239=CYLINDRICAL_SURFACE('',#7238,2.11E0);
#7241=ORIENTED_EDGE('',*,*,#7240,.F.);
#7243=ORIENTED_EDGE('',*,*,#7242,.F.);
#7245=ORIENTED_EDGE('',*,*,#7244,.F.);
#7247=ORIENTED_EDGE('',*,*,#7246,.F.);
#7249=ORIENTED_EDGE('',*,*,#7248,.F.);
#7251=ORIENTED_EDGE('',*,*,#7250,.T.);
#7253=ORIENTED_EDGE('',*,*,#7252,.T.);
#7255=ORIENTED_EDGE('',*,*,#7254,.T.);
#7256=ORIENTED_EDGE('',*,*,#7228,.F.);
#7257=EDGE_LOOP('',(#7241,#7243,#7245,#7247,#7249,#7251,#7253,#7255,#7256));
#7258=FACE_OUTER_BOUND('',#7257,.F.);
#7259=ADVANCED_FACE('',(#7258),#7239,.T.);
#7260=CARTESIAN_POINT('',(0.E0,0.E0,8.835E-1));
#7261=DIRECTION('',(0.E0,0.E0,-1.E0));
#7262=DIRECTION('',(0.E0,-1.E0,0.E0));
#7263=AXIS2_PLACEMENT_3D('',#7260,#7261,#7262);
#7264=CYLINDRICAL_SURFACE('',#7263,2.11E0);
#7265=ORIENTED_EDGE('',*,*,#7254,.F.);
#7266=ORIENTED_EDGE('',*,*,#7252,.F.);
#7267=ORIENTED_EDGE('',*,*,#7250,.F.);
#7269=ORIENTED_EDGE('',*,*,#7268,.F.);
#7271=ORIENTED_EDGE('',*,*,#7270,.F.);
#7272=ORIENTED_EDGE('',*,*,#7244,.T.);
#7273=ORIENTED_EDGE('',*,*,#7242,.T.);
#7274=ORIENTED_EDGE('',*,*,#7240,.T.);
#7275=ORIENTED_EDGE('',*,*,#7230,.F.);
#7276=EDGE_LOOP('',(#7265,#7266,#7267,#7269,#7271,#7272,#7273,#7274,#7275));
#7277=FACE_OUTER_BOUND('',#7276,.F.);
#7278=ADVANCED_FACE('',(#7277),#7264,.T.);
#7279=CARTESIAN_POINT('',(0.E0,0.E0,1.E0));
#7280=DIRECTION('',(0.E0,0.E0,1.E0));
#7281=DIRECTION('',(1.E0,0.E0,0.E0));
#7282=AXIS2_PLACEMENT_3D('',#7279,#7280,#7281);
#7283=PLANE('',#7282);
#7284=ORIENTED_EDGE('',*,*,#7248,.T.);
#7285=ORIENTED_EDGE('',*,*,#7246,.T.);
#7286=ORIENTED_EDGE('',*,*,#7270,.T.);
#7287=ORIENTED_EDGE('',*,*,#7268,.T.);
#7288=EDGE_LOOP('',(#7284,#7285,#7286,#7287));
#7289=FACE_OUTER_BOUND('',#7288,.F.);
#7291=ORIENTED_EDGE('',*,*,#7290,.T.);
#7293=ORIENTED_EDGE('',*,*,#7292,.T.);
#7294=EDGE_LOOP('',(#7291,#7293));
#7295=FACE_BOUND('',#7294,.F.);
#7296=ADVANCED_FACE('',(#7289,#7295),#7283,.T.);
#7297=CARTESIAN_POINT('',(0.E0,0.E0,-8.05E0));
#7298=DIRECTION('',(0.E0,0.E0,1.E0));
#7299=DIRECTION('',(1.E0,0.E0,0.E0));
#7300=AXIS2_PLACEMENT_3D('',#7297,#7298,#7299);
#7301=CYLINDRICAL_SURFACE('',#7300,1.5E0);
#7302=ORIENTED_EDGE('',*,*,#7156,.F.);
#7304=ORIENTED_EDGE('',*,*,#7303,.T.);
#7305=ORIENTED_EDGE('',*,*,#7290,.F.);
#7307=ORIENTED_EDGE('',*,*,#7306,.F.);
#7308=EDGE_LOOP('',(#7302,#7304,#7305,#7307));
#7309=FACE_OUTER_BOUND('',#7308,.F.);
#7310=ADVANCED_FACE('',(#7309),#7301,.F.);
#7311=CARTESIAN_POINT('',(0.E0,0.E0,-8.05E0));
#7312=DIRECTION('',(0.E0,0.E0,1.E0));
#7313=DIRECTION('',(1.E0,0.E0,0.E0));
#7314=AXIS2_PLACEMENT_3D('',#7311,#7312,#7313);
#7315=CYLINDRICAL_SURFACE('',#7314,1.5E0);
#7316=ORIENTED_EDGE('',*,*,#7158,.F.);
#7317=ORIENTED_EDGE('',*,*,#7306,.T.);
#7318=ORIENTED_EDGE('',*,*,#7292,.F.);
#7319=ORIENTED_EDGE('',*,*,#7303,.F.);
#7320=EDGE_LOOP('',(#7316,#7317,#7318,#7319));
#7321=FACE_OUTER_BOUND('',#7320,.F.);
#7322=ADVANCED_FACE('',(#7321),#7315,.F.);
#7323=CLOSED_SHELL('',(#7162,#7177,#7190,#7205,#7218,#7234,#7259,#7278,#7296,
#7310,#7322));
#7324=MANIFOLD_SOLID_BREP('',#7323);
#7326=DIMENSIONAL_EXPONENTS(0.E0,0.E0,0.E0,0.E0,0.E0,0.E0,0.E0);
#7328=PLANE_ANGLE_MEASURE_WITH_UNIT(PLANE_ANGLE_MEASURE(1.745329251994E-2),
#7327);
#7329=(CONVERSION_BASED_UNIT('DEGREE',#7328)NAMED_UNIT(*)PLANE_ANGLE_UNIT());
#7331=UNCERTAINTY_MEASURE_WITH_UNIT(LENGTH_MEASURE(9.256215041066E-4),#7325,
'closure',
'Maximum model space distance between geometric entities at asserted connectivities');
#7332=(GEOMETRIC_REPRESENTATION_CONTEXT(3)GLOBAL_UNCERTAINTY_ASSIGNED_CONTEXT((
#7331))GLOBAL_UNIT_ASSIGNED_CONTEXT((#7325,#7329,#7330))REPRESENTATION_CONTEXT(
'ID4','3'));
#7333=CARTESIAN_POINT('',(0.E0,0.E0,0.E0));
#7334=DIRECTION('',(0.E0,0.E0,1.E0));
#7335=DIRECTION('',(1.E0,0.E0,0.E0));
#7338=MECHANICAL_CONTEXT('',#6122,'mechanical');
#7339=PRODUCT('S-M3-1','S-M3-1','NOT SPECIFIED',(#7338));
#7340=PRODUCT_DEFINITION_FORMATION_WITH_SPECIFIED_SOURCE('3','LAST_VERSION',
#7339,.MADE.);
#7346=CARTESIAN_POINT('',(7.5E1,6.05E1,-3.82E1));
#7347=DIRECTION('',(0.E0,0.E0,-1.E0));
#7348=DIRECTION('',(-1.E0,0.E0,0.E0));
#7349=AXIS2_PLACEMENT_3D('',#7346,#7347,#7348);
#7350=ITEM_DEFINED_TRANSFORMATION('','',#7336,#7349);
#7351=(REPRESENTATION_RELATIONSHIP('','',#7337,#6133)REPRESENTATION_RELATIONSHIP_WITH_TRANSFORMATION(#7350)SHAPE_REPRESENTATION_RELATIONSHIP());
#7352=CONTEXT_DEPENDENT_SHAPE_REPRESENTATION(#7351,#7345);
#7355=CARTESIAN_POINT('',(-9.899999998970E1,-5.219958448259E1,-2.32E1));
#7356=DIRECTION('',(0.E0,1.E0,0.E0));
#7357=DIRECTION('',(1.E0,0.E0,0.E0));
#7358=AXIS2_PLACEMENT_3D('',#7355,#7356,#7357);
#7359=ITEM_DEFINED_TRANSFORMATION('','',#6957,#7358);
#7360=(REPRESENTATION_RELATIONSHIP('','',#6958,#6133)REPRESENTATION_RELATIONSHIP_WITH_TRANSFORMATION(#7359)SHAPE_REPRESENTATION_RELATIONSHIP());
#7361=CONTEXT_DEPENDENT_SHAPE_REPRESENTATION(#7360,#7354);
#7363=DIMENSIONAL_EXPONENTS(0.E0,0.E0,0.E0,0.E0,0.E0,0.E0,0.E0);
#7365=PLANE_ANGLE_MEASURE_WITH_UNIT(PLANE_ANGLE_MEASURE(1.745329251994E-2),
#7364);
#7366=(CONVERSION_BASED_UNIT('DEGREE',#7365)NAMED_UNIT(*)PLANE_ANGLE_UNIT());
#7368=UNCERTAINTY_MEASURE_WITH_UNIT(LENGTH_MEASURE(2.809836610833E-2),#7362,
'closure',
'Maximum model space distance between geometric entities at asserted connectivities');
#7369=(GEOMETRIC_REPRESENTATION_CONTEXT(3)GLOBAL_UNCERTAINTY_ASSIGNED_CONTEXT((
#7368))GLOBAL_UNIT_ASSIGNED_CONTEXT((#7362,#7366,#7367))REPRESENTATION_CONTEXT(
'ID5','3'));
#7370=CARTESIAN_POINT('',(0.E0,0.E0,0.E0));
#7371=DIRECTION('',(0.E0,0.E0,1.E0));
#7372=DIRECTION('',(1.E0,0.E0,0.E0));
#7374=DESIGN_CONTEXT('',#6122,'design');
#7375=MECHANICAL_CONTEXT('',#6122,'mechanical');
#7376=PRODUCT('_7604127404000_ASM','_7604127404000_ASM','NOT SPECIFIED',
(#7375));
#7377=PRODUCT_DEFINITION_FORMATION_WITH_SPECIFIED_SOURCE('23','LAST_VERSION',
#7376,.MADE.);
#7379=PRODUCT_CATEGORY('part','');
#7380=PRODUCT_RELATED_PRODUCT_CATEGORY('assembly','',(#7376));
#7381=PRODUCT_CATEGORY_RELATIONSHIP('','',#7379,#7380);
#7382=PRODUCT_CATEGORY('part','');
#7383=PRODUCT_RELATED_PRODUCT_CATEGORY('detail','',(#6126,#6663,#6961,#7339));
#7384=PRODUCT_CATEGORY_RELATIONSHIP('','',#7382,#7383);
#7385=SECURITY_CLASSIFICATION_LEVEL('unclassified');
#7386=SECURITY_CLASSIFICATION('','',#7385);
#7387=CC_DESIGN_SECURITY_CLASSIFICATION(#7386,(#6127,#6664,#6962,#7340,#7377,
#6134,#6668,#6677,#6686,#6695,#6966,#7344,#7353));
#7388=APPROVAL_STATUS('approved');
#7389=APPROVAL(#7388,'');
#7390=CC_DESIGN_APPROVAL(#7389,(#7386,#6127,#6664,#6962,#7340,#7377,#6128,#6665,
#6963,#7341,#7378));
#7391=CALENDAR_DATE(119,15,5);
#7392=COORDINATED_UNIVERSAL_TIME_OFFSET(8,0,.AHEAD.);
#7393=LOCAL_TIME(14,3,3.7E1,#7392);
#7394=DATE_AND_TIME(#7391,#7393);
#7395=APPROVAL_DATE_TIME(#7394,#7389);
#7396=DATE_TIME_ROLE('creation_date');
#7397=CC_DESIGN_DATE_AND_TIME_ASSIGNMENT(#7394,#7396,(#6128,#6665,#6963,#7341,
#7378));
#7398=DATE_TIME_ROLE('classification_date');
#7399=CC_DESIGN_DATE_AND_TIME_ASSIGNMENT(#7394,#7398,(#7386));
#7400=PERSON('UNSPECIFIED','UNSPECIFIED',$,$,$,$);
#7401=ORGANIZATION('UNSPECIFIED','UNSPECIFIED','UNSPECIFIED');
#7402=PERSON_AND_ORGANIZATION(#7400,#7401);
#7403=APPROVAL_ROLE('approver');
#7404=APPROVAL_PERSON_ORGANIZATION(#7402,#7389,#7403);
#7405=PERSON_AND_ORGANIZATION_ROLE('creator');
#7406=CC_DESIGN_PERSON_AND_ORGANIZATION_ASSIGNMENT(#7402,#7405,(#6127,#6664,
#6962,#7340,#7377,#6128,#6665,#6963,#7341,#7378));
#7407=PERSON_AND_ORGANIZATION_ROLE('design_supplier');
#7408=CC_DESIGN_PERSON_AND_ORGANIZATION_ASSIGNMENT(#7402,#7407,(#6127,#6664,
#6962,#7340,#7377));
#7409=PERSON_AND_ORGANIZATION_ROLE('classification_officer');
#7410=CC_DESIGN_PERSON_AND_ORGANIZATION_ASSIGNMENT(#7402,#7409,(#7386));
#7411=PERSON_AND_ORGANIZATION_ROLE('design_owner');
#7412=CC_DESIGN_PERSON_AND_ORGANIZATION_ASSIGNMENT(#7402,#7411,(#7376,#6126,
#6663,#6961,#7339));
#9=CIRCLE('',#8,2.5E0);
#30=CIRCLE('',#29,2.5E0);
#39=CIRCLE('',#38,2.5E0);
#48=CIRCLE('',#47,2.5E0);
#57=CIRCLE('',#56,5.E0);
#66=CIRCLE('',#65,2.5E0);
#75=CIRCLE('',#74,2.5E0);
#80=CIRCLE('',#79,2.5E0);
#97=CIRCLE('',#96,2.E0);
#102=CIRCLE('',#101,2.E0);
#107=CIRCLE('',#106,2.E0);
#112=CIRCLE('',#111,2.E0);
#117=CIRCLE('',#116,2.E0);
#122=CIRCLE('',#121,2.E0);
#171=CIRCLE('',#170,2.5E0);
#176=CIRCLE('',#175,2.5E0);
#181=CIRCLE('',#180,2.5E0);
#186=CIRCLE('',#185,2.5E0);
#191=CIRCLE('',#190,2.5E0);
#196=CIRCLE('',#195,2.5E0);
#201=CIRCLE('',#200,2.5E0);
#206=CIRCLE('',#205,2.5E0);
#211=CIRCLE('',#210,2.E0);
#216=CIRCLE('',#215,2.E0);
#221=CIRCLE('',#220,2.E0);
#226=CIRCLE('',#225,2.E0);
#231=CIRCLE('',#230,2.E0);
#236=CIRCLE('',#235,2.E0);
#241=CIRCLE('',#240,2.E0);
#246=CIRCLE('',#245,2.E0);
#251=CIRCLE('',#250,2.5E0);
#256=CIRCLE('',#255,2.5E0);
#261=CIRCLE('',#260,2.5E0);
#266=CIRCLE('',#265,2.5E0);
#323=CIRCLE('',#322,3.E0);
#332=CIRCLE('',#331,3.E0);
#353=CIRCLE('',#352,5.E0);
#358=CIRCLE('',#357,5.E0);
#367=CIRCLE('',#366,2.5E0);
#372=CIRCLE('',#371,2.5E0);
#377=CIRCLE('',#376,2.5E0);
#382=CIRCLE('',#381,2.5E0);
#387=CIRCLE('',#386,3.504558441228E0);
#392=CIRCLE('',#391,3.504558441228E0);
#397=CIRCLE('',#396,3.504558441228E0);
#402=CIRCLE('',#401,3.504558441228E0);
#407=CIRCLE('',#406,3.504558441228E0);
#412=CIRCLE('',#411,3.504558441228E0);
#417=CIRCLE('',#416,2.5E0);
#422=CIRCLE('',#421,2.5E0);
#427=CIRCLE('',#426,2.5E0);
#432=CIRCLE('',#431,2.5E0);
#437=CIRCLE('',#436,2.5E0);
#442=CIRCLE('',#441,2.5E0);
#463=CIRCLE('',#462,2.E0);
#468=CIRCLE('',#467,2.E0);
#497=CIRCLE('',#496,3.E0);
#502=CIRCLE('',#501,3.E0);
#523=CIRCLE('',#522,2.E0);
#540=CIRCLE('',#539,2.E0);
#577=CIRCLE('',#576,2.E0);
#582=CIRCLE('',#581,2.E0);
#587=CIRCLE('',#586,2.E0);
#592=CIRCLE('',#591,2.E0);
#601=CIRCLE('',#600,2.E0);
#606=CIRCLE('',#605,2.E0);
#671=CIRCLE('',#670,2.E0);
#688=CIRCLE('',#687,2.E0);
#693=CIRCLE('',#692,3.502388589279E0);
#698=CIRCLE('',#697,3.502388589279E0);
#719=CIRCLE('',#718,3.502388589281E0);
#724=CIRCLE('',#723,3.502388589281E0);
#745=CIRCLE('',#744,3.502388589282E0);
#750=CIRCLE('',#749,3.502388589282E0);
#799=CIRCLE('',#798,5.E0);
#808=CIRCLE('',#807,5.E0);
#817=CIRCLE('',#816,5.E0);
#826=CIRCLE('',#825,2.5E0);
#835=CIRCLE('',#834,5.E0);
#844=CIRCLE('',#843,5.E0);
#849=CIRCLE('',#848,5.E0);
#858=CIRCLE('',#857,3.5E0);
#867=CIRCLE('',#866,3.5E0);
#876=CIRCLE('',#875,3.5E0);
#885=CIRCLE('',#884,4.E0);
#894=CIRCLE('',#893,3.5E0);
#903=CIRCLE('',#902,3.500000000014E0);
#912=CIRCLE('',#911,3.500000000008E0);
#929=CIRCLE('',#928,3.502388589279E0);
#934=CIRCLE('',#933,3.502388589279E0);
#939=CIRCLE('',#938,3.502388589279E0);
#944=CIRCLE('',#943,3.502388589279E0);
#949=CIRCLE('',#948,3.502388589279E0);
#954=CIRCLE('',#953,3.502388589279E0);
#983=CIRCLE('',#982,5.E0);
#988=CIRCLE('',#987,2.5E0);
#993=CIRCLE('',#992,5.E0);
#998=CIRCLE('',#997,5.E0);
#1007=CIRCLE('',#1006,5.E0);
#1016=CIRCLE('',#1015,2.5E0);
#1021=CIRCLE('',#1020,2.5E0);
#1066=CIRCLE('',#1065,3.502388589282E0);
#1071=CIRCLE('',#1070,3.502388589282E0);
#1088=CIRCLE('',#1087,3.502388589254E0);
#1093=CIRCLE('',#1092,3.502388589254E0);
#1098=CIRCLE('',#1097,3.502388589278E0);
#1103=CIRCLE('',#1102,3.502388589278E0);
#1172=CIRCLE('',#1171,2.E0);
#1177=CIRCLE('',#1176,2.E0);
#1182=CIRCLE('',#1181,2.E0);
#1187=CIRCLE('',#1186,2.E0);
#1196=CIRCLE('',#1195,2.500000000002E0);
#1217=CIRCLE('',#1216,2.5E0);
#1238=CIRCLE('',#1237,2.E0);
#1243=CIRCLE('',#1242,2.E0);
#1252=CIRCLE('',#1251,5.E0);
#1293=CIRCLE('',#1292,2.5E0);
#1318=CIRCLE('',#1317,2.5E0);
#1343=CIRCLE('',#1342,2.E0);
#1348=CIRCLE('',#1347,2.E0);
#1353=CIRCLE('',#1352,2.E0);
#1358=CIRCLE('',#1357,2.E0);
#1363=CIRCLE('',#1362,2.E0);
#1368=CIRCLE('',#1367,2.E0);
#1381=CIRCLE('',#1380,2.5E0);
#1406=CIRCLE('',#1405,2.E0);
#1411=CIRCLE('',#1410,2.E0);
#1444=CIRCLE('',#1443,3.502388589280E0);
#1449=CIRCLE('',#1448,3.502388589280E0);
#1470=CIRCLE('',#1469,3.502388589266E0);
#1475=CIRCLE('',#1474,3.502388589266E0);
#1480=CIRCLE('',#1479,3.502388589266E0);
#1485=CIRCLE('',#1484,3.502388589266E0);
#1490=CIRCLE('',#1489,3.502388589266E0);
#1495=CIRCLE('',#1494,3.502388589266E0);
#1508=CIRCLE('',#1507,2.E0);
#1517=CIRCLE('',#1516,2.E0);
#1534=CIRCLE('',#1533,2.E0);
#1543=CIRCLE('',#1542,2.E0);
#1560=CIRCLE('',#1559,2.E0);
#1569=CIRCLE('',#1568,2.E0);
#1630=CIRCLE('',#1629,2.E0);
#1639=CIRCLE('',#1638,2.E0);
#1716=CIRCLE('',#1715,2.E0);
#1733=CIRCLE('',#1732,2.E0);
#1742=CIRCLE('',#1741,2.E0);
#1751=CIRCLE('',#1750,2.E0);
#1768=CIRCLE('',#1767,2.E0);
#1785=CIRCLE('',#1784,2.E0);
#1810=CIRCLE('',#1809,2.E0);
#1819=CIRCLE('',#1818,2.E0);
#1836=CIRCLE('',#1835,2.E0);
#1845=CIRCLE('',#1844,2.E0);
#1862=CIRCLE('',#1861,2.E0);
#1871=CIRCLE('',#1870,2.E0);
#1948=CIRCLE('',#1947,2.E0);
#1957=CIRCLE('',#1956,2.E0);
#1990=CIRCLE('',#1989,2.E0);
#1999=CIRCLE('',#1998,2.E0);
#2092=CIRCLE('',#2091,2.E0);
#2101=CIRCLE('',#2100,2.E0);
#2158=CIRCLE('',#2157,2.E0);
#2167=CIRCLE('',#2166,2.E0);
#2184=CIRCLE('',#2183,2.E0);
#2193=CIRCLE('',#2192,2.E0);
#2210=CIRCLE('',#2209,2.E0);
#2219=CIRCLE('',#2218,2.E0);
#2921=EDGE_CURVE('',#2254,#2255,#4,.T.);
#2923=EDGE_CURVE('',#2257,#2254,#1212,.T.);
#2925=EDGE_CURVE('',#2259,#2257,#34,.T.);
#2927=EDGE_CURVE('',#2255,#2259,#21,.T.);
#2938=EDGE_CURVE('',#2261,#2255,#17,.T.);
#2940=EDGE_CURVE('',#2263,#2261,#907,.T.);
#2942=EDGE_CURVE('',#2254,#2263,#1200,.T.);
#2952=EDGE_CURVE('',#2255,#2265,#9,.T.);
#2954=EDGE_CURVE('',#2265,#2267,#13,.T.);
#2956=EDGE_CURVE('',#2261,#2267,#912,.T.);
#2969=EDGE_CURVE('',#2269,#2259,#30,.T.);
#2971=EDGE_CURVE('',#2269,#2265,#25,.T.);
#2981=EDGE_CURVE('',#2272,#2273,#84,.T.);
#2983=EDGE_CURVE('',#2269,#2272,#88,.T.);
#2987=EDGE_CURVE('',#2257,#2275,#39,.T.);
#2989=EDGE_CURVE('',#2275,#2277,#43,.T.);
#2991=EDGE_CURVE('',#2277,#2279,#48,.T.);
#2993=EDGE_CURVE('',#2279,#2281,#52,.T.);
#2995=EDGE_CURVE('',#2281,#2283,#57,.T.);
#2997=EDGE_CURVE('',#2283,#2285,#61,.T.);
#2999=EDGE_CURVE('',#2285,#2287,#66,.T.);
#3001=EDGE_CURVE('',#2287,#2273,#70,.T.);
#3005=EDGE_CURVE('',#2526,#2527,#75,.T.);
#3007=EDGE_CURVE('',#2527,#2526,#80,.T.);
#3017=EDGE_CURVE('',#2272,#2602,#92,.T.);
#3020=EDGE_CURVE('',#2603,#2273,#552,.T.);
#3022=EDGE_CURVE('',#2602,#2603,#286,.T.);
#3032=EDGE_CURVE('',#2265,#2289,#142,.T.);
#3037=EDGE_CURVE('',#2605,#2602,#282,.T.);
#3039=EDGE_CURVE('',#2289,#2605,#150,.T.);
#3043=EDGE_CURVE('',#2726,#2727,#97,.T.);
#3045=EDGE_CURVE('',#2727,#2726,#102,.T.);
#3049=EDGE_CURVE('',#2730,#2731,#107,.T.);
#3051=EDGE_CURVE('',#2731,#2730,#112,.T.);
#3055=EDGE_CURVE('',#2734,#2735,#117,.T.);
#3057=EDGE_CURVE('',#2735,#2734,#122,.T.);
#3061=EDGE_CURVE('',#2292,#2293,#126,.T.);
#3063=EDGE_CURVE('',#2293,#2295,#130,.T.);
#3065=EDGE_CURVE('',#2295,#2297,#134,.T.);
#3067=EDGE_CURVE('',#2297,#2292,#138,.T.);
#3077=EDGE_CURVE('',#2299,#2289,#146,.T.);
#3079=EDGE_CURVE('',#2267,#2299,#794,.T.);
#3093=EDGE_CURVE('',#2607,#2605,#278,.T.);
#3095=EDGE_CURVE('',#2607,#2554,#154,.T.);
#3097=EDGE_CURVE('',#2554,#2555,#158,.T.);
#3099=EDGE_CURVE('',#2555,#2301,#162,.T.);
#3101=EDGE_CURVE('',#2301,#2299,#166,.T.);
#3111=EDGE_CURVE('',#2614,#2647,#556,.T.);
#3113=EDGE_CURVE('',#2614,#2615,#261,.T.);
#3115=EDGE_CURVE('',#2617,#2615,#1338,.T.);
#3117=EDGE_CURVE('',#2617,#2619,#266,.T.);
#3119=EDGE_CURVE('',#2619,#2611,#270,.T.);
#3121=EDGE_CURVE('',#2610,#2611,#1431,.T.);
#3123=EDGE_CURVE('',#2610,#2607,#274,.T.);
#3128=EDGE_CURVE('',#2658,#2603,#548,.T.);
#3130=EDGE_CURVE('',#2658,#2691,#290,.T.);
#3132=EDGE_CURVE('',#2689,#2691,#294,.T.);
#3134=EDGE_CURVE('',#2655,#2689,#298,.T.);
#3136=EDGE_CURVE('',#2650,#2655,#531,.T.);
#3138=EDGE_CURVE('',#2650,#2687,#302,.T.);
#3140=EDGE_CURVE('',#2685,#2687,#306,.T.);
#3142=EDGE_CURVE('',#2647,#2685,#310,.T.);
#3146=EDGE_CURVE('',#2626,#2627,#181,.T.);
#3148=EDGE_CURVE('',#2627,#2626,#186,.T.);
#3152=EDGE_CURVE('',#2630,#2631,#191,.T.);
#3154=EDGE_CURVE('',#2631,#2630,#196,.T.);
#3158=EDGE_CURVE('',#2634,#2635,#201,.T.);
#3160=EDGE_CURVE('',#2635,#2634,#206,.T.);
#3164=EDGE_CURVE('',#2882,#2883,#211,.T.);
#3166=EDGE_CURVE('',#2883,#2882,#216,.T.);
#3170=EDGE_CURVE('',#2886,#2887,#221,.T.);
#3172=EDGE_CURVE('',#2887,#2886,#226,.T.);
#3176=EDGE_CURVE('',#2890,#2891,#231,.T.);
#3178=EDGE_CURVE('',#2891,#2890,#236,.T.);
#3182=EDGE_CURVE('',#2642,#2643,#241,.T.);
#3184=EDGE_CURVE('',#2643,#2642,#246,.T.);
#3188=EDGE_CURVE('',#2638,#2639,#251,.T.);
#3190=EDGE_CURVE('',#2639,#2638,#256,.T.);
#3194=EDGE_CURVE('',#2622,#2623,#171,.T.);
#3196=EDGE_CURVE('',#2623,#2622,#176,.T.);
#3206=EDGE_CURVE('',#2590,#2591,#427,.T.);
#3208=EDGE_CURVE('',#2590,#2623,#314,.T.);
#3211=EDGE_CURVE('',#2591,#2622,#2243,.T.);
#3221=EDGE_CURVE('',#2563,#2534,#318,.T.);
#3223=EDGE_CURVE('',#2534,#2535,#323,.T.);
#3225=EDGE_CURVE('',#2535,#2537,#327,.T.);
#3227=EDGE_CURVE('',#2537,#2539,#332,.T.);
#3229=EDGE_CURVE('',#2565,#2539,#1899,.T.);
#3231=EDGE_CURVE('',#2565,#2567,#336,.T.);
#3233=EDGE_CURVE('',#2561,#2567,#974,.T.);
#3235=EDGE_CURVE('',#2561,#2555,#340,.T.);
#3238=EDGE_CURVE('',#2558,#2554,#1691,.T.);
#3240=EDGE_CURVE('',#2558,#2559,#344,.T.);
#3242=EDGE_CURVE('',#2559,#2569,#348,.T.);
#3244=EDGE_CURVE('',#2569,#2571,#353,.T.);
#3246=EDGE_CURVE('',#2573,#2571,#1465,.T.);
#3248=EDGE_CURVE('',#2573,#2575,#358,.T.);
#3250=EDGE_CURVE('',#2575,#2563,#362,.T.);
#3254=EDGE_CURVE('',#2578,#2579,#367,.T.);
#3256=EDGE_CURVE('',#2579,#2578,#372,.T.);
#3260=EDGE_CURVE('',#2582,#2583,#377,.T.);
#3262=EDGE_CURVE('',#2583,#2582,#382,.T.);
#3266=EDGE_CURVE('',#2910,#2911,#387,.T.);
#3268=EDGE_CURVE('',#2911,#2910,#392,.T.);
#3272=EDGE_CURVE('',#2894,#2895,#397,.T.);
#3274=EDGE_CURVE('',#2895,#2894,#402,.T.);
#3278=EDGE_CURVE('',#2902,#2903,#407,.T.);
#3280=EDGE_CURVE('',#2903,#2902,#412,.T.);
#3284=EDGE_CURVE('',#2586,#2587,#417,.T.);
#3286=EDGE_CURVE('',#2587,#2586,#422,.T.);
#3291=EDGE_CURVE('',#2591,#2590,#432,.T.);
#3295=EDGE_CURVE('',#2594,#2595,#437,.T.);
#3297=EDGE_CURVE('',#2595,#2594,#442,.T.);
#3307=EDGE_CURVE('',#2534,#2541,#458,.T.);
#3310=EDGE_CURVE('',#2563,#2597,#446,.T.);
#3312=EDGE_CURVE('',#2597,#2541,#450,.T.);
#3322=EDGE_CURVE('',#2543,#2541,#502,.T.);
#3324=EDGE_CURVE('',#2543,#2535,#454,.T.);
#3336=EDGE_CURVE('',#2663,#2677,#472,.T.);
#3338=EDGE_CURVE('',#2677,#2679,#476,.T.);
#3340=EDGE_CURVE('',#2666,#2679,#480,.T.);
#3342=EDGE_CURVE('',#2671,#2666,#679,.T.);
#3344=EDGE_CURVE('',#2671,#2681,#484,.T.);
#3346=EDGE_CURVE('',#2681,#2683,#488,.T.);
#3348=EDGE_CURVE('',#2674,#2683,#492,.T.);
#3350=EDGE_CURVE('',#2599,#2674,#662,.T.);
#3352=EDGE_CURVE('',#2546,#2599,#1895,.T.);
#3354=EDGE_CURVE('',#2546,#2547,#497,.T.);
#3356=EDGE_CURVE('',#2543,#2547,#1911,.T.);
#3360=EDGE_CURVE('',#2663,#2597,#650,.T.);
#3364=EDGE_CURVE('',#2550,#2551,#463,.T.);
#3366=EDGE_CURVE('',#2551,#2550,#468,.T.);
#3377=EDGE_CURVE('',#2642,#2551,#506,.T.);
#3380=EDGE_CURVE('',#2643,#2550,#510,.T.);
#3402=EDGE_CURVE('',#2646,#2647,#518,.T.);
#3405=EDGE_CURVE('',#2685,#2677,#1923,.T.);
#3408=EDGE_CURVE('',#2662,#2663,#646,.T.);
#3410=EDGE_CURVE('',#2646,#2662,#514,.T.);
#3421=EDGE_CURVE('',#2651,#2646,#523,.T.);
#3423=EDGE_CURVE('',#2650,#2651,#527,.T.);
#3426=EDGE_CURVE('',#2654,#2655,#535,.T.);
#3428=EDGE_CURVE('',#2659,#2654,#540,.T.);
#3430=EDGE_CURVE('',#2658,#2659,#544,.T.);
#3435=EDGE_CURVE('',#2341,#2287,#1305,.T.);
#3437=EDGE_CURVE('',#2337,#2341,#1313,.T.);
#3439=EDGE_CURVE('',#2614,#2337,#1334,.T.);
#3444=EDGE_CURVE('',#2346,#2347,#560,.T.);
#3446=EDGE_CURVE('',#2347,#2349,#564,.T.);
#3448=EDGE_CURVE('',#2349,#2351,#568,.T.);
#3450=EDGE_CURVE('',#2351,#2346,#572,.T.);
#3454=EDGE_CURVE('',#2754,#2755,#577,.T.);
#3456=EDGE_CURVE('',#2755,#2754,#582,.T.);
#3460=EDGE_CURVE('',#2758,#2759,#587,.T.);
#3462=EDGE_CURVE('',#2759,#2758,#592,.T.);
#3466=EDGE_CURVE('',#2354,#2355,#2007,.T.);
#3468=EDGE_CURVE('',#2357,#2354,#2015,.T.);
#3470=EDGE_CURVE('',#2359,#2357,#2023,.T.);
#3472=EDGE_CURVE('',#2355,#2359,#2031,.T.);
#3476=EDGE_CURVE('',#2362,#2363,#2071,.T.);
#3478=EDGE_CURVE('',#2365,#2362,#2059,.T.);
#3480=EDGE_CURVE('',#2365,#2367,#596,.T.);
#3482=EDGE_CURVE('',#2363,#2367,#2039,.T.);
#3486=EDGE_CURVE('',#2770,#2771,#601,.T.);
#3488=EDGE_CURVE('',#2771,#2770,#606,.T.);
#3492=EDGE_CURVE('',#2694,#2695,#610,.T.);
#3494=EDGE_CURVE('',#2699,#2694,#614,.T.);
#3496=EDGE_CURVE('',#2697,#2699,#618,.T.);
#3498=EDGE_CURVE('',#2695,#2697,#622,.T.);
#3502=EDGE_CURVE('',#2710,#2711,#626,.T.);
#3504=EDGE_CURVE('',#2715,#2710,#630,.T.);
#3506=EDGE_CURVE('',#2713,#2715,#634,.T.);
#3508=EDGE_CURVE('',#2711,#2713,#638,.T.);
#3520=EDGE_CURVE('',#2667,#2662,#688,.T.);
#3522=EDGE_CURVE('',#2651,#2667,#642,.T.);
#3536=EDGE_CURVE('',#2429,#2575,#786,.T.);
#3538=EDGE_CURVE('',#2427,#2429,#839,.T.);
#3540=EDGE_CURVE('',#2449,#2427,#1029,.T.);
#3542=EDGE_CURVE('',#2449,#2451,#654,.T.);
#3544=EDGE_CURVE('',#2567,#2451,#978,.T.);
#3547=EDGE_CURVE('',#2565,#2599,#658,.T.);
#3550=EDGE_CURVE('',#2674,#2675,#666,.T.);
#3552=EDGE_CURVE('',#2675,#2670,#671,.T.);
#3554=EDGE_CURVE('',#2670,#2671,#675,.T.);
#3557=EDGE_CURVE('',#2666,#2667,#683,.T.);
#3562=EDGE_CURVE('',#2794,#2795,#693,.T.);
#3564=EDGE_CURVE('',#2795,#2794,#698,.T.);
#3568=EDGE_CURVE('',#2454,#2455,#702,.T.);
#3570=EDGE_CURVE('',#2455,#2457,#706,.T.);
#3572=EDGE_CURVE('',#2457,#2459,#710,.T.);
#3574=EDGE_CURVE('',#2459,#2454,#714,.T.);
#3578=EDGE_CURVE('',#2798,#2799,#719,.T.);
#3580=EDGE_CURVE('',#2799,#2798,#724,.T.);
#3584=EDGE_CURVE('',#2462,#2463,#728,.T.);
#3586=EDGE_CURVE('',#2463,#2465,#732,.T.);
#3588=EDGE_CURVE('',#2465,#2467,#736,.T.);
#3590=EDGE_CURVE('',#2467,#2462,#740,.T.);
#3594=EDGE_CURVE('',#2470,#2471,#2047,.T.);
#3596=EDGE_CURVE('',#2473,#2470,#2055,.T.);
#3598=EDGE_CURVE('',#2475,#2473,#2067,.T.);
#3600=EDGE_CURVE('',#2471,#2475,#2079,.T.);
#3604=EDGE_CURVE('',#2806,#2807,#745,.T.);
#3606=EDGE_CURVE('',#2807,#2806,#750,.T.);
#3610=EDGE_CURVE('',#2702,#2703,#754,.T.);
#3612=EDGE_CURVE('',#2703,#2705,#758,.T.);
#3614=EDGE_CURVE('',#2705,#2707,#762,.T.);
#3616=EDGE_CURVE('',#2707,#2702,#766,.T.);
#3620=EDGE_CURVE('',#2718,#2719,#770,.T.);
#3622=EDGE_CURVE('',#2719,#2721,#774,.T.);
#3624=EDGE_CURVE('',#2721,#2723,#778,.T.);
#3626=EDGE_CURVE('',#2723,#2718,#782,.T.);
#3636=EDGE_CURVE('',#2429,#2431,#844,.T.);
#3640=EDGE_CURVE('',#2573,#2431,#790,.T.);
#3652=EDGE_CURVE('',#2409,#2301,#916,.T.);
#3654=EDGE_CURVE('',#2409,#2411,#799,.T.);
#3656=EDGE_CURVE('',#2411,#2413,#803,.T.);
#3658=EDGE_CURVE('',#2413,#2415,#808,.T.);
#3660=EDGE_CURVE('',#2415,#2417,#812,.T.);
#3662=EDGE_CURVE('',#2417,#2419,#817,.T.);
#3664=EDGE_CURVE('',#2419,#2421,#821,.T.);
#3666=EDGE_CURVE('',#2421,#2423,#826,.T.);
#3668=EDGE_CURVE('',#2423,#2425,#830,.T.);
#3670=EDGE_CURVE('',#2425,#2427,#835,.T.);
#3674=EDGE_CURVE('',#2433,#2431,#1461,.T.);
#3676=EDGE_CURVE('',#2433,#2435,#849,.T.);
#3678=EDGE_CURVE('',#2307,#2435,#1435,.T.);
#3680=EDGE_CURVE('',#2305,#2307,#1427,.T.);
#3682=EDGE_CURVE('',#2305,#2311,#853,.T.);
#3684=EDGE_CURVE('',#2311,#2323,#858,.T.);
#3686=EDGE_CURVE('',#2323,#2327,#862,.T.);
#3688=EDGE_CURVE('',#2327,#2339,#867,.T.);
#3690=EDGE_CURVE('',#2339,#2343,#871,.T.);
#3692=EDGE_CURVE('',#2343,#2371,#876,.T.);
#3694=EDGE_CURVE('',#2371,#2375,#880,.T.);
#3696=EDGE_CURVE('',#2375,#2387,#885,.T.);
#3698=EDGE_CURVE('',#2387,#2391,#889,.T.);
#3700=EDGE_CURVE('',#2391,#2395,#894,.T.);
#3702=EDGE_CURVE('',#2395,#2399,#898,.T.);
#3704=EDGE_CURVE('',#2399,#2263,#903,.T.);
#3719=EDGE_CURVE('',#2561,#2438,#920,.T.);
#3721=EDGE_CURVE('',#2438,#2439,#924,.T.);
#3723=EDGE_CURVE('',#2409,#2439,#1115,.T.);
#3727=EDGE_CURVE('',#2810,#2811,#929,.T.);
#3729=EDGE_CURVE('',#2811,#2810,#934,.T.);
#3733=EDGE_CURVE('',#2814,#2815,#939,.T.);
#3735=EDGE_CURVE('',#2815,#2814,#944,.T.);
#3739=EDGE_CURVE('',#2818,#2819,#949,.T.);
#3741=EDGE_CURVE('',#2819,#2818,#954,.T.);
#3745=EDGE_CURVE('',#2442,#2443,#958,.T.);
#3747=EDGE_CURVE('',#2443,#2445,#962,.T.);
#3749=EDGE_CURVE('',#2445,#2447,#966,.T.);
#3751=EDGE_CURVE('',#2447,#2442,#970,.T.);
#3761=EDGE_CURVE('',#2438,#2451,#1011,.T.);
#3775=EDGE_CURVE('',#2449,#2477,#983,.T.);
#3777=EDGE_CURVE('',#2479,#2477,#1033,.T.);
#3779=EDGE_CURVE('',#2479,#2489,#988,.T.);
#3781=EDGE_CURVE('',#2491,#2489,#1061,.T.);
#3783=EDGE_CURVE('',#2491,#2493,#993,.T.);
#3785=EDGE_CURVE('',#2495,#2493,#1083,.T.);
#3787=EDGE_CURVE('',#2495,#2505,#998,.T.);
#3789=EDGE_CURVE('',#2505,#2507,#1002,.T.);
#3791=EDGE_CURVE('',#2507,#2439,#1007,.T.);
#3797=EDGE_CURVE('',#2530,#2531,#1016,.T.);
#3799=EDGE_CURVE('',#2531,#2530,#1021,.T.);
#3810=EDGE_CURVE('',#2425,#2477,#1025,.T.);
#3823=EDGE_CURVE('',#2479,#2423,#1057,.T.);
#3829=EDGE_CURVE('',#2482,#2483,#1037,.T.);
#3831=EDGE_CURVE('',#2483,#2485,#1041,.T.);
#3833=EDGE_CURVE('',#2485,#2487,#1045,.T.);
#3835=EDGE_CURVE('',#2487,#2482,#1049,.T.);
#3846=EDGE_CURVE('',#2421,#2489,#1053,.T.);
#3859=EDGE_CURVE('',#2491,#2419,#1079,.T.);
#3865=EDGE_CURVE('',#2802,#2803,#1066,.T.);
#3867=EDGE_CURVE('',#2803,#2802,#1071,.T.);
#3878=EDGE_CURVE('',#2417,#2493,#1075,.T.);
#3891=EDGE_CURVE('',#2495,#2415,#1111,.T.);
#3897=EDGE_CURVE('',#2498,#2499,#1123,.T.);
#3899=EDGE_CURVE('',#2501,#2498,#1155,.T.);
#3901=EDGE_CURVE('',#2503,#2501,#1147,.T.);
#3903=EDGE_CURVE('',#2499,#2503,#1135,.T.);
#3907=EDGE_CURVE('',#2786,#2787,#1088,.T.);
#3909=EDGE_CURVE('',#2787,#2786,#1093,.T.);
#3913=EDGE_CURVE('',#2790,#2791,#1098,.T.);
#3915=EDGE_CURVE('',#2791,#2790,#1103,.T.);
#3926=EDGE_CURVE('',#2413,#2505,#1107,.T.);
#3939=EDGE_CURVE('',#2507,#2411,#1119,.T.);
#3964=EDGE_CURVE('',#2403,#2499,#1143,.T.);
#3966=EDGE_CURVE('',#2403,#2407,#1127,.T.);
#3968=EDGE_CURVE('',#2407,#2498,#1131,.T.);
#3979=EDGE_CURVE('',#2402,#2503,#1151,.T.);
#3981=EDGE_CURVE('',#2402,#2403,#1139,.T.);
#3993=EDGE_CURVE('',#2405,#2501,#1163,.T.);
#3995=EDGE_CURVE('',#2402,#2405,#1167,.T.);
#4008=EDGE_CURVE('',#2407,#2405,#1159,.T.);
#4019=EDGE_CURVE('',#2393,#2397,#1191,.T.);
#4021=EDGE_CURVE('',#2277,#2393,#1233,.T.);
#4024=EDGE_CURVE('',#2397,#2275,#1208,.T.);
#4034=EDGE_CURVE('',#2762,#2763,#1172,.T.);
#4036=EDGE_CURVE('',#2763,#2762,#1177,.T.);
#4040=EDGE_CURVE('',#2766,#2767,#1182,.T.);
#4042=EDGE_CURVE('',#2767,#2766,#1187,.T.);
#4053=EDGE_CURVE('',#2399,#2397,#1204,.T.);
#4056=EDGE_CURVE('',#2393,#2395,#1221,.T.);
#4066=EDGE_CURVE('',#2397,#2254,#1196,.T.);
#4091=EDGE_CURVE('',#2389,#2393,#1217,.T.);
#4095=EDGE_CURVE('',#2391,#2389,#1225,.T.);
#4106=EDGE_CURVE('',#2389,#2279,#1229,.T.);
#4118=EDGE_CURVE('',#2385,#2389,#1247,.T.);
#4120=EDGE_CURVE('',#2281,#2385,#1268,.T.);
#4126=EDGE_CURVE('',#2774,#2775,#1238,.T.);
#4128=EDGE_CURVE('',#2775,#2774,#1243,.T.);
#4141=EDGE_CURVE('',#2385,#2387,#1256,.T.);
#4151=EDGE_CURVE('',#2373,#2385,#1252,.T.);
#4155=EDGE_CURVE('',#2375,#2373,#1260,.T.);
#4166=EDGE_CURVE('',#2373,#2283,#1264,.T.);
#4178=EDGE_CURVE('',#2369,#2373,#1288,.T.);
#4180=EDGE_CURVE('',#2285,#2369,#1309,.T.);
#4186=EDGE_CURVE('',#2378,#2379,#1272,.T.);
#4188=EDGE_CURVE('',#2379,#2381,#1276,.T.);
#4190=EDGE_CURVE('',#2381,#2383,#1280,.T.);
#4192=EDGE_CURVE('',#2383,#2378,#1284,.T.);
#4205=EDGE_CURVE('',#2369,#2371,#1297,.T.);
#4215=EDGE_CURVE('',#2341,#2369,#1293,.T.);
#4219=EDGE_CURVE('',#2343,#2341,#1301,.T.);
#4244=EDGE_CURVE('',#2337,#2339,#1322,.T.);
#4254=EDGE_CURVE('',#2325,#2337,#1318,.T.);
#4258=EDGE_CURVE('',#2327,#2325,#1326,.T.);
#4269=EDGE_CURVE('',#2325,#2615,#1330,.T.);
#4281=EDGE_CURVE('',#2321,#2325,#1376,.T.);
#4283=EDGE_CURVE('',#2617,#2321,#1397,.T.);
#4289=EDGE_CURVE('',#2742,#2743,#1343,.T.);
#4291=EDGE_CURVE('',#2743,#2742,#1348,.T.);
#4295=EDGE_CURVE('',#2746,#2747,#1353,.T.);
#4297=EDGE_CURVE('',#2747,#2746,#1358,.T.);
#4301=EDGE_CURVE('',#2750,#2751,#1363,.T.);
#4303=EDGE_CURVE('',#2751,#2750,#1368,.T.);
#4307=EDGE_CURVE('',#2330,#2331,#1609,.T.);
#4309=EDGE_CURVE('',#2333,#2330,#1597,.T.);
#4311=EDGE_CURVE('',#2335,#2333,#1585,.T.);
#4313=EDGE_CURVE('',#2335,#2331,#1372,.T.);
#4326=EDGE_CURVE('',#2321,#2323,#1385,.T.);
#4336=EDGE_CURVE('',#2309,#2321,#1381,.T.);
#4340=EDGE_CURVE('',#2311,#2309,#1389,.T.);
#4351=EDGE_CURVE('',#2309,#2619,#1393,.T.);
#4363=EDGE_CURVE('',#2304,#2309,#1419,.T.);
#4365=EDGE_CURVE('',#2304,#2611,#1401,.T.);
#4371=EDGE_CURVE('',#2738,#2739,#1406,.T.);
#4373=EDGE_CURVE('',#2739,#2738,#1411,.T.);
#4377=EDGE_CURVE('',#2314,#2315,#1415,.T.);
#4379=EDGE_CURVE('',#2317,#2315,#1675,.T.);
#4381=EDGE_CURVE('',#2319,#2317,#1659,.T.);
#4383=EDGE_CURVE('',#2314,#2319,#1647,.T.);
#4393=EDGE_CURVE('',#2304,#2305,#1423,.T.);
#4408=EDGE_CURVE('',#2559,#2307,#1439,.T.);
#4411=EDGE_CURVE('',#2610,#2558,#1695,.T.);
#4424=EDGE_CURVE('',#2569,#2435,#1457,.T.);
#4430=EDGE_CURVE('',#2778,#2779,#1444,.T.);
#4432=EDGE_CURVE('',#2779,#2778,#1449,.T.);
#4436=EDGE_CURVE('',#2518,#2519,#1655,.T.);
#4438=EDGE_CURVE('',#2521,#2518,#1667,.T.);
#4440=EDGE_CURVE('',#2523,#2521,#1671,.T.);
#4442=EDGE_CURVE('',#2519,#2523,#1687,.T.);
#4453=EDGE_CURVE('',#2433,#2571,#1453,.T.);
#4471=EDGE_CURVE('',#2822,#2823,#1470,.T.);
#4473=EDGE_CURVE('',#2823,#2822,#1475,.T.);
#4477=EDGE_CURVE('',#2826,#2827,#1480,.T.);
#4479=EDGE_CURVE('',#2827,#2826,#1485,.T.);
#4483=EDGE_CURVE('',#2830,#2831,#1490,.T.);
#4485=EDGE_CURVE('',#2831,#2830,#1495,.T.);
#4489=EDGE_CURVE('',#2510,#2511,#1581,.T.);
#4491=EDGE_CURVE('',#2513,#2510,#1593,.T.);
#4493=EDGE_CURVE('',#2515,#2513,#1605,.T.);
#4495=EDGE_CURVE('',#2511,#2515,#1617,.T.);
#4506=EDGE_CURVE('',#2841,#2822,#1503,.T.);
#4508=EDGE_CURVE('',#2843,#2841,#1517,.T.);
#4510=EDGE_CURVE('',#2843,#2823,#1499,.T.);
#4522=EDGE_CURVE('',#2841,#2843,#1508,.T.);
#4534=EDGE_CURVE('',#2843,#2743,#1512,.T.);
#4537=EDGE_CURVE('',#2841,#2742,#1521,.T.);
#4560=EDGE_CURVE('',#2845,#2826,#1529,.T.);
#4562=EDGE_CURVE('',#2847,#2845,#1543,.T.);
#4564=EDGE_CURVE('',#2847,#2827,#1525,.T.);
#4576=EDGE_CURVE('',#2845,#2847,#1534,.T.);
#4588=EDGE_CURVE('',#2847,#2747,#1538,.T.);
#4591=EDGE_CURVE('',#2845,#2746,#1547,.T.);
#4614=EDGE_CURVE('',#2849,#2830,#1555,.T.);
#4616=EDGE_CURVE('',#2851,#2849,#1569,.T.);
#4618=EDGE_CURVE('',#2851,#2831,#1551,.T.);
#4630=EDGE_CURVE('',#2849,#2851,#1560,.T.);
#4642=EDGE_CURVE('',#2851,#2750,#1564,.T.);
#4645=EDGE_CURVE('',#2849,#2751,#1573,.T.);
#4668=EDGE_CURVE('',#2335,#2510,#1577,.T.);
#4671=EDGE_CURVE('',#2331,#2511,#1613,.T.);
#4682=EDGE_CURVE('',#2333,#2513,#1589,.T.);
#4695=EDGE_CURVE('',#2330,#2515,#1601,.T.);
#4720=EDGE_CURVE('',#2781,#2778,#1625,.T.);
#4722=EDGE_CURVE('',#2783,#2781,#1639,.T.);
#4724=EDGE_CURVE('',#2783,#2779,#1621,.T.);
#4736=EDGE_CURVE('',#2781,#2783,#1630,.T.);
#4748=EDGE_CURVE('',#2783,#2738,#1634,.T.);
#4751=EDGE_CURVE('',#2781,#2739,#1643,.T.);
#4774=EDGE_CURVE('',#2319,#2518,#1651,.T.);
#4777=EDGE_CURVE('',#2314,#2519,#1683,.T.);
#4788=EDGE_CURVE('',#2317,#2521,#1663,.T.);
#4803=EDGE_CURVE('',#2315,#2523,#1679,.T.);
#4838=EDGE_CURVE('',#2378,#2483,#1699,.T.);
#4841=EDGE_CURVE('',#2379,#2482,#1711,.T.);
#4852=EDGE_CURVE('',#2383,#2485,#1703,.T.);
#4865=EDGE_CURVE('',#2381,#2487,#1707,.T.);
#4889=EDGE_CURVE('',#2875,#2874,#1716,.T.);
#4891=EDGE_CURVE('',#2774,#2874,#1720,.T.);
#4894=EDGE_CURVE('',#2775,#2875,#1737,.T.);
#4905=EDGE_CURVE('',#2802,#2874,#1728,.T.);
#4908=EDGE_CURVE('',#2803,#2875,#1724,.T.);
#4920=EDGE_CURVE('',#2874,#2875,#1733,.T.);
#4944=EDGE_CURVE('',#2835,#2762,#1755,.T.);
#4946=EDGE_CURVE('',#2835,#2833,#1742,.T.);
#4948=EDGE_CURVE('',#2833,#2763,#1746,.T.);
#4960=EDGE_CURVE('',#2833,#2835,#1751,.T.);
#4972=EDGE_CURVE('',#2835,#2787,#1763,.T.);
#4975=EDGE_CURVE('',#2833,#2786,#1759,.T.);
#4997=EDGE_CURVE('',#2837,#2839,#1768,.T.);
#4999=EDGE_CURVE('',#2767,#2839,#1789,.T.);
#5002=EDGE_CURVE('',#2766,#2837,#1772,.T.);
#5013=EDGE_CURVE('',#2791,#2839,#1776,.T.);
#5016=EDGE_CURVE('',#2790,#2837,#1780,.T.);
#5028=EDGE_CURVE('',#2839,#2837,#1785,.T.);
#5052=EDGE_CURVE('',#2526,#2531,#1793,.T.);
#5055=EDGE_CURVE('',#2527,#2530,#1797,.T.);
#5078=EDGE_CURVE('',#2861,#2810,#1805,.T.);
#5080=EDGE_CURVE('',#2863,#2861,#1819,.T.);
#5082=EDGE_CURVE('',#2863,#2811,#1801,.T.);
#5094=EDGE_CURVE('',#2861,#2863,#1810,.T.);
#5106=EDGE_CURVE('',#2863,#2734,#1814,.T.);
#5109=EDGE_CURVE('',#2861,#2735,#1823,.T.);
#5132=EDGE_CURVE('',#2865,#2814,#1831,.T.);
#5134=EDGE_CURVE('',#2867,#2865,#1845,.T.);
#5136=EDGE_CURVE('',#2867,#2815,#1827,.T.);
#5148=EDGE_CURVE('',#2865,#2867,#1836,.T.);
#5160=EDGE_CURVE('',#2867,#2730,#1840,.T.);
#5163=EDGE_CURVE('',#2865,#2731,#1849,.T.);
#5186=EDGE_CURVE('',#2869,#2818,#1857,.T.);
#5188=EDGE_CURVE('',#2871,#2869,#1871,.T.);
#5190=EDGE_CURVE('',#2871,#2819,#1853,.T.);
#5202=EDGE_CURVE('',#2869,#2871,#1862,.T.);
#5214=EDGE_CURVE('',#2871,#2726,#1866,.T.);
#5217=EDGE_CURVE('',#2869,#2727,#1875,.T.);
#5240=EDGE_CURVE('',#2292,#2443,#1879,.T.);
#5243=EDGE_CURVE('',#2293,#2442,#1891,.T.);
#5254=EDGE_CURVE('',#2297,#2445,#1883,.T.);
#5267=EDGE_CURVE('',#2295,#2447,#1887,.T.);
#5291=EDGE_CURVE('',#2546,#2539,#1903,.T.);
#5307=EDGE_CURVE('',#2537,#2547,#1907,.T.);
#5330=EDGE_CURVE('',#2659,#2675,#1915,.T.);
#5334=EDGE_CURVE('',#2683,#2691,#1935,.T.);
#5346=EDGE_CURVE('',#2654,#2670,#1919,.T.);
#5360=EDGE_CURVE('',#2689,#2681,#1931,.T.);
#5376=EDGE_CURVE('',#2679,#2687,#1927,.T.);
#5413=EDGE_CURVE('',#2853,#2794,#1943,.T.);
#5415=EDGE_CURVE('',#2855,#2853,#1957,.T.);
#5417=EDGE_CURVE('',#2855,#2795,#1939,.T.);
#5429=EDGE_CURVE('',#2853,#2855,#1948,.T.);
#5441=EDGE_CURVE('',#2855,#2755,#1952,.T.);
#5444=EDGE_CURVE('',#2853,#2754,#1961,.T.);
#5467=EDGE_CURVE('',#2346,#2455,#1965,.T.);
#5470=EDGE_CURVE('',#2347,#2454,#1977,.T.);
#5481=EDGE_CURVE('',#2351,#2457,#1969,.T.);
#5494=EDGE_CURVE('',#2349,#2459,#1973,.T.);
#5519=EDGE_CURVE('',#2798,#2857,#1981,.T.);
#5521=EDGE_CURVE('',#2859,#2857,#1999,.T.);
#5523=EDGE_CURVE('',#2799,#2859,#1985,.T.);
#5535=EDGE_CURVE('',#2857,#2859,#1990,.T.);
#5547=EDGE_CURVE('',#2758,#2859,#2003,.T.);
#5550=EDGE_CURVE('',#2759,#2857,#1994,.T.);
#5573=EDGE_CURVE('',#2354,#2462,#2019,.T.);
#5576=EDGE_CURVE('',#2355,#2463,#2011,.T.);
#5587=EDGE_CURVE('',#2357,#2467,#2027,.T.);
#5600=EDGE_CURVE('',#2359,#2465,#2035,.T.);
#5625=EDGE_CURVE('',#2367,#2470,#2043,.T.);
#5628=EDGE_CURVE('',#2363,#2471,#2075,.T.);
#5639=EDGE_CURVE('',#2365,#2473,#2051,.T.);
#5652=EDGE_CURVE('',#2362,#2475,#2063,.T.);
#5677=EDGE_CURVE('',#2807,#2879,#2087,.T.);
#5679=EDGE_CURVE('',#2878,#2879,#2101,.T.);
#5681=EDGE_CURVE('',#2806,#2878,#2083,.T.);
#5693=EDGE_CURVE('',#2879,#2878,#2092,.T.);
#5705=EDGE_CURVE('',#2770,#2878,#2096,.T.);
#5708=EDGE_CURVE('',#2771,#2879,#2105,.T.);
#5731=EDGE_CURVE('',#2695,#2703,#2113,.T.);
#5734=EDGE_CURVE('',#2694,#2702,#2109,.T.);
#5745=EDGE_CURVE('',#2697,#2705,#2117,.T.);
#5758=EDGE_CURVE('',#2699,#2707,#2121,.T.);
#5783=EDGE_CURVE('',#2711,#2719,#2129,.T.);
#5786=EDGE_CURVE('',#2710,#2718,#2125,.T.);
#5797=EDGE_CURVE('',#2713,#2721,#2133,.T.);
#5810=EDGE_CURVE('',#2715,#2723,#2137,.T.);
#5835=EDGE_CURVE('',#2578,#2627,#2141,.T.);
#5838=EDGE_CURVE('',#2579,#2626,#2145,.T.);
#5861=EDGE_CURVE('',#2582,#2631,#2149,.T.);
#5864=EDGE_CURVE('',#2583,#2630,#2153,.T.);
#5887=EDGE_CURVE('',#2914,#2910,#2171,.T.);
#5889=EDGE_CURVE('',#2914,#2915,#2158,.T.);
#5891=EDGE_CURVE('',#2915,#2911,#2162,.T.);
#5903=EDGE_CURVE('',#2915,#2914,#2167,.T.);
#5915=EDGE_CURVE('',#2915,#2887,#2175,.T.);
#5918=EDGE_CURVE('',#2914,#2886,#2179,.T.);
#5941=EDGE_CURVE('',#2898,#2894,#2197,.T.);
#5943=EDGE_CURVE('',#2898,#2899,#2184,.T.);
#5945=EDGE_CURVE('',#2899,#2895,#2188,.T.);
#5957=EDGE_CURVE('',#2899,#2898,#2193,.T.);
#5969=EDGE_CURVE('',#2899,#2891,#2201,.T.);
#5972=EDGE_CURVE('',#2898,#2890,#2205,.T.);
#5995=EDGE_CURVE('',#2906,#2902,#2223,.T.);
#5997=EDGE_CURVE('',#2906,#2907,#2210,.T.);
#5999=EDGE_CURVE('',#2907,#2903,#2214,.T.);
#6011=EDGE_CURVE('',#2907,#2906,#2219,.T.);
#6023=EDGE_CURVE('',#2907,#2883,#2227,.T.);
#6026=EDGE_CURVE('',#2906,#2882,#2231,.T.);
#6049=EDGE_CURVE('',#2586,#2635,#2235,.T.);
#6052=EDGE_CURVE('',#2587,#2634,#2239,.T.);
#6087=EDGE_CURVE('',#2638,#2595,#2247,.T.);
#6090=EDGE_CURVE('',#2639,#2594,#2251,.T.);
#6109=(LENGTH_UNIT()NAMED_UNIT(*)SI_UNIT(.MILLI.,.METRE.));
#6111=(NAMED_UNIT(*)PLANE_ANGLE_UNIT()SI_UNIT($,.RADIAN.));
#6114=(NAMED_UNIT(*)SI_UNIT($,.STERADIAN.)SOLID_ANGLE_UNIT());
#6120=AXIS2_PLACEMENT_3D('',#6117,#6118,#6119);
#6121=ADVANCED_BREP_SHAPE_REPRESENTATION('',(#6120,#6108),#6116);
#6128=PRODUCT_DEFINITION('design','',#6127,#6124);
#6129=PRODUCT_DEFINITION_SHAPE('','SHAPE FOR _7604127404000.',#6128);
#6130=SHAPE_DEFINITION_REPRESENTATION(#6129,#6121);
#6131=SHAPE_DEFINITION_REPRESENTATION(#6132,#6133);
#6132=PRODUCT_DEFINITION_SHAPE('','SHAPE FOR _7604127404000_ASM.',#7378);
#6133=SHAPE_REPRESENTATION('',(#6139,#6673,#6682,#6691,#6700,#6971,#7349,#7358,
#7373),#7369);
#6134=NEXT_ASSEMBLY_USAGE_OCCURRENCE('0','Next assembly relationship',
'_X2_540E58F3_X0_-_X2_53F3_X0_',#7378,#6128,$);
#6135=PRODUCT_DEFINITION_SHAPE('Placement #0',
'Placement of _7604127404000 with respect to _7604127404000_ASM',#6134);
#6147=CIRCLE('',#6146,3.E0);
#6152=CIRCLE('',#6151,3.E0);
#6157=CIRCLE('',#6156,2.5E0);
#6162=CIRCLE('',#6161,2.5E0);
#6175=CIRCLE('',#6174,3.E0);
#6180=CIRCLE('',#6179,3.E0);
#6185=CIRCLE('',#6184,2.4E0);
#6190=CIRCLE('',#6189,2.4E0);
#6227=CIRCLE('',#6226,2.4E0);
#6232=CIRCLE('',#6231,2.4E0);
#6293=CIRCLE('',#6292,2.E0);
#6298=CIRCLE('',#6297,2.E0);
#6311=CIRCLE('',#6310,2.E0);
#6316=CIRCLE('',#6315,2.E0);
#6374=EDGE_CURVE('',#6359,#6360,#6147,.T.);
#6376=EDGE_CURVE('',#6360,#6359,#6152,.T.);
#6380=EDGE_CURVE('',#6363,#6364,#6157,.T.);
#6382=EDGE_CURVE('',#6364,#6363,#6162,.T.);
#6392=EDGE_CURVE('',#6327,#6360,#6166,.T.);
#6395=EDGE_CURVE('',#6328,#6359,#6170,.T.);
#6397=EDGE_CURVE('',#6327,#6328,#6180,.T.);
#6407=EDGE_CURVE('',#6328,#6327,#6175,.T.);
#6424=EDGE_CURVE('',#6319,#6320,#6185,.T.);
#6426=EDGE_CURVE('',#6320,#6319,#6190,.T.);
#6436=EDGE_CURVE('',#6322,#6320,#6194,.T.);
#6439=EDGE_CURVE('',#6324,#6319,#6198,.T.);
#6441=EDGE_CURVE('',#6322,#6324,#6232,.T.);
#6451=EDGE_CURVE('',#6324,#6322,#6227,.T.);
#6464=EDGE_CURVE('',#6347,#6348,#6202,.T.);
#6466=EDGE_CURVE('',#6348,#6350,#6206,.T.);
#6468=EDGE_CURVE('',#6350,#6352,#6210,.T.);
#6470=EDGE_CURVE('',#6352,#6354,#6214,.T.);
#6472=EDGE_CURVE('',#6354,#6356,#6218,.T.);
#6474=EDGE_CURVE('',#6356,#6347,#6222,.T.);
#6488=EDGE_CURVE('',#6335,#6336,#6240,.T.);
#6490=EDGE_CURVE('',#6336,#6348,#6280,.T.);
#6493=EDGE_CURVE('',#6335,#6347,#6236,.T.);
#6504=EDGE_CURVE('',#6344,#6335,#6244,.T.);
#6506=EDGE_CURVE('',#6342,#6344,#6248,.T.);
#6508=EDGE_CURVE('',#6340,#6342,#6252,.T.);
#6510=EDGE_CURVE('',#6338,#6340,#6256,.T.);
#6512=EDGE_CURVE('',#6336,#6338,#6260,.T.);
#6525=EDGE_CURVE('',#6344,#6356,#6264,.T.);
#6538=EDGE_CURVE('',#6342,#6354,#6268,.T.);
#6551=EDGE_CURVE('',#6340,#6352,#6272,.T.);
#6564=EDGE_CURVE('',#6338,#6350,#6276,.T.);
#6587=EDGE_CURVE('',#6364,#6368,#6288,.T.);
#6589=EDGE_CURVE('',#6367,#6368,#6298,.T.);
#6591=EDGE_CURVE('',#6363,#6367,#6284,.T.);
#6603=EDGE_CURVE('',#6368,#6367,#6293,.T.);
#6615=EDGE_CURVE('',#6332,#6367,#6306,.T.);
#6617=EDGE_CURVE('',#6331,#6332,#6311,.T.);
#6619=EDGE_CURVE('',#6368,#6331,#6302,.T.);
#6631=EDGE_CURVE('',#6332,#6331,#6316,.T.);
#6649=(LENGTH_UNIT()NAMED_UNIT(*)SI_UNIT(.MILLI.,.METRE.));
#6651=(NAMED_UNIT(*)PLANE_ANGLE_UNIT()SI_UNIT($,.RADIAN.));
#6654=(NAMED_UNIT(*)SI_UNIT($,.STERADIAN.)SOLID_ANGLE_UNIT());
#6660=AXIS2_PLACEMENT_3D('',#6657,#6658,#6659);
#6661=ADVANCED_BREP_SHAPE_REPRESENTATION('',(#6660,#6648),#6656);
#6665=PRODUCT_DEFINITION('design','',#6664,#6124);
#6666=PRODUCT_DEFINITION_SHAPE('','SHAPE FOR BSO-M4-20.',#6665);
#6667=SHAPE_DEFINITION_REPRESENTATION(#6666,#6661);
#6668=NEXT_ASSEMBLY_USAGE_OCCURRENCE('1','Next assembly relationship',
'BSO-3_5M3-18',#7378,#6665,$);
#6669=PRODUCT_DEFINITION_SHAPE('Placement #1',
'Placement of BSO-M4-20 with respect to _7604127404000_ASM',#6668);
#6677=NEXT_ASSEMBLY_USAGE_OCCURRENCE('2','Next assembly relationship',
'BSO-3_5M3-18_4',#7378,#6665,$);
#6678=PRODUCT_DEFINITION_SHAPE('Placement #2',
'Placement of BSO-M4-20 with respect to _7604127404000_ASM',#6677);
#6686=NEXT_ASSEMBLY_USAGE_OCCURRENCE('3','Next assembly relationship',
'BSO-M4-20',#7378,#6665,$);
#6687=PRODUCT_DEFINITION_SHAPE('Placement #3',
'Placement of BSO-M4-20 with respect to _7604127404000_ASM',#6686);
#6695=NEXT_ASSEMBLY_USAGE_OCCURRENCE('4','Next assembly relationship',
'BSO-M4-20',#7378,#6665,$);
#6696=PRODUCT_DEFINITION_SHAPE('Placement #4',
'Placement of BSO-M4-20 with respect to _7604127404000_ASM',#6695);
#6712=CIRCLE('',#6711,4.E0);
#6717=CIRCLE('',#6716,4.E0);
#6722=CIRCLE('',#6721,2.E0);
#6727=CIRCLE('',#6726,2.E0);
#6736=CIRCLE('',#6735,4.E0);
#6741=CIRCLE('',#6740,4.E0);
#6746=CIRCLE('',#6745,2.7E0);
#6751=CIRCLE('',#6750,2.7E0);
#6764=CIRCLE('',#6763,2.7E0);
#6769=CIRCLE('',#6768,2.7E0);
#6774=CIRCLE('',#6773,2.E0);
#6779=CIRCLE('',#6778,2.E0);
#6817=EDGE_CURVE('',#6790,#6791,#6712,.T.);
#6819=EDGE_CURVE('',#6793,#6790,#6731,.T.);
#6821=EDGE_CURVE('',#6795,#6793,#6741,.T.);
#6823=EDGE_CURVE('',#6795,#6791,#6707,.T.);
#6834=EDGE_CURVE('',#6791,#6790,#6717,.T.);
#6838=EDGE_CURVE('',#6798,#6799,#6722,.T.);
#6840=EDGE_CURVE('',#6799,#6798,#6727,.T.);
#6852=EDGE_CURVE('',#6793,#6795,#6736,.T.);
#6867=EDGE_CURVE('',#6802,#6803,#6746,.T.);
#6869=EDGE_CURVE('',#6803,#6802,#6751,.T.);
#6879=EDGE_CURVE('',#6805,#6803,#6755,.T.);
#6882=EDGE_CURVE('',#6807,#6802,#6759,.T.);
#6884=EDGE_CURVE('',#6805,#6807,#6769,.T.);
#6895=EDGE_CURVE('',#6807,#6805,#6764,.T.);
#6911=EDGE_CURVE('',#6810,#6811,#6774,.T.);
#6913=EDGE_CURVE('',#6811,#6810,#6779,.T.);
#6924=EDGE_CURVE('',#6810,#6799,#6783,.T.);
#6927=EDGE_CURVE('',#6811,#6798,#6787,.T.);
#6946=(LENGTH_UNIT()NAMED_UNIT(*)SI_UNIT(.MILLI.,.METRE.));
#6948=(NAMED_UNIT(*)PLANE_ANGLE_UNIT()SI_UNIT($,.RADIAN.));
#6951=(NAMED_UNIT(*)SI_UNIT($,.STERADIAN.)SOLID_ANGLE_UNIT());
#6957=AXIS2_PLACEMENT_3D('',#6954,#6955,#6956);
#6958=ADVANCED_BREP_SHAPE_REPRESENTATION('',(#6957,#6945),#6953);
#6963=PRODUCT_DEFINITION('design','',#6962,#6959);
#6964=PRODUCT_DEFINITION_SHAPE('','SHAPE FOR S-M4-2.',#6963);
#6965=SHAPE_DEFINITION_REPRESENTATION(#6964,#6958);
#6966=NEXT_ASSEMBLY_USAGE_OCCURRENCE('5','Next assembly relationship','S-M4-2',
#7378,#6963,$);
#6967=PRODUCT_DEFINITION_SHAPE('Placement #5',
'Placement of S-M4-2 with respect to _7604127404000_ASM',#6966);
#6979=CIRCLE('',#6978,2.849999627373E0);
#6984=CIRCLE('',#6983,2.849999627373E0);
#6989=CIRCLE('',#6988,1.5E0);
#6994=CIRCLE('',#6993,1.5E0);
#7003=CIRCLE('',#7002,3.149999792720E0);
#7012=CIRCLE('',#7011,3.149999792720E0);
#7025=CIRCLE('',#7024,3.15E0);
#7030=CIRCLE('',#7029,3.15E0);
#7035=CIRCLE('',#7034,2.11E0);
#7040=CIRCLE('',#7039,2.11E0);
#7049=CIRCLE('',#7048,2.11E0);
#7062=CIRCLE('',#7061,2.11E0);
#7071=CIRCLE('',#7070,2.11E0);
#7076=CIRCLE('',#7075,2.11E0);
#7081=CIRCLE('',#7080,2.11E0);
#7086=CIRCLE('',#7085,2.11E0);
#7091=CIRCLE('',#7090,1.5E0);
#7096=CIRCLE('',#7095,1.5E0);
#7150=EDGE_CURVE('',#7107,#7108,#6979,.T.);
#7152=EDGE_CURVE('',#7108,#7107,#6984,.T.);
#7156=EDGE_CURVE('',#7111,#7112,#6989,.T.);
#7158=EDGE_CURVE('',#7112,#7111,#6994,.T.);
#7169=EDGE_CURVE('',#7107,#7114,#6998,.T.);
#7171=EDGE_CURVE('',#7114,#7116,#7003,.T.);
#7173=EDGE_CURVE('',#7108,#7116,#7007,.T.);
#7185=EDGE_CURVE('',#7116,#7114,#7012,.T.);
#7197=EDGE_CURVE('',#7118,#7116,#7020,.T.);
#7199=EDGE_CURVE('',#7120,#7118,#7025,.T.);
#7201=EDGE_CURVE('',#7120,#7114,#7016,.T.);
#7213=EDGE_CURVE('',#7118,#7120,#7030,.T.);
#7228=EDGE_CURVE('',#7123,#7124,#7035,.T.);
#7230=EDGE_CURVE('',#7124,#7123,#7040,.T.);
#7240=EDGE_CURVE('',#7126,#7123,#7066,.T.);
#7242=EDGE_CURVE('',#7128,#7126,#7062,.T.);
#7244=EDGE_CURVE('',#7130,#7128,#7057,.T.);
#7246=EDGE_CURVE('',#7132,#7130,#7076,.T.);
#7248=EDGE_CURVE('',#7134,#7132,#7071,.T.);
#7250=EDGE_CURVE('',#7134,#7136,#7044,.T.);
#7252=EDGE_CURVE('',#7136,#7138,#7049,.T.);
#7254=EDGE_CURVE('',#7138,#7124,#7053,.T.);
#7268=EDGE_CURVE('',#7140,#7134,#7086,.T.);
#7270=EDGE_CURVE('',#7130,#7140,#7081,.T.);
#7290=EDGE_CURVE('',#7143,#7144,#7091,.T.);
#7292=EDGE_CURVE('',#7144,#7143,#7096,.T.);
#7303=EDGE_CURVE('',#7111,#7144,#7100,.T.);
#7306=EDGE_CURVE('',#7112,#7143,#7104,.T.);
#7325=(LENGTH_UNIT()NAMED_UNIT(*)SI_UNIT(.MILLI.,.METRE.));
#7327=(NAMED_UNIT(*)PLANE_ANGLE_UNIT()SI_UNIT($,.RADIAN.));
#7330=(NAMED_UNIT(*)SI_UNIT($,.STERADIAN.)SOLID_ANGLE_UNIT());
#7336=AXIS2_PLACEMENT_3D('',#7333,#7334,#7335);
#7337=ADVANCED_BREP_SHAPE_REPRESENTATION('',(#7336,#7324),#7332);
#7341=PRODUCT_DEFINITION('design','',#7340,#6959);
#7342=PRODUCT_DEFINITION_SHAPE('','SHAPE FOR S-M3-1.',#7341);
#7343=SHAPE_DEFINITION_REPRESENTATION(#7342,#7337);
#7344=NEXT_ASSEMBLY_USAGE_OCCURRENCE('6','Next assembly relationship','S-M3-1',
#7378,#7341,$);
#7345=PRODUCT_DEFINITION_SHAPE('Placement #6',
'Placement of S-M3-1 with respect to _7604127404000_ASM',#7344);
#7353=NEXT_ASSEMBLY_USAGE_OCCURRENCE('7','Next assembly relationship','S-M4-2',
#7378,#6963,$);
#7354=PRODUCT_DEFINITION_SHAPE('Placement #7',
'Placement of S-M4-2 with respect to _7604127404000_ASM',#7353);
#7362=(LENGTH_UNIT()NAMED_UNIT(*)SI_UNIT(.MILLI.,.METRE.));
#7364=(NAMED_UNIT(*)PLANE_ANGLE_UNIT()SI_UNIT($,.RADIAN.));
#7367=(NAMED_UNIT(*)SI_UNIT($,.STERADIAN.)SOLID_ANGLE_UNIT());
#7373=AXIS2_PLACEMENT_3D('',#7370,#7371,#7372);
#7378=PRODUCT_DEFINITION('design','',#7377,#7374);
ENDSEC;
END-ISO-10303-21;
