  0
SECTION
  2
HEADER
  9
$ACADVER
  1
AC1027
  9
$ACADMAINTVER
 70
105
  9
$DWGCODEPAGE
  3
ANSI_1252
  9
$LASTSAVEDBY
  1
ezdxf
  9
$REQUIREDVERSIONS
160
0
  9
$INSBASE
 10
0.0
 20
0.0
 30
0.0
  9
$EXTMIN
 10
1e+20
 20
1e+20
 30
1e+20
  9
$EXTMAX
 10
-1e+20
 20
-1e+20
 30
-1e+20
  9
$LIMMIN
 10
0.0
 20
0.0
  9
$LIMMAX
 10
420.0
 20
297.0
  9
$ORTHOMODE
 70
0
  9
$REGENMODE
 70
1
  9
$FILLMODE
 70
1
  9
$QTEXTMODE
 70
0
  9
$MIRRTEXT
 70
1
  9
$LTSCALE
 40
1.0
  9
$ATTMODE
 70
1
  9
$TEXTSIZE
 40
2.5
  9
$TRACEWID
 40
1.0
  9
$TEXTSTYLE
  7
OpenSans
  9
$CLAYER
  8
0
  9
$CELTYPE
  6
ByLayer
  9
$CECOLOR
 62
256
  9
$CELTSCALE
 40
1.0
  9
$DISPSILH
 70
0
  9
$DIMSCALE
 40
1.0
  9
$DIMASZ
 40
0.175
  9
$DIMEXO
 40
0.125
  9
$DIMDLI
 40
3.75
  9
$DIMRND
 40
0.0
  9
$DIMDLE
 40
0.0
  9
$DIMEXE
 40
0.375
  9
$DIMTP
 40
0.0
  9
$DIMTM
 40
0.0
  9
$DIMTXT
 40
0.25
  9
$DIMCEN
 40
2.5
  9
$DIMTSZ
 40
0.0
  9
$DIMTOL
 70
0
  9
$DIMLIM
 70
0
  9
$DIMTIH
 70
0
  9
$DIMTOH
 70
0
  9
$DIMSE1
 70
0
  9
$DIMSE2
 70
0
  9
$DIMTAD
 70
1
  9
$DIMZIN
 70
12
  9
$DIMBLK
  1
ARCHTICK
  9
$DIMASO
 70
1
  9
$DIMSHO
 70
1
  9
$DIMPOST
  1

  9
$DIMAPOST
  1

  9
$DIMALT
 70
0
  9
$DIMALTD
 70
3
  9
$DIMALTF
 40
0.03937007874
  9
$DIMLFAC
 40
100.0
  9
$DIMTOFL
 70
1
  9
$DIMTVP
 40
0.0
  9
$DIMTIX
 70
0
  9
$DIMSOXD
 70
0
  9
$DIMSAH
 70
0
  9
$DIMBLK1
  1

  9
$DIMBLK2
  1

  9
$DIMSTYLE
  2
EZDXF
  9
$DIMCLRD
 70
0
  9
$DIMCLRE
 70
0
  9
$DIMCLRT
 70
0
  9
$DIMTFAC
 40
0.5
  9
$DIMGAP
 40
0.1
  9
$DIMJUST
 70
0
  9
$DIMSD1
 70
0
  9
$DIMSD2
 70
0
  9
$DIMTOLJ
 70
0
  9
$DIMTZIN
 70
8
  9
$DIMALTZ
 70
0
  9
$DIMALTTZ
 70
0
  9
$DIMUPT
 70
1
  9
$DIMDEC
 70
2
  9
$DIMTDEC
 70
2
  9
$DIMALTU
 70
2
  9
$DIMALTTD
 70
3
  9
$DIMTXSTY
  7
OpenSansCondensed-Light
  9
$DIMAUNIT
 70
0
  9
$DIMADEC
 70
2
  9
$DIMALTRND
 40
0.0
  9
$DIMAZIN
 70
3
  9
$DIMDSEP
 70
46
  9
$DIMATFIT
 70
3
  9
$DIMFRAC
 70
0
  9
$DIMLDRBLK
  1

  9
$DIMLUNIT
 70
2
  9
$DIMLWD
 70
-2
  9
$DIMLWE
 70
-2
  9
$DIMTMOVE
 70
2
  9
$DIMFXL
 40
1.0
  9
$DIMFXLON
 70
0
  9
$DIMJOGANG
 40
0.785398163397
  9
$DIMTFILL
 70
0
  9
$DIMTFILLCLR
 70
0
  9
$DIMARCSYM
 70
0
  9
$DIMLTYPE
  6

  9
$DIMLTEX1
  6

  9
$DIMLTEX2
  6

  9
$DIMTXTDIRECTION
 70
0
  9
$LUNITS
 70
2
  9
$LUPREC
 70
4
  9
$SKETCHINC
 40
1.0
  9
$FILLETRAD
 40
10.0
  9
$AUNITS
 70
0
  9
$AUPREC
 70
2
  9
$MENU
  1
.
  9
$ELEVATION
 40
0.0
  9
$PELEVATION
 40
0.0
  9
$THICKNESS
 40
0.0
  9
$LIMCHECK
 70
0
  9
$CHAMFERA
 40
0.0
  9
$CHAMFERB
 40
0.0
  9
$CHAMFERC
 40
0.0
  9
$CHAMFERD
 40
0.0
  9
$SKPOLY
 70
0
  9
$TDCREATE
 40
2461226.4190972224
  9
$TDUCREATE
 40
2458532.153996898
  9
$TDUPDATE
 40
2461226.4190972224
  9
$TDUUPDATE
 40
2458532.1544311
  9
$TDINDWG
 40
0.0
  9
$TDUSRTIMER
 40
0.0
  9
$USRTIMER
 70
1
  9
$ANGBASE
 50
0.0
  9
$ANGDIR
 70
0
  9
$PDMODE
 70
0
  9
$PDSIZE
 40
0.0
  9
$PLINEWID
 40
0.0
  9
$SPLFRAME
 70
0
  9
$SPLINETYPE
 70
6
  9
$SPLINESEGS
 70
8
  9
$HANDSEED
  5
6CA
  9
$SURFTAB1
 70
6
  9
$SURFTAB2
 70
6
  9
$SURFTYPE
 70
6
  9
$SURFU
 70
6
  9
$SURFV
 70
6
  9
$UCSBASE
  2

  9
$UCSNAME
  2

  9
$UCSORG
 10
0.0
 20
0.0
 30
0.0
  9
$UCSXDIR
 10
1.0
 20
0.0
 30
0.0
  9
$UCSYDIR
 10
0.0
 20
1.0
 30
0.0
  9
$UCSORTHOREF
  2

  9
$UCSORTHOVIEW
 70
0
  9
$UCSORGTOP
 10
0.0
 20
0.0
 30
0.0
  9
$UCSORGBOTTOM
 10
0.0
 20
0.0
 30
0.0
  9
$UCSORGLEFT
 10
0.0
 20
0.0
 30
0.0
  9
$UCSORGRIGHT
 10
0.0
 20
0.0
 30
0.0
  9
$UCSORGFRONT
 10
0.0
 20
0.0
 30
0.0
  9
$UCSORGBACK
 10
0.0
 20
0.0
 30
0.0
  9
$PUCSBASE
  2

  9
$PUCSNAME
  2

  9
$PUCSORG
 10
0.0
 20
0.0
 30
0.0
  9
$PUCSXDIR
 10
1.0
 20
0.0
 30
0.0
  9
$PUCSYDIR
 10
0.0
 20
1.0
 30
0.0
  9
$PUCSORTHOREF
  2

  9
$PUCSORTHOVIEW
 70
0
  9
$PUCSORGTOP
 10
0.0
 20
0.0
 30
0.0
  9
$PUCSORGBOTTOM
 10
0.0
 20
0.0
 30
0.0
  9
$PUCSORGLEFT
 10
0.0
 20
0.0
 30
0.0
  9
$PUCSORGRIGHT
 10
0.0
 20
0.0
 30
0.0
  9
$PUCSORGFRONT
 10
0.0
 20
0.0
 30
0.0
  9
$PUCSORGBACK
 10
0.0
 20
0.0
 30
0.0
  9
$USERI1
 70
0
  9
$USERI2
 70
0
  9
$USERI3
 70
0
  9
$USERI4
 70
0
  9
$USERI5
 70
0
  9
$USERR1
 40
0.0
  9
$USERR2
 40
0.0
  9
$USERR3
 40
0.0
  9
$USERR4
 40
0.0
  9
$USERR5
 40
0.0
  9
$WORLDVIEW
 70
1
  9
$SHADEDGE
 70
3
  9
$SHADEDIF
 70
70
  9
$TILEMODE
 70
1
  9
$MAXACTVP
 70
64
  9
$PINSBASE
 10
0.0
 20
0.0
 30
0.0
  9
$PLIMCHECK
 70
0
  9
$PEXTMIN
 10
1e+20
 20
1e+20
 30
1e+20
  9
$PEXTMAX
 10
-1e+20
 20
-1e+20
 30
-1e+20
  9
$PLIMMIN
 10
0.0
 20
0.0
  9
$PLIMMAX
 10
420.0
 20
297.0
  9
$UNITMODE
 70
0
  9
$VISRETAIN
 70
1
  9
$PLINEGEN
 70
0
  9
$PSLTSCALE
 70
1
  9
$TREEDEPTH
 70
3020
  9
$CMLSTYLE
  2
Standard
  9
$CMLJUST
 70
0
  9
$CMLSCALE
 40
20.0
  9
$PROXYGRAPHICS
 70
1
  9
$MEASUREMENT
 70
1
  9
$CELWEIGHT
370
-1
  9
$ENDCAPS
280
0
  9
$JOINSTYLE
280
0
  9
$LWDISPLAY
290
0
  9
$INSUNITS
 70
6
  9
$HYPERLINKBASE
  1

  9
$STYLESHEET
  1

  9
$XEDIT
290
1
  9
$CEPSNTYPE
380
0
  9
$PSTYLEMODE
290
1
  9
$FINGERPRINTGUID
  2
{4C39C206-0509-4C80-A5A1-C1C3DE1856F4}
  9
$VERSIONGUID
  2
{D780A2A1-F382-4C9C-BE35-719F3D413D04}
  9
$EXTNAMES
290
1
  9
$PSVPSCALE
 40
0.0
  9
$OLESTARTUP
290
0
  9
$SORTENTS
280
127
  9
$INDEXCTL
280
0
  9
$HIDETEXT
280
1
  9
$XCLIPFRAME
280
1
  9
$HALOGAP
280
0
  9
$OBSCOLOR
 70
257
  9
$OBSLTYPE
280
0
  9
$INTERSECTIONDISPLAY
280
0
  9
$INTERSECTIONCOLOR
 70
257
  9
$DIMASSOC
280
2
  9
$PROJECTNAME
  1

  9
$CAMERADISPLAY
290
0
  9
$LENSLENGTH
 40
50.0
  9
$CAMERAHEIGHT
 40
0.0
  9
$STEPSPERSEC
 40
24.0
  9
$STEPSIZE
 40
100.0
  9
$3DDWFPREC
 40
2.0
  9
$PSOLWIDTH
 40
0.005
  9
$PSOLHEIGHT
 40
0.08
  9
$LOFTANG1
 40
1.570796326795
  9
$LOFTANG2
 40
1.570796326795
  9
$LOFTMAG1
 40
0.0
  9
$LOFTMAG2
 40
0.0
  9
$LOFTPARAM
 70
7
  9
$LOFTNORMALS
280
1
  9
$LATITUDE
 40
37.795
  9
$LONGITUDE
 40
-122.394
  9
$NORTHDIRECTION
 40
0.0
  9
$TIMEZONE
 70
-8000
  9
$LIGHTGLYPHDISPLAY
280
1
  9
$TILEMODELIGHTSYNCH
280
1
  9
$CMATERIAL
347
20
  9
$SOLIDHIST
280
0
  9
$SHOWHIST
280
1
  9
$DWFFRAME
280
2
  9
$DGNFRAME
280
2
  9
$REALWORLDSCALE
290
1
  9
$INTERFERECOLOR
 62
256
  9
$CSHADOW
280
0
  9
$SHADOWPLANELOCATION
 40
0.0
  0
ENDSEC
  0
SECTION
  2
CLASSES
  0
CLASS
  1
ACDBDICTIONARYWDFLT
  2
AcDbDictionaryWithDefault
  3
ObjectDBX Classes
 90
0
 91
0
280
0
281
0
  0
CLASS
  1
SUN
  2
AcDbSun
  3
SCENEOE
 90
1153
 91
0
280
0
281
0
  0
CLASS
  1
VISUALSTYLE
  2
AcDbVisualStyle
  3
ObjectDBX Classes
 90
4095
 91
0
280
0
281
0
  0
CLASS
  1
MATERIAL
  2
AcDbMaterial
  3
ObjectDBX Classes
 90
1153
 91
0
280
0
281
0
  0
CLASS
  1
SCALE
  2
AcDbScale
  3
ObjectDBX Classes
 90
1153
 91
0
280
0
281
0
  0
CLASS
  1
TABLESTYLE
  2
AcDbTableStyle
  3
ObjectDBX Classes
 90
4095
 91
0
280
0
281
0
  0
CLASS
  1
MLEADERSTYLE
  2
AcDbMLeaderStyle
  3
ACDB_MLEADERSTYLE_CLASS
 90
4095
 91
0
280
0
281
0
  0
CLASS
  1
DICTIONARYVAR
  2
AcDbDictionaryVar
  3
ObjectDBX Classes
 90
0
 91
0
280
0
281
0
  0
CLASS
  1
CELLSTYLEMAP
  2
AcDbCellStyleMap
  3
ObjectDBX Classes
 90
1152
 91
0
280
0
281
0
  0
CLASS
  1
MENTALRAYRENDERSETTINGS
  2
AcDbMentalRayRenderSettings
  3
SCENEOE
 90
1024
 91
0
280
0
281
0
  0
CLASS
  1
ACDBDETAILVIEWSTYLE
  2
AcDbDetailViewStyle
  3
ObjectDBX Classes
 90
1025
 91
0
280
0
281
0
  0
CLASS
  1
ACDBSECTIONVIEWSTYLE
  2
AcDbSectionViewStyle
  3
ObjectDBX Classes
 90
1025
 91
0
280
0
281
0
  0
CLASS
  1
RASTERVARIABLES
  2
AcDbRasterVariables
  3
ISM
 90
0
 91
0
280
0
281
0
  0
CLASS
  1
ACDBPLACEHOLDER
  2
AcDbPlaceHolder
  3
ObjectDBX Classes
 90
0
 91
0
280
0
281
0
  0
CLASS
  1
LAYOUT
  2
AcDbLayout
  3
ObjectDBX Classes
 90
0
 91
0
280
0
281
0
  0
ENDSEC
  0
SECTION
  2
TABLES
  0
TABLE
  2
VPORT
  5
8
330
0
100
AcDbSymbolTable
 70
1
  0
VPORT
  5
23
330
8
100
AcDbSymbolTableRecord
100
AcDbViewportTableRecord
  2
*Active
 70
0
 10
0.0
 20
0.0
 11
1.0
 21
1.0
 12
0.0
 22
0.0
 13
0.0
 23
0.0
 14
0.5
 24
0.5
 15
0.5
 25
0.5
 16
0.0
 26
0.0
 36
1.0
 17
0.0
 27
0.0
 37
0.0
 40
1000.0
 41
1.34
 42
50.0
 43
0.0
 44
0.0
 50
0.0
 51
0.0
 71
0
 72
1000
 73
1
 74
3
 75
0
 76
0
 77
0
 78
0
281
0
 65
0
146
0.0
  0
ENDTAB
  0
TABLE
  2
LTYPE
  5
2
330
0
100
AcDbSymbolTable
 70
22
  0
LTYPE
  5
24
330
2
100
AcDbSymbolTableRecord
100
AcDbLinetypeTableRecord
  2
ByBlock
 70
0
  3

 72
65
 73
0
 40
0.0
  0
LTYPE
  5
25
330
2
100
AcDbSymbolTableRecord
100
AcDbLinetypeTableRecord
  2
ByLayer
 70
0
  3

 72
65
 73
0
 40
0.0
  0
LTYPE
  5
26
330
2
100
AcDbSymbolTableRecord
100
AcDbLinetypeTableRecord
  2
Continuous
 70
0
  3

 72
65
 73
0
 40
0.0
  0
LTYPE
  5
2F
330
2
100
AcDbSymbolTableRecord
100
AcDbLinetypeTableRecord
  2
CENTER
 70
0
  3
Center ____ _ ____ _ ____ _ ____ _ ____ _ ____
 72
65
 73
4
 40
5.08
 49
3.175
 74
0
 49
-0.635
 74
0
 49
0.635
 74
0
 49
-0.635
 74
0
  0
LTYPE
  5
30
330
2
100
AcDbSymbolTableRecord
100
AcDbLinetypeTableRecord
  2
CENTERX2
 70
0
  3
Center (2x) ________  __  ________  __  ________
 72
65
 73
4
 40
8.89
 49
6.35
 74
0
 49
-0.635
 74
0
 49
1.27
 74
0
 49
-0.635
 74
0
  0
LTYPE
  5
31
330
2
100
AcDbSymbolTableRecord
100
AcDbLinetypeTableRecord
  2
CENTER2
 70
0
  3
Center (.5x) ____ _ ____ _ ____ _ ____ _ ____
 72
65
 73
4
 40
2.54
 49
1.587
 74
0
 49
-0.318
 74
0
 49
0.318
 74
0
 49
-0.318
 74
0
  0
LTYPE
  5
32
330
2
100
AcDbSymbolTableRecord
100
AcDbLinetypeTableRecord
  2
DASHED
 70
0
  3
Dashed __ __ __ __ __ __ __ __ __ __ __ __ __ _
 72
65
 73
2
 40
1.524
 49
1.27
 74
0
 49
-0.254
 74
0
  0
LTYPE
  5
33
330
2
100
AcDbSymbolTableRecord
100
AcDbLinetypeTableRecord
  2
DASHEDX2
 70
0
  3
Dashed (2x) ____  ____  ____  ____  ____  ____
 72
65
 73
2
 40
3.048
 49
2.54
 74
0
 49
-0.508
 74
0
  0
LTYPE
  5
34
330
2
100
AcDbSymbolTableRecord
100
AcDbLinetypeTableRecord
  2
DASHED2
 70
0
  3
Dashed (.5x) _ _ _ _ _ _ _ _ _ _ _ _ _ _
 72
65
 73
2
 40
0.762
 49
0.635
 74
0
 49
-0.127
 74
0
  0
LTYPE
  5
35
330
2
100
AcDbSymbolTableRecord
100
AcDbLinetypeTableRecord
  2
PHANTOM
 70
0
  3
Phantom ______  __  __  ______  __  __  ______
 72
65
 73
6
 40
6.35
 49
3.175
 74
0
 49
-0.635
 74
0
 49
0.635
 74
0
 49
-0.635
 74
0
 49
0.635
 74
0
 49
-0.635
 74
0
  0
LTYPE
  5
36
330
2
100
AcDbSymbolTableRecord
100
AcDbLinetypeTableRecord
  2
PHANTOMX2
 70
0
  3
Phantom (2x)____________    ____    ____    ____________
 72
65
 73
6
 40
10.795
 49
6.35
 74
0
 49
-0.635
 74
0
 49
1.27
 74
0
 49
-0.635
 74
0
 49
1.27
 74
0
 49
-0.635
 74
0
  0
LTYPE
  5
37
330
2
100
AcDbSymbolTableRecord
100
AcDbLinetypeTableRecord
  2
PHANTOM2
 70
0
  3
Phantom (.5x) ___ _ _ ___ _ _ ___ _ _ ___ _ _ ___
 72
65
 73
6
 40
3.175
 49
1.587
 74
0
 49
-0.318
 74
0
 49
0.318
 74
0
 49
-0.318
 74
0
 49
0.318
 74
0
 49
-0.318
 74
0
  0
LTYPE
  5
38
330
2
100
AcDbSymbolTableRecord
100
AcDbLinetypeTableRecord
  2
DASHDOT
 70
0
  3
Dash dot __ . __ . __ . __ . __ . __ . __ . __
 72
65
 73
4
 40
3.556
 49
2.54
 74
0
 49
-0.508
 74
0
 49
0.0
 74
0
 49
-0.508
 74
0
  0
LTYPE
  5
39
330
2
100
AcDbSymbolTableRecord
100
AcDbLinetypeTableRecord
  2
DASHDOTX2
 70
0
  3
Dash dot (2x) ____  .  ____  .  ____  .  ____
 72
65
 73
4
 40
6.096
 49
5.08
 74
0
 49
-0.508
 74
0
 49
0.0
 74
0
 49
-0.508
 74
0
  0
LTYPE
  5
3A
330
2
100
AcDbSymbolTableRecord
100
AcDbLinetypeTableRecord
  2
DASHDOT2
 70
0
  3
Dash dot (.5x) _ . _ . _ . _ . _ . _ . _ . _
 72
65
 73
4
 40
1.778
 49
1.27
 74
0
 49
-0.254
 74
0
 49
0.0
 74
0
 49
-0.254
 74
0
  0
LTYPE
  5
3B
330
2
100
AcDbSymbolTableRecord
100
AcDbLinetypeTableRecord
  2
DOT
 70
0
  3
Dot .  .  .  .  .  .  .  .  .  .  .  .  .  .  .  .
 72
65
 73
2
 40
0.508
 49
0.0
 74
0
 49
-0.508
 74
0
  0
LTYPE
  5
3C
330
2
100
AcDbSymbolTableRecord
100
AcDbLinetypeTableRecord
  2
DOTX2
 70
0
  3
Dot (2x) .    .    .    .    .    .    .    . 
 72
65
 73
2
 40
1.016
 49
0.0
 74
0
 49
-1.016
 74
0
  0
LTYPE
  5
3D
330
2
100
AcDbSymbolTableRecord
100
AcDbLinetypeTableRecord
  2
DOT2
 70
0
  3
Dot (.5) . . . . . . . . . . . . . . . . . . . 
 72
65
 73
2
 40
0.254
 49
0.0
 74
0
 49
-0.254
 74
0
  0
LTYPE
  5
3E
330
2
100
AcDbSymbolTableRecord
100
AcDbLinetypeTableRecord
  2
DIVIDE
 70
0
  3
Divide __ . . __ . . __ . . __ . . __ . . __
 72
65
 73
6
 40
4.064
 49
2.54
 74
0
 49
-0.508
 74
0
 49
0.0
 74
0
 49
-0.508
 74
0
 49
0.0
 74
0
 49
-0.508
 74
0
  0
LTYPE
  5
3F
330
2
100
AcDbSymbolTableRecord
100
AcDbLinetypeTableRecord
  2
DIVIDEX2
 70
0
  3
Divide (2x) ____  . .  ____  . .  ____  . .  ____
 72
65
 73
6
 40
6.604
 49
5.08
 74
0
 49
-0.508
 74
0
 49
0.0
 74
0
 49
-0.508
 74
0
 49
0.0
 74
0
 49
-0.508
 74
0
  0
LTYPE
  5
40
330
2
100
AcDbSymbolTableRecord
100
AcDbLinetypeTableRecord
  2
DIVIDE2
 70
0
  3
Divide(.5x) _ . _ . _ . _ . _ . _ . _ . _
 72
65
 73
6
 40
2.032
 49
1.27
 74
0
 49
-0.254
 74
0
 49
0.0
 74
0
 49
-0.254
 74
0
 49
0.0
 74
0
 49
-0.254
 74
0
  0
ENDTAB
  0
TABLE
  2
LAYER
  5
1
330
0
100
AcDbSymbolTable
 70
14
  0
LAYER
  5
27
330
1
100
AcDbSymbolTableRecord
100
AcDbLayerTableRecord
  2
0
 70
0
 62
7
  6
Continuous
370
-3
390
13
347
21
  0
LAYER
  5
28
330
1
100
AcDbSymbolTableRecord
100
AcDbLayerTableRecord
  2
Defpoints
 70
0
 62
7
  6
Continuous
290
0
370
-3
390
13
347
21
  0
LAYER
  5
8D
330
1
100
AcDbSymbolTableRecord
100
AcDbLayerTableRecord
  2
OUTLINE
 70
0
 62
7
  6
CONTINUOUS
370
50
390
13
347
21
  0
LAYER
  5
8E
330
1
100
AcDbSymbolTableRecord
100
AcDbLayerTableRecord
  2
HOLE
 70
0
 62
7
  6
CONTINUOUS
370
50
390
13
347
21
  0
LAYER
  5
8F
330
1
100
AcDbSymbolTableRecord
100
AcDbLayerTableRecord
  2
CENTER
 70
0
 62
1
  6
CENTER
370
18
390
13
347
21
  0
LAYER
  5
90
330
1
100
AcDbSymbolTableRecord
100
AcDbLayerTableRecord
  2
HIDDEN
 70
0
 62
4
  6
HIDDEN
370
25
390
13
347
21
  0
LAYER
  5
91
330
1
100
AcDbSymbolTableRecord
100
AcDbLayerTableRecord
  2
DIM
 70
0
 62
2
  6
CONTINUOUS
370
18
390
13
347
21
  0
LAYER
  5
92
330
1
100
AcDbSymbolTableRecord
100
AcDbLayerTableRecord
  2
LEADER
 70
0
 62
2
  6
CONTINUOUS
370
18
390
13
347
21
  0
LAYER
  5
93
330
1
100
AcDbSymbolTableRecord
100
AcDbLayerTableRecord
  2
FRAME
 70
0
 62
7
  6
CONTINUOUS
370
13
390
13
347
21
  0
LAYER
  5
94
330
1
100
AcDbSymbolTableRecord
100
AcDbLayerTableRecord
  2
TITLE
 70
0
 62
7
  6
CONTINUOUS
370
13
390
13
347
21
  0
LAYER
  5
95
330
1
100
AcDbSymbolTableRecord
100
AcDbLayerTableRecord
  2
TEXT
 70
0
 62
7
  6
CONTINUOUS
370
13
390
13
347
21
  0
LAYER
  5
96
330
1
100
AcDbSymbolTableRecord
100
AcDbLayerTableRecord
  2
TECH
 70
0
 62
5
  6
CONTINUOUS
370
13
390
13
347
21
  0
LAYER
  5
97
330
1
100
AcDbSymbolTableRecord
100
AcDbLayerTableRecord
  2
BOM
 70
0
 62
7
  6
CONTINUOUS
370
13
390
13
347
21
  0
LAYER
  5
98
330
1
100
AcDbSymbolTableRecord
100
AcDbLayerTableRecord
  2
SECTION
 70
0
 62
1
  6
CONTINUOUS
370
18
390
13
347
21
  0
ENDTAB
  0
TABLE
  2
STYLE
  5
5
330
0
100
AcDbSymbolTable
 70
28
  0
STYLE
  5
29
330
5
100
AcDbSymbolTableRecord
100
AcDbTextStyleTableRecord
  2
Standard
 70
0
 40
0.0
 41
1.0
 50
0.0
 71
0
 42
2.5
  3
txt
  4

  0
STYLE
  5
41
330
5
100
AcDbSymbolTableRecord
100
AcDbTextStyleTableRecord
  2
OpenSans-Light
 70
0
 40
0.0
 41
1.0
 50
0.0
 71
0
 42
2.5
  3
OpenSans-Light.ttf
  4

  0
STYLE
  5
42
330
5
100
AcDbSymbolTableRecord
100
AcDbTextStyleTableRecord
  2
OpenSans-Light-Italic
 70
0
 40
0.0
 41
1.0
 50
0.0
 71
0
 42
2.5
  3
OpenSans-LightItalic.ttf
  4

  0
STYLE
  5
43
330
5
100
AcDbSymbolTableRecord
100
AcDbTextStyleTableRecord
  2
OpenSans
 70
0
 40
0.0
 41
1.0
 50
0.0
 71
0
 42
2.5
  3
OpenSans-Regular.ttf
  4

  0
STYLE
  5
44
330
5
100
AcDbSymbolTableRecord
100
AcDbTextStyleTableRecord
  2
OpenSans-Italic
 70
0
 40
0.0
 41
1.0
 50
0.0
 71
0
 42
2.5
  3
OpenSans-Italic.ttf
  4

  0
STYLE
  5
45
330
5
100
AcDbSymbolTableRecord
100
AcDbTextStyleTableRecord
  2
OpenSans-SemiBold
 70
0
 40
0.0
 41
1.0
 50
0.0
 71
0
 42
2.5
  3
OpenSans-SemiBold.ttf
  4

  0
STYLE
  5
46
330
5
100
AcDbSymbolTableRecord
100
AcDbTextStyleTableRecord
  2
OpenSans-SemiBoldItalic
 70
0
 40
0.0
 41
1.0
 50
0.0
 71
0
 42
2.5
  3
OpenSans-SemiBoldItalic.ttf
  4

  0
STYLE
  5
47
330
5
100
AcDbSymbolTableRecord
100
AcDbTextStyleTableRecord
  2
OpenSans-Bold
 70
0
 40
0.0
 41
1.0
 50
0.0
 71
0
 42
2.5
  3
OpenSans-Bold.ttf
  4

  0
STYLE
  5
48
330
5
100
AcDbSymbolTableRecord
100
AcDbTextStyleTableRecord
  2
OpenSans-BoldItalic
 70
0
 40
0.0
 41
1.0
 50
0.0
 71
0
 42
2.5
  3
OpenSans-BoldItalic.ttf
  4

  0
STYLE
  5
49
330
5
100
AcDbSymbolTableRecord
100
AcDbTextStyleTableRecord
  2
OpenSans-ExtraBold
 70
0
 40
0.0
 41
1.0
 50
0.0
 71
0
 42
2.5
  3
OpenSans-ExtraBold.ttf
  4

  0
STYLE
  5
4A
330
5
100
AcDbSymbolTableRecord
100
AcDbTextStyleTableRecord
  2
OpenSans-ExtraBoldItalic
 70
0
 40
0.0
 41
1.0
 50
0.0
 71
0
 42
2.5
  3
OpenSans-ExtraBoldItalic.ttf
  4

  0
STYLE
  5
4B
330
5
100
AcDbSymbolTableRecord
100
AcDbTextStyleTableRecord
  2
OpenSansCondensed-Bold
 70
0
 40
0.0
 41
1.0
 50
0.0
 71
0
 42
2.5
  3
OpenSansCondensed-Bold.ttf
  4

  0
STYLE
  5
4C
330
5
100
AcDbSymbolTableRecord
100
AcDbTextStyleTableRecord
  2
OpenSansCondensed-Light
 70
0
 40
0.0
 41
1.0
 50
0.0
 71
0
 42
2.5
  3
OpenSansCondensed-Light.ttf
  4

  0
STYLE
  5
4D
330
5
100
AcDbSymbolTableRecord
100
AcDbTextStyleTableRecord
  2
OpenSansCondensed-Italic
 70
0
 40
0.0
 41
1.0
 50
0.0
 71
0
 42
2.5
  3
OpenSansCondensed-LightItalic.ttf
  4

  0
STYLE
  5
4E
330
5
100
AcDbSymbolTableRecord
100
AcDbTextStyleTableRecord
  2
LiberationSans
 70
0
 40
0.0
 41
1.0
 50
0.0
 71
0
 42
2.5
  3
LiberationSans-Regular.ttf
  4

  0
STYLE
  5
4F
330
5
100
AcDbSymbolTableRecord
100
AcDbTextStyleTableRecord
  2
LiberationSans-Bold
 70
0
 40
0.0
 41
1.0
 50
0.0
 71
0
 42
2.5
  3
LiberationSans-Bold.ttf
  4

  0
STYLE
  5
50
330
5
100
AcDbSymbolTableRecord
100
AcDbTextStyleTableRecord
  2
LiberationSans-BoldItalic
 70
0
 40
0.0
 41
1.0
 50
0.0
 71
0
 42
2.5
  3
LiberationSans-BoldItalic.ttf
  4

  0
STYLE
  5
51
330
5
100
AcDbSymbolTableRecord
100
AcDbTextStyleTableRecord
  2
LiberationSans-Italic
 70
0
 40
0.0
 41
1.0
 50
0.0
 71
0
 42
2.5
  3
LiberationSans-Italic.ttf
  4

  0
STYLE
  5
52
330
5
100
AcDbSymbolTableRecord
100
AcDbTextStyleTableRecord
  2
LiberationSerif
 70
0
 40
0.0
 41
1.0
 50
0.0
 71
0
 42
2.5
  3
LiberationSerif-Regular.ttf
  4

  0
STYLE
  5
53
330
5
100
AcDbSymbolTableRecord
100
AcDbTextStyleTableRecord
  2
LiberationSerif-Bold
 70
0
 40
0.0
 41
1.0
 50
0.0
 71
0
 42
2.5
  3
LiberationSerif-Bold.ttf
  4

  0
STYLE
  5
54
330
5
100
AcDbSymbolTableRecord
100
AcDbTextStyleTableRecord
  2
LiberationSerif-BoldItalic
 70
0
 40
0.0
 41
1.0
 50
0.0
 71
0
 42
2.5
  3
LiberationSerif-BoldItalic.ttf
  4

  0
STYLE
  5
55
330
5
100
AcDbSymbolTableRecord
100
AcDbTextStyleTableRecord
  2
LiberationSerif-Italic
 70
0
 40
0.0
 41
1.0
 50
0.0
 71
0
 42
2.5
  3
LiberationSerif-Italic.ttf
  4

  0
STYLE
  5
56
330
5
100
AcDbSymbolTableRecord
100
AcDbTextStyleTableRecord
  2
LiberationMono
 70
0
 40
0.0
 41
1.0
 50
0.0
 71
0
 42
2.5
  3
LiberationMono-Regular.ttf
  4

  0
STYLE
  5
57
330
5
100
AcDbSymbolTableRecord
100
AcDbTextStyleTableRecord
  2
LiberationMono-Bold
 70
0
 40
0.0
 41
1.0
 50
0.0
 71
0
 42
2.5
  3
LiberationMono-Bold.ttf
  4

  0
STYLE
  5
58
330
5
100
AcDbSymbolTableRecord
100
AcDbTextStyleTableRecord
  2
LiberationMono-BoldItalic
 70
0
 40
0.0
 41
1.0
 50
0.0
 71
0
 42
2.5
  3
LiberationMono-BoldItalic.ttf
  4

  0
STYLE
  5
59
330
5
100
AcDbSymbolTableRecord
100
AcDbTextStyleTableRecord
  2
LiberationMono-Italic
 70
0
 40
0.0
 41
1.0
 50
0.0
 71
0
 42
2.5
  3
LiberationMono-Italic.ttf
  4

  0
STYLE
  5
8A
330
5
100
AcDbSymbolTableRecord
100
AcDbTextStyleTableRecord
  2
SimSun
 70
0
 40
0.0
 41
1.0
 50
0.0
 71
0
 42
2.5
  3
simsun.ttc
  4

  0
STYLE
  5
8B
330
5
100
AcDbSymbolTableRecord
100
AcDbTextStyleTableRecord
  2
txt
 70
0
 40
0.0
 41
1.0
 50
0.0
 71
0
 42
2.5
  3
txt.shx
  4

  0
ENDTAB
  0
TABLE
  2
VIEW
  5
7
330
0
100
AcDbSymbolTable
 70
0
  0
ENDTAB
  0
TABLE
  2
UCS
  5
6
330
0
100
AcDbSymbolTable
 70
0
  0
ENDTAB
  0
TABLE
  2
APPID
  5
3
330
0
100
AcDbSymbolTable
 70
3
  0
APPID
  5
2A
330
3
100
AcDbSymbolTableRecord
100
AcDbRegAppTableRecord
  2
ACAD
 70
0
  0
APPID
  5
6C7
330
3
100
AcDbSymbolTableRecord
100
AcDbRegAppTableRecord
  2
HATCHBACKGROUNDCOLOR
 70
0
  0
APPID
  5
6C8
330
3
100
AcDbSymbolTableRecord
100
AcDbRegAppTableRecord
  2
EZDXF
 70
0
  0
ENDTAB
  0
TABLE
  2
DIMSTYLE
  5
4
330
0
100
AcDbSymbolTable
 70
13
100
AcDbDimStyleTable
  0
DIMSTYLE
105
2B
330
4
100
AcDbSymbolTableRecord
100
AcDbDimStyleTableRecord
  2
Standard
 70
0
 40
1.0
 41
2.5
 42
0.625
 43
3.75
 44
1.25
 45
0.0
 46
0.0
 47
0.0
 48
0.0
 49
2.5
140
2.5
141
2.5
142
0.0
143
0.03937007874
144
1.0
145
0.0
146
1.0
147
0.625
148
0.0
 69
0
 70
0
 71
0
 72
0
 73
0
 74
0
 75
0
 76
0
 77
1
 78
8
 79
3
170
0
171
3
172
1
173
0
174
0
175
0
176
0
177
0
178
0
179
2
271
2
272
2
273
2
274
3
275
0
276
0
277
2
278
44
279
0
280
0
281
0
282
0
283
0
284
8
285
0
286
0
288
0
289
3
290
0
371
-2
372
-2
  0
DIMSTYLE
105
73
330
4
100
AcDbSymbolTableRecord
100
AcDbDimStyleTableRecord
  2
EZDXF
 70
0
 40
1.0
 41
0.175
 42
0.125
 43
3.75
 44
0.375
 45
0.0
 46
0.0
 47
0.0
 48
0.0
 49
2.5
140
0.25
141
2.5
142
0.0
143
0.03937007874
144
100.0
145
0.0
146
0.5
147
0.1
148
0.0
 69
0
 70
0
 71
0
 72
0
 73
0
 74
0
 75
0
 76
0
 77
1
 78
12
 79
3
170
0
171
3
172
1
173
0
174
0
175
0
176
0
177
0
178
0
179
2
271
2
272
2
273
2
274
3
275
0
276
0
277
2
278
46
279
2
280
0
281
0
282
0
283
0
284
8
285
0
286
0
288
1
289
3
290
0
340
4C
342
74
371
-2
372
-2
  0
DIMSTYLE
105
7C
330
4
100
AcDbSymbolTableRecord
100
AcDbDimStyleTableRecord
  2
EZ_M_100_H25_CM
 70
0
 40
1.0
 41
0.25
 42
0.125
 43
3.75
 44
0.375
 45
0.0
 46
0.0
 47
0.0
 48
0.0
 49
2.5
140
0.25
141
2.5
142
0.125
143
0.03937007874
144
100.0
145
0.0
146
0.5
147
0.1
148
0.0
 69
0
 70
0
 71
0
 72
0
 73
0
 74
0
 75
0
 76
0
 77
1
 78
12
 79
3
170
0
171
3
172
1
173
0
174
0
175
0
176
0
177
0
178
0
179
2
271
2
272
2
273
2
274
3
275
0
276
0
277
2
278
46
279
2
280
0
281
0
282
0
283
0
284
8
285
0
286
0
288
1
289
3
290
0
340
4C
371
-2
372
-2
  0
DIMSTYLE
105
7D
330
4
100
AcDbSymbolTableRecord
100
AcDbDimStyleTableRecord
  2
EZ_M_50_H25_CM
 70
0
 40
1.0
 41
0.125
 42
0.0625
 43
3.75
 44
0.1875
 45
0.0
 46
0.0
 47
0.0
 48
0.0
 49
2.5
140
0.125
141
2.5
142
0.0625
143
0.03937007874
144
100.0
145
0.0
146
0.5
147
0.05
148
0.0
 69
0
 70
0
 71
0
 72
0
 73
0
 74
0
 75
0
 76
0
 77
1
 78
12
 79
3
170
0
171
3
172
1
173
0
174
0
175
0
176
0
177
0
178
0
179
2
271
2
272
2
273
2
274
3
275
0
276
0
277
2
278
46
279
2
280
0
281
0
282
0
283
0
284
8
285
0
286
0
288
1
289
3
290
0
340
4C
371
-2
372
-2
  0
DIMSTYLE
105
7E
330
4
100
AcDbSymbolTableRecord
100
AcDbDimStyleTableRecord
  2
EZ_M_25_H25_CM
 70
0
 40
1.0
 41
0.0625
 42
0.03125
 43
3.75
 44
0.09375
 45
0.0
 46
0.0
 47
0.0
 48
0.0
 49
2.5
140
0.0625
141
2.5
142
0.03125
143
0.03937007874
144
100.0
145
0.0
146
0.5
147
0.025
148
0.0
 69
0
 70
0
 71
0
 72
0
 73
0
 74
0
 75
0
 76
0
 77
1
 78
12
 79
3
170
0
171
3
172
1
173
0
174
0
175
0
176
0
177
0
178
0
179
2
271
2
272
2
273
2
274
3
275
0
276
0
277
2
278
46
279
2
280
0
281
0
282
0
283
0
284
8
285
0
286
0
288
1
289
3
290
0
340
4C
371
-2
372
-2
  0
DIMSTYLE
105
7F
330
4
100
AcDbSymbolTableRecord
100
AcDbDimStyleTableRecord
  2
EZ_M_20_H25_CM
 70
0
 40
1.0
 41
0.05
 42
0.025
 43
3.75
 44
0.07500000000000001
 45
0.0
 46
0.0
 47
0.0
 48
0.0
 49
2.5
140
0.05
141
2.5
142
0.025
143
0.03937007874
144
100.0
145
0.0
146
0.5
147
0.020000000000000004
148
0.0
 69
0
 70
0
 71
0
 72
0
 73
0
 74
0
 75
0
 76
0
 77
1
 78
12
 79
3
170
0
171
3
172
1
173
0
174
0
175
0
176
0
177
0
178
0
179
2
271
2
272
2
273
2
274
3
275
0
276
0
277
2
278
46
279
2
280
0
281
0
282
0
283
0
284
8
285
0
286
0
288
1
289
3
290
0
340
4C
371
-2
372
-2
  0
DIMSTYLE
105
80
330
4
100
AcDbSymbolTableRecord
100
AcDbDimStyleTableRecord
  2
EZ_M_10_H25_CM
 70
0
 40
1.0
 41
0.025
 42
0.0125
 43
3.75
 44
0.037500000000000006
 45
0.0
 46
0.0
 47
0.0
 48
0.0
 49
2.5
140
0.025
141
2.5
142
0.0125
143
0.03937007874
144
100.0
145
0.0
146
0.5
147
0.010000000000000002
148
0.0
 69
0
 70
0
 71
0
 72
0
 73
0
 74
0
 75
0
 76
0
 77
1
 78
12
 79
3
170
0
171
3
172
1
173
0
174
0
175
0
176
0
177
0
178
0
179
2
271
2
272
2
273
2
274
3
275
0
276
0
277
2
278
46
279
2
280
0
281
0
282
0
283
0
284
8
285
0
286
0
288
1
289
3
290
0
340
4C
371
-2
372
-2
  0
DIMSTYLE
105
81
330
4
100
AcDbSymbolTableRecord
100
AcDbDimStyleTableRecord
  2
EZ_M_5_H25_CM
 70
0
 40
1.0
 41
0.0125
 42
0.00625
 43
3.75
 44
0.018750000000000003
 45
0.0
 46
0.0
 47
0.0
 48
0.0
 49
2.5
140
0.0125
141
2.5
142
0.00625
143
0.03937007874
144
100.0
145
0.0
146
0.5
147
0.005000000000000001
148
0.0
 69
0
 70
0
 71
0
 72
0
 73
0
 74
0
 75
0
 76
0
 77
1
 78
12
 79
3
170
0
171
3
172
1
173
0
174
0
175
0
176
0
177
0
178
0
179
2
271
2
272
2
273
2
274
3
275
0
276
0
277
2
278
46
279
2
280
0
281
0
282
0
283
0
284
8
285
0
286
0
288
1
289
3
290
0
340
4C
371
-2
372
-2
  0
DIMSTYLE
105
82
330
4
100
AcDbSymbolTableRecord
100
AcDbDimStyleTableRecord
  2
EZ_M_1_H25_CM
 70
0
 40
1.0
 41
0.0025
 42
0.00125
 43
3.75
 44
0.00375
 45
0.0
 46
0.0
 47
0.0
 48
0.0
 49
2.5
140
0.0025
141
2.5
142
0.00125
143
0.03937007874
144
100.0
145
0.0
146
0.5
147
0.001
148
0.0
 69
0
 70
0
 71
0
 72
0
 73
0
 74
0
 75
0
 76
0
 77
1
 78
12
 79
3
170
0
171
3
172
1
173
0
174
0
175
0
176
0
177
0
178
0
179
2
271
2
272
2
273
2
274
3
275
0
276
0
277
2
278
46
279
2
280
0
281
0
282
0
283
0
284
8
285
0
286
0
288
1
289
3
290
0
340
4C
371
-2
372
-2
  0
DIMSTYLE
105
83
330
4
100
AcDbSymbolTableRecord
100
AcDbDimStyleTableRecord
  2
EZ_RADIUS
 70
0
 40
1.0
 41
0.25
 42
0.125
 43
3.75
 44
0.375
 45
0.0
 46
0.0
 47
0.0
 48
0.0
 49
2.5
140
0.25
141
0.0
142
0.0
143
0.03937007874
144
100.0
145
0.0
146
0.5
147
0.1
148
0.0
 69
0
 70
0
 71
0
 72
0
 73
0
 74
0
 75
0
 76
0
 77
1
 78
12
 79
3
170
0
171
3
172
0
173
0
174
0
175
0
176
0
177
0
178
0
179
2
271
2
272
2
273
2
274
3
275
0
276
0
277
2
278
46
279
1
280
0
281
0
282
0
283
0
284
8
285
0
286
0
288
1
289
3
290
0
340
4C
342
84
371
-2
372
-2
  0
DIMSTYLE
105
88
330
4
100
AcDbSymbolTableRecord
100
AcDbDimStyleTableRecord
  2
EZ_RADIUS_INSIDE
 70
0
 40
1.0
 41
0.25
 42
0.125
 43
3.75
 44
0.375
 45
0.0
 46
0.0
 47
0.0
 48
0.0
 49
2.5
140
0.25
141
0.0
142
0.0
143
0.03937007874
144
100.0
145
0.0
146
0.5
147
0.1
148
0.0
 69
0
 70
0
 71
0
 72
0
 73
0
 74
0
 75
0
 76
0
 77
0
 78
12
 79
3
170
0
171
3
172
0
173
0
174
1
175
0
176
0
177
0
178
0
179
2
271
2
272
2
273
2
274
3
275
0
276
0
277
2
278
46
279
0
280
0
281
0
282
0
283
0
284
8
285
0
286
0
288
1
289
0
290
0
340
4C
342
84
371
-2
372
-2
  0
DIMSTYLE
105
89
330
4
100
AcDbSymbolTableRecord
100
AcDbDimStyleTableRecord
  2
EZ_CURVED
 70
0
 40
1.0
 41
0.25
 42
0.125
 43
3.75
 44
0.375
 45
0.0
 46
0.0
 47
0.0
 48
0.0
 49
2.5
140
0.25
141
2.5
142
0.0
143
0.03937007874
144
100.0
145
0.0
146
0.5
147
0.1
148
0.0
 69
0
 70
0
 71
0
 72
0
 73
0
 74
0
 75
0
 76
0
 77
1
 78
12
 79
2
 90
2
170
0
171
3
172
1
173
0
174
0
175
0
176
0
177
0
178
0
179
2
271
2
272
2
273
2
274
3
275
0
276
0
277
2
278
46
279
2
280
0
281
0
282
0
283
0
284
8
285
0
286
0
288
1
289
3
290
0
340
4C
371
-2
372
-2
  0
DIMSTYLE
105
99
330
4
100
AcDbSymbolTableRecord
100
AcDbDimStyleTableRecord
  2
GB_DIM
 70
0
 40
1.0
 41
2.5
 42
1.0
 43
3.75
 44
2.0
 45
0.0
 46
0.0
 47
0.0
 48
0.0
 49
2.5
140
3.5
141
2.5
142
0.0
143
0.03937007874
144
1.0
145
0.0
146
1.0
147
1.0
148
0.0
 69
0
 70
0
 71
0
 72
0
 73
0
 74
0
 75
0
 76
0
 77
1
 78
12
 79
3
170
0
171
3
172
1
173
0
174
0
175
0
176
2
177
2
178
7
179
0
271
1
272
2
273
2
274
3
275
0
276
0
277
2
278
46
279
2
280
0
281
0
282
0
283
0
284
8
285
0
286
0
288
1
289
3
290
0
340
8A
342
74
371
-2
372
-2
  0
ENDTAB
  0
TABLE
  2
BLOCK_RECORD
  5
9
330
0
100
AcDbSymbolTable
 70
56
  0
BLOCK_RECORD
  5
17
330
9
100
AcDbSymbolTableRecord
100
AcDbBlockTableRecord
  2
*Model_Space
340
1A
 70
0
280
1
281
0
  0
BLOCK_RECORD
  5
1B
330
9
100
AcDbSymbolTableRecord
100
AcDbBlockTableRecord
  2
*Paper_Space
340
1E
 70
0
280
1
281
0
  0
BLOCK_RECORD
  5
74
330
9
100
AcDbSymbolTableRecord
100
AcDbBlockTableRecord
  2
_ARCHTICK
340
0
 70
0
280
1
281
0
  0
BLOCK_RECORD
  5
78
330
9
100
AcDbSymbolTableRecord
100
AcDbBlockTableRecord
  2
_CLOSEDFILLED
340
0
 70
0
280
1
281
0
  0
BLOCK_RECORD
  5
84
330
9
100
AcDbSymbolTableRecord
100
AcDbBlockTableRecord
  2
_CLOSEDBLANK
340
0
 70
0
280
1
281
0
  0
BLOCK_RECORD
  5
2D8
330
9
100
AcDbSymbolTableRecord
100
AcDbBlockTableRecord
  2
*D1
340
0
 70
0
280
1
281
0
  0
BLOCK_RECORD
  5
2E7
330
9
100
AcDbSymbolTableRecord
100
AcDbBlockTableRecord
  2
*D2
340
0
 70
0
280
1
281
0
  0
BLOCK_RECORD
  5
312
330
9
100
AcDbSymbolTableRecord
100
AcDbBlockTableRecord
  2
*D3
340
0
 70
0
280
1
281
0
  0
BLOCK_RECORD
  5
321
330
9
100
AcDbSymbolTableRecord
100
AcDbBlockTableRecord
  2
*D4
340
0
 70
0
280
1
281
0
  0
BLOCK_RECORD
  5
330
330
9
100
AcDbSymbolTableRecord
100
AcDbBlockTableRecord
  2
*D5
340
0
 70
0
280
1
281
0
  0
BLOCK_RECORD
  5
33F
330
9
100
AcDbSymbolTableRecord
100
AcDbBlockTableRecord
  2
*D6
340
0
 70
0
280
1
281
0
  0
BLOCK_RECORD
  5
34E
330
9
100
AcDbSymbolTableRecord
100
AcDbBlockTableRecord
  2
*D7
340
0
 70
0
280
1
281
0
  0
BLOCK_RECORD
  5
35D
330
9
100
AcDbSymbolTableRecord
100
AcDbBlockTableRecord
  2
*D8
340
0
 70
0
280
1
281
0
  0
BLOCK_RECORD
  5
36C
330
9
100
AcDbSymbolTableRecord
100
AcDbBlockTableRecord
  2
*D9
340
0
 70
0
280
1
281
0
  0
BLOCK_RECORD
  5
37B
330
9
100
AcDbSymbolTableRecord
100
AcDbBlockTableRecord
  2
*D10
340
0
 70
0
280
1
281
0
  0
BLOCK_RECORD
  5
38A
330
9
100
AcDbSymbolTableRecord
100
AcDbBlockTableRecord
  2
*D11
340
0
 70
0
280
1
281
0
  0
BLOCK_RECORD
  5
399
330
9
100
AcDbSymbolTableRecord
100
AcDbBlockTableRecord
  2
*D12
340
0
 70
0
280
1
281
0
  0
BLOCK_RECORD
  5
3A8
330
9
100
AcDbSymbolTableRecord
100
AcDbBlockTableRecord
  2
*D13
340
0
 70
0
280
1
281
0
  0
BLOCK_RECORD
  5
3B7
330
9
100
AcDbSymbolTableRecord
100
AcDbBlockTableRecord
  2
*D14
340
0
 70
0
280
1
281
0
  0
BLOCK_RECORD
  5
3C6
330
9
100
AcDbSymbolTableRecord
100
AcDbBlockTableRecord
  2
*D15
340
0
 70
0
280
1
281
0
  0
BLOCK_RECORD
  5
3D5
330
9
100
AcDbSymbolTableRecord
100
AcDbBlockTableRecord
  2
*D16
340
0
 70
0
280
1
281
0
  0
BLOCK_RECORD
  5
3E4
330
9
100
AcDbSymbolTableRecord
100
AcDbBlockTableRecord
  2
*D17
340
0
 70
0
280
1
281
0
  0
BLOCK_RECORD
  5
3F3
330
9
100
AcDbSymbolTableRecord
100
AcDbBlockTableRecord
  2
*D18
340
0
 70
0
280
1
281
0
  0
BLOCK_RECORD
  5
402
330
9
100
AcDbSymbolTableRecord
100
AcDbBlockTableRecord
  2
*D19
340
0
 70
0
280
1
281
0
  0
BLOCK_RECORD
  5
411
330
9
100
AcDbSymbolTableRecord
100
AcDbBlockTableRecord
  2
*D20
340
0
 70
0
280
1
281
0
  0
BLOCK_RECORD
  5
420
330
9
100
AcDbSymbolTableRecord
100
AcDbBlockTableRecord
  2
*D21
340
0
 70
0
280
1
281
0
  0
BLOCK_RECORD
  5
42F
330
9
100
AcDbSymbolTableRecord
100
AcDbBlockTableRecord
  2
*D22
340
0
 70
0
280
1
281
0
  0
BLOCK_RECORD
  5
43E
330
9
100
AcDbSymbolTableRecord
100
AcDbBlockTableRecord
  2
*D23
340
0
 70
0
280
1
281
0
  0
BLOCK_RECORD
  5
44D
330
9
100
AcDbSymbolTableRecord
100
AcDbBlockTableRecord
  2
*D24
340
0
 70
0
280
1
281
0
  0
BLOCK_RECORD
  5
45C
330
9
100
AcDbSymbolTableRecord
100
AcDbBlockTableRecord
  2
*D25
340
0
 70
0
280
1
281
0
  0
BLOCK_RECORD
  5
46B
330
9
100
AcDbSymbolTableRecord
100
AcDbBlockTableRecord
  2
*D26
340
0
 70
0
280
1
281
0
  0
BLOCK_RECORD
  5
47A
330
9
100
AcDbSymbolTableRecord
100
AcDbBlockTableRecord
  2
*D27
340
0
 70
0
280
1
281
0
  0
BLOCK_RECORD
  5
489
330
9
100
AcDbSymbolTableRecord
100
AcDbBlockTableRecord
  2
*D28
340
0
 70
0
280
1
281
0
  0
BLOCK_RECORD
  5
498
330
9
100
AcDbSymbolTableRecord
100
AcDbBlockTableRecord
  2
*D29
340
0
 70
0
280
1
281
0
  0
BLOCK_RECORD
  5
4A7
330
9
100
AcDbSymbolTableRecord
100
AcDbBlockTableRecord
  2
*D30
340
0
 70
0
280
1
281
0
  0
BLOCK_RECORD
  5
4B6
330
9
100
AcDbSymbolTableRecord
100
AcDbBlockTableRecord
  2
*D31
340
0
 70
0
280
1
281
0
  0
BLOCK_RECORD
  5
4C5
330
9
100
AcDbSymbolTableRecord
100
AcDbBlockTableRecord
  2
*D32
340
0
 70
0
280
1
281
0
  0
BLOCK_RECORD
  5
4D4
330
9
100
AcDbSymbolTableRecord
100
AcDbBlockTableRecord
  2
*D33
340
0
 70
0
280
1
281
0
  0
BLOCK_RECORD
  5
4E3
330
9
100
AcDbSymbolTableRecord
100
AcDbBlockTableRecord
  2
*D34
340
0
 70
0
280
1
281
0
  0
BLOCK_RECORD
  5
4F2
330
9
100
AcDbSymbolTableRecord
100
AcDbBlockTableRecord
  2
*D35
340
0
 70
0
280
1
281
0
  0
BLOCK_RECORD
  5
501
330
9
100
AcDbSymbolTableRecord
100
AcDbBlockTableRecord
  2
*D36
340
0
 70
0
280
1
281
0
  0
BLOCK_RECORD
  5
510
330
9
100
AcDbSymbolTableRecord
100
AcDbBlockTableRecord
  2
*D37
340
0
 70
0
280
1
281
0
  0
BLOCK_RECORD
  5
51F
330
9
100
AcDbSymbolTableRecord
100
AcDbBlockTableRecord
  2
*D38
340
0
 70
0
280
1
281
0
  0
BLOCK_RECORD
  5
52E
330
9
100
AcDbSymbolTableRecord
100
AcDbBlockTableRecord
  2
*D39
340
0
 70
0
280
1
281
0
  0
BLOCK_RECORD
  5
53D
330
9
100
AcDbSymbolTableRecord
100
AcDbBlockTableRecord
  2
*D40
340
0
 70
0
280
1
281
0
  0
BLOCK_RECORD
  5
54C
330
9
100
AcDbSymbolTableRecord
100
AcDbBlockTableRecord
  2
*D41
340
0
 70
0
280
1
281
0
  0
BLOCK_RECORD
  5
55B
330
9
100
AcDbSymbolTableRecord
100
AcDbBlockTableRecord
  2
*D42
340
0
 70
0
280
1
281
0
  0
BLOCK_RECORD
  5
56A
330
9
100
AcDbSymbolTableRecord
100
AcDbBlockTableRecord
  2
*D43
340
0
 70
0
280
1
281
0
  0
BLOCK_RECORD
  5
579
330
9
100
AcDbSymbolTableRecord
100
AcDbBlockTableRecord
  2
*D44
340
0
 70
0
280
1
281
0
  0
BLOCK_RECORD
  5
588
330
9
100
AcDbSymbolTableRecord
100
AcDbBlockTableRecord
  2
*D45
340
0
 70
0
280
1
281
0
  0
BLOCK_RECORD
  5
597
330
9
100
AcDbSymbolTableRecord
100
AcDbBlockTableRecord
  2
*D46
340
0
 70
0
280
1
281
0
  0
BLOCK_RECORD
  5
5A6
330
9
100
AcDbSymbolTableRecord
100
AcDbBlockTableRecord
  2
*D47
340
0
 70
0
280
1
281
0
  0
BLOCK_RECORD
  5
5B5
330
9
100
AcDbSymbolTableRecord
100
AcDbBlockTableRecord
  2
*D48
340
0
 70
0
280
1
281
0
  0
BLOCK_RECORD
  5
5C0
330
9
100
AcDbSymbolTableRecord
100
AcDbBlockTableRecord
  2
*D49
340
0
 70
0
280
1
281
0
  0
BLOCK_RECORD
  5
5CB
330
9
100
AcDbSymbolTableRecord
100
AcDbBlockTableRecord
  2
*D50
340
0
 70
0
280
1
281
0
  0
BLOCK_RECORD
  5
5D6
330
9
100
AcDbSymbolTableRecord
100
AcDbBlockTableRecord
  2
*D51
340
0
 70
0
280
1
281
0
  0
ENDTAB
  0
ENDSEC
  0
SECTION
  2
BLOCKS
  0
BLOCK
  5
18
330
17
100
AcDbEntity
  8
0
100
AcDbBlockBegin
  2
*Model_Space
 70
0
 10
0.0
 20
0.0
 30
0.0
  3
*Model_Space
  1

  0
ENDBLK
  5
19
330
17
100
AcDbEntity
  8
0
100
AcDbBlockEnd
  0
BLOCK
  5
1C
330
1B
100
AcDbEntity
  8
0
100
AcDbBlockBegin
  2
*Paper_Space
 70
0
 10
0.0
 20
0.0
 30
0.0
  3
*Paper_Space
  1

  0
ENDBLK
  5
1D
330
1B
100
AcDbEntity
  8
0
100
AcDbBlockEnd
  0
BLOCK
  5
75
330
74
100
AcDbEntity
  8
0
100
AcDbBlockBegin
  2
_ARCHTICK
 70
0
 10
0.0
 20
0.0
 30
0.0
  3
_ARCHTICK
  1

  0
LWPOLYLINE
  5
77
330
74
100
AcDbEntity
  8
0
  6
BYBLOCK
 62
0
100
AcDbPolyline
 90
2
 70
0
 43
0.15
 10
-0.5
 20
-0.5
 10
0.5
 20
0.5
  0
ENDBLK
  5
76
330
74
100
AcDbEntity
  8
0
100
AcDbBlockEnd
  0
BLOCK
  5
79
330
78
100
AcDbEntity
  8
0
100
AcDbBlockBegin
  2
_CLOSEDFILLED
 70
0
 10
0.0
 20
0.0
 30
0.0
  3
_CLOSEDFILLED
  1

  0
SOLID
  5
7B
330
78
100
AcDbEntity
  8
0
  6
BYBLOCK
 62
0
100
AcDbTrace
 10
-1.0
 20
0.16439898372402537
 30
0.0
 11
0.0
 21
0.0
 31
0.0
 12
-1.0
 22
-0.16439898372402537
 32
0.0
 13
-1.0
 23
-0.16439898372402537
 33
0.0
  0
ENDBLK
  5
7A
330
78
100
AcDbEntity
  8
0
100
AcDbBlockEnd
  0
BLOCK
  5
85
330
84
100
AcDbEntity
  8
0
100
AcDbBlockBegin
  2
_CLOSEDBLANK
 70
0
 10
0.0
 20
0.0
 30
0.0
  3
_CLOSEDBLANK
  1

  0
LWPOLYLINE
  5
87
330
84
100
AcDbEntity
  8
0
  6
BYBLOCK
 62
0
100
AcDbPolyline
 90
3
 70
1
 10
-1.0
 20
0.16439898372402537
 10
0.0
 20
0.0
 10
-1.0
 20
-0.16439898372402537
  0
ENDBLK
  5
86
330
84
100
AcDbEntity
  8
0
100
AcDbBlockEnd
  0
BLOCK
  5
2D9
330
2D8
100
AcDbEntity
  8
0
100
AcDbBlockBegin
  2
*D1
 70
1
 10
0.0
 20
0.0
 30
0.0
  3
*D1
  1

  0
LINE
  5
2DB
330
2D8
100
AcDbEntity
  8
0
 62
2
100
AcDbLine
 10
425.509
 20
533.802
 30
0.0
 11
425.509
 21
521.1365000000001
 31
0.0
  0
LINE
  5
2DC
330
2D8
100
AcDbEntity
  8
0
 62
2
100
AcDbLine
 10
506.1676
 20
533.802
 30
0.0
 11
506.1676
 21
521.1365000000001
 31
0.0
  0
INSERT
  5
2DD
330
2D8
100
AcDbEntity
  8
DIM
 62
2
100
AcDbBlockReference
  2
_ARCHTICK
 10
425.509
 20
523.1365000000001
 30
0.0
 41
2.5
 42
2.5
 50
180.0
  0
INSERT
  5
2DF
330
2D8
100
AcDbEntity
  8
DIM
 62
2
100
AcDbBlockReference
  2
_ARCHTICK
 10
506.1676
 20
523.1365000000001
 30
0.0
 41
2.5
 42
2.5
  0
LINE
  5
2E1
330
2D8
100
AcDbEntity
  8
0
 62
2
100
AcDbLine
 10
425.509
 20
523.1365000000001
 30
0.0
 11
506.1676
 21
523.1365000000001
 31
0.0
  0
MTEXT
  5
2E2
330
2D8
100
AcDbEntity
  8
DIM
 62
7
100
AcDbMText
 10
465.8383
 20
525.8865000000001
 30
0.0
 40
3.5
 71
5
  1
80.7
  7
SimSun
  0
POINT
  5
2E3
330
2D8
100
AcDbEntity
  8
Defpoints
100
AcDbPoint
 10
425.509
 20
523.1365000000001
 30
0.0
  0
POINT
  5
2E4
330
2D8
100
AcDbEntity
  8
Defpoints
100
AcDbPoint
 10
425.509
 20
534.802
 30
0.0
  0
POINT
  5
2E5
330
2D8
100
AcDbEntity
  8
Defpoints
100
AcDbPoint
 10
506.1676
 20
534.802
 30
0.0
  0
ENDBLK
  5
2DA
330
2D8
100
AcDbEntity
  8
0
100
AcDbBlockEnd
  0
BLOCK
  5
2E8
330
2E7
100
AcDbEntity
  8
0
100
AcDbBlockBegin
  2
*D2
 70
1
 10
0.0
 20
0.0
 30
0.0
  3
*D2
  1

  0
LINE
  5
2EA
330
2E7
100
AcDbEntity
  8
0
 62
2
100
AcDbLine
 10
424.509
 20
534.802
 30
0.0
 11
411.8435
 21
534.802
 31
0.0
  0
LINE
  5
2EB
330
2E7
100
AcDbEntity
  8
0
 62
2
100
AcDbLine
 10
424.509
 20
581.19736
 30
0.0
 11
411.8435
 21
581.19736
 31
0.0
  0
INSERT
  5
2EC
330
2E7
100
AcDbEntity
  8
DIM
 62
2
100
AcDbBlockReference
  2
_ARCHTICK
 10
413.8435
 20
534.802
 30
0.0
 41
2.5
 42
2.5
 50
270.0
  0
INSERT
  5
2EE
330
2E7
100
AcDbEntity
  8
DIM
 62
2
100
AcDbBlockReference
  2
_ARCHTICK
 10
413.8435
 20
581.19736
 30
0.0
 41
2.5
 42
2.5
 50
90.0
  0
LINE
  5
2F0
330
2E7
100
AcDbEntity
  8
0
 62
2
100
AcDbLine
 10
413.8435
 20
534.802
 30
0.0
 11
413.8435
 21
581.19736
 31
0.0
  0
MTEXT
  5
2F1
330
2E7
100
AcDbEntity
  8
DIM
 62
7
100
AcDbMText
 10
411.0935
 20
557.99968
 30
0.0
 40
3.5
 71
5
  1
46.4
  7
SimSun
 50
90.0
  0
POINT
  5
2F2
330
2E7
100
AcDbEntity
  8
Defpoints
100
AcDbPoint
 10
413.8435
 20
534.802
 30
0.0
  0
POINT
  5
2F3
330
2E7
100
AcDbEntity
  8
Defpoints
100
AcDbPoint
 10
425.509
 20
534.802
 30
0.0
  0
POINT
  5
2F4
330
2E7
100
AcDbEntity
  8
Defpoints
100
AcDbPoint
 10
425.509
 20
581.19736
 30
0.0
  0
ENDBLK
  5
2E9
330
2E7
100
AcDbEntity
  8
0
100
AcDbBlockEnd
  0
BLOCK
  5
313
330
312
100
AcDbEntity
  8
0
100
AcDbBlockBegin
  2
*D3
 70
1
 10
0.0
 20
0.0
 30
0.0
  3
*D3
  1

  0
LINE
  5
315
330
312
100
AcDbEntity
  8
0
 62
2
100
AcDbLine
 10
388.212999999999
 20
533.4021784919504
 30
0.0
 11
388.212999999999
 21
524.0696784919504
 31
0.0
  0
LINE
  5
316
330
312
100
AcDbEntity
  8
0
 62
2
100
AcDbLine
 10
398.845270000255
 20
533.4021784919504
 30
0.0
 11
398.845270000255
 21
524.0696784919504
 31
0.0
  0
INSERT
  5
317
330
312
100
AcDbEntity
  8
DIM
 62
2
100
AcDbBlockReference
  2
_ARCHTICK
 10
388.212999999999
 20
526.0696784919504
 30
0.0
 41
2.5
 42
2.5
 50
180.0
  0
INSERT
  5
319
330
312
100
AcDbEntity
  8
DIM
 62
2
100
AcDbBlockReference
  2
_ARCHTICK
 10
398.845270000255
 20
526.0696784919504
 30
0.0
 41
2.5
 42
2.5
  0
LINE
  5
31B
330
312
100
AcDbEntity
  8
0
 62
2
100
AcDbLine
 10
388.212999999999
 20
526.0696784919504
 30
0.0
 11
398.845270000255
 21
526.0696784919504
 31
0.0
  0
MTEXT
  5
31C
330
312
100
AcDbEntity
  8
DIM
 62
7
100
AcDbMText
 10
393.529135000127
 20
530.8196784919504
 30
0.0
 40
3.5
 71
5
  1
10.6
  7
SimSun
  0
POINT
  5
31D
330
312
100
AcDbEntity
  8
Defpoints
100
AcDbPoint
 10
388.212999999999
 20
526.0696784919504
 30
0.0
  0
POINT
  5
31E
330
312
100
AcDbEntity
  8
Defpoints
100
AcDbPoint
 10
388.212999999999
 20
534.4021784919504
 30
0.0
  0
POINT
  5
31F
330
312
100
AcDbEntity
  8
Defpoints
100
AcDbPoint
 10
398.845270000255
 20
534.4021784919504
 30
0.0
  0
ENDBLK
  5
314
330
312
100
AcDbEntity
  8
0
100
AcDbBlockEnd
  0
BLOCK
  5
322
330
321
100
AcDbEntity
  8
0
100
AcDbBlockBegin
  2
*D4
 70
1
 10
0.0
 20
0.0
 30
0.0
  3
*D4
  1

  0
LINE
  5
324
330
321
100
AcDbEntity
  8
0
 62
2
100
AcDbLine
 10
516.6669499999989
 20
533.4021784919504
 30
0.0
 11
516.6669499999989
 21
524.0696784919504
 31
0.0
  0
LINE
  5
325
330
321
100
AcDbEntity
  8
0
 62
2
100
AcDbLine
 10
527.299220000255
 20
533.4021784919504
 30
0.0
 11
527.299220000255
 21
524.0696784919504
 31
0.0
  0
INSERT
  5
326
330
321
100
AcDbEntity
  8
DIM
 62
2
100
AcDbBlockReference
  2
_ARCHTICK
 10
516.6669499999989
 20
526.0696784919504
 30
0.0
 41
2.5
 42
2.5
 50
180.0
  0
INSERT
  5
328
330
321
100
AcDbEntity
  8
DIM
 62
2
100
AcDbBlockReference
  2
_ARCHTICK
 10
527.299220000255
 20
526.0696784919504
 30
0.0
 41
2.5
 42
2.5
  0
LINE
  5
32A
330
321
100
AcDbEntity
  8
0
 62
2
100
AcDbLine
 10
516.6669499999989
 20
526.0696784919504
 30
0.0
 11
527.299220000255
 21
526.0696784919504
 31
0.0
  0
MTEXT
  5
32B
330
321
100
AcDbEntity
  8
DIM
 62
7
100
AcDbMText
 10
521.983085000127
 20
530.8196784919504
 30
0.0
 40
3.5
 71
5
  1
10.6
  7
SimSun
  0
POINT
  5
32C
330
321
100
AcDbEntity
  8
Defpoints
100
AcDbPoint
 10
516.6669499999989
 20
526.0696784919504
 30
0.0
  0
POINT
  5
32D
330
321
100
AcDbEntity
  8
Defpoints
100
AcDbPoint
 10
516.6669499999989
 20
534.4021784919504
 30
0.0
  0
POINT
  5
32E
330
321
100
AcDbEntity
  8
Defpoints
100
AcDbPoint
 10
527.299220000255
 20
534.4021784919504
 30
0.0
  0
ENDBLK
  5
323
330
321
100
AcDbEntity
  8
0
100
AcDbBlockEnd
  0
BLOCK
  5
331
330
330
100
AcDbEntity
  8
0
100
AcDbBlockBegin
  2
*D5
 70
1
 10
0.0
 20
0.0
 30
0.0
  3
*D5
  1

  0
LINE
  5
333
330
330
100
AcDbEntity
  8
0
 62
2
100
AcDbLine
 10
425.509
 20
591.03
 30
0.0
 11
425.509
 21
581.6975
 31
0.0
  0
LINE
  5
334
330
330
100
AcDbEntity
  8
0
 62
2
100
AcDbLine
 10
506.1676
 20
591.03
 30
0.0
 11
506.1676
 21
581.6975
 31
0.0
  0
INSERT
  5
335
330
330
100
AcDbEntity
  8
DIM
 62
2
100
AcDbBlockReference
  2
_ARCHTICK
 10
425.509
 20
583.6975
 30
0.0
 41
2.5
 42
2.5
 50
180.0
  0
INSERT
  5
337
330
330
100
AcDbEntity
  8
DIM
 62
2
100
AcDbBlockReference
  2
_ARCHTICK
 10
506.1676
 20
583.6975
 30
0.0
 41
2.5
 42
2.5
  0
LINE
  5
339
330
330
100
AcDbEntity
  8
0
 62
2
100
AcDbLine
 10
425.509
 20
583.6975
 30
0.0
 11
506.1676
 21
583.6975
 31
0.0
  0
MTEXT
  5
33A
330
330
100
AcDbEntity
  8
DIM
 62
7
100
AcDbMText
 10
465.8383
 20
586.4475
 30
0.0
 40
3.5
 71
5
  1
80.7
  7
SimSun
  0
POINT
  5
33B
330
330
100
AcDbEntity
  8
Defpoints
100
AcDbPoint
 10
425.509
 20
583.6975
 30
0.0
  0
POINT
  5
33C
330
330
100
AcDbEntity
  8
Defpoints
100
AcDbPoint
 10
425.509
 20
592.03
 30
0.0
  0
POINT
  5
33D
330
330
100
AcDbEntity
  8
Defpoints
100
AcDbPoint
 10
506.1676
 20
592.03
 30
0.0
  0
ENDBLK
  5
332
330
330
100
AcDbEntity
  8
0
100
AcDbBlockEnd
  0
BLOCK
  5
340
330
33F
100
AcDbEntity
  8
0
100
AcDbBlockBegin
  2
*D6
 70
1
 10
0.0
 20
0.0
 30
0.0
  3
*D6
  1

  0
LINE
  5
342
330
33F
100
AcDbEntity
  8
0
 62
2
100
AcDbLine
 10
424.509
 20
592.03
 30
0.0
 11
415.17650000000003
 21
592.03
 31
0.0
  0
LINE
  5
343
330
33F
100
AcDbEntity
  8
0
 62
2
100
AcDbLine
 10
424.509
 20
638.42536
 30
0.0
 11
415.17650000000003
 21
638.42536
 31
0.0
  0
INSERT
  5
344
330
33F
100
AcDbEntity
  8
DIM
 62
2
100
AcDbBlockReference
  2
_ARCHTICK
 10
417.17650000000003
 20
592.03
 30
0.0
 41
2.5
 42
2.5
 50
270.0
  0
INSERT
  5
346
330
33F
100
AcDbEntity
  8
DIM
 62
2
100
AcDbBlockReference
  2
_ARCHTICK
 10
417.17650000000003
 20
638.42536
 30
0.0
 41
2.5
 42
2.5
 50
90.0
  0
LINE
  5
348
330
33F
100
AcDbEntity
  8
0
 62
2
100
AcDbLine
 10
417.17650000000003
 20
592.03
 30
0.0
 11
417.17650000000003
 21
638.42536
 31
0.0
  0
MTEXT
  5
349
330
33F
100
AcDbEntity
  8
DIM
 62
7
100
AcDbMText
 10
414.42650000000003
 20
615.22768
 30
0.0
 40
3.5
 71
5
  1
46.4
  7
SimSun
 50
90.0
  0
POINT
  5
34A
330
33F
100
AcDbEntity
  8
Defpoints
100
AcDbPoint
 10
417.17650000000003
 20
592.03
 30
0.0
  0
POINT
  5
34B
330
33F
100
AcDbEntity
  8
Defpoints
100
AcDbPoint
 10
425.509
 20
592.03
 30
0.0
  0
POINT
  5
34C
330
33F
100
AcDbEntity
  8
Defpoints
100
AcDbPoint
 10
425.509
 20
638.42536
 30
0.0
  0
ENDBLK
  5
341
330
33F
100
AcDbEntity
  8
0
100
AcDbBlockEnd
  0
BLOCK
  5
34F
330
34E
100
AcDbEntity
  8
0
100
AcDbBlockBegin
  2
*D7
 70
1
 10
0.0
 20
0.0
 30
0.0
  3
*D7
  1

  0
LINE
  5
351
330
34E
100
AcDbEntity
  8
0
 62
2
100
AcDbLine
 10
425.509
 20
543.801
 30
0.0
 11
425.509
 21
534.4685000000001
 31
0.0
  0
LINE
  5
352
330
34E
100
AcDbEntity
  8
0
 62
2
100
AcDbLine
 10
506.1676
 20
543.801
 30
0.0
 11
506.1676
 21
534.4685000000001
 31
0.0
  0
INSERT
  5
353
330
34E
100
AcDbEntity
  8
DIM
 62
2
100
AcDbBlockReference
  2
_ARCHTICK
 10
425.509
 20
536.4685000000001
 30
0.0
 41
2.5
 42
2.5
 50
180.0
  0
INSERT
  5
355
330
34E
100
AcDbEntity
  8
DIM
 62
2
100
AcDbBlockReference
  2
_ARCHTICK
 10
506.1676
 20
536.4685000000001
 30
0.0
 41
2.5
 42
2.5
  0
LINE
  5
357
330
34E
100
AcDbEntity
  8
0
 62
2
100
AcDbLine
 10
425.509
 20
536.4685000000001
 30
0.0
 11
506.1676
 21
536.4685000000001
 31
0.0
  0
MTEXT
  5
358
330
34E
100
AcDbEntity
  8
DIM
 62
7
100
AcDbMText
 10
465.8383
 20
539.2185000000001
 30
0.0
 40
3.5
 71
5
  1
80.7
  7
SimSun
  0
POINT
  5
359
330
34E
100
AcDbEntity
  8
Defpoints
100
AcDbPoint
 10
425.509
 20
536.4685000000001
 30
0.0
  0
POINT
  5
35A
330
34E
100
AcDbEntity
  8
Defpoints
100
AcDbPoint
 10
425.509
 20
544.801
 30
0.0
  0
POINT
  5
35B
330
34E
100
AcDbEntity
  8
Defpoints
100
AcDbPoint
 10
506.1676
 20
544.801
 30
0.0
  0
ENDBLK
  5
350
330
34E
100
AcDbEntity
  8
0
100
AcDbBlockEnd
  0
BLOCK
  5
35E
330
35D
100
AcDbEntity
  8
0
100
AcDbBlockBegin
  2
*D8
 70
1
 10
0.0
 20
0.0
 30
0.0
  3
*D8
  1

  0
LINE
  5
360
330
35D
100
AcDbEntity
  8
0
 62
2
100
AcDbLine
 10
424.509
 20
544.801
 30
0.0
 11
415.17650000000003
 21
544.801
 31
0.0
  0
LINE
  5
361
330
35D
100
AcDbEntity
  8
0
 62
2
100
AcDbLine
 10
424.509
 20
555.43327
 30
0.0
 11
415.17650000000003
 21
555.43327
 31
0.0
  0
INSERT
  5
362
330
35D
100
AcDbEntity
  8
DIM
 62
2
100
AcDbBlockReference
  2
_ARCHTICK
 10
417.17650000000003
 20
544.801
 30
0.0
 41
2.5
 42
2.5
 50
270.0
  0
INSERT
  5
364
330
35D
100
AcDbEntity
  8
DIM
 62
2
100
AcDbBlockReference
  2
_ARCHTICK
 10
417.17650000000003
 20
555.43327
 30
0.0
 41
2.5
 42
2.5
 50
90.0
  0
LINE
  5
366
330
35D
100
AcDbEntity
  8
0
 62
2
100
AcDbLine
 10
417.17650000000003
 20
544.801
 30
0.0
 11
417.17650000000003
 21
555.43327
 31
0.0
  0
MTEXT
  5
367
330
35D
100
AcDbEntity
  8
DIM
 62
7
100
AcDbMText
 10
412.42650000000003
 20
550.117135
 30
0.0
 40
3.5
 71
5
  1
10.6
  7
SimSun
 50
90.0
  0
POINT
  5
368
330
35D
100
AcDbEntity
  8
Defpoints
100
AcDbPoint
 10
417.17650000000003
 20
544.801
 30
0.0
  0
POINT
  5
369
330
35D
100
AcDbEntity
  8
Defpoints
100
AcDbPoint
 10
425.509
 20
544.801
 30
0.0
  0
POINT
  5
36A
330
35D
100
AcDbEntity
  8
Defpoints
100
AcDbPoint
 10
425.509
 20
555.43327
 30
0.0
  0
ENDBLK
  5
35F
330
35D
100
AcDbEntity
  8
0
100
AcDbBlockEnd
  0
BLOCK
  5
36D
330
36C
100
AcDbEntity
  8
0
100
AcDbBlockBegin
  2
*D9
 70
1
 10
0.0
 20
0.0
 30
0.0
  3
*D9
  1

  0
LINE
  5
36F
330
36C
100
AcDbEntity
  8
0
 62
2
100
AcDbLine
 10
378.214
 20
543.4010400000001
 30
0.0
 11
378.214
 21
534.0685400000001
 31
0.0
  0
LINE
  5
370
330
36C
100
AcDbEntity
  8
0
 62
2
100
AcDbLine
 10
424.60936000000004
 20
543.4010400000001
 30
0.0
 11
424.60936000000004
 21
534.0685400000001
 31
0.0
  0
INSERT
  5
371
330
36C
100
AcDbEntity
  8
DIM
 62
2
100
AcDbBlockReference
  2
_ARCHTICK
 10
378.214
 20
536.0685400000001
 30
0.0
 41
2.5
 42
2.5
 50
180.0
  0
INSERT
  5
373
330
36C
100
AcDbEntity
  8
DIM
 62
2
100
AcDbBlockReference
  2
_ARCHTICK
 10
424.60936000000004
 20
536.0685400000001
 30
0.0
 41
2.5
 42
2.5
  0
LINE
  5
375
330
36C
100
AcDbEntity
  8
0
 62
2
100
AcDbLine
 10
378.214
 20
536.0685400000001
 30
0.0
 11
424.60936000000004
 21
536.0685400000001
 31
0.0
  0
MTEXT
  5
376
330
36C
100
AcDbEntity
  8
DIM
 62
7
100
AcDbMText
 10
401.41168000000005
 20
538.8185400000001
 30
0.0
 40
3.5
 71
5
  1
46.4
  7
SimSun
  0
POINT
  5
377
330
36C
100
AcDbEntity
  8
Defpoints
100
AcDbPoint
 10
378.214
 20
536.0685400000001
 30
0.0
  0
POINT
  5
378
330
36C
100
AcDbEntity
  8
Defpoints
100
AcDbPoint
 10
378.214
 20
544.4010400000001
 30
0.0
  0
POINT
  5
379
330
36C
100
AcDbEntity
  8
Defpoints
100
AcDbPoint
 10
424.60936000000004
 20
544.4010400000001
 30
0.0
  0
ENDBLK
  5
36E
330
36C
100
AcDbEntity
  8
0
100
AcDbBlockEnd
  0
BLOCK
  5
37C
330
37B
100
AcDbEntity
  8
0
100
AcDbBlockBegin
  2
*D10
 70
1
 10
0.0
 20
0.0
 30
0.0
  3
*D10
  1

  0
LINE
  5
37E
330
37B
100
AcDbEntity
  8
0
 62
2
100
AcDbLine
 10
377.214
 20
544.4010400000001
 30
0.0
 11
367.8815
 21
544.4010400000001
 31
0.0
  0
LINE
  5
37F
330
37B
100
AcDbEntity
  8
0
 62
2
100
AcDbLine
 10
377.214
 20
555.03331
 30
0.0
 11
367.8815
 21
555.03331
 31
0.0
  0
INSERT
  5
380
330
37B
100
AcDbEntity
  8
DIM
 62
2
100
AcDbBlockReference
  2
_ARCHTICK
 10
369.8815
 20
544.4010400000001
 30
0.0
 41
2.5
 42
2.5
 50
270.0
  0
INSERT
  5
382
330
37B
100
AcDbEntity
  8
DIM
 62
2
100
AcDbBlockReference
  2
_ARCHTICK
 10
369.8815
 20
555.03331
 30
0.0
 41
2.5
 42
2.5
 50
90.0
  0
LINE
  5
384
330
37B
100
AcDbEntity
  8
0
 62
2
100
AcDbLine
 10
369.8815
 20
544.4010400000001
 30
0.0
 11
369.8815
 21
555.03331
 31
0.0
  0
MTEXT
  5
385
330
37B
100
AcDbEntity
  8
DIM
 62
7
100
AcDbMText
 10
365.1315
 20
549.717175
 30
0.0
 40
3.5
 71
5
  1
10.6
  7
SimSun
 50
90.0
  0
POINT
  5
386
330
37B
100
AcDbEntity
  8
Defpoints
100
AcDbPoint
 10
369.8815
 20
544.4010400000001
 30
0.0
  0
POINT
  5
387
330
37B
100
AcDbEntity
  8
Defpoints
100
AcDbPoint
 10
378.214
 20
544.4010400000001
 30
0.0
  0
POINT
  5
388
330
37B
100
AcDbEntity
  8
Defpoints
100
AcDbPoint
 10
378.214
 20
555.03331
 30
0.0
  0
ENDBLK
  5
37D
330
37B
100
AcDbEntity
  8
0
100
AcDbBlockEnd
  0
BLOCK
  5
38B
330
38A
100
AcDbEntity
  8
0
100
AcDbBlockBegin
  2
*D11
 70
1
 10
0.0
 20
0.0
 30
0.0
  3
*D11
  1

  0
LINE
  5
38D
330
38A
100
AcDbEntity
  8
0
 62
2
100
AcDbLine
 10
425.509
 20
591.03
 30
0.0
 11
425.509
 21
575.6981
 31
0.0
  0
LINE
  5
38E
330
38A
100
AcDbEntity
  8
0
 62
2
100
AcDbLine
 10
427.1755
 20
591.03
 30
0.0
 11
427.1755
 21
575.6981
 31
0.0
  0
INSERT
  5
38F
330
38A
100
AcDbEntity
  8
DIM
 62
2
100
AcDbBlockReference
  2
_ARCHTICK
 10
425.509
 20
577.6981
 30
0.0
 41
2.5
 42
2.5
  0
INSERT
  5
391
330
38A
100
AcDbEntity
  8
DIM
 62
2
100
AcDbBlockReference
  2
_ARCHTICK
 10
427.1755
 20
577.6981
 30
0.0
 41
2.5
 42
2.5
 50
180.0
  0
LINE
  5
393
330
38A
100
AcDbEntity
  8
0
 62
2
100
AcDbLine
 10
425.509
 20
577.6981
 30
0.0
 11
427.1755
 21
577.6981
 31
0.0
  0
MTEXT
  5
394
330
38A
100
AcDbEntity
  8
DIM
 62
7
100
AcDbMText
 10
426.34225000000004
 20
582.4481
 30
0.0
 40
3.5
 71
5
  1
1.7
  7
SimSun
  0
POINT
  5
395
330
38A
100
AcDbEntity
  8
Defpoints
100
AcDbPoint
 10
425.509
 20
577.6981
 30
0.0
  0
POINT
  5
396
330
38A
100
AcDbEntity
  8
Defpoints
100
AcDbPoint
 10
425.509
 20
592.03
 30
0.0
  0
POINT
  5
397
330
38A
100
AcDbEntity
  8
Defpoints
100
AcDbPoint
 10
427.1755
 20
592.03
 30
0.0
  0
ENDBLK
  5
38C
330
38A
100
AcDbEntity
  8
0
100
AcDbBlockEnd
  0
BLOCK
  5
39A
330
399
100
AcDbEntity
  8
0
100
AcDbBlockBegin
  2
*D12
 70
1
 10
0.0
 20
0.0
 30
0.0
  3
*D12
  1

  0
LINE
  5
39C
330
399
100
AcDbEntity
  8
0
 62
2
100
AcDbLine
 10
427.1755
 20
591.03
 30
0.0
 11
427.1755
 21
575.6981
 31
0.0
  0
LINE
  5
39D
330
399
100
AcDbEntity
  8
0
 62
2
100
AcDbLine
 10
429.8419
 20
591.03
 30
0.0
 11
429.8419
 21
575.6981
 31
0.0
  0
INSERT
  5
39E
330
399
100
AcDbEntity
  8
DIM
 62
2
100
AcDbBlockReference
  2
_ARCHTICK
 10
427.1755
 20
577.6981
 30
0.0
 41
2.5
 42
2.5
  0
INSERT
  5
3A0
330
399
100
AcDbEntity
  8
DIM
 62
2
100
AcDbBlockReference
  2
_ARCHTICK
 10
429.8419
 20
577.6981
 30
0.0
 41
2.5
 42
2.5
 50
180.0
  0
LINE
  5
3A2
330
399
100
AcDbEntity
  8
0
 62
2
100
AcDbLine
 10
427.1755
 20
577.6981
 30
0.0
 11
429.8419
 21
577.6981
 31
0.0
  0
MTEXT
  5
3A3
330
399
100
AcDbEntity
  8
DIM
 62
7
100
AcDbMText
 10
428.5087
 20
582.4481
 30
0.0
 40
3.5
 71
5
  1
2.7
  7
SimSun
  0
POINT
  5
3A4
330
399
100
AcDbEntity
  8
Defpoints
100
AcDbPoint
 10
427.1755
 20
577.6981
 30
0.0
  0
POINT
  5
3A5
330
399
100
AcDbEntity
  8
Defpoints
100
AcDbPoint
 10
427.1755
 20
592.03
 30
0.0
  0
POINT
  5
3A6
330
399
100
AcDbEntity
  8
Defpoints
100
AcDbPoint
 10
429.8419
 20
592.03
 30
0.0
  0
ENDBLK
  5
39B
330
399
100
AcDbEntity
  8
0
100
AcDbBlockEnd
  0
BLOCK
  5
3A9
330
3A8
100
AcDbEntity
  8
0
100
AcDbBlockBegin
  2
*D13
 70
1
 10
0.0
 20
0.0
 30
0.0
  3
*D13
  1

  0
LINE
  5
3AB
330
3A8
100
AcDbEntity
  8
0
 62
2
100
AcDbLine
 10
429.8419
 20
591.03
 30
0.0
 11
429.8419
 21
575.6981
 31
0.0
  0
LINE
  5
3AC
330
3A8
100
AcDbEntity
  8
0
 62
2
100
AcDbLine
 10
432.175
 20
591.03
 30
0.0
 11
432.175
 21
575.6981
 31
0.0
  0
INSERT
  5
3AD
330
3A8
100
AcDbEntity
  8
DIM
 62
2
100
AcDbBlockReference
  2
_ARCHTICK
 10
429.8419
 20
577.6981
 30
0.0
 41
2.5
 42
2.5
  0
INSERT
  5
3AF
330
3A8
100
AcDbEntity
  8
DIM
 62
2
100
AcDbBlockReference
  2
_ARCHTICK
 10
432.175
 20
577.6981
 30
0.0
 41
2.5
 42
2.5
 50
180.0
  0
LINE
  5
3B1
330
3A8
100
AcDbEntity
  8
0
 62
2
100
AcDbLine
 10
429.8419
 20
577.6981
 30
0.0
 11
432.175
 21
577.6981
 31
0.0
  0
MTEXT
  5
3B2
330
3A8
100
AcDbEntity
  8
DIM
 62
7
100
AcDbMText
 10
431.00845000000004
 20
582.4481
 30
0.0
 40
3.5
 71
5
  1
2.3
  7
SimSun
  0
POINT
  5
3B3
330
3A8
100
AcDbEntity
  8
Defpoints
100
AcDbPoint
 10
429.8419
 20
577.6981
 30
0.0
  0
POINT
  5
3B4
330
3A8
100
AcDbEntity
  8
Defpoints
100
AcDbPoint
 10
429.8419
 20
592.03
 30
0.0
  0
POINT
  5
3B5
330
3A8
100
AcDbEntity
  8
Defpoints
100
AcDbPoint
 10
432.175
 20
592.03
 30
0.0
  0
ENDBLK
  5
3AA
330
3A8
100
AcDbEntity
  8
0
100
AcDbBlockEnd
  0
BLOCK
  5
3B8
330
3B7
100
AcDbEntity
  8
0
100
AcDbBlockBegin
  2
*D14
 70
1
 10
0.0
 20
0.0
 30
0.0
  3
*D14
  1

  0
LINE
  5
3BA
330
3B7
100
AcDbEntity
  8
0
 62
2
100
AcDbLine
 10
432.175
 20
591.03
 30
0.0
 11
432.175
 21
575.6981
 31
0.0
  0
LINE
  5
3BB
330
3B7
100
AcDbEntity
  8
0
 62
2
100
AcDbLine
 10
438.67435
 20
591.03
 30
0.0
 11
438.67435
 21
575.6981
 31
0.0
  0
INSERT
  5
3BC
330
3B7
100
AcDbEntity
  8
DIM
 62
2
100
AcDbBlockReference
  2
_ARCHTICK
 10
432.175
 20
577.6981
 30
0.0
 41
2.5
 42
2.5
 50
180.0
  0
INSERT
  5
3BE
330
3B7
100
AcDbEntity
  8
DIM
 62
2
100
AcDbBlockReference
  2
_ARCHTICK
 10
438.67435
 20
577.6981
 30
0.0
 41
2.5
 42
2.5
  0
LINE
  5
3C0
330
3B7
100
AcDbEntity
  8
0
 62
2
100
AcDbLine
 10
432.175
 20
577.6981
 30
0.0
 11
438.67435
 21
577.6981
 31
0.0
  0
MTEXT
  5
3C1
330
3B7
100
AcDbEntity
  8
DIM
 62
7
100
AcDbMText
 10
435.424675
 20
582.4481
 30
0.0
 40
3.5
 71
5
  1
6.5
  7
SimSun
  0
POINT
  5
3C2
330
3B7
100
AcDbEntity
  8
Defpoints
100
AcDbPoint
 10
432.175
 20
577.6981
 30
0.0
  0
POINT
  5
3C3
330
3B7
100
AcDbEntity
  8
Defpoints
100
AcDbPoint
 10
432.175
 20
592.03
 30
0.0
  0
POINT
  5
3C4
330
3B7
100
AcDbEntity
  8
Defpoints
100
AcDbPoint
 10
438.67435
 20
592.03
 30
0.0
  0
ENDBLK
  5
3B9
330
3B7
100
AcDbEntity
  8
0
100
AcDbBlockEnd
  0
BLOCK
  5
3C7
330
3C6
100
AcDbEntity
  8
0
100
AcDbBlockBegin
  2
*D15
 70
1
 10
0.0
 20
0.0
 30
0.0
  3
*D15
  1

  0
LINE
  5
3C9
330
3C6
100
AcDbEntity
  8
0
 62
2
100
AcDbLine
 10
438.67435
 20
591.03
 30
0.0
 11
438.67435
 21
575.6981
 31
0.0
  0
LINE
  5
3CA
330
3C6
100
AcDbEntity
  8
0
 62
2
100
AcDbLine
 10
441.1741
 20
591.03
 30
0.0
 11
441.1741
 21
575.6981
 31
0.0
  0
INSERT
  5
3CB
330
3C6
100
AcDbEntity
  8
DIM
 62
2
100
AcDbBlockReference
  2
_ARCHTICK
 10
438.67435
 20
577.6981
 30
0.0
 41
2.5
 42
2.5
  0
INSERT
  5
3CD
330
3C6
100
AcDbEntity
  8
DIM
 62
2
100
AcDbBlockReference
  2
_ARCHTICK
 10
441.1741
 20
577.6981
 30
0.0
 41
2.5
 42
2.5
 50
180.0
  0
LINE
  5
3CF
330
3C6
100
AcDbEntity
  8
0
 62
2
100
AcDbLine
 10
438.67435
 20
577.6981
 30
0.0
 11
441.1741
 21
577.6981
 31
0.0
  0
MTEXT
  5
3D0
330
3C6
100
AcDbEntity
  8
DIM
 62
7
100
AcDbMText
 10
439.924225
 20
582.4481
 30
0.0
 40
3.5
 71
5
  1
2.5
  7
SimSun
  0
POINT
  5
3D1
330
3C6
100
AcDbEntity
  8
Defpoints
100
AcDbPoint
 10
438.67435
 20
577.6981
 30
0.0
  0
POINT
  5
3D2
330
3C6
100
AcDbEntity
  8
Defpoints
100
AcDbPoint
 10
438.67435
 20
592.03
 30
0.0
  0
POINT
  5
3D3
330
3C6
100
AcDbEntity
  8
Defpoints
100
AcDbPoint
 10
441.1741
 20
592.03
 30
0.0
  0
ENDBLK
  5
3C8
330
3C6
100
AcDbEntity
  8
0
100
AcDbBlockEnd
  0
BLOCK
  5
3D6
330
3D5
100
AcDbEntity
  8
0
100
AcDbBlockBegin
  2
*D16
 70
1
 10
0.0
 20
0.0
 30
0.0
  3
*D16
  1

  0
LINE
  5
3D8
330
3D5
100
AcDbEntity
  8
0
 62
2
100
AcDbLine
 10
441.1741
 20
591.03
 30
0.0
 11
441.1741
 21
575.6981
 31
0.0
  0
LINE
  5
3D9
330
3D5
100
AcDbEntity
  8
0
 62
2
100
AcDbLine
 10
468.33805
 20
591.03
 30
0.0
 11
468.33805
 21
575.6981
 31
0.0
  0
INSERT
  5
3DA
330
3D5
100
AcDbEntity
  8
DIM
 62
2
100
AcDbBlockReference
  2
_ARCHTICK
 10
441.1741
 20
577.6981
 30
0.0
 41
2.5
 42
2.5
 50
180.0
  0
INSERT
  5
3DC
330
3D5
100
AcDbEntity
  8
DIM
 62
2
100
AcDbBlockReference
  2
_ARCHTICK
 10
468.33805
 20
577.6981
 30
0.0
 41
2.5
 42
2.5
  0
LINE
  5
3DE
330
3D5
100
AcDbEntity
  8
0
 62
2
100
AcDbLine
 10
441.1741
 20
577.6981
 30
0.0
 11
468.33805
 21
577.6981
 31
0.0
  0
MTEXT
  5
3DF
330
3D5
100
AcDbEntity
  8
DIM
 62
7
100
AcDbMText
 10
454.756075
 20
580.4481
 30
0.0
 40
3.5
 71
5
  1
27.2
  7
SimSun
  0
POINT
  5
3E0
330
3D5
100
AcDbEntity
  8
Defpoints
100
AcDbPoint
 10
441.1741
 20
577.6981
 30
0.0
  0
POINT
  5
3E1
330
3D5
100
AcDbEntity
  8
Defpoints
100
AcDbPoint
 10
441.1741
 20
592.03
 30
0.0
  0
POINT
  5
3E2
330
3D5
100
AcDbEntity
  8
Defpoints
100
AcDbPoint
 10
468.33805
 20
592.03
 30
0.0
  0
ENDBLK
  5
3D7
330
3D5
100
AcDbEntity
  8
0
100
AcDbBlockEnd
  0
BLOCK
  5
3E5
330
3E4
100
AcDbEntity
  8
0
100
AcDbBlockBegin
  2
*D17
 70
1
 10
0.0
 20
0.0
 30
0.0
  3
*D17
  1

  0
LINE
  5
3E7
330
3E4
100
AcDbEntity
  8
0
 62
2
100
AcDbLine
 10
468.33805
 20
591.03
 30
0.0
 11
468.33805
 21
575.6981
 31
0.0
  0
LINE
  5
3E8
330
3E4
100
AcDbEntity
  8
0
 62
2
100
AcDbLine
 10
472.00435
 20
591.03
 30
0.0
 11
472.00435
 21
575.6981
 31
0.0
  0
INSERT
  5
3E9
330
3E4
100
AcDbEntity
  8
DIM
 62
2
100
AcDbBlockReference
  2
_ARCHTICK
 10
468.33805
 20
577.6981
 30
0.0
 41
2.5
 42
2.5
  0
INSERT
  5
3EB
330
3E4
100
AcDbEntity
  8
DIM
 62
2
100
AcDbBlockReference
  2
_ARCHTICK
 10
472.00435
 20
577.6981
 30
0.0
 41
2.5
 42
2.5
 50
180.0
  0
LINE
  5
3ED
330
3E4
100
AcDbEntity
  8
0
 62
2
100
AcDbLine
 10
468.33805
 20
577.6981
 30
0.0
 11
472.00435
 21
577.6981
 31
0.0
  0
MTEXT
  5
3EE
330
3E4
100
AcDbEntity
  8
DIM
 62
7
100
AcDbMText
 10
470.1712
 20
582.4481
 30
0.0
 40
3.5
 71
5
  1
3.7
  7
SimSun
  0
POINT
  5
3EF
330
3E4
100
AcDbEntity
  8
Defpoints
100
AcDbPoint
 10
468.33805
 20
577.6981
 30
0.0
  0
POINT
  5
3F0
330
3E4
100
AcDbEntity
  8
Defpoints
100
AcDbPoint
 10
468.33805
 20
592.03
 30
0.0
  0
POINT
  5
3F1
330
3E4
100
AcDbEntity
  8
Defpoints
100
AcDbPoint
 10
472.00435
 20
592.03
 30
0.0
  0
ENDBLK
  5
3E6
330
3E4
100
AcDbEntity
  8
0
100
AcDbBlockEnd
  0
BLOCK
  5
3F4
330
3F3
100
AcDbEntity
  8
0
100
AcDbBlockBegin
  2
*D18
 70
1
 10
0.0
 20
0.0
 30
0.0
  3
*D18
  1

  0
LINE
  5
3F6
330
3F3
100
AcDbEntity
  8
0
 62
2
100
AcDbLine
 10
472.00435
 20
591.03
 30
0.0
 11
472.00435
 21
575.6981
 31
0.0
  0
LINE
  5
3F7
330
3F3
100
AcDbEntity
  8
0
 62
2
100
AcDbLine
 10
481.33675
 20
591.03
 30
0.0
 11
481.33675
 21
575.6981
 31
0.0
  0
INSERT
  5
3F8
330
3F3
100
AcDbEntity
  8
DIM
 62
2
100
AcDbBlockReference
  2
_ARCHTICK
 10
472.00435
 20
577.6981
 30
0.0
 41
2.5
 42
2.5
 50
180.0
  0
INSERT
  5
3FA
330
3F3
100
AcDbEntity
  8
DIM
 62
2
100
AcDbBlockReference
  2
_ARCHTICK
 10
481.33675
 20
577.6981
 30
0.0
 41
2.5
 42
2.5
  0
LINE
  5
3FC
330
3F3
100
AcDbEntity
  8
0
 62
2
100
AcDbLine
 10
472.00435
 20
577.6981
 30
0.0
 11
481.33675
 21
577.6981
 31
0.0
  0
MTEXT
  5
3FD
330
3F3
100
AcDbEntity
  8
DIM
 62
7
100
AcDbMText
 10
476.67055
 20
582.4481
 30
0.0
 40
3.5
 71
5
  1
9.3
  7
SimSun
  0
POINT
  5
3FE
330
3F3
100
AcDbEntity
  8
Defpoints
100
AcDbPoint
 10
472.00435
 20
577.6981
 30
0.0
  0
POINT
  5
3FF
330
3F3
100
AcDbEntity
  8
Defpoints
100
AcDbPoint
 10
472.00435
 20
592.03
 30
0.0
  0
POINT
  5
400
330
3F3
100
AcDbEntity
  8
Defpoints
100
AcDbPoint
 10
481.33675
 20
592.03
 30
0.0
  0
ENDBLK
  5
3F5
330
3F3
100
AcDbEntity
  8
0
100
AcDbBlockEnd
  0
BLOCK
  5
403
330
402
100
AcDbEntity
  8
0
100
AcDbBlockBegin
  2
*D19
 70
1
 10
0.0
 20
0.0
 30
0.0
  3
*D19
  1

  0
LINE
  5
405
330
402
100
AcDbEntity
  8
0
 62
2
100
AcDbLine
 10
481.33675
 20
591.03
 30
0.0
 11
481.33675
 21
575.6981
 31
0.0
  0
LINE
  5
406
330
402
100
AcDbEntity
  8
0
 62
2
100
AcDbLine
 10
484.00315
 20
591.03
 30
0.0
 11
484.00315
 21
575.6981
 31
0.0
  0
INSERT
  5
407
330
402
100
AcDbEntity
  8
DIM
 62
2
100
AcDbBlockReference
  2
_ARCHTICK
 10
481.33675
 20
577.6981
 30
0.0
 41
2.5
 42
2.5
  0
INSERT
  5
409
330
402
100
AcDbEntity
  8
DIM
 62
2
100
AcDbBlockReference
  2
_ARCHTICK
 10
484.00315
 20
577.6981
 30
0.0
 41
2.5
 42
2.5
 50
180.0
  0
LINE
  5
40B
330
402
100
AcDbEntity
  8
0
 62
2
100
AcDbLine
 10
481.33675
 20
577.6981
 30
0.0
 11
484.00315
 21
577.6981
 31
0.0
  0
MTEXT
  5
40C
330
402
100
AcDbEntity
  8
DIM
 62
7
100
AcDbMText
 10
482.66995
 20
582.4481
 30
0.0
 40
3.5
 71
5
  1
2.7
  7
SimSun
  0
POINT
  5
40D
330
402
100
AcDbEntity
  8
Defpoints
100
AcDbPoint
 10
481.33675
 20
577.6981
 30
0.0
  0
POINT
  5
40E
330
402
100
AcDbEntity
  8
Defpoints
100
AcDbPoint
 10
481.33675
 20
592.03
 30
0.0
  0
POINT
  5
40F
330
402
100
AcDbEntity
  8
Defpoints
100
AcDbPoint
 10
484.00315
 20
592.03
 30
0.0
  0
ENDBLK
  5
404
330
402
100
AcDbEntity
  8
0
100
AcDbBlockEnd
  0
BLOCK
  5
412
330
411
100
AcDbEntity
  8
0
100
AcDbBlockBegin
  2
*D20
 70
1
 10
0.0
 20
0.0
 30
0.0
  3
*D20
  1

  0
LINE
  5
414
330
411
100
AcDbEntity
  8
0
 62
2
100
AcDbLine
 10
484.00315
 20
591.03
 30
0.0
 11
484.00315
 21
575.6981
 31
0.0
  0
LINE
  5
415
330
411
100
AcDbEntity
  8
0
 62
2
100
AcDbLine
 10
487.8361
 20
591.03
 30
0.0
 11
487.8361
 21
575.6981
 31
0.0
  0
INSERT
  5
416
330
411
100
AcDbEntity
  8
DIM
 62
2
100
AcDbBlockReference
  2
_ARCHTICK
 10
484.00315
 20
577.6981
 30
0.0
 41
2.5
 42
2.5
  0
INSERT
  5
418
330
411
100
AcDbEntity
  8
DIM
 62
2
100
AcDbBlockReference
  2
_ARCHTICK
 10
487.8361
 20
577.6981
 30
0.0
 41
2.5
 42
2.5
 50
180.0
  0
LINE
  5
41A
330
411
100
AcDbEntity
  8
0
 62
2
100
AcDbLine
 10
484.00315
 20
577.6981
 30
0.0
 11
487.8361
 21
577.6981
 31
0.0
  0
MTEXT
  5
41B
330
411
100
AcDbEntity
  8
DIM
 62
7
100
AcDbMText
 10
485.919625
 20
582.4481
 30
0.0
 40
3.5
 71
5
  1
3.8
  7
SimSun
  0
POINT
  5
41C
330
411
100
AcDbEntity
  8
Defpoints
100
AcDbPoint
 10
484.00315
 20
577.6981
 30
0.0
  0
POINT
  5
41D
330
411
100
AcDbEntity
  8
Defpoints
100
AcDbPoint
 10
484.00315
 20
592.03
 30
0.0
  0
POINT
  5
41E
330
411
100
AcDbEntity
  8
Defpoints
100
AcDbPoint
 10
487.8361
 20
592.03
 30
0.0
  0
ENDBLK
  5
413
330
411
100
AcDbEntity
  8
0
100
AcDbBlockEnd
  0
BLOCK
  5
421
330
420
100
AcDbEntity
  8
0
100
AcDbBlockBegin
  2
*D21
 70
1
 10
0.0
 20
0.0
 30
0.0
  3
*D21
  1

  0
LINE
  5
423
330
420
100
AcDbEntity
  8
0
 62
2
100
AcDbLine
 10
487.8361
 20
591.03
 30
0.0
 11
487.8361
 21
575.6981
 31
0.0
  0
LINE
  5
424
330
420
100
AcDbEntity
  8
0
 62
2
100
AcDbLine
 10
494.33545000000004
 20
591.03
 30
0.0
 11
494.33545000000004
 21
575.6981
 31
0.0
  0
INSERT
  5
425
330
420
100
AcDbEntity
  8
DIM
 62
2
100
AcDbBlockReference
  2
_ARCHTICK
 10
487.8361
 20
577.6981
 30
0.0
 41
2.5
 42
2.5
 50
180.0
  0
INSERT
  5
427
330
420
100
AcDbEntity
  8
DIM
 62
2
100
AcDbBlockReference
  2
_ARCHTICK
 10
494.33545000000004
 20
577.6981
 30
0.0
 41
2.5
 42
2.5
  0
LINE
  5
429
330
420
100
AcDbEntity
  8
0
 62
2
100
AcDbLine
 10
487.8361
 20
577.6981
 30
0.0
 11
494.33545000000004
 21
577.6981
 31
0.0
  0
MTEXT
  5
42A
330
420
100
AcDbEntity
  8
DIM
 62
7
100
AcDbMText
 10
491.085775
 20
582.4481
 30
0.0
 40
3.5
 71
5
  1
6.5
  7
SimSun
  0
POINT
  5
42B
330
420
100
AcDbEntity
  8
Defpoints
100
AcDbPoint
 10
487.8361
 20
577.6981
 30
0.0
  0
POINT
  5
42C
330
420
100
AcDbEntity
  8
Defpoints
100
AcDbPoint
 10
487.8361
 20
592.03
 30
0.0
  0
POINT
  5
42D
330
420
100
AcDbEntity
  8
Defpoints
100
AcDbPoint
 10
494.33545000000004
 20
592.03
 30
0.0
  0
ENDBLK
  5
422
330
420
100
AcDbEntity
  8
0
100
AcDbBlockEnd
  0
BLOCK
  5
430
330
42F
100
AcDbEntity
  8
0
100
AcDbBlockBegin
  2
*D22
 70
1
 10
0.0
 20
0.0
 30
0.0
  3
*D22
  1

  0
LINE
  5
432
330
42F
100
AcDbEntity
  8
0
 62
2
100
AcDbLine
 10
494.33545000000004
 20
591.03
 30
0.0
 11
494.33545000000004
 21
575.6981
 31
0.0
  0
LINE
  5
433
330
42F
100
AcDbEntity
  8
0
 62
2
100
AcDbLine
 10
497.00185
 20
591.03
 30
0.0
 11
497.00185
 21
575.6981
 31
0.0
  0
INSERT
  5
434
330
42F
100
AcDbEntity
  8
DIM
 62
2
100
AcDbBlockReference
  2
_ARCHTICK
 10
494.33545000000004
 20
577.6981
 30
0.0
 41
2.5
 42
2.5
  0
INSERT
  5
436
330
42F
100
AcDbEntity
  8
DIM
 62
2
100
AcDbBlockReference
  2
_ARCHTICK
 10
497.00185
 20
577.6981
 30
0.0
 41
2.5
 42
2.5
 50
180.0
  0
LINE
  5
438
330
42F
100
AcDbEntity
  8
0
 62
2
100
AcDbLine
 10
494.33545000000004
 20
577.6981
 30
0.0
 11
497.00185
 21
577.6981
 31
0.0
  0
MTEXT
  5
439
330
42F
100
AcDbEntity
  8
DIM
 62
7
100
AcDbMText
 10
495.66865
 20
582.4481
 30
0.0
 40
3.5
 71
5
  1
2.7
  7
SimSun
  0
POINT
  5
43A
330
42F
100
AcDbEntity
  8
Defpoints
100
AcDbPoint
 10
494.33545000000004
 20
577.6981
 30
0.0
  0
POINT
  5
43B
330
42F
100
AcDbEntity
  8
Defpoints
100
AcDbPoint
 10
494.33545000000004
 20
592.03
 30
0.0
  0
POINT
  5
43C
330
42F
100
AcDbEntity
  8
Defpoints
100
AcDbPoint
 10
497.00185
 20
592.03
 30
0.0
  0
ENDBLK
  5
431
330
42F
100
AcDbEntity
  8
0
100
AcDbBlockEnd
  0
BLOCK
  5
43F
330
43E
100
AcDbEntity
  8
0
100
AcDbBlockBegin
  2
*D23
 70
1
 10
0.0
 20
0.0
 30
0.0
  3
*D23
  1

  0
LINE
  5
441
330
43E
100
AcDbEntity
  8
0
 62
2
100
AcDbLine
 10
497.00185
 20
591.03
 30
0.0
 11
497.00185
 21
575.6981
 31
0.0
  0
LINE
  5
442
330
43E
100
AcDbEntity
  8
0
 62
2
100
AcDbLine
 10
499.66825
 20
591.03
 30
0.0
 11
499.66825
 21
575.6981
 31
0.0
  0
INSERT
  5
443
330
43E
100
AcDbEntity
  8
DIM
 62
2
100
AcDbBlockReference
  2
_ARCHTICK
 10
497.00185
 20
577.6981
 30
0.0
 41
2.5
 42
2.5
  0
INSERT
  5
445
330
43E
100
AcDbEntity
  8
DIM
 62
2
100
AcDbBlockReference
  2
_ARCHTICK
 10
499.66825
 20
577.6981
 30
0.0
 41
2.5
 42
2.5
 50
180.0
  0
LINE
  5
447
330
43E
100
AcDbEntity
  8
0
 62
2
100
AcDbLine
 10
497.00185
 20
577.6981
 30
0.0
 11
499.66825
 21
577.6981
 31
0.0
  0
MTEXT
  5
448
330
43E
100
AcDbEntity
  8
DIM
 62
7
100
AcDbMText
 10
498.33505
 20
582.4481
 30
0.0
 40
3.5
 71
5
  1
2.7
  7
SimSun
  0
POINT
  5
449
330
43E
100
AcDbEntity
  8
Defpoints
100
AcDbPoint
 10
497.00185
 20
577.6981
 30
0.0
  0
POINT
  5
44A
330
43E
100
AcDbEntity
  8
Defpoints
100
AcDbPoint
 10
497.00185
 20
592.03
 30
0.0
  0
POINT
  5
44B
330
43E
100
AcDbEntity
  8
Defpoints
100
AcDbPoint
 10
499.66825
 20
592.03
 30
0.0
  0
ENDBLK
  5
440
330
43E
100
AcDbEntity
  8
0
100
AcDbBlockEnd
  0
BLOCK
  5
44E
330
44D
100
AcDbEntity
  8
0
100
AcDbBlockBegin
  2
*D24
 70
1
 10
0.0
 20
0.0
 30
0.0
  3
*D24
  1

  0
LINE
  5
450
330
44D
100
AcDbEntity
  8
0
 62
2
100
AcDbLine
 10
499.66825
 20
591.03
 30
0.0
 11
499.66825
 21
575.6981
 31
0.0
  0
LINE
  5
451
330
44D
100
AcDbEntity
  8
0
 62
2
100
AcDbLine
 10
502.00135
 20
591.03
 30
0.0
 11
502.00135
 21
575.6981
 31
0.0
  0
INSERT
  5
452
330
44D
100
AcDbEntity
  8
DIM
 62
2
100
AcDbBlockReference
  2
_ARCHTICK
 10
499.66825
 20
577.6981
 30
0.0
 41
2.5
 42
2.5
  0
INSERT
  5
454
330
44D
100
AcDbEntity
  8
DIM
 62
2
100
AcDbBlockReference
  2
_ARCHTICK
 10
502.00135
 20
577.6981
 30
0.0
 41
2.5
 42
2.5
 50
180.0
  0
LINE
  5
456
330
44D
100
AcDbEntity
  8
0
 62
2
100
AcDbLine
 10
499.66825
 20
577.6981
 30
0.0
 11
502.00135
 21
577.6981
 31
0.0
  0
MTEXT
  5
457
330
44D
100
AcDbEntity
  8
DIM
 62
7
100
AcDbMText
 10
500.8348
 20
582.4481
 30
0.0
 40
3.5
 71
5
  1
2.3
  7
SimSun
  0
POINT
  5
458
330
44D
100
AcDbEntity
  8
Defpoints
100
AcDbPoint
 10
499.66825
 20
577.6981
 30
0.0
  0
POINT
  5
459
330
44D
100
AcDbEntity
  8
Defpoints
100
AcDbPoint
 10
499.66825
 20
592.03
 30
0.0
  0
POINT
  5
45A
330
44D
100
AcDbEntity
  8
Defpoints
100
AcDbPoint
 10
502.00135
 20
592.03
 30
0.0
  0
ENDBLK
  5
44F
330
44D
100
AcDbEntity
  8
0
100
AcDbBlockEnd
  0
BLOCK
  5
45D
330
45C
100
AcDbEntity
  8
0
100
AcDbBlockBegin
  2
*D25
 70
1
 10
0.0
 20
0.0
 30
0.0
  3
*D25
  1

  0
LINE
  5
45F
330
45C
100
AcDbEntity
  8
0
 62
2
100
AcDbLine
 10
502.00135
 20
591.03
 30
0.0
 11
502.00135
 21
575.6981
 31
0.0
  0
LINE
  5
460
330
45C
100
AcDbEntity
  8
0
 62
2
100
AcDbLine
 10
504.5011
 20
591.03
 30
0.0
 11
504.5011
 21
575.6981
 31
0.0
  0
INSERT
  5
461
330
45C
100
AcDbEntity
  8
DIM
 62
2
100
AcDbBlockReference
  2
_ARCHTICK
 10
502.00135
 20
577.6981
 30
0.0
 41
2.5
 42
2.5
  0
INSERT
  5
463
330
45C
100
AcDbEntity
  8
DIM
 62
2
100
AcDbBlockReference
  2
_ARCHTICK
 10
504.5011
 20
577.6981
 30
0.0
 41
2.5
 42
2.5
 50
180.0
  0
LINE
  5
465
330
45C
100
AcDbEntity
  8
0
 62
2
100
AcDbLine
 10
502.00135
 20
577.6981
 30
0.0
 11
504.5011
 21
577.6981
 31
0.0
  0
MTEXT
  5
466
330
45C
100
AcDbEntity
  8
DIM
 62
7
100
AcDbMText
 10
503.251225
 20
582.4481
 30
0.0
 40
3.5
 71
5
  1
2.5
  7
SimSun
  0
POINT
  5
467
330
45C
100
AcDbEntity
  8
Defpoints
100
AcDbPoint
 10
502.00135
 20
577.6981
 30
0.0
  0
POINT
  5
468
330
45C
100
AcDbEntity
  8
Defpoints
100
AcDbPoint
 10
502.00135
 20
592.03
 30
0.0
  0
POINT
  5
469
330
45C
100
AcDbEntity
  8
Defpoints
100
AcDbPoint
 10
504.5011
 20
592.03
 30
0.0
  0
ENDBLK
  5
45E
330
45C
100
AcDbEntity
  8
0
100
AcDbBlockEnd
  0
BLOCK
  5
46C
330
46B
100
AcDbEntity
  8
0
100
AcDbBlockBegin
  2
*D26
 70
1
 10
0.0
 20
0.0
 30
0.0
  3
*D26
  1

  0
LINE
  5
46E
330
46B
100
AcDbEntity
  8
0
 62
2
100
AcDbLine
 10
504.5011
 20
591.03
 30
0.0
 11
504.5011
 21
575.6981
 31
0.0
  0
LINE
  5
46F
330
46B
100
AcDbEntity
  8
0
 62
2
100
AcDbLine
 10
506.1676
 20
591.03
 30
0.0
 11
506.1676
 21
575.6981
 31
0.0
  0
INSERT
  5
470
330
46B
100
AcDbEntity
  8
DIM
 62
2
100
AcDbBlockReference
  2
_ARCHTICK
 10
504.5011
 20
577.6981
 30
0.0
 41
2.5
 42
2.5
  0
INSERT
  5
472
330
46B
100
AcDbEntity
  8
DIM
 62
2
100
AcDbBlockReference
  2
_ARCHTICK
 10
506.1676
 20
577.6981
 30
0.0
 41
2.5
 42
2.5
 50
180.0
  0
LINE
  5
474
330
46B
100
AcDbEntity
  8
0
 62
2
100
AcDbLine
 10
504.5011
 20
577.6981
 30
0.0
 11
506.1676
 21
577.6981
 31
0.0
  0
MTEXT
  5
475
330
46B
100
AcDbEntity
  8
DIM
 62
7
100
AcDbMText
 10
505.33435
 20
582.4481
 30
0.0
 40
3.5
 71
5
  1
1.7
  7
SimSun
  0
POINT
  5
476
330
46B
100
AcDbEntity
  8
Defpoints
100
AcDbPoint
 10
504.5011
 20
577.6981
 30
0.0
  0
POINT
  5
477
330
46B
100
AcDbEntity
  8
Defpoints
100
AcDbPoint
 10
504.5011
 20
592.03
 30
0.0
  0
POINT
  5
478
330
46B
100
AcDbEntity
  8
Defpoints
100
AcDbPoint
 10
506.1676
 20
592.03
 30
0.0
  0
ENDBLK
  5
46D
330
46B
100
AcDbEntity
  8
0
100
AcDbBlockEnd
  0
BLOCK
  5
47B
330
47A
100
AcDbEntity
  8
0
100
AcDbBlockBegin
  2
*D27
 70
1
 10
0.0
 20
0.0
 30
0.0
  3
*D27
  1

  0
LINE
  5
47D
330
47A
100
AcDbEntity
  8
0
 62
2
100
AcDbLine
 10
424.509
 20
592.03
 30
0.0
 11
409.1771
 21
592.03
 31
0.0
  0
LINE
  5
47E
330
47A
100
AcDbEntity
  8
0
 62
2
100
AcDbLine
 10
424.509
 20
593.6965
 30
0.0
 11
409.1771
 21
593.6965
 31
0.0
  0
INSERT
  5
47F
330
47A
100
AcDbEntity
  8
DIM
 62
2
100
AcDbBlockReference
  2
_ARCHTICK
 10
411.1771
 20
592.03
 30
0.0
 41
2.5
 42
2.5
 50
90.0
  0
INSERT
  5
481
330
47A
100
AcDbEntity
  8
DIM
 62
2
100
AcDbBlockReference
  2
_ARCHTICK
 10
411.1771
 20
593.6965
 30
0.0
 41
2.5
 42
2.5
 50
270.0
  0
LINE
  5
483
330
47A
100
AcDbEntity
  8
0
 62
2
100
AcDbLine
 10
411.1771
 20
592.03
 30
0.0
 11
411.1771
 21
593.6965
 31
0.0
  0
MTEXT
  5
484
330
47A
100
AcDbEntity
  8
DIM
 62
7
100
AcDbMText
 10
406.4271
 20
592.86325
 30
0.0
 40
3.5
 71
5
  1
1.7
  7
SimSun
 50
90.0
  0
POINT
  5
485
330
47A
100
AcDbEntity
  8
Defpoints
100
AcDbPoint
 10
411.1771
 20
592.03
 30
0.0
  0
POINT
  5
486
330
47A
100
AcDbEntity
  8
Defpoints
100
AcDbPoint
 10
425.509
 20
592.03
 30
0.0
  0
POINT
  5
487
330
47A
100
AcDbEntity
  8
Defpoints
100
AcDbPoint
 10
425.509
 20
593.6965
 30
0.0
  0
ENDBLK
  5
47C
330
47A
100
AcDbEntity
  8
0
100
AcDbBlockEnd
  0
BLOCK
  5
48A
330
489
100
AcDbEntity
  8
0
100
AcDbBlockBegin
  2
*D28
 70
1
 10
0.0
 20
0.0
 30
0.0
  3
*D28
  1

  0
LINE
  5
48C
330
489
100
AcDbEntity
  8
0
 62
2
100
AcDbLine
 10
424.509
 20
593.6965
 30
0.0
 11
409.1771
 21
593.6965
 31
0.0
  0
LINE
  5
48D
330
489
100
AcDbEntity
  8
0
 62
2
100
AcDbLine
 10
424.509
 20
594.39643
 30
0.0
 11
409.1771
 21
594.39643
 31
0.0
  0
INSERT
  5
48E
330
489
100
AcDbEntity
  8
DIM
 62
2
100
AcDbBlockReference
  2
_ARCHTICK
 10
411.1771
 20
593.6965
 30
0.0
 41
2.5
 42
2.5
 50
90.0
  0
INSERT
  5
490
330
489
100
AcDbEntity
  8
DIM
 62
2
100
AcDbBlockReference
  2
_ARCHTICK
 10
411.1771
 20
594.39643
 30
0.0
 41
2.5
 42
2.5
 50
270.0
  0
LINE
  5
492
330
489
100
AcDbEntity
  8
0
 62
2
100
AcDbLine
 10
411.1771
 20
593.6965
 30
0.0
 11
411.1771
 21
594.39643
 31
0.0
  0
MTEXT
  5
493
330
489
100
AcDbEntity
  8
DIM
 62
7
100
AcDbMText
 10
406.4271
 20
594.046465
 30
0.0
 40
3.5
 71
5
  1
.7
  7
SimSun
 50
90.0
  0
POINT
  5
494
330
489
100
AcDbEntity
  8
Defpoints
100
AcDbPoint
 10
411.1771
 20
593.6965
 30
0.0
  0
POINT
  5
495
330
489
100
AcDbEntity
  8
Defpoints
100
AcDbPoint
 10
425.509
 20
593.6965
 30
0.0
  0
POINT
  5
496
330
489
100
AcDbEntity
  8
Defpoints
100
AcDbPoint
 10
425.509
 20
594.39643
 30
0.0
  0
ENDBLK
  5
48B
330
489
100
AcDbEntity
  8
0
100
AcDbBlockEnd
  0
BLOCK
  5
499
330
498
100
AcDbEntity
  8
0
100
AcDbBlockBegin
  2
*D29
 70
1
 10
0.0
 20
0.0
 30
0.0
  3
*D29
  1

  0
LINE
  5
49B
330
498
100
AcDbEntity
  8
0
 62
2
100
AcDbLine
 10
424.509
 20
594.39643
 30
0.0
 11
409.1771
 21
594.39643
 31
0.0
  0
LINE
  5
49C
330
498
100
AcDbEntity
  8
0
 62
2
100
AcDbLine
 10
424.509
 20
597.79609
 30
0.0
 11
409.1771
 21
597.79609
 31
0.0
  0
INSERT
  5
49D
330
498
100
AcDbEntity
  8
DIM
 62
2
100
AcDbBlockReference
  2
_ARCHTICK
 10
411.1771
 20
594.39643
 30
0.0
 41
2.5
 42
2.5
 50
90.0
  0
INSERT
  5
49F
330
498
100
AcDbEntity
  8
DIM
 62
2
100
AcDbBlockReference
  2
_ARCHTICK
 10
411.1771
 20
597.79609
 30
0.0
 41
2.5
 42
2.5
 50
270.0
  0
LINE
  5
4A1
330
498
100
AcDbEntity
  8
0
 62
2
100
AcDbLine
 10
411.1771
 20
594.39643
 30
0.0
 11
411.1771
 21
597.79609
 31
0.0
  0
MTEXT
  5
4A2
330
498
100
AcDbEntity
  8
DIM
 62
7
100
AcDbMText
 10
406.4271
 20
596.09626
 30
0.0
 40
3.5
 71
5
  1
3.4
  7
SimSun
 50
90.0
  0
POINT
  5
4A3
330
498
100
AcDbEntity
  8
Defpoints
100
AcDbPoint
 10
411.1771
 20
594.39643
 30
0.0
  0
POINT
  5
4A4
330
498
100
AcDbEntity
  8
Defpoints
100
AcDbPoint
 10
425.509
 20
594.39643
 30
0.0
  0
POINT
  5
4A5
330
498
100
AcDbEntity
  8
Defpoints
100
AcDbPoint
 10
425.509
 20
597.79609
 30
0.0
  0
ENDBLK
  5
49A
330
498
100
AcDbEntity
  8
0
100
AcDbBlockEnd
  0
BLOCK
  5
4A8
330
4A7
100
AcDbEntity
  8
0
100
AcDbBlockBegin
  2
*D30
 70
1
 10
0.0
 20
0.0
 30
0.0
  3
*D30
  1

  0
LINE
  5
4AA
330
4A7
100
AcDbEntity
  8
0
 62
2
100
AcDbLine
 10
424.509
 20
597.79609
 30
0.0
 11
409.1771
 21
597.79609
 31
0.0
  0
LINE
  5
4AB
330
4A7
100
AcDbEntity
  8
0
 62
2
100
AcDbLine
 10
424.509
 20
598.0294
 30
0.0
 11
409.1771
 21
598.0294
 31
0.0
  0
INSERT
  5
4AC
330
4A7
100
AcDbEntity
  8
DIM
 62
2
100
AcDbBlockReference
  2
_ARCHTICK
 10
411.1771
 20
597.79609
 30
0.0
 41
2.5
 42
2.5
 50
90.0
  0
INSERT
  5
4AE
330
4A7
100
AcDbEntity
  8
DIM
 62
2
100
AcDbBlockReference
  2
_ARCHTICK
 10
411.1771
 20
598.0294
 30
0.0
 41
2.5
 42
2.5
 50
270.0
  0
LINE
  5
4B0
330
4A7
100
AcDbEntity
  8
0
 62
2
100
AcDbLine
 10
411.1771
 20
597.79609
 30
0.0
 11
411.1771
 21
598.0294
 31
0.0
  0
MTEXT
  5
4B1
330
4A7
100
AcDbEntity
  8
DIM
 62
7
100
AcDbMText
 10
406.4271
 20
597.9127450000001
 30
0.0
 40
3.5
 71
5
  1
.2
  7
SimSun
 50
90.0
  0
POINT
  5
4B2
330
4A7
100
AcDbEntity
  8
Defpoints
100
AcDbPoint
 10
411.1771
 20
597.79609
 30
0.0
  0
POINT
  5
4B3
330
4A7
100
AcDbEntity
  8
Defpoints
100
AcDbPoint
 10
425.509
 20
597.79609
 30
0.0
  0
POINT
  5
4B4
330
4A7
100
AcDbEntity
  8
Defpoints
100
AcDbPoint
 10
425.509
 20
598.0294
 30
0.0
  0
ENDBLK
  5
4A9
330
4A7
100
AcDbEntity
  8
0
100
AcDbBlockEnd
  0
BLOCK
  5
4B7
330
4B6
100
AcDbEntity
  8
0
100
AcDbBlockBegin
  2
*D31
 70
1
 10
0.0
 20
0.0
 30
0.0
  3
*D31
  1

  0
LINE
  5
4B9
330
4B6
100
AcDbEntity
  8
0
 62
2
100
AcDbLine
 10
424.509
 20
598.0294
 30
0.0
 11
409.1771
 21
598.0294
 31
0.0
  0
LINE
  5
4BA
330
4B6
100
AcDbEntity
  8
0
 62
2
100
AcDbLine
 10
424.509
 20
598.72933
 30
0.0
 11
409.1771
 21
598.72933
 31
0.0
  0
INSERT
  5
4BB
330
4B6
100
AcDbEntity
  8
DIM
 62
2
100
AcDbBlockReference
  2
_ARCHTICK
 10
411.1771
 20
598.0294
 30
0.0
 41
2.5
 42
2.5
 50
90.0
  0
INSERT
  5
4BD
330
4B6
100
AcDbEntity
  8
DIM
 62
2
100
AcDbBlockReference
  2
_ARCHTICK
 10
411.1771
 20
598.72933
 30
0.0
 41
2.5
 42
2.5
 50
270.0
  0
LINE
  5
4BF
330
4B6
100
AcDbEntity
  8
0
 62
2
100
AcDbLine
 10
411.1771
 20
598.0294
 30
0.0
 11
411.1771
 21
598.72933
 31
0.0
  0
MTEXT
  5
4C0
330
4B6
100
AcDbEntity
  8
DIM
 62
7
100
AcDbMText
 10
406.4271
 20
598.379365
 30
0.0
 40
3.5
 71
5
  1
.7
  7
SimSun
 50
90.0
  0
POINT
  5
4C1
330
4B6
100
AcDbEntity
  8
Defpoints
100
AcDbPoint
 10
411.1771
 20
598.0294
 30
0.0
  0
POINT
  5
4C2
330
4B6
100
AcDbEntity
  8
Defpoints
100
AcDbPoint
 10
425.509
 20
598.0294
 30
0.0
  0
POINT
  5
4C3
330
4B6
100
AcDbEntity
  8
Defpoints
100
AcDbPoint
 10
425.509
 20
598.72933
 30
0.0
  0
ENDBLK
  5
4B8
330
4B6
100
AcDbEntity
  8
0
100
AcDbBlockEnd
  0
BLOCK
  5
4C6
330
4C5
100
AcDbEntity
  8
0
100
AcDbBlockBegin
  2
*D32
 70
1
 10
0.0
 20
0.0
 30
0.0
  3
*D32
  1

  0
LINE
  5
4C8
330
4C5
100
AcDbEntity
  8
0
 62
2
100
AcDbLine
 10
424.509
 20
598.72933
 30
0.0
 11
409.1771
 21
598.72933
 31
0.0
  0
LINE
  5
4C9
330
4C5
100
AcDbEntity
  8
0
 62
2
100
AcDbLine
 10
424.509
 20
603.09556
 30
0.0
 11
409.1771
 21
603.09556
 31
0.0
  0
INSERT
  5
4CA
330
4C5
100
AcDbEntity
  8
DIM
 62
2
100
AcDbBlockReference
  2
_ARCHTICK
 10
411.1771
 20
598.72933
 30
0.0
 41
2.5
 42
2.5
 50
90.0
  0
INSERT
  5
4CC
330
4C5
100
AcDbEntity
  8
DIM
 62
2
100
AcDbBlockReference
  2
_ARCHTICK
 10
411.1771
 20
603.09556
 30
0.0
 41
2.5
 42
2.5
 50
270.0
  0
LINE
  5
4CE
330
4C5
100
AcDbEntity
  8
0
 62
2
100
AcDbLine
 10
411.1771
 20
598.72933
 30
0.0
 11
411.1771
 21
603.09556
 31
0.0
  0
MTEXT
  5
4CF
330
4C5
100
AcDbEntity
  8
DIM
 62
7
100
AcDbMText
 10
406.4271
 20
600.9124449999999
 30
0.0
 40
3.5
 71
5
  1
4.4
  7
SimSun
 50
90.0
  0
POINT
  5
4D0
330
4C5
100
AcDbEntity
  8
Defpoints
100
AcDbPoint
 10
411.1771
 20
598.72933
 30
0.0
  0
POINT
  5
4D1
330
4C5
100
AcDbEntity
  8
Defpoints
100
AcDbPoint
 10
425.509
 20
598.72933
 30
0.0
  0
POINT
  5
4D2
330
4C5
100
AcDbEntity
  8
Defpoints
100
AcDbPoint
 10
425.509
 20
603.09556
 30
0.0
  0
ENDBLK
  5
4C7
330
4C5
100
AcDbEntity
  8
0
100
AcDbBlockEnd
  0
BLOCK
  5
4D5
330
4D4
100
AcDbEntity
  8
0
100
AcDbBlockBegin
  2
*D33
 70
1
 10
0.0
 20
0.0
 30
0.0
  3
*D33
  1

  0
LINE
  5
4D7
330
4D4
100
AcDbEntity
  8
0
 62
2
100
AcDbLine
 10
424.509
 20
603.09556
 30
0.0
 11
409.1771
 21
603.09556
 31
0.0
  0
LINE
  5
4D8
330
4D4
100
AcDbEntity
  8
0
 62
2
100
AcDbLine
 10
424.509
 20
619.86055
 30
0.0
 11
409.1771
 21
619.86055
 31
0.0
  0
INSERT
  5
4D9
330
4D4
100
AcDbEntity
  8
DIM
 62
2
100
AcDbBlockReference
  2
_ARCHTICK
 10
411.1771
 20
603.09556
 30
0.0
 41
2.5
 42
2.5
 50
270.0
  0
INSERT
  5
4DB
330
4D4
100
AcDbEntity
  8
DIM
 62
2
100
AcDbBlockReference
  2
_ARCHTICK
 10
411.1771
 20
619.86055
 30
0.0
 41
2.5
 42
2.5
 50
90.0
  0
LINE
  5
4DD
330
4D4
100
AcDbEntity
  8
0
 62
2
100
AcDbLine
 10
411.1771
 20
603.09556
 30
0.0
 11
411.1771
 21
619.86055
 31
0.0
  0
MTEXT
  5
4DE
330
4D4
100
AcDbEntity
  8
DIM
 62
7
100
AcDbMText
 10
408.4271
 20
611.478055
 30
0.0
 40
3.5
 71
5
  1
16.8
  7
SimSun
 50
90.0
  0
POINT
  5
4DF
330
4D4
100
AcDbEntity
  8
Defpoints
100
AcDbPoint
 10
411.1771
 20
603.09556
 30
0.0
  0
POINT
  5
4E0
330
4D4
100
AcDbEntity
  8
Defpoints
100
AcDbPoint
 10
425.509
 20
603.09556
 30
0.0
  0
POINT
  5
4E1
330
4D4
100
AcDbEntity
  8
Defpoints
100
AcDbPoint
 10
425.509
 20
619.86055
 30
0.0
  0
ENDBLK
  5
4D6
330
4D4
100
AcDbEntity
  8
0
100
AcDbBlockEnd
  0
BLOCK
  5
4E4
330
4E3
100
AcDbEntity
  8
0
100
AcDbBlockBegin
  2
*D34
 70
1
 10
0.0
 20
0.0
 30
0.0
  3
*D34
  1

  0
LINE
  5
4E6
330
4E3
100
AcDbEntity
  8
0
 62
2
100
AcDbLine
 10
424.509
 20
619.86055
 30
0.0
 11
409.1771
 21
619.86055
 31
0.0
  0
LINE
  5
4E7
330
4E3
100
AcDbEntity
  8
0
 62
2
100
AcDbLine
 10
424.509
 20
622.3603
 30
0.0
 11
409.1771
 21
622.3603
 31
0.0
  0
INSERT
  5
4E8
330
4E3
100
AcDbEntity
  8
DIM
 62
2
100
AcDbBlockReference
  2
_ARCHTICK
 10
411.1771
 20
619.86055
 30
0.0
 41
2.5
 42
2.5
 50
90.0
  0
INSERT
  5
4EA
330
4E3
100
AcDbEntity
  8
DIM
 62
2
100
AcDbBlockReference
  2
_ARCHTICK
 10
411.1771
 20
622.3603
 30
0.0
 41
2.5
 42
2.5
 50
270.0
  0
LINE
  5
4EC
330
4E3
100
AcDbEntity
  8
0
 62
2
100
AcDbLine
 10
411.1771
 20
619.86055
 30
0.0
 11
411.1771
 21
622.3603
 31
0.0
  0
MTEXT
  5
4ED
330
4E3
100
AcDbEntity
  8
DIM
 62
7
100
AcDbMText
 10
406.4271
 20
621.1104250000001
 30
0.0
 40
3.5
 71
5
  1
2.5
  7
SimSun
 50
90.0
  0
POINT
  5
4EE
330
4E3
100
AcDbEntity
  8
Defpoints
100
AcDbPoint
 10
411.1771
 20
619.86055
 30
0.0
  0
POINT
  5
4EF
330
4E3
100
AcDbEntity
  8
Defpoints
100
AcDbPoint
 10
425.509
 20
619.86055
 30
0.0
  0
POINT
  5
4F0
330
4E3
100
AcDbEntity
  8
Defpoints
100
AcDbPoint
 10
425.509
 20
622.3603
 30
0.0
  0
ENDBLK
  5
4E5
330
4E3
100
AcDbEntity
  8
0
100
AcDbBlockEnd
  0
BLOCK
  5
4F3
330
4F2
100
AcDbEntity
  8
0
100
AcDbBlockBegin
  2
*D35
 70
1
 10
0.0
 20
0.0
 30
0.0
  3
*D35
  1

  0
LINE
  5
4F5
330
4F2
100
AcDbEntity
  8
0
 62
2
100
AcDbLine
 10
424.509
 20
622.3603
 30
0.0
 11
409.1771
 21
622.3603
 31
0.0
  0
LINE
  5
4F6
330
4F2
100
AcDbEntity
  8
0
 62
2
100
AcDbLine
 10
424.509
 20
634.42576
 30
0.0
 11
409.1771
 21
634.42576
 31
0.0
  0
INSERT
  5
4F7
330
4F2
100
AcDbEntity
  8
DIM
 62
2
100
AcDbBlockReference
  2
_ARCHTICK
 10
411.1771
 20
622.3603
 30
0.0
 41
2.5
 42
2.5
 50
270.0
  0
INSERT
  5
4F9
330
4F2
100
AcDbEntity
  8
DIM
 62
2
100
AcDbBlockReference
  2
_ARCHTICK
 10
411.1771
 20
634.42576
 30
0.0
 41
2.5
 42
2.5
 50
90.0
  0
LINE
  5
4FB
330
4F2
100
AcDbEntity
  8
0
 62
2
100
AcDbLine
 10
411.1771
 20
622.3603
 30
0.0
 11
411.1771
 21
634.42576
 31
0.0
  0
MTEXT
  5
4FC
330
4F2
100
AcDbEntity
  8
DIM
 62
7
100
AcDbMText
 10
406.4271
 20
628.39303
 30
0.0
 40
3.5
 71
5
  1
12.1
  7
SimSun
 50
90.0
  0
POINT
  5
4FD
330
4F2
100
AcDbEntity
  8
Defpoints
100
AcDbPoint
 10
411.1771
 20
622.3603
 30
0.0
  0
POINT
  5
4FE
330
4F2
100
AcDbEntity
  8
Defpoints
100
AcDbPoint
 10
425.509
 20
622.3603
 30
0.0
  0
POINT
  5
4FF
330
4F2
100
AcDbEntity
  8
Defpoints
100
AcDbPoint
 10
425.509
 20
634.42576
 30
0.0
  0
ENDBLK
  5
4F4
330
4F2
100
AcDbEntity
  8
0
100
AcDbBlockEnd
  0
BLOCK
  5
502
330
501
100
AcDbEntity
  8
0
100
AcDbBlockBegin
  2
*D36
 70
1
 10
0.0
 20
0.0
 30
0.0
  3
*D36
  1

  0
LINE
  5
504
330
501
100
AcDbEntity
  8
0
 62
2
100
AcDbLine
 10
424.509
 20
634.42576
 30
0.0
 11
409.1771
 21
634.42576
 31
0.0
  0
LINE
  5
505
330
501
100
AcDbEntity
  8
0
 62
2
100
AcDbLine
 10
424.509
 20
635.59231
 30
0.0
 11
409.1771
 21
635.59231
 31
0.0
  0
INSERT
  5
506
330
501
100
AcDbEntity
  8
DIM
 62
2
100
AcDbBlockReference
  2
_ARCHTICK
 10
411.1771
 20
634.42576
 30
0.0
 41
2.5
 42
2.5
 50
90.0
  0
INSERT
  5
508
330
501
100
AcDbEntity
  8
DIM
 62
2
100
AcDbBlockReference
  2
_ARCHTICK
 10
411.1771
 20
635.59231
 30
0.0
 41
2.5
 42
2.5
 50
270.0
  0
LINE
  5
50A
330
501
100
AcDbEntity
  8
0
 62
2
100
AcDbLine
 10
411.1771
 20
634.42576
 30
0.0
 11
411.1771
 21
635.59231
 31
0.0
  0
MTEXT
  5
50B
330
501
100
AcDbEntity
  8
DIM
 62
7
100
AcDbMText
 10
406.4271
 20
635.009035
 30
0.0
 40
3.5
 71
5
  1
1.2
  7
SimSun
 50
90.0
  0
POINT
  5
50C
330
501
100
AcDbEntity
  8
Defpoints
100
AcDbPoint
 10
411.1771
 20
634.42576
 30
0.0
  0
POINT
  5
50D
330
501
100
AcDbEntity
  8
Defpoints
100
AcDbPoint
 10
425.509
 20
634.42576
 30
0.0
  0
POINT
  5
50E
330
501
100
AcDbEntity
  8
Defpoints
100
AcDbPoint
 10
425.509
 20
635.59231
 30
0.0
  0
ENDBLK
  5
503
330
501
100
AcDbEntity
  8
0
100
AcDbBlockEnd
  0
BLOCK
  5
511
330
510
100
AcDbEntity
  8
0
100
AcDbBlockBegin
  2
*D37
 70
1
 10
0.0
 20
0.0
 30
0.0
  3
*D37
  1

  0
LINE
  5
513
330
510
100
AcDbEntity
  8
0
 62
2
100
AcDbLine
 10
424.509
 20
635.59231
 30
0.0
 11
409.1771
 21
635.59231
 31
0.0
  0
LINE
  5
514
330
510
100
AcDbEntity
  8
0
 62
2
100
AcDbLine
 10
424.509
 20
635.75896
 30
0.0
 11
409.1771
 21
635.75896
 31
0.0
  0
INSERT
  5
515
330
510
100
AcDbEntity
  8
DIM
 62
2
100
AcDbBlockReference
  2
_ARCHTICK
 10
411.1771
 20
635.59231
 30
0.0
 41
2.5
 42
2.5
 50
90.0
  0
INSERT
  5
517
330
510
100
AcDbEntity
  8
DIM
 62
2
100
AcDbBlockReference
  2
_ARCHTICK
 10
411.1771
 20
635.75896
 30
0.0
 41
2.5
 42
2.5
 50
270.0
  0
LINE
  5
519
330
510
100
AcDbEntity
  8
0
 62
2
100
AcDbLine
 10
411.1771
 20
635.59231
 30
0.0
 11
411.1771
 21
635.75896
 31
0.0
  0
MTEXT
  5
51A
330
510
100
AcDbEntity
  8
DIM
 62
7
100
AcDbMText
 10
406.4271
 20
635.675635
 30
0.0
 40
3.5
 71
5
  1
.2
  7
SimSun
 50
90.0
  0
POINT
  5
51B
330
510
100
AcDbEntity
  8
Defpoints
100
AcDbPoint
 10
411.1771
 20
635.59231
 30
0.0
  0
POINT
  5
51C
330
510
100
AcDbEntity
  8
Defpoints
100
AcDbPoint
 10
425.509
 20
635.59231
 30
0.0
  0
POINT
  5
51D
330
510
100
AcDbEntity
  8
Defpoints
100
AcDbPoint
 10
425.509
 20
635.75896
 30
0.0
  0
ENDBLK
  5
512
330
510
100
AcDbEntity
  8
0
100
AcDbBlockEnd
  0
BLOCK
  5
520
330
51F
100
AcDbEntity
  8
0
100
AcDbBlockBegin
  2
*D38
 70
1
 10
0.0
 20
0.0
 30
0.0
  3
*D38
  1

  0
LINE
  5
522
330
51F
100
AcDbEntity
  8
0
 62
2
100
AcDbLine
 10
424.509
 20
635.75896
 30
0.0
 11
409.1771
 21
635.75896
 31
0.0
  0
LINE
  5
523
330
51F
100
AcDbEntity
  8
0
 62
2
100
AcDbLine
 10
424.509
 20
636.75886
 30
0.0
 11
409.1771
 21
636.75886
 31
0.0
  0
INSERT
  5
524
330
51F
100
AcDbEntity
  8
DIM
 62
2
100
AcDbBlockReference
  2
_ARCHTICK
 10
411.1771
 20
635.75896
 30
0.0
 41
2.5
 42
2.5
 50
90.0
  0
INSERT
  5
526
330
51F
100
AcDbEntity
  8
DIM
 62
2
100
AcDbBlockReference
  2
_ARCHTICK
 10
411.1771
 20
636.75886
 30
0.0
 41
2.5
 42
2.5
 50
270.0
  0
LINE
  5
528
330
51F
100
AcDbEntity
  8
0
 62
2
100
AcDbLine
 10
411.1771
 20
635.75896
 30
0.0
 11
411.1771
 21
636.75886
 31
0.0
  0
MTEXT
  5
529
330
51F
100
AcDbEntity
  8
DIM
 62
7
100
AcDbMText
 10
406.4271
 20
636.25891
 30
0.0
 40
3.5
 71
5
  1
1
  7
SimSun
 50
90.0
  0
POINT
  5
52A
330
51F
100
AcDbEntity
  8
Defpoints
100
AcDbPoint
 10
411.1771
 20
635.75896
 30
0.0
  0
POINT
  5
52B
330
51F
100
AcDbEntity
  8
Defpoints
100
AcDbPoint
 10
425.509
 20
635.75896
 30
0.0
  0
POINT
  5
52C
330
51F
100
AcDbEntity
  8
Defpoints
100
AcDbPoint
 10
425.509
 20
636.75886
 30
0.0
  0
ENDBLK
  5
521
330
51F
100
AcDbEntity
  8
0
100
AcDbBlockEnd
  0
BLOCK
  5
52F
330
52E
100
AcDbEntity
  8
0
100
AcDbBlockBegin
  2
*D39
 70
1
 10
0.0
 20
0.0
 30
0.0
  3
*D39
  1

  0
LINE
  5
531
330
52E
100
AcDbEntity
  8
0
 62
2
100
AcDbLine
 10
424.509
 20
636.75886
 30
0.0
 11
409.1771
 21
636.75886
 31
0.0
  0
LINE
  5
532
330
52E
100
AcDbEntity
  8
0
 62
2
100
AcDbLine
 10
424.509
 20
638.42536
 30
0.0
 11
409.1771
 21
638.42536
 31
0.0
  0
INSERT
  5
533
330
52E
100
AcDbEntity
  8
DIM
 62
2
100
AcDbBlockReference
  2
_ARCHTICK
 10
411.1771
 20
636.75886
 30
0.0
 41
2.5
 42
2.5
 50
90.0
  0
INSERT
  5
535
330
52E
100
AcDbEntity
  8
DIM
 62
2
100
AcDbBlockReference
  2
_ARCHTICK
 10
411.1771
 20
638.42536
 30
0.0
 41
2.5
 42
2.5
 50
270.0
  0
LINE
  5
537
330
52E
100
AcDbEntity
  8
0
 62
2
100
AcDbLine
 10
411.1771
 20
636.75886
 30
0.0
 11
411.1771
 21
638.42536
 31
0.0
  0
MTEXT
  5
538
330
52E
100
AcDbEntity
  8
DIM
 62
7
100
AcDbMText
 10
406.4271
 20
637.59211
 30
0.0
 40
3.5
 71
5
  1
1.7
  7
SimSun
 50
90.0
  0
POINT
  5
539
330
52E
100
AcDbEntity
  8
Defpoints
100
AcDbPoint
 10
411.1771
 20
636.75886
 30
0.0
  0
POINT
  5
53A
330
52E
100
AcDbEntity
  8
Defpoints
100
AcDbPoint
 10
425.509
 20
636.75886
 30
0.0
  0
POINT
  5
53B
330
52E
100
AcDbEntity
  8
Defpoints
100
AcDbPoint
 10
425.509
 20
638.42536
 30
0.0
  0
ENDBLK
  5
530
330
52E
100
AcDbEntity
  8
0
100
AcDbBlockEnd
  0
BLOCK
  5
53E
330
53D
100
AcDbEntity
  8
0
100
AcDbBlockBegin
  2
*D40
 70
1
 10
0.0
 20
0.0
 30
0.0
  3
*D40
  1

  0
LINE
  5
540
330
53D
100
AcDbEntity
  8
0
 62
2
100
AcDbLine
 10
504.5011
 20
639.42536
 30
0.0
 11
504.5011
 21
648.7578599999999
 31
0.0
  0
LINE
  5
541
330
53D
100
AcDbEntity
  8
0
 62
2
100
AcDbLine
 10
506.1676
 20
639.42536
 30
0.0
 11
506.1676
 21
648.7578599999999
 31
0.0
  0
INSERT
  5
542
330
53D
100
AcDbEntity
  8
DIM
 62
2
100
AcDbBlockReference
  2
_ARCHTICK
 10
504.5011
 20
646.7578599999999
 30
0.0
 41
2.5
 42
2.5
  0
INSERT
  5
544
330
53D
100
AcDbEntity
  8
DIM
 62
2
100
AcDbBlockReference
  2
_ARCHTICK
 10
506.1676
 20
646.7578599999999
 30
0.0
 41
2.5
 42
2.5
 50
180.0
  0
LINE
  5
546
330
53D
100
AcDbEntity
  8
0
 62
2
100
AcDbLine
 10
504.5011
 20
646.7578599999999
 30
0.0
 11
506.1676
 21
646.7578599999999
 31
0.0
  0
MTEXT
  5
547
330
53D
100
AcDbEntity
  8
DIM
 62
7
100
AcDbMText
 10
505.33435
 20
651.5078599999999
 30
0.0
 40
3.5
 71
5
  1
1.7
  7
SimSun
  0
POINT
  5
548
330
53D
100
AcDbEntity
  8
Defpoints
100
AcDbPoint
 10
504.5011
 20
646.7578599999999
 30
0.0
  0
POINT
  5
549
330
53D
100
AcDbEntity
  8
Defpoints
100
AcDbPoint
 10
504.5011
 20
638.42536
 30
0.0
  0
POINT
  5
54A
330
53D
100
AcDbEntity
  8
Defpoints
100
AcDbPoint
 10
506.1676
 20
638.42536
 30
0.0
  0
ENDBLK
  5
53F
330
53D
100
AcDbEntity
  8
0
100
AcDbBlockEnd
  0
BLOCK
  5
54D
330
54C
100
AcDbEntity
  8
0
100
AcDbBlockBegin
  2
*D41
 70
1
 10
0.0
 20
0.0
 30
0.0
  3
*D41
  1

  0
LINE
  5
54F
330
54C
100
AcDbEntity
  8
0
 62
2
100
AcDbLine
 10
507.1676
 20
593.6965
 30
0.0
 11
516.5001
 21
593.6965
 31
0.0
  0
LINE
  5
550
330
54C
100
AcDbEntity
  8
0
 62
2
100
AcDbLine
 10
507.1676
 20
638.42536
 30
0.0
 11
516.5001
 21
638.42536
 31
0.0
  0
INSERT
  5
551
330
54C
100
AcDbEntity
  8
DIM
 62
2
100
AcDbBlockReference
  2
_ARCHTICK
 10
514.5001
 20
593.6965
 30
0.0
 41
2.5
 42
2.5
 50
270.0
  0
INSERT
  5
553
330
54C
100
AcDbEntity
  8
DIM
 62
2
100
AcDbBlockReference
  2
_ARCHTICK
 10
514.5001
 20
638.42536
 30
0.0
 41
2.5
 42
2.5
 50
90.0
  0
LINE
  5
555
330
54C
100
AcDbEntity
  8
0
 62
2
100
AcDbLine
 10
514.5001
 20
593.6965
 30
0.0
 11
514.5001
 21
638.42536
 31
0.0
  0
MTEXT
  5
556
330
54C
100
AcDbEntity
  8
DIM
 62
7
100
AcDbMText
 10
511.7501
 20
616.06093
 30
0.0
 40
3.5
 71
5
  1
44.7
  7
SimSun
 50
90.0
  0
POINT
  5
557
330
54C
100
AcDbEntity
  8
Defpoints
100
AcDbPoint
 10
514.5001
 20
593.6965
 30
0.0
  0
POINT
  5
558
330
54C
100
AcDbEntity
  8
Defpoints
100
AcDbPoint
 10
506.1676
 20
593.6965
 30
0.0
  0
POINT
  5
559
330
54C
100
AcDbEntity
  8
Defpoints
100
AcDbPoint
 10
506.1676
 20
638.42536
 30
0.0
  0
ENDBLK
  5
54E
330
54C
100
AcDbEntity
  8
0
100
AcDbBlockEnd
  0
BLOCK
  5
55C
330
55B
100
AcDbEntity
  8
0
100
AcDbBlockBegin
  2
*D42
 70
1
 10
0.0
 20
0.0
 30
0.0
  3
*D42
  1

  0
LINE
  5
55E
330
55B
100
AcDbEntity
  8
0
 62
2
100
AcDbLine
 10
504.5011
 20
639.42536
 30
0.0
 11
504.5011
 21
654.75726
 31
0.0
  0
LINE
  5
55F
330
55B
100
AcDbEntity
  8
0
 62
2
100
AcDbLine
 10
506.1676
 20
639.42536
 30
0.0
 11
506.1676
 21
654.75726
 31
0.0
  0
INSERT
  5
560
330
55B
100
AcDbEntity
  8
DIM
 62
2
100
AcDbBlockReference
  2
_ARCHTICK
 10
504.5011
 20
652.75726
 30
0.0
 41
2.5
 42
2.5
  0
INSERT
  5
562
330
55B
100
AcDbEntity
  8
DIM
 62
2
100
AcDbBlockReference
  2
_ARCHTICK
 10
506.1676
 20
652.75726
 30
0.0
 41
2.5
 42
2.5
 50
180.0
  0
LINE
  5
564
330
55B
100
AcDbEntity
  8
0
 62
2
100
AcDbLine
 10
504.5011
 20
652.75726
 30
0.0
 11
506.1676
 21
652.75726
 31
0.0
  0
MTEXT
  5
565
330
55B
100
AcDbEntity
  8
DIM
 62
7
100
AcDbMText
 10
505.33435
 20
657.50726
 30
0.0
 40
3.5
 71
5
  1
1.7
  7
SimSun
  0
POINT
  5
566
330
55B
100
AcDbEntity
  8
Defpoints
100
AcDbPoint
 10
504.5011
 20
652.75726
 30
0.0
  0
POINT
  5
567
330
55B
100
AcDbEntity
  8
Defpoints
100
AcDbPoint
 10
504.5011
 20
638.42536
 30
0.0
  0
POINT
  5
568
330
55B
100
AcDbEntity
  8
Defpoints
100
AcDbPoint
 10
506.1676
 20
638.42536
 30
0.0
  0
ENDBLK
  5
55D
330
55B
100
AcDbEntity
  8
0
100
AcDbBlockEnd
  0
BLOCK
  5
56B
330
56A
100
AcDbEntity
  8
0
100
AcDbBlockBegin
  2
*D43
 70
1
 10
0.0
 20
0.0
 30
0.0
  3
*D43
  1

  0
LINE
  5
56D
330
56A
100
AcDbEntity
  8
0
 62
2
100
AcDbLine
 10
507.1676
 20
636.75886
 30
0.0
 11
522.4995
 21
636.75886
 31
0.0
  0
LINE
  5
56E
330
56A
100
AcDbEntity
  8
0
 62
2
100
AcDbLine
 10
507.1676
 20
638.42536
 30
0.0
 11
522.4995
 21
638.42536
 31
0.0
  0
INSERT
  5
56F
330
56A
100
AcDbEntity
  8
DIM
 62
2
100
AcDbBlockReference
  2
_ARCHTICK
 10
520.4995
 20
636.75886
 30
0.0
 41
2.5
 42
2.5
 50
90.0
  0
INSERT
  5
571
330
56A
100
AcDbEntity
  8
DIM
 62
2
100
AcDbBlockReference
  2
_ARCHTICK
 10
520.4995
 20
638.42536
 30
0.0
 41
2.5
 42
2.5
 50
270.0
  0
LINE
  5
573
330
56A
100
AcDbEntity
  8
0
 62
2
100
AcDbLine
 10
520.4995
 20
636.75886
 30
0.0
 11
520.4995
 21
638.42536
 31
0.0
  0
MTEXT
  5
574
330
56A
100
AcDbEntity
  8
DIM
 62
7
100
AcDbMText
 10
515.7495
 20
637.59211
 30
0.0
 40
3.5
 71
5
  1
1.7
  7
SimSun
 50
90.0
  0
POINT
  5
575
330
56A
100
AcDbEntity
  8
Defpoints
100
AcDbPoint
 10
520.4995
 20
636.75886
 30
0.0
  0
POINT
  5
576
330
56A
100
AcDbEntity
  8
Defpoints
100
AcDbPoint
 10
506.1676
 20
636.75886
 30
0.0
  0
POINT
  5
577
330
56A
100
AcDbEntity
  8
Defpoints
100
AcDbPoint
 10
506.1676
 20
638.42536
 30
0.0
  0
ENDBLK
  5
56C
330
56A
100
AcDbEntity
  8
0
100
AcDbBlockEnd
  0
BLOCK
  5
57A
330
579
100
AcDbEntity
  8
0
100
AcDbBlockBegin
  2
*D44
 70
1
 10
0.0
 20
0.0
 30
0.0
  3
*D44
  1

  0
LINE
  5
57C
330
579
100
AcDbEntity
  8
0
 62
2
100
AcDbLine
 10
432.19133170000003
 20
639.42536
 30
0.0
 11
432.19133170000003
 21
660.75666
 31
0.0
  0
LINE
  5
57D
330
579
100
AcDbEntity
  8
0
 62
2
100
AcDbLine
 10
506.1676
 20
639.42536
 30
0.0
 11
506.1676
 21
660.75666
 31
0.0
  0
INSERT
  5
57E
330
579
100
AcDbEntity
  8
DIM
 62
2
100
AcDbBlockReference
  2
_ARCHTICK
 10
432.19133170000003
 20
658.75666
 30
0.0
 41
2.5
 42
2.5
 50
180.0
  0
INSERT
  5
580
330
579
100
AcDbEntity
  8
DIM
 62
2
100
AcDbBlockReference
  2
_ARCHTICK
 10
506.1676
 20
658.75666
 30
0.0
 41
2.5
 42
2.5
  0
LINE
  5
582
330
579
100
AcDbEntity
  8
0
 62
2
100
AcDbLine
 10
432.19133170000003
 20
658.75666
 30
0.0
 11
506.1676
 21
658.75666
 31
0.0
  0
MTEXT
  5
583
330
579
100
AcDbEntity
  8
DIM
 62
7
100
AcDbMText
 10
469.17946585000004
 20
661.50666
 30
0.0
 40
3.5
 71
5
  1
74
  7
SimSun
  0
POINT
  5
584
330
579
100
AcDbEntity
  8
Defpoints
100
AcDbPoint
 10
432.19133170000003
 20
658.75666
 30
0.0
  0
POINT
  5
585
330
579
100
AcDbEntity
  8
Defpoints
100
AcDbPoint
 10
432.19133170000003
 20
638.42536
 30
0.0
  0
POINT
  5
586
330
579
100
AcDbEntity
  8
Defpoints
100
AcDbPoint
 10
506.1676
 20
638.42536
 30
0.0
  0
ENDBLK
  5
57B
330
579
100
AcDbEntity
  8
0
100
AcDbBlockEnd
  0
BLOCK
  5
589
330
588
100
AcDbEntity
  8
0
100
AcDbBlockBegin
  2
*D45
 70
1
 10
0.0
 20
0.0
 30
0.0
  3
*D45
  1

  0
LINE
  5
58B
330
588
100
AcDbEntity
  8
0
 62
2
100
AcDbLine
 10
507.1676
 20
593.6965
 30
0.0
 11
528.4989
 21
593.6965
 31
0.0
  0
LINE
  5
58C
330
588
100
AcDbEntity
  8
0
 62
2
100
AcDbLine
 10
507.1676
 20
638.42536
 30
0.0
 11
528.4989
 21
638.42536
 31
0.0
  0
INSERT
  5
58D
330
588
100
AcDbEntity
  8
DIM
 62
2
100
AcDbBlockReference
  2
_ARCHTICK
 10
526.4989
 20
593.6965
 30
0.0
 41
2.5
 42
2.5
 50
270.0
  0
INSERT
  5
58F
330
588
100
AcDbEntity
  8
DIM
 62
2
100
AcDbBlockReference
  2
_ARCHTICK
 10
526.4989
 20
638.42536
 30
0.0
 41
2.5
 42
2.5
 50
90.0
  0
LINE
  5
591
330
588
100
AcDbEntity
  8
0
 62
2
100
AcDbLine
 10
526.4989
 20
593.6965
 30
0.0
 11
526.4989
 21
638.42536
 31
0.0
  0
MTEXT
  5
592
330
588
100
AcDbEntity
  8
DIM
 62
7
100
AcDbMText
 10
523.7489
 20
616.06093
 30
0.0
 40
3.5
 71
5
  1
44.7
  7
SimSun
 50
90.0
  0
POINT
  5
593
330
588
100
AcDbEntity
  8
Defpoints
100
AcDbPoint
 10
526.4989
 20
593.6965
 30
0.0
  0
POINT
  5
594
330
588
100
AcDbEntity
  8
Defpoints
100
AcDbPoint
 10
506.1676
 20
593.6965
 30
0.0
  0
POINT
  5
595
330
588
100
AcDbEntity
  8
Defpoints
100
AcDbPoint
 10
506.1676
 20
638.42536
 30
0.0
  0
ENDBLK
  5
58A
330
588
100
AcDbEntity
  8
0
100
AcDbBlockEnd
  0
BLOCK
  5
598
330
597
100
AcDbEntity
  8
0
100
AcDbBlockBegin
  2
*D46
 70
1
 10
0.0
 20
0.0
 30
0.0
  3
*D46
  1

  0
LINE
  5
59A
330
597
100
AcDbEntity
  8
0
 62
2
100
AcDbLine
 10
427.1755
 20
639.42536
 30
0.0
 11
427.1755
 21
666.7560599999999
 31
0.0
  0
LINE
  5
59B
330
597
100
AcDbEntity
  8
0
 62
2
100
AcDbLine
 10
506.1676
 20
639.42536
 30
0.0
 11
506.1676
 21
666.7560599999999
 31
0.0
  0
INSERT
  5
59C
330
597
100
AcDbEntity
  8
DIM
 62
2
100
AcDbBlockReference
  2
_ARCHTICK
 10
427.1755
 20
664.7560599999999
 30
0.0
 41
2.5
 42
2.5
 50
180.0
  0
INSERT
  5
59E
330
597
100
AcDbEntity
  8
DIM
 62
2
100
AcDbBlockReference
  2
_ARCHTICK
 10
506.1676
 20
664.7560599999999
 30
0.0
 41
2.5
 42
2.5
  0
LINE
  5
5A0
330
597
100
AcDbEntity
  8
0
 62
2
100
AcDbLine
 10
427.1755
 20
664.7560599999999
 30
0.0
 11
506.1676
 21
664.7560599999999
 31
0.0
  0
MTEXT
  5
5A1
330
597
100
AcDbEntity
  8
DIM
 62
7
100
AcDbMText
 10
466.67155
 20
667.5060599999999
 30
0.0
 40
3.5
 71
5
  1
79
  7
SimSun
  0
POINT
  5
5A2
330
597
100
AcDbEntity
  8
Defpoints
100
AcDbPoint
 10
427.1755
 20
664.7560599999999
 30
0.0
  0
POINT
  5
5A3
330
597
100
AcDbEntity
  8
Defpoints
100
AcDbPoint
 10
427.1755
 20
638.42536
 30
0.0
  0
POINT
  5
5A4
330
597
100
AcDbEntity
  8
Defpoints
100
AcDbPoint
 10
506.1676
 20
638.42536
 30
0.0
  0
ENDBLK
  5
599
330
597
100
AcDbEntity
  8
0
100
AcDbBlockEnd
  0
BLOCK
  5
5A7
330
5A6
100
AcDbEntity
  8
0
100
AcDbBlockBegin
  2
*D47
 70
1
 10
0.0
 20
0.0
 30
0.0
  3
*D47
  1

  0
LINE
  5
5A9
330
5A6
100
AcDbEntity
  8
0
 62
2
100
AcDbLine
 10
507.1676
 20
598.712665
 30
0.0
 11
534.4983
 21
598.712665
 31
0.0
  0
LINE
  5
5AA
330
5A6
100
AcDbEntity
  8
0
 62
2
100
AcDbLine
 10
507.1676
 20
638.42536
 30
0.0
 11
534.4983
 21
638.42536
 31
0.0
  0
INSERT
  5
5AB
330
5A6
100
AcDbEntity
  8
DIM
 62
2
100
AcDbBlockReference
  2
_ARCHTICK
 10
532.4983
 20
598.712665
 30
0.0
 41
2.5
 42
2.5
 50
270.0
  0
INSERT
  5
5AD
330
5A6
100
AcDbEntity
  8
DIM
 62
2
100
AcDbBlockReference
  2
_ARCHTICK
 10
532.4983
 20
638.42536
 30
0.0
 41
2.5
 42
2.5
 50
90.0
  0
LINE
  5
5AF
330
5A6
100
AcDbEntity
  8
0
 62
2
100
AcDbLine
 10
532.4983
 20
598.712665
 30
0.0
 11
532.4983
 21
638.42536
 31
0.0
  0
MTEXT
  5
5B0
330
5A6
100
AcDbEntity
  8
DIM
 62
7
100
AcDbMText
 10
529.7483
 20
618.5690125
 30
0.0
 40
3.5
 71
5
  1
39.7
  7
SimSun
 50
90.0
  0
POINT
  5
5B1
330
5A6
100
AcDbEntity
  8
Defpoints
100
AcDbPoint
 10
532.4983
 20
598.712665
 30
0.0
  0
POINT
  5
5B2
330
5A6
100
AcDbEntity
  8
Defpoints
100
AcDbPoint
 10
506.1676
 20
598.712665
 30
0.0
  0
POINT
  5
5B3
330
5A6
100
AcDbEntity
  8
Defpoints
100
AcDbPoint
 10
506.1676
 20
638.42536
 30
0.0
  0
ENDBLK
  5
5A8
330
5A6
100
AcDbEntity
  8
0
100
AcDbBlockEnd
  0
BLOCK
  5
5B6
330
5B5
100
AcDbEntity
  8
0
100
AcDbBlockBegin
  2
*D48
 70
1
 10
0.0
 20
0.0
 30
0.0
  3
*D48
  1

  0
INSERT
  5
5B8
330
5B5
100
AcDbEntity
  8
DIM
 62
2
100
AcDbBlockReference
  2
_ARCHTICK
 10
488.1896180352542
 20
635.9458280352542
 30
0.0
 41
2.5
 42
2.5
 50
224.9999999999954
  0
LINE
  5
5BA
330
5B5
100
AcDbEntity
  8
0
 62
2
100
AcDbLine
 10
487.8361
 20
635.59231
 30
0.0
 11
488.1896180352542
 21
635.9458280352542
 31
0.0
  0
LINE
  5
5BB
330
5B5
100
AcDbEntity
  8
0
 62
2
100
AcDbLine
 10
488.1896180352542
 20
635.9458280352542
 30
0.0
 11
496.32134601890016
 21
644.0775560188988
 31
0.0
  0
MTEXT
  5
5BC
330
5B5
100
AcDbEntity
  8
DIM
 62
7
100
AcDbMText
 10
492.4322587223742
 20
644.077556018899
 30
0.0
 40
3.5
 71
5
  1
R.5
  7
SimSun
 50
44.999999999995396
  0
POINT
  5
5BD
330
5B5
100
AcDbEntity
  8
Defpoints
100
AcDbPoint
 10
487.8361
 20
635.59231
 30
0.0
  0
POINT
  5
5BE
330
5B5
100
AcDbEntity
  8
Defpoints
100
AcDbPoint
 10
488.1896180352542
 20
635.9458280352542
 30
0.0
  0
ENDBLK
  5
5B7
330
5B5
100
AcDbEntity
  8
0
100
AcDbBlockEnd
  0
BLOCK
  5
5C1
330
5C0
100
AcDbEntity
  8
0
100
AcDbBlockBegin
  2
*D49
 70
1
 10
0.0
 20
0.0
 30
0.0
  3
*D49
  1

  0
INSERT
  5
5C3
330
5C0
100
AcDbEntity
  8
DIM
 62
2
100
AcDbBlockReference
  2
_ARCHTICK
 10
430.31325738033894
 20
598.500757380339
 30
0.0
 41
2.5
 42
2.5
 50
225.00000000000347
  0
LINE
  5
5C5
330
5C0
100
AcDbEntity
  8
0
 62
2
100
AcDbLine
 10
429.8419
 20
598.0294
 30
0.0
 11
430.31325738033894
 21
598.500757380339
 31
0.0
  0
LINE
  5
5C6
330
5C0
100
AcDbEntity
  8
0
 62
2
100
AcDbLine
 10
430.31325738033894
 20
598.500757380339
 30
0.0
 11
438.44498536398373
 21
606.6324853639848
 31
0.0
  0
MTEXT
  5
5C7
330
5C0
100
AcDbEntity
  8
DIM
 62
7
100
AcDbMText
 10
434.55589806745775
 20
606.6324853639845
 30
0.0
 40
3.5
 71
5
  1
R.7
  7
SimSun
 50
45.00000000000345
  0
POINT
  5
5C8
330
5C0
100
AcDbEntity
  8
Defpoints
100
AcDbPoint
 10
429.8419
 20
598.0294
 30
0.0
  0
POINT
  5
5C9
330
5C0
100
AcDbEntity
  8
Defpoints
100
AcDbPoint
 10
430.31325738033894
 20
598.500757380339
 30
0.0
  0
ENDBLK
  5
5C2
330
5C0
100
AcDbEntity
  8
0
100
AcDbBlockEnd
  0
BLOCK
  5
5CC
330
5CB
100
AcDbEntity
  8
0
100
AcDbBlockBegin
  2
*D50
 70
1
 10
0.0
 20
0.0
 30
0.0
  3
*D50
  1

  0
INSERT
  5
5CE
330
5CB
100
AcDbEntity
  8
DIM
 62
2
100
AcDbBlockReference
  2
_ARCHTICK
 10
427.7646967254237
 20
599.3018617254237
 30
0.0
 41
2.5
 42
2.5
 50
225.0
  0
LINE
  5
5D0
330
5CB
100
AcDbEntity
  8
0
 62
2
100
AcDbLine
 10
427.1755
 20
598.712665
 30
0.0
 11
427.7646967254237
 21
599.3018617254237
 31
0.0
  0
LINE
  5
5D1
330
5CB
100
AcDbEntity
  8
0
 62
2
100
AcDbLine
 10
427.7646967254237
 20
599.3018617254237
 30
0.0
 11
435.896424709069
 21
607.433589709069
 31
0.0
  0
MTEXT
  5
5D2
330
5CB
100
AcDbEntity
  8
DIM
 62
7
100
AcDbMText
 10
432.007337412543
 20
607.433589709069
 30
0.0
 40
3.5
 71
5
  1
R.8
  7
SimSun
 50
45.0
  0
POINT
  5
5D3
330
5CB
100
AcDbEntity
  8
Defpoints
100
AcDbPoint
 10
427.1755
 20
598.712665
 30
0.0
  0
POINT
  5
5D4
330
5CB
100
AcDbEntity
  8
Defpoints
100
AcDbPoint
 10
427.7646967254237
 20
599.3018617254237
 30
0.0
  0
ENDBLK
  5
5CD
330
5CB
100
AcDbEntity
  8
0
100
AcDbBlockEnd
  0
BLOCK
  5
5D7
330
5D6
100
AcDbEntity
  8
0
100
AcDbBlockBegin
  2
*D51
 70
1
 10
0.0
 20
0.0
 30
0.0
  3
*D51
  1

  0
INSERT
  5
5D9
330
5D6
100
AcDbEntity
  8
DIM
 62
2
100
AcDbBlockReference
  2
_ARCHTICK
 10
482.0437860705084
 20
635.1327960705084
 30
0.0
 41
2.5
 42
2.5
 50
225.0000000000023
  0
LINE
  5
5DB
330
5D6
100
AcDbEntity
  8
0
 62
2
100
AcDbLine
 10
481.33675
 20
634.42576
 30
0.0
 11
482.0437860705084
 21
635.1327960705084
 31
0.0
  0
LINE
  5
5DC
330
5D6
100
AcDbEntity
  8
0
 62
2
100
AcDbLine
 10
482.0437860705084
 20
635.1327960705084
 30
0.0
 11
487.70064032000056
 21
640.7896503200011
 31
0.0
  0
MTEXT
  5
5DD
330
5D6
100
AcDbEntity
  8
DIM
 62
7
100
AcDbMText
 10
485.04898989055096
 20
642.0270871870773
 30
0.0
 40
3.5
 71
5
  1
R1
  7
SimSun
 50
45.0000000000023
  0
POINT
  5
5DE
330
5D6
100
AcDbEntity
  8
Defpoints
100
AcDbPoint
 10
481.33675
 20
634.42576
 30
0.0
  0
POINT
  5
5DF
330
5D6
100
AcDbEntity
  8
Defpoints
100
AcDbPoint
 10
482.0437860705084
 20
635.1327960705084
 30
0.0
  0
ENDBLK
  5
5D8
330
5D6
100
AcDbEntity
  8
0
100
AcDbBlockEnd
  0
ENDSEC
  0
SECTION
  2
ENTITIES
  0
LINE
  5
9A
330
17
100
AcDbEntity
  8
OUTLINE
100
AcDbLine
 10
426.58622560000003
 20
540.8953906
 30
0.0
 11
431.60239060000004
 21
535.8795589
 31
0.0
  0
LINE
  5
9B
330
17
100
AcDbEntity
  8
OUTLINE
100
AcDbLine
 10
426.35058250000003
 20
540.6597475
 30
0.0
 11
431.36674750000003
 21
535.6439158000001
 31
0.0
  0
LINE
  5
9C
330
17
100
AcDbEntity
  8
OUTLINE
100
AcDbLine
 10
466.33825
 20
535.63525
 30
0.0
 11
466.33825
 21
580.36411
 31
0.0
  0
LINE
  5
9D
330
17
100
AcDbEntity
  8
OUTLINE
100
AcDbLine
 10
432.19133170000003
 20
535.63525
 30
0.0
 11
470.1712
 21
535.63525
 31
0.0
  0
LINE
  5
9E
330
17
100
AcDbEntity
  8
OUTLINE
100
AcDbLine
 10
470.1712
 20
535.30195
 30
0.0
 11
470.1712
 21
535.63525
 31
0.0
  0
LINE
  5
9F
330
17
100
AcDbEntity
  8
OUTLINE
100
AcDbLine
 10
432.19133170000003
 20
535.30195
 30
0.0
 11
470.1712
 21
535.30195
 31
0.0
  0
LINE
  5
A0
330
17
100
AcDbEntity
  8
OUTLINE
100
AcDbLine
 10
470.1712
 20
538.7352733
 30
0.0
 11
470.1712
 21
535.63525
 31
0.0
  0
LINE
  5
A1
330
17
100
AcDbEntity
  8
OUTLINE
100
AcDbLine
 10
470.1712
 20
534.802
 30
0.0
 11
470.1712
 21
535.30195
 31
0.0
  0
LINE
  5
A2
330
17
100
AcDbEntity
  8
OUTLINE
100
AcDbLine
 10
497.8351
 20
538.7352733
 30
0.0
 11
497.8351
 21
535.63525
 31
0.0
  0
LINE
  5
A3
330
17
100
AcDbEntity
  8
OUTLINE
100
AcDbLine
 10
497.8351
 20
538.7352733
 30
0.0
 11
470.1712
 21
538.7352733
 31
0.0
  0
LINE
  5
A4
330
17
100
AcDbEntity
  8
OUTLINE
100
AcDbLine
 10
483.33655
 20
580.36411
 30
0.0
 11
483.33655
 21
579.69751
 31
0.0
  0
LINE
  5
A5
330
17
100
AcDbEntity
  8
OUTLINE
100
AcDbLine
 10
484.66975
 20
579.69751
 30
0.0
 11
483.33655
 21
579.69751
 31
0.0
  0
LINE
  5
A6
330
17
100
AcDbEntity
  8
OUTLINE
100
AcDbLine
 10
484.66975
 20
580.36411
 30
0.0
 11
484.66975
 21
579.69751
 31
0.0
  0
LINE
  5
A7
330
17
100
AcDbEntity
  8
OUTLINE
100
AcDbLine
 10
491.00245
 20
580.36411
 30
0.0
 11
491.00245
 21
579.69751
 31
0.0
  0
LINE
  5
A8
330
17
100
AcDbEntity
  8
OUTLINE
100
AcDbLine
 10
492.33565
 20
579.69751
 30
0.0
 11
491.00245
 21
579.69751
 31
0.0
  0
LINE
  5
A9
330
17
100
AcDbEntity
  8
OUTLINE
100
AcDbLine
 10
492.33565
 20
580.36411
 30
0.0
 11
492.33565
 21
579.69751
 31
0.0
  0
LINE
  5
AA
330
17
100
AcDbEntity
  8
OUTLINE
100
AcDbLine
 10
504.5011
 20
580.36411
 30
0.0
 11
441.1741
 21
580.36411
 31
0.0
  0
LINE
  5
AB
330
17
100
AcDbEntity
  8
OUTLINE
100
AcDbLine
 10
441.1741
 20
581.19736
 30
0.0
 11
504.5011
 21
581.19736
 31
0.0
  0
LINE
  5
AC
330
17
100
AcDbEntity
  8
OUTLINE
100
AcDbLine
 10
432.19133170000003
 20
534.802
 30
0.0
 11
470.1712
 21
534.802
 31
0.0
  0
LINE
  5
AD
330
17
100
AcDbEntity
  8
OUTLINE
100
AcDbLine
 10
431.0131162
 20
535.2902845
 30
0.0
 11
425.9969512
 21
540.3061162
 31
0.0
  0
LINE
  5
AE
330
17
100
AcDbEntity
  8
OUTLINE
100
AcDbLine
 10
425.509
 20
541.4846650000001
 30
0.0
 11
425.509
 21
562.63255
 31
0.0
  0
LINE
  5
AF
330
17
100
AcDbEntity
  8
OUTLINE
100
AcDbLine
 10
427.1755
 20
564.29905
 30
0.0
 11
438.67435
 21
564.29905
 31
0.0
  0
LINE
  5
B0
330
17
100
AcDbEntity
  8
OUTLINE
100
AcDbLine
 10
439.5076
 20
565.1323
 30
0.0
 11
439.5076
 21
579.5308600000001
 31
0.0
  0
LINE
  5
B1
330
17
100
AcDbEntity
  8
OUTLINE
100
AcDbLine
 10
506.1676
 20
536.4685000000001
 30
0.0
 11
506.1676
 21
579.5308600000001
 31
0.0
  0
LINE
  5
B2
330
17
100
AcDbEntity
  8
OUTLINE
100
AcDbLine
 10
497.8351
 20
534.802
 30
0.0
 11
504.5011
 21
534.802
 31
0.0
  0
LINE
  5
B3
330
17
100
AcDbEntity
  8
OUTLINE
100
AcDbLine
 10
497.8351
 20
535.30195
 30
0.0
 11
497.8351
 21
534.802
 31
0.0
  0
LINE
  5
B4
330
17
100
AcDbEntity
  8
OUTLINE
100
AcDbLine
 10
497.8351
 20
535.30195
 30
0.0
 11
504.5011
 21
535.30195
 31
0.0
  0
LINE
  5
B5
330
17
100
AcDbEntity
  8
OUTLINE
100
AcDbLine
 10
505.66765
 20
536.4685000000001
 30
0.0
 11
505.66765
 21
579.5308600000001
 31
0.0
  0
LINE
  5
B6
330
17
100
AcDbEntity
  8
OUTLINE
100
AcDbLine
 10
504.5011
 20
580.69741
 30
0.0
 11
441.1741
 21
580.69741
 31
0.0
  0
LINE
  5
B7
330
17
100
AcDbEntity
  8
OUTLINE
100
AcDbLine
 10
440.00755000000004
 20
579.5308600000001
 30
0.0
 11
440.00755000000004
 21
565.1323
 31
0.0
  0
LINE
  5
B8
330
17
100
AcDbEntity
  8
OUTLINE
100
AcDbLine
 10
438.67435
 20
563.7991000000001
 30
0.0
 11
427.1755
 21
563.7991000000001
 31
0.0
  0
LINE
  5
B9
330
17
100
AcDbEntity
  8
OUTLINE
100
AcDbLine
 10
426.00895
 20
562.63255
 30
0.0
 11
426.00895
 21
541.4846650000001
 31
0.0
  0
LINE
  5
BA
330
17
100
AcDbEntity
  8
OUTLINE
100
AcDbLine
 10
426.34225000000004
 20
562.63255
 30
0.0
 11
426.34225000000004
 21
541.4846650000001
 31
0.0
  0
LINE
  5
BB
330
17
100
AcDbEntity
  8
OUTLINE
100
AcDbLine
 10
438.67435
 20
563.4658000000001
 30
0.0
 11
427.1755
 21
563.4658000000001
 31
0.0
  0
LINE
  5
BC
330
17
100
AcDbEntity
  8
OUTLINE
100
AcDbLine
 10
440.34085
 20
579.5308600000001
 30
0.0
 11
440.34085
 21
565.1323
 31
0.0
  0
LINE
  5
BD
330
17
100
AcDbEntity
  8
OUTLINE
100
AcDbLine
 10
505.33435000000003
 20
536.4685000000001
 30
0.0
 11
505.33435000000003
 21
579.5308600000001
 31
0.0
  0
LINE
  5
BE
330
17
100
AcDbEntity
  8
OUTLINE
100
AcDbLine
 10
497.8351
 20
535.63525
 30
0.0
 11
504.5011
 21
535.63525
 31
0.0
  0
LINE
  5
BF
330
17
100
AcDbEntity
  8
OUTLINE
100
AcDbLine
 10
497.8351
 20
535.63525
 30
0.0
 11
497.8351
 21
535.30195
 31
0.0
  0
LINE
  5
C0
330
17
100
AcDbEntity
  8
OUTLINE
100
AcDbLine
 10
431.36674750000003
 20
535.6439158000001
 30
0.0
 11
431.60239060000004
 21
535.8795589
 31
0.0
  0
LINE
  5
C1
330
17
100
AcDbEntity
  8
OUTLINE
100
AcDbLine
 10
426.58622560000003
 20
540.8953906
 30
0.0
 11
426.35058250000003
 21
540.6597475
 31
0.0
  0
LINE
  5
C2
330
17
100
AcDbEntity
  8
OUTLINE
100
AcDbLine
 10
432.19133170000003
 20
535.63525
 30
0.0
 11
432.19133170000003
 21
535.30195
 31
0.0
  0
LINE
  5
C3
330
17
100
AcDbEntity
  8
OUTLINE
100
AcDbLine
 10
426.00895
 20
541.4846650000001
 30
0.0
 11
426.34225000000004
 21
541.4846650000001
 31
0.0
  0
LINE
  5
C4
330
17
100
AcDbEntity
  8
OUTLINE
100
AcDbLine
 10
426.34225000000004
 20
562.63255
 30
0.0
 11
426.00895
 21
562.63255
 31
0.0
  0
LINE
  5
C5
330
17
100
AcDbEntity
  8
OUTLINE
100
AcDbLine
 10
427.1755
 20
563.7991000000001
 30
0.0
 11
427.1755
 21
563.4658000000001
 31
0.0
  0
LINE
  5
C6
330
17
100
AcDbEntity
  8
OUTLINE
100
AcDbLine
 10
438.67435
 20
563.4658000000001
 30
0.0
 11
438.67435
 21
563.7991000000001
 31
0.0
  0
LINE
  5
C7
330
17
100
AcDbEntity
  8
OUTLINE
100
AcDbLine
 10
440.00755000000004
 20
565.1323
 30
0.0
 11
440.34085
 21
565.1323
 31
0.0
  0
LINE
  5
C8
330
17
100
AcDbEntity
  8
OUTLINE
100
AcDbLine
 10
440.34085
 20
579.5308600000001
 30
0.0
 11
440.00755000000004
 21
579.5308600000001
 31
0.0
  0
LINE
  5
C9
330
17
100
AcDbEntity
  8
OUTLINE
100
AcDbLine
 10
441.1741
 20
580.69741
 30
0.0
 11
441.1741
 21
580.36411
 31
0.0
  0
LINE
  5
CA
330
17
100
AcDbEntity
  8
OUTLINE
100
AcDbLine
 10
504.5011
 20
580.36411
 30
0.0
 11
504.5011
 21
580.69741
 31
0.0
  0
LINE
  5
CB
330
17
100
AcDbEntity
  8
OUTLINE
100
AcDbLine
 10
505.66765
 20
579.5308600000001
 30
0.0
 11
505.33435000000003
 21
579.5308600000001
 31
0.0
  0
LINE
  5
CC
330
17
100
AcDbEntity
  8
OUTLINE
100
AcDbLine
 10
505.33435000000003
 20
536.4685000000001
 30
0.0
 11
505.66765
 21
536.4685000000001
 31
0.0
  0
LINE
  5
CD
330
17
100
AcDbEntity
  8
OUTLINE
100
AcDbLine
 10
504.5011
 20
535.30195
 30
0.0
 11
504.5011
 21
535.63525
 31
0.0
  0
CIRCLE
  5
CE
330
17
100
AcDbEntity
  8
0
100
AcDbCircle
 10
432.19133170000003
 20
536.4685000000001
 30
0.0
 40
0.8332499999999999
  0
ARC
  5
CF
330
17
100
AcDbEntity
  8
0
100
AcDbCircle
 10
432.19133170000003
 20
536.4685000000001
 30
0.0
 40
0.9582374999999999
100
AcDbArc
 50
150.0
 51
60.0
  0
LINE
  5
D0
330
17
100
AcDbEntity
  8
中心线
100
AcDbLine
 10
430.69148170000005
 20
536.4685000000001
 30
0.0
 11
433.6911817
 21
536.4685000000001
 31
0.0
  0
LINE
  5
D1
330
17
100
AcDbEntity
  8
中心线
100
AcDbLine
 10
432.19133170000003
 20
534.96865
 30
0.0
 11
432.19133170000003
 21
537.9683500000001
 31
0.0
  0
ARC
  5
D2
330
17
100
AcDbEntity
  8
OUTLINE
100
AcDbCircle
 10
432.19133170000003
 20
536.4685000000001
 30
0.0
 40
1.16655
100
AcDbArc
 50
-134.99974273092943
 51
-90.00021045914971
  0
ARC
  5
D3
330
17
100
AcDbEntity
  8
OUTLINE
100
AcDbCircle
 10
504.5011
 20
579.5308600000001
 30
0.0
 40
1.6664999999999999
100
AcDbArc
 50
0.0
 51
90.00021045914971
  0
ARC
  5
D4
330
17
100
AcDbEntity
  8
OUTLINE
100
AcDbCircle
 10
432.19133170000003
 20
536.4685000000001
 30
0.0
 40
1.6664999999999999
100
AcDbArc
 50
-134.99974273092943
 51
-90.00021045914971
  0
ARC
  5
D5
330
17
100
AcDbEntity
  8
OUTLINE
100
AcDbCircle
 10
427.1755
 20
541.4846650000001
 30
0.0
 40
1.6664999999999999
100
AcDbArc
 50
179.9998479605043
 51
224.99995319007914
  0
ARC
  5
D6
330
17
100
AcDbEntity
  8
OUTLINE
100
AcDbCircle
 10
427.1755
 20
562.63255
 30
0.0
 40
1.6664999999999999
100
AcDbArc
 50
90.00021045914971
 51
179.9998479605043
  0
CIRCLE
  5
D7
330
17
100
AcDbEntity
  8
0
100
AcDbCircle
 10
438.67435
 20
565.1323
 30
0.0
 40
0.8332499999999999
  0
ARC
  5
D8
330
17
100
AcDbEntity
  8
0
100
AcDbCircle
 10
438.67435
 20
565.1323
 30
0.0
 40
0.9582374999999999
100
AcDbArc
 50
150.0
 51
60.0
  0
LINE
  5
D9
330
17
100
AcDbEntity
  8
中心线
100
AcDbLine
 10
437.1745
 20
565.1323
 30
0.0
 11
440.1742
 21
565.1323
 31
0.0
  0
LINE
  5
DA
330
17
100
AcDbEntity
  8
中心线
100
AcDbLine
 10
438.67435
 20
563.63245
 30
0.0
 11
438.67435
 21
566.63215
 31
0.0
  0
ARC
  5
DB
330
17
100
AcDbEntity
  8
OUTLINE
100
AcDbCircle
 10
441.1741
 20
579.5308600000001
 30
0.0
 40
1.6664999999999999
100
AcDbArc
 50
90.00021045914971
 51
179.9998479605043
  0
ARC
  5
DC
330
17
100
AcDbEntity
  8
OUTLINE
100
AcDbCircle
 10
504.5011
 20
536.4685000000001
 30
0.0
 40
1.6664999999999999
100
AcDbArc
 50
-90.00021045914971
 51
0.0
  0
ARC
  5
DD
330
17
100
AcDbEntity
  8
OUTLINE
100
AcDbCircle
 10
504.5011
 20
536.4685000000001
 30
0.0
 40
1.16655
100
AcDbArc
 50
-90.00021045914971
 51
-0.0
  0
ARC
  5
DE
330
17
100
AcDbEntity
  8
OUTLINE
100
AcDbCircle
 10
504.5011
 20
579.5308600000001
 30
0.0
 40
1.16655
100
AcDbArc
 50
0.0
 51
90.00021045914971
  0
ARC
  5
DF
330
17
100
AcDbEntity
  8
OUTLINE
100
AcDbCircle
 10
441.1741
 20
579.5308600000001
 30
0.0
 40
1.16655
100
AcDbArc
 50
90.00021045914971
 51
179.9998479605043
  0
ARC
  5
E0
330
17
100
AcDbEntity
  8
OUTLINE
100
AcDbCircle
 10
438.67435
 20
565.1323
 30
0.0
 40
1.3332
100
AcDbArc
 50
-90.00021045914971
 51
-0.0
  0
ARC
  5
E1
330
17
100
AcDbEntity
  8
OUTLINE
100
AcDbCircle
 10
427.1755
 20
562.63255
 30
0.0
 40
1.16655
100
AcDbArc
 50
90.00021045914971
 51
179.9998479605043
  0
ARC
  5
E2
330
17
100
AcDbEntity
  8
OUTLINE
100
AcDbCircle
 10
427.1755
 20
541.4846650000001
 30
0.0
 40
1.16655
100
AcDbArc
 50
-179.9998479605043
 51
-134.99974273092943
  0
CIRCLE
  5
E3
330
17
100
AcDbEntity
  8
0
100
AcDbCircle
 10
427.1755
 20
541.4846650000001
 30
0.0
 40
0.8332499999999999
  0
ARC
  5
E4
330
17
100
AcDbEntity
  8
0
100
AcDbCircle
 10
427.1755
 20
541.4846650000001
 30
0.0
 40
0.9582374999999999
100
AcDbArc
 50
150.0
 51
60.0
  0
LINE
  5
E5
330
17
100
AcDbEntity
  8
中心线
100
AcDbLine
 10
425.67565
 20
541.4846650000001
 30
0.0
 11
428.67535
 21
541.4846650000001
 31
0.0
  0
LINE
  5
E6
330
17
100
AcDbEntity
  8
中心线
100
AcDbLine
 10
427.1755
 20
539.984815
 30
0.0
 11
427.1755
 21
542.9845150000001
 31
0.0
  0
CIRCLE
  5
E7
330
17
100
AcDbEntity
  8
0
100
AcDbCircle
 10
427.1755
 20
562.63255
 30
0.0
 40
0.8332499999999999
  0
ARC
  5
E8
330
17
100
AcDbEntity
  8
0
100
AcDbCircle
 10
427.1755
 20
562.63255
 30
0.0
 40
0.9582374999999999
100
AcDbArc
 50
150.0
 51
60.0
  0
LINE
  5
E9
330
17
100
AcDbEntity
  8
中心线
100
AcDbLine
 10
425.67565
 20
562.63255
 30
0.0
 11
428.67535
 21
562.63255
 31
0.0
  0
LINE
  5
EA
330
17
100
AcDbEntity
  8
中心线
100
AcDbLine
 10
427.1755
 20
561.1327
 30
0.0
 11
427.1755
 21
564.1324000000001
 31
0.0
  0
ARC
  5
EB
330
17
100
AcDbEntity
  8
OUTLINE
100
AcDbCircle
 10
438.67435
 20
565.1323
 30
0.0
 40
1.6664999999999999
100
AcDbArc
 50
-90.00021045914971
 51
0.0
  0
CIRCLE
  5
EC
330
17
100
AcDbEntity
  8
0
100
AcDbCircle
 10
441.1741
 20
579.5308600000001
 30
0.0
 40
0.8332499999999999
  0
ARC
  5
ED
330
17
100
AcDbEntity
  8
0
100
AcDbCircle
 10
441.1741
 20
579.5308600000001
 30
0.0
 40
0.9582374999999999
100
AcDbArc
 50
150.0
 51
60.0
  0
LINE
  5
EE
330
17
100
AcDbEntity
  8
中心线
100
AcDbLine
 10
439.67425000000003
 20
579.5308600000001
 30
0.0
 11
442.67395
 21
579.5308600000001
 31
0.0
  0
LINE
  5
EF
330
17
100
AcDbEntity
  8
中心线
100
AcDbLine
 10
441.1741
 20
578.03101
 30
0.0
 11
441.1741
 21
581.0307100000001
 31
0.0
  0
CIRCLE
  5
F0
330
17
100
AcDbEntity
  8
0
100
AcDbCircle
 10
504.5011
 20
579.5308600000001
 30
0.0
 40
0.8332499999999999
  0
ARC
  5
F1
330
17
100
AcDbEntity
  8
0
100
AcDbCircle
 10
504.5011
 20
579.5308600000001
 30
0.0
 40
0.9582374999999999
100
AcDbArc
 50
150.0
 51
60.0
  0
LINE
  5
F2
330
17
100
AcDbEntity
  8
中心线
100
AcDbLine
 10
503.00125
 20
579.5308600000001
 30
0.0
 11
506.00095
 21
579.5308600000001
 31
0.0
  0
LINE
  5
F3
330
17
100
AcDbEntity
  8
中心线
100
AcDbLine
 10
504.5011
 20
578.03101
 30
0.0
 11
504.5011
 21
581.0307100000001
 31
0.0
  0
CIRCLE
  5
F4
330
17
100
AcDbEntity
  8
0
100
AcDbCircle
 10
504.5011
 20
536.4685000000001
 30
0.0
 40
0.8332499999999999
  0
ARC
  5
F5
330
17
100
AcDbEntity
  8
0
100
AcDbCircle
 10
504.5011
 20
536.4685000000001
 30
0.0
 40
0.9582374999999999
100
AcDbArc
 50
150.0
 51
60.0
  0
LINE
  5
F6
330
17
100
AcDbEntity
  8
中心线
100
AcDbLine
 10
503.00125
 20
536.4685000000001
 30
0.0
 11
506.00095
 21
536.4685000000001
 31
0.0
  0
LINE
  5
F7
330
17
100
AcDbEntity
  8
中心线
100
AcDbLine
 10
504.5011
 20
534.96865
 30
0.0
 11
504.5011
 21
537.9683500000001
 31
0.0
  0
CIRCLE
  5
F8
330
17
100
AcDbEntity
  8
0
100
AcDbCircle
 10
468.33805
 20
537.1684300000001
 30
0.0
 40
0.6666
  0
ARC
  5
F9
330
17
100
AcDbEntity
  8
0
100
AcDbCircle
 10
468.33805
 20
537.1684300000001
 30
0.0
 40
0.7665899999999999
100
AcDbArc
 50
150.0
 51
60.0
  0
CIRCLE
  5
FA
330
17
100
AcDbEntity
  8
0
100
AcDbCircle
 10
468.33805
 20
537.1684300000001
 30
0.0
 40
0.9999
  0
LINE
  5
FB
330
17
100
AcDbEntity
  8
中心线
100
AcDbLine
 10
467.00485000000003
 20
537.1684300000001
 30
0.0
 11
469.67125
 21
537.1684300000001
 31
0.0
  0
LINE
  5
FC
330
17
100
AcDbEntity
  8
中心线
100
AcDbLine
 10
468.33805
 20
535.83523
 30
0.0
 11
468.33805
 21
538.5016300000001
 31
0.0
  0
CIRCLE
  5
FD
330
17
100
AcDbEntity
  8
0
100
AcDbCircle
 10
484.00315
 20
540.5517583000001
 30
0.0
 40
0.6666
  0
ARC
  5
FE
330
17
100
AcDbEntity
  8
0
100
AcDbCircle
 10
484.00315
 20
540.5517583000001
 30
0.0
 40
0.7665899999999999
100
AcDbArc
 50
150.0
 51
60.0
  0
CIRCLE
  5
FF
330
17
100
AcDbEntity
  8
0
100
AcDbCircle
 10
484.00315
 20
540.5517583000001
 30
0.0
 40
0.9999
  0
LINE
  5
100
330
17
100
AcDbEntity
  8
中心线
100
AcDbLine
 10
482.66995000000003
 20
540.5517583000001
 30
0.0
 11
485.33635
 21
540.5517583000001
 31
0.0
  0
LINE
  5
101
330
17
100
AcDbEntity
  8
中心线
100
AcDbLine
 10
484.00315
 20
539.2185583
 30
0.0
 11
484.00315
 21
541.8849583000001
 31
0.0
  0
CIRCLE
  5
102
330
17
100
AcDbEntity
  8
0
100
AcDbCircle
 10
499.66825
 20
537.1684300000001
 30
0.0
 40
0.6666
  0
ARC
  5
103
330
17
100
AcDbEntity
  8
0
100
AcDbCircle
 10
499.66825
 20
537.1684300000001
 30
0.0
 40
0.7665899999999999
100
AcDbArc
 50
150.0
 51
60.0
  0
CIRCLE
  5
104
330
17
100
AcDbEntity
  8
0
100
AcDbCircle
 10
499.66825
 20
537.1684300000001
 30
0.0
 40
0.9999
  0
LINE
  5
105
330
17
100
AcDbEntity
  8
中心线
100
AcDbLine
 10
498.33505
 20
537.1684300000001
 30
0.0
 11
501.00145
 21
537.1684300000001
 31
0.0
  0
LINE
  5
106
330
17
100
AcDbEntity
  8
中心线
100
AcDbLine
 10
499.66825
 20
535.83523
 30
0.0
 11
499.66825
 21
538.5016300000001
 31
0.0
  0
CIRCLE
  5
107
330
17
100
AcDbEntity
  8
HOLE
100
AcDbCircle
 10
472.00435
 20
578.53096
 30
0.0
 40
0.9999
  0
CIRCLE
  5
108
330
17
100
AcDbEntity
  8
HOLE
100
AcDbCircle
 10
472.00435
 20
578.53096
 30
0.0
 40
0.8332499999999999
  0
CIRCLE
  5
109
330
17
100
AcDbEntity
  8
0
100
AcDbCircle
 10
472.00435
 20
578.53096
 30
0.0
 40
0.6666
  0
ARC
  5
10A
330
17
100
AcDbEntity
  8
0
100
AcDbCircle
 10
472.00435
 20
578.53096
 30
0.0
 40
0.7665899999999999
100
AcDbArc
 50
150.0
 51
60.0
  0
LINE
  5
10B
330
17
100
AcDbEntity
  8
中心线
100
AcDbLine
 10
470.80447
 20
578.53096
 30
0.0
 11
473.20423
 21
578.53096
 31
0.0
  0
LINE
  5
10C
330
17
100
AcDbEntity
  8
中心线
100
AcDbLine
 10
472.00435
 20
577.33108
 30
0.0
 11
472.00435
 21
579.7308400000001
 31
0.0
  0
CIRCLE
  5
10D
330
17
100
AcDbEntity
  8
HOLE
100
AcDbCircle
 10
497.00185
 20
578.53096
 30
0.0
 40
0.9999
  0
CIRCLE
  5
10E
330
17
100
AcDbEntity
  8
HOLE
100
AcDbCircle
 10
497.00185
 20
578.53096
 30
0.0
 40
0.8332499999999999
  0
CIRCLE
  5
10F
330
17
100
AcDbEntity
  8
0
100
AcDbCircle
 10
497.00185
 20
578.53096
 30
0.0
 40
0.6666
  0
ARC
  5
110
330
17
100
AcDbEntity
  8
0
100
AcDbCircle
 10
497.00185
 20
578.53096
 30
0.0
 40
0.7665899999999999
100
AcDbArc
 50
150.0
 51
60.0
  0
LINE
  5
111
330
17
100
AcDbEntity
  8
中心线
100
AcDbLine
 10
495.80197
 20
578.53096
 30
0.0
 11
498.20173
 21
578.53096
 31
0.0
  0
LINE
  5
112
330
17
100
AcDbEntity
  8
中心线
100
AcDbLine
 10
497.00185
 20
577.33108
 30
0.0
 11
497.00185
 21
579.7308400000001
 31
0.0
  0
CIRCLE
  5
113
330
17
100
AcDbEntity
  8
HOLE
100
AcDbCircle
 10
497.00185
 20
545.86756
 30
0.0
 40
0.9999
  0
CIRCLE
  5
114
330
17
100
AcDbEntity
  8
HOLE
100
AcDbCircle
 10
497.00185
 20
545.86756
 30
0.0
 40
0.8332499999999999
  0
CIRCLE
  5
115
330
17
100
AcDbEntity
  8
0
100
AcDbCircle
 10
497.00185
 20
545.86756
 30
0.0
 40
0.6666
  0
ARC
  5
116
330
17
100
AcDbEntity
  8
0
100
AcDbCircle
 10
497.00185
 20
545.86756
 30
0.0
 40
0.7665899999999999
100
AcDbArc
 50
150.0
 51
60.0
  0
LINE
  5
117
330
17
100
AcDbEntity
  8
中心线
100
AcDbLine
 10
495.80197
 20
545.86756
 30
0.0
 11
498.20173
 21
545.86756
 31
0.0
  0
LINE
  5
118
330
17
100
AcDbEntity
  8
中心线
100
AcDbLine
 10
497.00185
 20
544.66768
 30
0.0
 11
497.00185
 21
547.06744
 31
0.0
  0
CIRCLE
  5
119
330
17
100
AcDbEntity
  8
HOLE
100
AcDbCircle
 10
472.00435
 20
545.86756
 30
0.0
 40
0.9999
  0
CIRCLE
  5
11A
330
17
100
AcDbEntity
  8
HOLE
100
AcDbCircle
 10
472.00435
 20
545.86756
 30
0.0
 40
0.8332499999999999
  0
CIRCLE
  5
11B
330
17
100
AcDbEntity
  8
0
100
AcDbCircle
 10
472.00435
 20
545.86756
 30
0.0
 40
0.6666
  0
ARC
  5
11C
330
17
100
AcDbEntity
  8
0
100
AcDbCircle
 10
472.00435
 20
545.86756
 30
0.0
 40
0.7665899999999999
100
AcDbArc
 50
150.0
 51
60.0
  0
LINE
  5
11D
330
17
100
AcDbEntity
  8
中心线
100
AcDbLine
 10
470.80447
 20
545.86756
 30
0.0
 11
473.20423
 21
545.86756
 31
0.0
  0
LINE
  5
11E
330
17
100
AcDbEntity
  8
中心线
100
AcDbLine
 10
472.00435
 20
544.66768
 30
0.0
 11
472.00435
 21
547.06744
 31
0.0
  0
CIRCLE
  5
11F
330
17
100
AcDbEntity
  8
OUTLINE
100
AcDbCircle
 10
502.00135
 20
545.86756
 30
0.0
 40
1.3332
  0
CIRCLE
  5
120
330
17
100
AcDbEntity
  8
0
100
AcDbCircle
 10
502.00135
 20
545.86756
 30
0.0
 40
0.6666
  0
ARC
  5
121
330
17
100
AcDbEntity
  8
0
100
AcDbCircle
 10
502.00135
 20
545.86756
 30
0.0
 40
0.73326
100
AcDbArc
 50
150.0
 51
60.0
  0
LINE
  5
122
330
17
100
AcDbEntity
  8
中心线
100
AcDbLine
 10
500.66815
 20
545.86756
 30
0.0
 11
503.33455
 21
545.86756
 31
0.0
  0
LINE
  5
123
330
17
100
AcDbEntity
  8
中心线
100
AcDbLine
 10
502.00135
 20
544.53436
 30
0.0
 11
502.00135
 21
547.2007600000001
 31
0.0
  0
CIRCLE
  5
124
330
17
100
AcDbEntity
  8
OUTLINE
100
AcDbCircle
 10
487.8361
 20
578.36431
 30
0.0
 40
0.949905
  0
CIRCLE
  5
125
330
17
100
AcDbEntity
  8
0
100
AcDbCircle
 10
487.8361
 20
578.36431
 30
0.0
 40
0.49995
  0
ARC
  5
126
330
17
100
AcDbEntity
  8
0
100
AcDbCircle
 10
487.8361
 20
578.36431
 30
0.0
 40
0.5749424999999999
100
AcDbArc
 50
150.0
 51
60.0
  0
CIRCLE
  5
127
330
17
100
AcDbEntity
  8
0
100
AcDbCircle
 10
487.8361
 20
578.36431
 30
0.0
 40
0.749925
  0
LINE
  5
128
330
17
100
AcDbEntity
  8
中心线
100
AcDbLine
 10
486.83619999999996
 20
578.36431
 30
0.0
 11
488.836
 21
578.36431
 31
0.0
  0
LINE
  5
129
330
17
100
AcDbEntity
  8
中心线
100
AcDbLine
 10
487.8361
 20
577.36441
 30
0.0
 11
487.8361
 21
579.3642100000001
 31
0.0
  0
CIRCLE
  5
12A
330
17
100
AcDbEntity
  8
OUTLINE
100
AcDbCircle
 10
487.8361
 20
578.36431
 30
0.0
 40
1.049895
  0
CIRCLE
  5
12B
330
17
100
AcDbEntity
  8
OUTLINE
100
AcDbCircle
 10
429.8419
 20
540.8014000000001
 30
0.0
 40
1.3332
  0
CIRCLE
  5
12C
330
17
100
AcDbEntity
  8
0
100
AcDbCircle
 10
429.8419
 20
540.8014000000001
 30
0.0
 40
0.6666
  0
ARC
  5
12D
330
17
100
AcDbEntity
  8
0
100
AcDbCircle
 10
429.8419
 20
540.8014000000001
 30
0.0
 40
0.73326
100
AcDbArc
 50
150.0
 51
60.0
  0
LINE
  5
12E
330
17
100
AcDbEntity
  8
中心线
100
AcDbLine
 10
428.50870000000003
 20
540.8014000000001
 30
0.0
 11
431.1751
 21
540.8014000000001
 31
0.0
  0
LINE
  5
12F
330
17
100
AcDbEntity
  8
中心线
100
AcDbLine
 10
429.8419
 20
539.4682
 30
0.0
 11
429.8419
 21
542.1346000000001
 31
0.0
  0
LINE
  5
130
330
17
100
AcDbEntity
  8
OUTLINE
100
AcDbLine
 10
606.1244
 20
538.7352733
 30
0.0
 11
606.1244
 21
534.802
 31
0.0
  0
LINE
  5
131
330
17
100
AcDbEntity
  8
OUTLINE
100
AcDbLine
 10
580.9602500000001
 20
581.19736
 30
0.0
 11
580.9602500000001
 21
577.19776
 31
0.0
  0
LINE
  5
132
330
17
100
AcDbEntity
  8
OUTLINE
100
AcDbLine
 10
581.96015
 20
576.19786
 30
0.0
 11
594.95885
 21
576.19786
 31
0.0
  0
LINE
  5
133
330
17
100
AcDbEntity
  8
OUTLINE
100
AcDbLine
 10
595.95875
 20
581.19736
 30
0.0
 11
595.95875
 21
577.19776
 31
0.0
  0
LINE
  5
134
330
17
100
AcDbEntity
  8
OUTLINE
100
AcDbLine
 10
595.95875
 20
581.19736
 30
0.0
 11
610.7906
 21
581.19736
 31
0.0
  0
LINE
  5
135
330
17
100
AcDbEntity
  8
OUTLINE
100
AcDbLine
 10
610.7906
 20
534.802
 30
0.0
 11
610.7906
 21
581.19736
 31
0.0
  0
LINE
  5
136
330
17
100
AcDbEntity
  8
OUTLINE
100
AcDbLine
 10
610.7906
 20
534.802
 30
0.0
 11
606.1244
 21
534.802
 31
0.0
  0
LINE
  5
137
330
17
100
AcDbEntity
  8
OUTLINE
100
AcDbLine
 10
578.4605
 20
538.7352733
 30
0.0
 11
606.1244
 21
538.7352733
 31
0.0
  0
LINE
  5
138
330
17
100
AcDbEntity
  8
OUTLINE
100
AcDbLine
 10
578.4605
 20
538.7352733
 30
0.0
 11
578.4605
 21
534.802
 31
0.0
  0
LINE
  5
139
330
17
100
AcDbEntity
  8
OUTLINE
100
AcDbLine
 10
578.4605
 20
534.802
 30
0.0
 11
571.7945000000001
 21
534.802
 31
0.0
  0
LINE
  5
13A
330
17
100
AcDbEntity
  8
OUTLINE
100
AcDbLine
 10
570.128
 20
579.5308600000001
 30
0.0
 11
570.128
 21
536.4685000000001
 31
0.0
  0
LINE
  5
13B
330
17
100
AcDbEntity
  8
OUTLINE
100
AcDbLine
 10
571.7945000000001
 20
581.19736
 30
0.0
 11
580.9602500000001
 21
581.19736
 31
0.0
  0
LINE
  5
13C
330
17
100
AcDbEntity
  8
OUTLINE
100
AcDbLine
 10
583.95995
 20
581.19736
 30
0.0
 11
583.95995
 21
579.69751
 31
0.0
  0
LINE
  5
13D
330
17
100
AcDbEntity
  8
OUTLINE
100
AcDbLine
 10
583.95995
 20
579.69751
 30
0.0
 11
585.2931500000001
 21
579.69751
 31
0.0
  0
LINE
  5
13E
330
17
100
AcDbEntity
  8
OUTLINE
100
AcDbLine
 10
585.2931500000001
 20
581.19736
 30
0.0
 11
585.2931500000001
 21
579.69751
 31
0.0
  0
LINE
  5
13F
330
17
100
AcDbEntity
  8
OUTLINE
100
AcDbLine
 10
591.62585
 20
581.19736
 30
0.0
 11
585.2931500000001
 21
581.19736
 31
0.0
  0
LINE
  5
140
330
17
100
AcDbEntity
  8
OUTLINE
100
AcDbLine
 10
591.62585
 20
581.19736
 30
0.0
 11
591.62585
 21
579.69751
 31
0.0
  0
LINE
  5
141
330
17
100
AcDbEntity
  8
OUTLINE
100
AcDbLine
 10
591.62585
 20
579.69751
 30
0.0
 11
592.95905
 21
579.69751
 31
0.0
  0
LINE
  5
142
330
17
100
AcDbEntity
  8
OUTLINE
100
AcDbLine
 10
592.95905
 20
581.19736
 30
0.0
 11
592.95905
 21
579.69751
 31
0.0
  0
LINE
  5
143
330
17
100
AcDbEntity
  8
OUTLINE
100
AcDbLine
 10
595.95875
 20
581.19736
 30
0.0
 11
592.95905
 21
581.19736
 31
0.0
  0
LINE
  5
144
330
17
100
AcDbEntity
  8
OUTLINE
100
AcDbLine
 10
583.95995
 20
581.19736
 30
0.0
 11
580.9602500000001
 21
581.19736
 31
0.0
  0
LINE
  5
145
330
17
100
AcDbEntity
  8
OUTLINE
100
AcDbLine
 10
635.1215000000001
 20
581.19736
 30
0.0
 11
610.7906
 21
581.19736
 31
0.0
  0
LINE
  5
146
330
17
100
AcDbEntity
  8
OUTLINE
100
AcDbLine
 10
610.7906
 20
534.802
 30
0.0
 11
644.1042683000001
 21
534.802
 31
0.0
  0
LINE
  5
147
330
17
100
AcDbEntity
  8
OUTLINE
100
AcDbLine
 10
636.788
 20
565.1323
 30
0.0
 11
636.788
 21
579.5308600000001
 31
0.0
  0
LINE
  5
148
330
17
100
AcDbEntity
  8
OUTLINE
100
AcDbLine
 10
649.1201000000001
 20
564.29905
 30
0.0
 11
637.62125
 21
564.29905
 31
0.0
  0
LINE
  5
149
330
17
100
AcDbEntity
  8
OUTLINE
100
AcDbLine
 10
650.7866
 20
541.4846650000001
 30
0.0
 11
650.7866
 21
562.63255
 31
0.0
  0
LINE
  5
14A
330
17
100
AcDbEntity
  8
OUTLINE
100
AcDbLine
 10
650.2986488
 20
540.3061162
 30
0.0
 11
645.2824838
 21
535.2902845
 31
0.0
  0
LINE
  5
14B
330
17
100
AcDbEntity
  8
OUTLINE
100
AcDbLine
 10
603.6183173000001
 20
579.69751
 30
0.0
 11
602.9450513
 21
578.53096
 31
0.0
  0
LINE
  5
14C
330
17
100
AcDbEntity
  8
OUTLINE
100
AcDbLine
 10
604.9638494000001
 20
579.69751
 30
0.0
 11
603.6183173000001
 21
579.69751
 31
0.0
  0
LINE
  5
14D
330
17
100
AcDbEntity
  8
OUTLINE
100
AcDbLine
 10
605.6401151
 20
578.53096
 30
0.0
 11
604.9638494000001
 21
579.69751
 31
0.0
  0
LINE
  5
14E
330
17
100
AcDbEntity
  8
OUTLINE
100
AcDbLine
 10
604.9638494000001
 20
577.36441
 30
0.0
 11
605.6401151
 21
578.53096
 31
0.0
  0
LINE
  5
14F
330
17
100
AcDbEntity
  8
OUTLINE
100
AcDbLine
 10
603.6183173000001
 20
577.36441
 30
0.0
 11
604.9638494000001
 21
577.36441
 31
0.0
  0
LINE
  5
150
330
17
100
AcDbEntity
  8
OUTLINE
100
AcDbLine
 10
602.9450513
 20
578.53096
 30
0.0
 11
603.6183173000001
 21
577.36441
 31
0.0
  0
LINE
  5
151
330
17
100
AcDbEntity
  8
OUTLINE
100
AcDbLine
 10
578.6208173
 20
579.69751
 30
0.0
 11
577.9475513
 21
578.53096
 31
0.0
  0
LINE
  5
152
330
17
100
AcDbEntity
  8
OUTLINE
100
AcDbLine
 10
579.9663494
 20
579.69751
 30
0.0
 11
578.6208173
 21
579.69751
 31
0.0
  0
LINE
  5
153
330
17
100
AcDbEntity
  8
OUTLINE
100
AcDbLine
 10
580.6426151000001
 20
578.53096
 30
0.0
 11
579.9663494
 21
579.69751
 31
0.0
  0
LINE
  5
154
330
17
100
AcDbEntity
  8
OUTLINE
100
AcDbLine
 10
579.9663494
 20
577.36441
 30
0.0
 11
580.6426151000001
 21
578.53096
 31
0.0
  0
LINE
  5
155
330
17
100
AcDbEntity
  8
OUTLINE
100
AcDbLine
 10
578.6208173
 20
577.36441
 30
0.0
 11
579.9663494
 21
577.36441
 31
0.0
  0
LINE
  5
156
330
17
100
AcDbEntity
  8
OUTLINE
100
AcDbLine
 10
577.9475513
 20
578.53096
 30
0.0
 11
578.6208173
 21
577.36441
 31
0.0
  0
LINE
  5
157
330
17
100
AcDbEntity
  8
OUTLINE
100
AcDbLine
 10
578.6208173
 20
547.03411
 30
0.0
 11
577.9475513
 21
545.86756
 31
0.0
  0
LINE
  5
158
330
17
100
AcDbEntity
  8
OUTLINE
100
AcDbLine
 10
579.9663494
 20
547.03411
 30
0.0
 11
578.6208173
 21
547.03411
 31
0.0
  0
LINE
  5
159
330
17
100
AcDbEntity
  8
OUTLINE
100
AcDbLine
 10
580.6426151000001
 20
545.86756
 30
0.0
 11
579.9663494
 21
547.03411
 31
0.0
  0
LINE
  5
15A
330
17
100
AcDbEntity
  8
OUTLINE
100
AcDbLine
 10
579.9663494
 20
544.70101
 30
0.0
 11
580.6426151000001
 21
545.86756
 31
0.0
  0
LINE
  5
15B
330
17
100
AcDbEntity
  8
OUTLINE
100
AcDbLine
 10
578.6208173
 20
544.70101
 30
0.0
 11
579.9663494
 21
544.70101
 31
0.0
  0
LINE
  5
15C
330
17
100
AcDbEntity
  8
OUTLINE
100
AcDbLine
 10
577.9475513
 20
545.86756
 30
0.0
 11
578.6208173
 21
544.70101
 31
0.0
  0
LINE
  5
15D
330
17
100
AcDbEntity
  8
OUTLINE
100
AcDbLine
 10
603.6183173000001
 20
547.03411
 30
0.0
 11
602.9450513
 21
545.86756
 31
0.0
  0
LINE
  5
15E
330
17
100
AcDbEntity
  8
OUTLINE
100
AcDbLine
 10
604.9638494000001
 20
547.03411
 30
0.0
 11
603.6183173000001
 21
547.03411
 31
0.0
  0
LINE
  5
15F
330
17
100
AcDbEntity
  8
OUTLINE
100
AcDbLine
 10
605.6401151
 20
545.86756
 30
0.0
 11
604.9638494000001
 21
547.03411
 31
0.0
  0
LINE
  5
160
330
17
100
AcDbEntity
  8
OUTLINE
100
AcDbLine
 10
604.9638494000001
 20
544.70101
 30
0.0
 11
605.6401151
 21
545.86756
 31
0.0
  0
LINE
  5
161
330
17
100
AcDbEntity
  8
OUTLINE
100
AcDbLine
 10
603.6183173000001
 20
544.70101
 30
0.0
 11
604.9638494000001
 21
544.70101
 31
0.0
  0
LINE
  5
162
330
17
100
AcDbEntity
  8
OUTLINE
100
AcDbLine
 10
602.9450513
 20
545.86756
 30
0.0
 11
603.6183173000001
 21
544.70101
 31
0.0
  0
CIRCLE
  5
163
330
17
100
AcDbEntity
  8
0
100
AcDbCircle
 10
581.96015
 20
577.19776
 30
0.0
 40
0.9999
  0
CIRCLE
  5
164
330
17
100
AcDbEntity
  8
0
100
AcDbCircle
 10
594.95885
 20
577.19776
 30
0.0
 40
0.9999
  0
ARC
  5
165
330
17
100
AcDbEntity
  8
OUTLINE
100
AcDbCircle
 10
571.7945000000001
 20
536.4685000000001
 30
0.0
 40
1.6664999999999999
100
AcDbArc
 50
179.9998479605043
 51
270.000058419654
  0
ARC
  5
166
330
17
100
AcDbEntity
  8
OUTLINE
100
AcDbCircle
 10
571.7945000000001
 20
579.5308600000001
 30
0.0
 40
1.6664999999999999
100
AcDbArc
 50
90.00021045914971
 51
179.9998479605043
  0
ARC
  5
167
330
17
100
AcDbEntity
  8
OUTLINE
100
AcDbCircle
 10
635.1215000000001
 20
579.5308600000001
 30
0.0
 40
1.6664999999999999
100
AcDbArc
 50
0.0
 51
90.00021045914971
  0
CIRCLE
  5
168
330
17
100
AcDbEntity
  8
0
100
AcDbCircle
 10
637.62125
 20
565.1323
 30
0.0
 40
0.8332499999999999
  0
ARC
  5
169
330
17
100
AcDbEntity
  8
0
100
AcDbCircle
 10
637.62125
 20
565.1323
 30
0.0
 40
0.9582374999999999
100
AcDbArc
 50
150.0
 51
60.0
  0
CIRCLE
  5
16A
330
17
100
AcDbEntity
  8
0
100
AcDbCircle
 10
637.62125
 20
565.1323
 30
0.0
 40
1.2498749999999998
  0
LINE
  5
16B
330
17
100
AcDbEntity
  8
中心线
100
AcDbLine
 10
635.95475
 20
565.1323
 30
0.0
 11
639.2877500000001
 21
565.1323
 31
0.0
  0
LINE
  5
16C
330
17
100
AcDbEntity
  8
中心线
100
AcDbLine
 10
637.62125
 20
563.4658
 30
0.0
 11
637.62125
 21
566.7988
 31
0.0
  0
ARC
  5
16D
330
17
100
AcDbEntity
  8
OUTLINE
100
AcDbCircle
 10
649.1201000000001
 20
562.63255
 30
0.0
 40
1.6664999999999999
100
AcDbArc
 50
0.0
 51
90.00021045914971
  0
ARC
  5
16E
330
17
100
AcDbEntity
  8
OUTLINE
100
AcDbCircle
 10
649.1201000000001
 20
541.4846650000001
 30
0.0
 40
1.6664999999999999
100
AcDbArc
 50
-45.00010522957486
 51
0.0
  0
ARC
  5
16F
330
17
100
AcDbEntity
  8
OUTLINE
100
AcDbCircle
 10
644.1042683000001
 20
536.4685000000001
 30
0.0
 40
1.6664999999999999
100
AcDbArc
 50
-90.00021045914971
 51
-45.00010522957486
  0
SPLINE
  5
170
330
17
100
AcDbEntity
  8
OUTLINE
100
AcDbSpline
 70
0
 71
3
 72
0
 73
0
 74
25
 11
585.2931500000001
 21
580.36411
 31
0.0
 11
585.2834843
 21
580.36411
 31
0.0
 11
585.2681525
 21
580.36411
 31
0.0
 11
585.2394887
 21
580.36411
 31
0.0
 11
585.2008259
 21
580.36411
 31
0.0
 11
585.1544972
 21
580.36411
 31
0.0
 11
585.0948365
 21
580.36411
 31
0.0
 11
585.0315095000001
 21
580.36411
 31
0.0
 11
584.9578502
 21
580.36411
 31
0.0
 11
584.8805246000001
 21
580.36411
 31
0.0
 11
584.7981995
 21
580.36411
 31
0.0
 11
584.713208
 21
580.36411
 31
0.0
 11
584.6265500000001
 21
580.36411
 31
0.0
 11
584.539892
 21
580.36411
 31
0.0
 11
584.4549005
 21
580.36411
 31
0.0
 11
584.3725754000001
 21
580.36411
 31
0.0
 11
584.2952498000001
 21
580.36411
 31
0.0
 11
584.2215905
 21
580.36411
 31
0.0
 11
584.1582635000001
 21
580.36411
 31
0.0
 11
584.0986028000001
 21
580.36411
 31
0.0
 11
584.0522741000001
 21
580.36411
 31
0.0
 11
584.0136113000001
 21
580.36411
 31
0.0
 11
583.9849475000001
 21
580.36411
 31
0.0
 11
583.9696157000001
 21
580.36411
 31
0.0
 11
583.95995
 21
580.36411
 31
0.0
  0
SPLINE
  5
171
330
17
100
AcDbEntity
  8
OUTLINE
100
AcDbSpline
 70
0
 71
3
 72
0
 73
0
 74
25
 11
592.95905
 21
580.36411
 31
0.0
 11
592.9493843
 21
580.36411
 31
0.0
 11
592.9340525
 21
580.36411
 31
0.0
 11
592.9053887
 21
580.36411
 31
0.0
 11
592.8667259
 21
580.36411
 31
0.0
 11
592.8203972
 21
580.36411
 31
0.0
 11
592.7607365
 21
580.36411
 31
0.0
 11
592.6974095
 21
580.36411
 31
0.0
 11
592.6237502
 21
580.36411
 31
0.0
 11
592.5464246
 21
580.36411
 31
0.0
 11
592.4640995000001
 21
580.36411
 31
0.0
 11
592.3791080000001
 21
580.36411
 31
0.0
 11
592.29245
 21
580.36411
 31
0.0
 11
592.2057920000001
 21
580.36411
 31
0.0
 11
592.1208005000001
 21
580.36411
 31
0.0
 11
592.0384754
 21
580.36411
 31
0.0
 11
591.9611498
 21
580.36411
 31
0.0
 11
591.8874905
 21
580.36411
 31
0.0
 11
591.8241635
 21
580.36411
 31
0.0
 11
591.7645028000001
 21
580.36411
 31
0.0
 11
591.7181741
 21
580.36411
 31
0.0
 11
591.6795113000001
 21
580.36411
 31
0.0
 11
591.6508475
 21
580.36411
 31
0.0
 11
591.6355157
 21
580.36411
 31
0.0
 11
591.62585
 21
580.36411
 31
0.0
  0
SPLINE
  5
172
330
17
100
AcDbEntity
  8
OUTLINE
100
AcDbSpline
 70
0
 71
3
 72
0
 73
0
 74
25
 11
585.2931500000001
 21
581.19736
 31
0.0
 11
585.2834843
 21
581.19736
 31
0.0
 11
585.2681525
 21
581.19736
 31
0.0
 11
585.2394887
 21
581.19736
 31
0.0
 11
585.2008259
 21
581.19736
 31
0.0
 11
585.1544972
 21
581.19736
 31
0.0
 11
585.0948365
 21
581.19736
 31
0.0
 11
585.0315095000001
 21
581.19736
 31
0.0
 11
584.9578502
 21
581.19736
 31
0.0
 11
584.8805246000001
 21
581.19736
 31
0.0
 11
584.7981995
 21
581.19736
 31
0.0
 11
584.713208
 21
581.19736
 31
0.0
 11
584.6265500000001
 21
581.19736
 31
0.0
 11
584.539892
 21
581.19736
 31
0.0
 11
584.4549005
 21
581.19736
 31
0.0
 11
584.3725754000001
 21
581.19736
 31
0.0
 11
584.2952498000001
 21
581.19736
 31
0.0
 11
584.2215905
 21
581.19736
 31
0.0
 11
584.1582635000001
 21
581.19736
 31
0.0
 11
584.0986028000001
 21
581.19736
 31
0.0
 11
584.0522741000001
 21
581.19736
 31
0.0
 11
584.0136113000001
 21
581.19736
 31
0.0
 11
583.9849475000001
 21
581.19736
 31
0.0
 11
583.9696157000001
 21
581.19736
 31
0.0
 11
583.95995
 21
581.19736
 31
0.0
  0
SPLINE
  5
173
330
17
100
AcDbEntity
  8
OUTLINE
100
AcDbSpline
 70
0
 71
3
 72
0
 73
0
 74
25
 11
592.95905
 21
581.19736
 31
0.0
 11
592.9493843
 21
581.19736
 31
0.0
 11
592.9340525
 21
581.19736
 31
0.0
 11
592.9053887
 21
581.19736
 31
0.0
 11
592.8667259
 21
581.19736
 31
0.0
 11
592.8203972
 21
581.19736
 31
0.0
 11
592.7607365
 21
581.19736
 31
0.0
 11
592.6974095
 21
581.19736
 31
0.0
 11
592.6237502
 21
581.19736
 31
0.0
 11
592.5464246
 21
581.19736
 31
0.0
 11
592.4640995000001
 21
581.19736
 31
0.0
 11
592.3791080000001
 21
581.19736
 31
0.0
 11
592.29245
 21
581.19736
 31
0.0
 11
592.2057920000001
 21
581.19736
 31
0.0
 11
592.1208005000001
 21
581.19736
 31
0.0
 11
592.0384754
 21
581.19736
 31
0.0
 11
591.9611498
 21
581.19736
 31
0.0
 11
591.8874905
 21
581.19736
 31
0.0
 11
591.8241635
 21
581.19736
 31
0.0
 11
591.7645028000001
 21
581.19736
 31
0.0
 11
591.7181741
 21
581.19736
 31
0.0
 11
591.6795113000001
 21
581.19736
 31
0.0
 11
591.6508475
 21
581.19736
 31
0.0
 11
591.6355157
 21
581.19736
 31
0.0
 11
591.62585
 21
581.19736
 31
0.0
  0
CIRCLE
  5
174
330
17
100
AcDbEntity
  8
HOLE
100
AcDbCircle
 10
579.29375
 20
545.86756
 30
0.0
 40
0.8332499999999999
  0
CIRCLE
  5
175
330
17
100
AcDbEntity
  8
HOLE
100
AcDbCircle
 10
579.29375
 20
578.53096
 30
0.0
 40
0.8332499999999999
  0
CIRCLE
  5
176
330
17
100
AcDbEntity
  8
HOLE
100
AcDbCircle
 10
604.29125
 20
578.53096
 30
0.0
 40
0.8332499999999999
  0
CIRCLE
  5
177
330
17
100
AcDbEntity
  8
OUTLINE
100
AcDbCircle
 10
592.29245
 20
540.5517583000001
 30
0.0
 40
1.1682165
  0
CIRCLE
  5
178
330
17
100
AcDbEntity
  8
OUTLINE
100
AcDbCircle
 10
576.6273500000001
 20
537.1684300000001
 30
0.0
 40
1.1682165
  0
CIRCLE
  5
179
330
17
100
AcDbEntity
  8
OUTLINE
100
AcDbCircle
 10
607.9575500000001
 20
537.1684300000001
 30
0.0
 40
1.1682165
  0
CIRCLE
  5
17A
330
17
100
AcDbEntity
  8
HOLE
100
AcDbCircle
 10
604.29125
 20
545.86756
 30
0.0
 40
0.8332499999999999
  0
CIRCLE
  5
17B
330
17
100
AcDbEntity
  8
HOLE
100
AcDbCircle
 10
574.29425
 20
545.86756
 30
0.0
 40
0.8332499999999999
  0
CIRCLE
  5
17C
330
17
100
AcDbEntity
  8
HOLE
100
AcDbCircle
 10
588.4595
 20
578.36431
 30
0.0
 40
0.6666
  0
CIRCLE
  5
17D
330
17
100
AcDbEntity
  8
HOLE
100
AcDbCircle
 10
646.4537
 20
540.8014000000001
 30
0.0
 40
0.8332499999999999
  0
CIRCLE
  5
17E
330
17
100
AcDbEntity
  8
0
100
AcDbCircle
 10
592.29245
 20
540.5517583000001
 30
0.0
 40
0.6666
  0
ARC
  5
17F
330
17
100
AcDbEntity
  8
0
100
AcDbCircle
 10
592.29245
 20
540.5517583000001
 30
0.0
 40
0.7665899999999999
100
AcDbArc
 50
150.0
 51
60.0
  0
LINE
  5
180
330
17
100
AcDbEntity
  8
中心线
100
AcDbLine
 10
591.09257
 20
540.5517583000001
 30
0.0
 11
593.49233
 21
540.5517583000001
 31
0.0
  0
LINE
  5
181
330
17
100
AcDbEntity
  8
中心线
100
AcDbLine
 10
592.29245
 20
539.3518783000001
 30
0.0
 11
592.29245
 21
541.7516383000001
 31
0.0
  0
CIRCLE
  5
182
330
17
100
AcDbEntity
  8
0
100
AcDbCircle
 10
576.6273500000001
 20
537.1684300000001
 30
0.0
 40
0.6666
  0
ARC
  5
183
330
17
100
AcDbEntity
  8
0
100
AcDbCircle
 10
576.6273500000001
 20
537.1684300000001
 30
0.0
 40
0.7665899999999999
100
AcDbArc
 50
150.0
 51
60.0
  0
LINE
  5
184
330
17
100
AcDbEntity
  8
中心线
100
AcDbLine
 10
575.4274700000001
 20
537.1684300000001
 30
0.0
 11
577.8272300000001
 21
537.1684300000001
 31
0.0
  0
LINE
  5
185
330
17
100
AcDbEntity
  8
中心线
100
AcDbLine
 10
576.6273500000001
 20
535.96855
 30
0.0
 11
576.6273500000001
 21
538.3683100000001
 31
0.0
  0
CIRCLE
  5
186
330
17
100
AcDbEntity
  8
0
100
AcDbCircle
 10
607.9575500000001
 20
537.1684300000001
 30
0.0
 40
0.6666
  0
ARC
  5
187
330
17
100
AcDbEntity
  8
0
100
AcDbCircle
 10
607.9575500000001
 20
537.1684300000001
 30
0.0
 40
0.7665899999999999
100
AcDbArc
 50
150.0
 51
60.0
  0
LINE
  5
188
330
17
100
AcDbEntity
  8
中心线
100
AcDbLine
 10
606.7576700000001
 20
537.1684300000001
 30
0.0
 11
609.1574300000001
 21
537.1684300000001
 31
0.0
  0
LINE
  5
189
330
17
100
AcDbEntity
  8
中心线
100
AcDbLine
 10
607.9575500000001
 20
535.96855
 30
0.0
 11
607.9575500000001
 21
538.3683100000001
 31
0.0
  0
CIRCLE
  5
18A
330
17
100
AcDbEntity
  8
OUTLINE
100
AcDbCircle
 10
574.29425
 20
545.86756
 30
0.0
 40
0.89991
  0
CIRCLE
  5
18B
330
17
100
AcDbEntity
  8
OUTLINE
100
AcDbCircle
 10
588.4595
 20
578.36431
 30
0.0
 40
0.703263
  0
CIRCLE
  5
18C
330
17
100
AcDbEntity
  8
0
100
AcDbCircle
 10
588.4595
 20
578.36431
 30
0.0
 40
0.49995
  0
ARC
  5
18D
330
17
100
AcDbEntity
  8
0
100
AcDbCircle
 10
588.4595
 20
578.36431
 30
0.0
 40
0.5749424999999999
100
AcDbArc
 50
150.0
 51
60.0
  0
LINE
  5
18E
330
17
100
AcDbEntity
  8
中心线
100
AcDbLine
 10
587.5595900000001
 20
578.36431
 30
0.0
 11
589.35941
 21
578.36431
 31
0.0
  0
LINE
  5
18F
330
17
100
AcDbEntity
  8
中心线
100
AcDbLine
 10
588.4595
 20
577.4644000000001
 30
0.0
 11
588.4595
 21
579.26422
 31
0.0
  0
CIRCLE
  5
190
330
17
100
AcDbEntity
  8
OUTLINE
100
AcDbCircle
 10
646.4537
 20
540.8014000000001
 30
0.0
 40
0.89991
  0
LINE
  5
191
330
17
100
AcDbEntity
  8
OUTLINE
100
AcDbLine
 10
470.1712
 20
602.029
 30
0.0
 11
470.1712
 21
612.66127
 31
0.0
  0
LINE
  5
192
330
17
100
AcDbEntity
  8
OUTLINE
100
AcDbLine
 10
497.8351
 20
602.86225
 30
0.0
 11
470.1712
 21
602.86225
 31
0.0
  0
LINE
  5
193
330
17
100
AcDbEntity
  8
OUTLINE
100
AcDbLine
 10
465.505
 20
602.029
 30
0.0
 11
470.1712
 21
602.029
 31
0.0
  0
LINE
  5
194
330
17
100
AcDbEntity
  8
OUTLINE
100
AcDbLine
 10
497.8351
 20
602.029
 30
0.0
 11
470.1712
 21
602.029
 31
0.0
  0
LINE
  5
195
330
17
100
AcDbEntity
  8
OUTLINE
100
AcDbLine
 10
497.8351
 20
602.029
 30
0.0
 11
504.5011
 21
602.029
 31
0.0
  0
LINE
  5
196
330
17
100
AcDbEntity
  8
OUTLINE
100
AcDbLine
 10
492.33565
 20
604.59541
 30
0.0
 11
492.33565
 21
602.86225
 31
0.0
  0
LINE
  5
197
330
17
100
AcDbEntity
  8
OUTLINE
100
AcDbLine
 10
491.00245
 20
602.86225
 30
0.0
 11
491.00245
 21
604.59541
 31
0.0
  0
LINE
  5
198
330
17
100
AcDbEntity
  8
OUTLINE
100
AcDbLine
 10
484.66975
 20
604.59541
 30
0.0
 11
484.66975
 21
602.86225
 31
0.0
  0
LINE
  5
199
330
17
100
AcDbEntity
  8
OUTLINE
100
AcDbLine
 10
483.33655
 20
602.86225
 30
0.0
 11
483.33655
 21
604.59541
 31
0.0
  0
LINE
  5
19A
330
17
100
AcDbEntity
  8
OUTLINE
100
AcDbLine
 10
497.8351
 20
612.32797
 30
0.0
 11
470.1712
 21
612.32797
 31
0.0
  0
LINE
  5
19B
330
17
100
AcDbEntity
  8
OUTLINE
100
AcDbLine
 10
470.1712
 20
607.19515
 30
0.0
 11
470.5045
 21
607.19515
 31
0.0
  0
LINE
  5
19C
330
17
100
AcDbEntity
  8
OUTLINE
100
AcDbLine
 10
470.5045
 20
607.19515
 30
0.0
 11
470.5045
 21
608.86165
 31
0.0
  0
LINE
  5
19D
330
17
100
AcDbEntity
  8
OUTLINE
100
AcDbLine
 10
470.5045
 20
608.86165
 30
0.0
 11
470.1712
 21
608.86165
 31
0.0
  0
LINE
  5
19E
330
17
100
AcDbEntity
  8
OUTLINE
100
AcDbLine
 10
474.67075
 20
604.89538
 30
0.0
 11
474.67075
 21
608.89498
 31
0.0
  0
LINE
  5
19F
330
17
100
AcDbEntity
  8
OUTLINE
100
AcDbLine
 10
479.00365
 20
604.89538
 30
0.0
 11
474.67075
 21
604.89538
 31
0.0
  0
LINE
  5
1A0
330
17
100
AcDbEntity
  8
OUTLINE
100
AcDbLine
 10
479.00365
 20
608.89498
 30
0.0
 11
479.00365
 21
604.89538
 31
0.0
  0
LINE
  5
1A1
330
17
100
AcDbEntity
  8
OUTLINE
100
AcDbLine
 10
474.67075
 20
608.89498
 30
0.0
 11
479.00365
 21
608.89498
 31
0.0
  0
LINE
  5
1A2
330
17
100
AcDbEntity
  8
OUTLINE
100
AcDbLine
 10
503.66785000000004
 20
607.19515
 30
0.0
 11
500.66815
 21
607.19515
 31
0.0
  0
LINE
  5
1A3
330
17
100
AcDbEntity
  8
OUTLINE
100
AcDbLine
 10
503.66785000000004
 20
608.86165
 30
0.0
 11
503.66785000000004
 21
607.19515
 31
0.0
  0
LINE
  5
1A4
330
17
100
AcDbEntity
  8
OUTLINE
100
AcDbLine
 10
503.66785000000004
 20
608.86165
 30
0.0
 11
500.66815
 21
608.86165
 31
0.0
  0
LINE
  5
1A5
330
17
100
AcDbEntity
  8
OUTLINE
100
AcDbLine
 10
500.66815
 20
607.19515
 30
0.0
 11
500.66815
 21
608.86165
 31
0.0
  0
LINE
  5
1A6
330
17
100
AcDbEntity
  8
OUTLINE
100
AcDbLine
 10
486.70288
 20
606.32857
 30
0.0
 11
481.30342
 21
606.32857
 31
0.0
  0
LINE
  5
1A7
330
17
100
AcDbEntity
  8
OUTLINE
100
AcDbLine
 10
486.70288
 20
608.6883339999999
 30
0.0
 11
486.70288
 21
606.32857
 31
0.0
  0
LINE
  5
1A8
330
17
100
AcDbEntity
  8
OUTLINE
100
AcDbLine
 10
481.30342
 20
608.6883339999999
 30
0.0
 11
486.70288
 21
608.6883339999999
 31
0.0
  0
LINE
  5
1A9
330
17
100
AcDbEntity
  8
OUTLINE
100
AcDbLine
 10
481.30342
 20
606.32857
 30
0.0
 11
481.30342
 21
608.6883339999999
 31
0.0
  0
LINE
  5
1AA
330
17
100
AcDbEntity
  8
OUTLINE
100
AcDbLine
 10
494.36878
 20
606.32857
 30
0.0
 11
488.96932000000004
 21
606.32857
 31
0.0
  0
LINE
  5
1AB
330
17
100
AcDbEntity
  8
OUTLINE
100
AcDbLine
 10
494.36878
 20
608.6883339999999
 30
0.0
 11
494.36878
 21
606.32857
 31
0.0
  0
LINE
  5
1AC
330
17
100
AcDbEntity
  8
OUTLINE
100
AcDbLine
 10
488.96932000000004
 20
608.6883339999999
 30
0.0
 11
494.36878
 21
608.6883339999999
 31
0.0
  0
LINE
  5
1AD
330
17
100
AcDbEntity
  8
OUTLINE
100
AcDbLine
 10
488.96932000000004
 20
606.32857
 30
0.0
 11
488.96932000000004
 21
608.6883339999999
 31
0.0
  0
LINE
  5
1AE
330
17
100
AcDbEntity
  8
OUTLINE
100
AcDbLine
 10
432.19133170000003
 20
612.66127
 30
0.0
 11
470.1712
 21
612.66127
 31
0.0
  0
LINE
  5
1AF
330
17
100
AcDbEntity
  8
OUTLINE
100
AcDbLine
 10
431.0131162
 20
612.66127
 30
0.0
 11
425.9969512
 21
612.66127
 31
0.0
  0
LINE
  5
1B0
330
17
100
AcDbEntity
  8
OUTLINE
100
AcDbLine
 10
497.8351
 20
612.66127
 30
0.0
 11
504.5011
 21
612.66127
 31
0.0
  0
LINE
  5
1B1
330
17
100
AcDbEntity
  8
OUTLINE
100
AcDbLine
 10
497.8351
 20
612.66127
 30
0.0
 11
441.1741
 21
612.66127
 31
0.0
  0
LINE
  5
1B2
330
17
100
AcDbEntity
  8
OUTLINE
100
AcDbLine
 10
465.505
 20
602.029
 30
0.0
 11
465.505
 21
606.0286
 31
0.0
  0
LINE
  5
1B3
330
17
100
AcDbEntity
  8
OUTLINE
100
AcDbLine
 10
465.505
 20
606.0286
 30
0.0
 11
432.19133170000003
 21
606.0286
 31
0.0
  0
LINE
  5
1B4
330
17
100
AcDbEntity
  8
OUTLINE
100
AcDbLine
 10
436.5079
 20
608.86165
 30
0.0
 11
436.5079
 21
607.19515
 31
0.0
  0
LINE
  5
1B5
330
17
100
AcDbEntity
  8
OUTLINE
100
AcDbLine
 10
436.5079
 20
607.19515
 30
0.0
 11
439.5076
 21
607.19515
 31
0.0
  0
LINE
  5
1B6
330
17
100
AcDbEntity
  8
OUTLINE
100
AcDbLine
 10
439.5076
 20
607.19515
 30
0.0
 11
439.5076
 21
608.86165
 31
0.0
  0
LINE
  5
1B7
330
17
100
AcDbEntity
  8
OUTLINE
100
AcDbLine
 10
439.5076
 20
608.86165
 30
0.0
 11
436.5079
 21
608.86165
 31
0.0
  0
LINE
  5
1B8
330
17
100
AcDbEntity
  8
OUTLINE
100
AcDbLine
 10
425.9969512
 20
606.0286
 30
0.0
 11
431.0131162
 21
606.0286
 31
0.0
  0
LINE
  5
1B9
330
17
100
AcDbEntity
  8
OUTLINE
100
AcDbLine
 10
425.509
 20
606.0286
 30
0.0
 11
425.509
 21
612.66127
 31
0.0
  0
LINE
  5
1BA
330
17
100
AcDbEntity
  8
OUTLINE
100
AcDbLine
 10
497.8351
 20
602.029
 30
0.0
 11
497.8351
 21
612.66127
 31
0.0
  0
LINE
  5
1BB
330
17
100
AcDbEntity
  8
OUTLINE
100
AcDbLine
 10
506.1676
 20
612.66127
 30
0.0
 11
506.1676
 21
602.029
 31
0.0
  0
LINE
  5
1BC
330
17
100
AcDbEntity
  8
OUTLINE
100
AcDbLine
 10
432.19133170000003
 20
612.66127
 30
0.0
 11
432.19133170000003
 21
606.0286
 31
0.0
  0
LINE
  5
1BD
330
17
100
AcDbEntity
  8
OUTLINE
100
AcDbLine
 10
425.9969512
 20
612.66127
 30
0.0
 11
425.9969512
 21
606.0286
 31
0.0
  0
LINE
  5
1BE
330
17
100
AcDbEntity
  8
OUTLINE
100
AcDbLine
 10
431.0131162
 20
606.0286
 30
0.0
 11
431.0131162
 21
612.66127
 31
0.0
  0
LINE
  5
1BF
330
17
100
AcDbEntity
  8
OUTLINE
100
AcDbLine
 10
438.67435
 20
607.19515
 30
0.0
 11
438.67435
 21
608.86165
 31
0.0
  0
LINE
  5
1C0
330
17
100
AcDbEntity
  8
OUTLINE
100
AcDbLine
 10
504.5011
 20
602.029
 30
0.0
 11
504.5011
 21
612.66127
 31
0.0
  0
LINE
  5
1C1
330
17
100
AcDbEntity
  8
OUTLINE
100
AcDbLine
 10
496.00195
 20
602.86225
 30
0.0
 11
496.00195
 21
608.695
 31
0.0
  0
LINE
  5
1C2
330
17
100
AcDbEntity
  8
OUTLINE
100
AcDbLine
 10
471.00445
 20
602.86225
 30
0.0
 11
471.00445
 21
608.695
 31
0.0
  0
LINE
  5
1C3
330
17
100
AcDbEntity
  8
OUTLINE
100
AcDbLine
 10
473.00425
 20
602.86225
 30
0.0
 11
473.00425
 21
608.695
 31
0.0
  0
LINE
  5
1C4
330
17
100
AcDbEntity
  8
OUTLINE
100
AcDbLine
 10
486.786205
 20
602.86225
 30
0.0
 11
486.786205
 21
603.09556
 31
0.0
  0
LINE
  5
1C5
330
17
100
AcDbEntity
  8
OUTLINE
100
AcDbLine
 10
488.88599500000004
 20
602.86225
 30
0.0
 11
488.88599500000004
 21
603.09556
 31
0.0
  0
SPLINE
  5
1C6
330
17
100
AcDbEntity
  8
OUTLINE
100
AcDbSpline
 70
0
 71
3
 72
0
 73
0
 74
25
 11
504.5011
 21
602.029
 31
0.0
 11
504.6100891
 21
602.029
 31
0.0
 11
504.7184116
 21
602.029
 31
0.0
 11
504.8257342
 21
602.029
 31
0.0
 11
504.9317236
 21
602.029
 31
0.0
 11
505.0363798
 21
602.029
 31
0.0
 11
505.137703
 21
602.029
 31
0.0
 11
505.23769300000004
 21
602.029
 31
0.0
 11
505.3333501
 21
602.029
 31
0.0
 11
505.4256742
 21
602.029
 31
0.0
 11
505.5146653
 21
602.029
 31
0.0
 11
505.5983236
 21
602.029
 31
0.0
 11
505.6796488
 21
602.029
 31
0.0
 11
505.7519749
 21
602.029
 31
0.0
 11
505.8219679
 21
602.029
 31
0.0
 11
505.8852949
 21
602.029
 31
0.0
 11
505.9422892
 21
602.029
 31
0.0
 11
505.99495060000004
 21
602.029
 31
0.0
 11
506.0382796
 21
602.029
 31
0.0
 11
506.0782756
 21
602.029
 31
0.0
 11
506.10860590000004
 21
602.029
 31
0.0
 11
506.1336034
 21
602.029
 31
0.0
 11
506.1519349
 21
602.029
 31
0.0
 11
506.16160060000004
 21
602.029
 31
0.0
 11
506.1676
 21
602.029
 31
0.0
  0
SPLINE
  5
1C7
330
17
100
AcDbEntity
  8
OUTLINE
100
AcDbSpline
 70
0
 71
3
 72
0
 73
0
 74
25
 11
432.19133170000003
 21
612.66127
 31
0.0
 11
432.1370038
 21
612.66127
 31
0.0
 11
432.0826759
 21
612.66127
 31
0.0
 11
432.028348
 21
612.66127
 31
0.0
 11
431.9740201
 21
612.66127
 31
0.0
 11
431.9200255
 21
612.66127
 31
0.0
 11
431.8663642
 21
612.66127
 31
0.0
 11
431.8130362
 21
612.66127
 31
0.0
 11
431.7603748
 21
612.66127
 31
0.0
 11
431.7080467
 21
612.66127
 31
0.0
 11
431.6560519
 21
612.66127
 31
0.0
 11
431.6047237
 21
612.66127
 31
0.0
 11
431.5537288
 21
612.66127
 31
0.0
 11
431.5040671
 21
612.66127
 31
0.0
 11
431.4547387
 21
612.66127
 31
0.0
 11
431.4060769
 21
612.66127
 31
0.0
 11
431.35841500000004
 21
612.66127
 31
0.0
 11
431.3114197
 21
612.66127
 31
0.0
 11
431.2660909
 21
612.66127
 31
0.0
 11
431.2207621
 21
612.66127
 31
0.0
 11
431.17743310000003
 21
612.66127
 31
0.0
 11
431.1344374
 21
612.66127
 31
0.0
 11
431.0927749
 21
612.66127
 31
0.0
 11
431.0527789
 21
612.66127
 31
0.0
 11
431.0131162
 21
612.66127
 31
0.0
  0
SPLINE
  5
1C8
330
17
100
AcDbEntity
  8
OUTLINE
100
AcDbSpline
 70
0
 71
3
 72
0
 73
0
 74
25
 11
425.9969512
 21
612.66127
 31
0.0
 11
425.9596216
 21
612.66127
 31
0.0
 11
425.9229586
 21
612.66127
 31
0.0
 11
425.8876288
 21
612.66127
 31
0.0
 11
425.8539655
 21
612.66127
 31
0.0
 11
425.8209688
 21
612.66127
 31
0.0
 11
425.79030520000003
 21
612.66127
 31
0.0
 11
425.7606415
 21
612.66127
 31
0.0
 11
425.7326443
 21
612.66127
 31
0.0
 11
425.7063136
 21
612.66127
 31
0.0
 11
425.6813161
 21
612.66127
 31
0.0
 11
425.6579851
 21
612.66127
 31
0.0
 11
425.6359873
 21
612.66127
 31
0.0
 11
425.6163226
 21
612.66127
 31
0.0
 11
425.59765780000004
 21
612.66127
 31
0.0
 11
425.5813261
 21
612.66127
 31
0.0
 11
425.5663276
 21
612.66127
 31
0.0
 11
425.5526623
 21
612.66127
 31
0.0
 11
425.5416634
 21
612.66127
 31
0.0
 11
425.5313311
 21
612.66127
 31
0.0
 11
425.5239985
 21
612.66127
 31
0.0
 11
425.51766580000003
 21
612.66127
 31
0.0
 11
425.5129996
 21
612.66127
 31
0.0
 11
425.5106665
 21
612.66127
 31
0.0
 11
425.509
 21
612.66127
 31
0.0
  0
SPLINE
  5
1C9
330
17
100
AcDbEntity
  8
OUTLINE
100
AcDbSpline
 70
0
 71
3
 72
0
 73
0
 74
25
 11
506.1676
 21
612.66127
 31
0.0
 11
506.16160060000004
 21
612.66127
 31
0.0
 11
506.1519349
 21
612.66127
 31
0.0
 11
506.1336034
 21
612.66127
 31
0.0
 11
506.10860590000004
 21
612.66127
 31
0.0
 11
506.0782756
 21
612.66127
 31
0.0
 11
506.0382796
 21
612.66127
 31
0.0
 11
505.99495060000004
 21
612.66127
 31
0.0
 11
505.9422892
 21
612.66127
 31
0.0
 11
505.8852949
 21
612.66127
 31
0.0
 11
505.8219679
 21
612.66127
 31
0.0
 11
505.7519749
 21
612.66127
 31
0.0
 11
505.6796488
 21
612.66127
 31
0.0
 11
505.5983236
 21
612.66127
 31
0.0
 11
505.5146653
 21
612.66127
 31
0.0
 11
505.4256742
 21
612.66127
 31
0.0
 11
505.3333501
 21
612.66127
 31
0.0
 11
505.23769300000004
 21
612.66127
 31
0.0
 11
505.137703
 21
612.66127
 31
0.0
 11
505.0363798
 21
612.66127
 31
0.0
 11
504.9317236
 21
612.66127
 31
0.0
 11
504.8257342
 21
612.66127
 31
0.0
 11
504.7184116
 21
612.66127
 31
0.0
 11
504.6100891
 21
612.66127
 31
0.0
 11
504.5011
 21
612.66127
 31
0.0
  0
SPLINE
  5
1CA
330
17
100
AcDbEntity
  8
OUTLINE
100
AcDbSpline
 70
0
 71
3
 72
0
 73
0
 74
25
 11
425.509
 21
606.0286
 31
0.0
 11
425.5106665
 21
606.0286
 31
0.0
 11
425.5129996
 21
606.0286
 31
0.0
 11
425.51766580000003
 21
606.0286
 31
0.0
 11
425.5239985
 21
606.0286
 31
0.0
 11
425.5313311
 21
606.0286
 31
0.0
 11
425.5416634
 21
606.0286
 31
0.0
 11
425.5526623
 21
606.0286
 31
0.0
 11
425.5663276
 21
606.0286
 31
0.0
 11
425.5813261
 21
606.0286
 31
0.0
 11
425.59765780000004
 21
606.0286
 31
0.0
 11
425.6163226
 21
606.0286
 31
0.0
 11
425.6359873
 21
606.0286
 31
0.0
 11
425.6579851
 21
606.0286
 31
0.0
 11
425.6813161
 21
606.0286
 31
0.0
 11
425.7063136
 21
606.0286
 31
0.0
 11
425.7326443
 21
606.0286
 31
0.0
 11
425.7606415
 21
606.0286
 31
0.0
 11
425.79030520000003
 21
606.0286
 31
0.0
 11
425.8209688
 21
606.0286
 31
0.0
 11
425.8539655
 21
606.0286
 31
0.0
 11
425.8876288
 21
606.0286
 31
0.0
 11
425.9229586
 21
606.0286
 31
0.0
 11
425.9596216
 21
606.0286
 31
0.0
 11
425.9969512
 21
606.0286
 31
0.0
  0
SPLINE
  5
1CB
330
17
100
AcDbEntity
  8
OUTLINE
100
AcDbSpline
 70
0
 71
3
 72
0
 73
0
 74
25
 11
431.0131162
 21
606.0286
 31
0.0
 11
431.0527789
 21
606.0286
 31
0.0
 11
431.0927749
 21
606.0286
 31
0.0
 11
431.1344374
 21
606.0286
 31
0.0
 11
431.17743310000003
 21
606.0286
 31
0.0
 11
431.2207621
 21
606.0286
 31
0.0
 11
431.2660909
 21
606.0286
 31
0.0
 11
431.3114197
 21
606.0286
 31
0.0
 11
431.35841500000004
 21
606.0286
 31
0.0
 11
431.4060769
 21
606.0286
 31
0.0
 11
431.4547387
 21
606.0286
 31
0.0
 11
431.5040671
 21
606.0286
 31
0.0
 11
431.5537288
 21
606.0286
 31
0.0
 11
431.6047237
 21
606.0286
 31
0.0
 11
431.6560519
 21
606.0286
 31
0.0
 11
431.7080467
 21
606.0286
 31
0.0
 11
431.7603748
 21
606.0286
 31
0.0
 11
431.8130362
 21
606.0286
 31
0.0
 11
431.8663642
 21
606.0286
 31
0.0
 11
431.9200255
 21
606.0286
 31
0.0
 11
431.9740201
 21
606.0286
 31
0.0
 11
432.028348
 21
606.0286
 31
0.0
 11
432.0826759
 21
606.0286
 31
0.0
 11
432.1370038
 21
606.0286
 31
0.0
 11
432.19133170000003
 21
606.0286
 31
0.0
  0
SPLINE
  5
1CC
330
17
100
AcDbEntity
  8
OUTLINE
100
AcDbSpline
 70
0
 71
3
 72
0
 73
0
 74
25
 11
497.00185
 21
608.695
 31
0.0
 11
496.9365232
 21
608.695
 31
0.0
 11
496.8715297
 21
608.695
 31
0.0
 11
496.8068695
 21
608.695
 31
0.0
 11
496.7435425
 21
608.695
 31
0.0
 11
496.6805488
 21
608.695
 31
0.0
 11
496.6198882
 21
608.695
 31
0.0
 11
496.55989420000003
 21
608.695
 31
0.0
 11
496.5025666
 21
608.695
 31
0.0
 11
496.4469055
 21
608.695
 31
0.0
 11
496.3935775
 21
608.695
 31
0.0
 11
496.3435825
 21
608.695
 31
0.0
 11
496.29492070000003
 21
608.695
 31
0.0
 11
496.2512584
 21
608.695
 31
0.0
 11
496.2092626
 21
608.695
 31
0.0
 11
496.17126640000004
 21
608.695
 31
0.0
 11
496.1372698
 21
608.695
 31
0.0
 11
496.10560630000003
 21
608.695
 31
0.0
 11
496.07960890000004
 21
608.695
 31
0.0
 11
496.0556113
 21
608.695
 31
0.0
 11
496.0372798
 21
608.695
 31
0.0
 11
496.02228130000003
 21
608.695
 31
0.0
 11
496.0112824
 21
608.695
 31
0.0
 11
496.00561630000004
 21
608.695
 31
0.0
 11
496.00195
 21
608.695
 31
0.0
  0
SPLINE
  5
1CD
330
17
100
AcDbEntity
  8
OUTLINE
100
AcDbSpline
 70
0
 71
3
 72
0
 73
0
 74
25
 11
497.8351
 21
608.695
 31
0.0
 11
497.8111024
 21
608.695
 31
0.0
 11
497.7867715
 21
608.695
 31
0.0
 11
497.7604408
 21
608.695
 31
0.0
 11
497.7331102
 21
608.695
 31
0.0
 11
497.7047797
 21
608.695
 31
0.0
 11
497.67478270000004
 21
608.695
 31
0.0
 11
497.6441191
 21
608.695
 31
0.0
 11
497.6121223
 21
608.695
 31
0.0
 11
497.5791256
 21
608.695
 31
0.0
 11
497.545129
 21
608.695
 31
0.0
 11
497.5101325
 21
608.695
 31
0.0
 11
497.4748027
 21
608.695
 31
0.0
 11
497.4378064
 21
608.695
 31
0.0
 11
497.4008101
 21
608.695
 31
0.0
 11
497.3628139
 21
608.695
 31
0.0
 11
497.3241511
 21
608.695
 31
0.0
 11
497.28515500000003
 21
608.695
 31
0.0
 11
497.2454923
 21
608.695
 31
0.0
 11
497.2054963
 21
608.695
 31
0.0
 11
497.165167
 21
608.695
 31
0.0
 11
497.1245044
 21
608.695
 31
0.0
 11
497.0838418
 21
608.695
 31
0.0
 11
497.0428459
 21
608.695
 31
0.0
 11
497.00185
 21
608.695
 31
0.0
  0
SPLINE
  5
1CE
330
17
100
AcDbEntity
  8
OUTLINE
100
AcDbSpline
 70
0
 71
3
 72
0
 73
0
 74
25
 11
472.00435
 21
608.695
 31
0.0
 11
471.9390232
 21
608.695
 31
0.0
 11
471.8740297
 21
608.695
 31
0.0
 11
471.8093695
 21
608.695
 31
0.0
 11
471.7460425
 21
608.695
 31
0.0
 11
471.6830488
 21
608.695
 31
0.0
 11
471.6223882
 21
608.695
 31
0.0
 11
471.5623942
 21
608.695
 31
0.0
 11
471.5050666
 21
608.695
 31
0.0
 11
471.4494055
 21
608.695
 31
0.0
 11
471.39607750000005
 21
608.695
 31
0.0
 11
471.3460825
 21
608.695
 31
0.0
 11
471.29742070000003
 21
608.695
 31
0.0
 11
471.25375840000004
 21
608.695
 31
0.0
 11
471.21176260000004
 21
608.695
 31
0.0
 11
471.17376640000003
 21
608.695
 31
0.0
 11
471.1397698
 21
608.695
 31
0.0
 11
471.10810630000003
 21
608.695
 31
0.0
 11
471.08210890000004
 21
608.695
 31
0.0
 11
471.0581113
 21
608.695
 31
0.0
 11
471.0397798
 21
608.695
 31
0.0
 11
471.02478130000003
 21
608.695
 31
0.0
 11
471.0137824
 21
608.695
 31
0.0
 11
471.0081163
 21
608.695
 31
0.0
 11
471.00445
 21
608.695
 31
0.0
  0
SPLINE
  5
1CF
330
17
100
AcDbEntity
  8
OUTLINE
100
AcDbSpline
 70
0
 71
3
 72
0
 73
0
 74
25
 11
473.00425
 21
608.695
 31
0.0
 11
473.0005837
 21
608.695
 31
0.0
 11
472.9949176
 21
608.695
 31
0.0
 11
472.9839187
 21
608.695
 31
0.0
 11
472.9689202
 21
608.695
 31
0.0
 11
472.9505887
 21
608.695
 31
0.0
 11
472.9265911
 21
608.695
 31
0.0
 11
472.9005937
 21
608.695
 31
0.0
 11
472.8689302
 21
608.695
 31
0.0
 11
472.8349336
 21
608.695
 31
0.0
 11
472.7969374
 21
608.695
 31
0.0
 11
472.7549416
 21
608.695
 31
0.0
 11
472.7112793
 21
608.695
 31
0.0
 11
472.6626175
 21
608.695
 31
0.0
 11
472.6126225
 21
608.695
 31
0.0
 11
472.5592945
 21
608.695
 31
0.0
 11
472.5036334
 21
608.695
 31
0.0
 11
472.4463058
 21
608.695
 31
0.0
 11
472.38631180000004
 21
608.695
 31
0.0
 11
472.32565120000004
 21
608.695
 31
0.0
 11
472.26265750000005
 21
608.695
 31
0.0
 11
472.19933050000003
 21
608.695
 31
0.0
 11
472.13467030000004
 21
608.695
 31
0.0
 11
472.0696768
 21
608.695
 31
0.0
 11
472.00435
 21
608.695
 31
0.0
  0
SPLINE
  5
1D0
330
17
100
AcDbEntity
  8
OUTLINE
100
AcDbSpline
 70
0
 71
3
 72
0
 73
0
 74
25
 11
487.8361
 21
603.19555
 31
0.0
 11
487.7741062
 21
603.19555
 31
0.0
 11
487.7121124
 21
603.19555
 31
0.0
 11
487.6511185
 21
603.19555
 31
0.0
 11
487.5904579
 21
603.19555
 31
0.0
 11
487.5307972
 21
603.19555
 31
0.0
 11
487.4731363
 21
603.19555
 31
0.0
 11
487.41614200000004
 21
603.19555
 31
0.0
 11
487.3618141
 21
603.19555
 31
0.0
 11
487.3091527
 21
603.19555
 31
0.0
 11
487.25815780000005
 21
603.19555
 31
0.0
 11
487.21082920000003
 21
603.19555
 31
0.0
 11
487.16450050000003
 21
603.19555
 31
0.0
 11
487.1231713
 21
603.19555
 31
0.0
 11
487.0831753
 21
603.19555
 31
0.0
 11
487.0471789
 21
603.19555
 31
0.0
 11
487.0145155
 21
603.19555
 31
0.0
 11
486.98451850000004
 21
603.19555
 31
0.0
 11
486.9598543
 21
603.19555
 31
0.0
 11
486.9371899
 21
603.19555
 31
0.0
 11
486.9198583
 21
603.19555
 31
0.0
 11
486.9055264
 21
603.19555
 31
0.0
 11
486.8951941
 21
603.19555
 31
0.0
 11
486.88952800000004
 21
603.19555
 31
0.0
 11
486.88619500000004
 21
603.19555
 31
0.0
  0
SPLINE
  5
1D1
330
17
100
AcDbEntity
  8
OUTLINE
100
AcDbSpline
 70
0
 71
3
 72
0
 73
0
 74
25
 11
488.786005
 21
603.19555
 31
0.0
 11
488.782672
 21
603.19555
 31
0.0
 11
488.7770059
 21
603.19555
 31
0.0
 11
488.7666736
 21
603.19555
 31
0.0
 11
488.7523417
 21
603.19555
 31
0.0
 11
488.7350101
 21
603.19555
 31
0.0
 11
488.7123457
 21
603.19555
 31
0.0
 11
488.6876815
 21
603.19555
 31
0.0
 11
488.6576845
 21
603.19555
 31
0.0
 11
488.6250211
 21
603.19555
 31
0.0
 11
488.58902470000004
 21
603.19555
 31
0.0
 11
488.5490287
 21
603.19555
 31
0.0
 11
488.5076995
 21
603.19555
 31
0.0
 11
488.4613708
 21
603.19555
 31
0.0
 11
488.4140422
 21
603.19555
 31
0.0
 11
488.3630473
 21
603.19555
 31
0.0
 11
488.3103859
 21
603.19555
 31
0.0
 11
488.256058
 21
603.19555
 31
0.0
 11
488.1990637
 21
603.19555
 31
0.0
 11
488.14140280000004
 21
603.19555
 31
0.0
 11
488.0817421
 21
603.19555
 31
0.0
 11
488.02108150000004
 21
603.19555
 31
0.0
 11
487.9600876
 21
603.19555
 31
0.0
 11
487.8980938
 21
603.19555
 31
0.0
 11
487.8361
 21
603.19555
 31
0.0
  0
SPLINE
  5
1D2
330
17
100
AcDbEntity
  8
OUTLINE
100
AcDbSpline
 70
0
 71
3
 72
0
 73
0
 74
25
 11
488.33605
 21
603.19555
 31
0.0
 11
488.3287174
 21
603.19555
 31
0.0
 11
488.3173852
 21
603.19555
 31
0.0
 11
488.2957207
 21
603.19555
 31
0.0
 11
488.26672360000003
 21
603.19555
 31
0.0
 11
488.2320604
 21
603.19555
 31
0.0
 11
488.1873982
 21
603.19555
 31
0.0
 11
488.1400696
 21
603.19555
 31
0.0
 11
488.0847418
 21
603.19555
 31
0.0
 11
488.0267476
 21
603.19555
 31
0.0
 11
487.9650871
 21
603.19555
 31
0.0
 11
487.9010935
 21
603.19555
 31
0.0
 11
487.8361
 21
603.19555
 31
0.0
 11
487.77110650000003
 21
603.19555
 31
0.0
 11
487.7071129
 21
603.19555
 31
0.0
 11
487.6454524
 21
603.19555
 31
0.0
 11
487.5874582
 21
603.19555
 31
0.0
 11
487.5321304
 21
603.19555
 31
0.0
 11
487.4848018
 21
603.19555
 31
0.0
 11
487.4401396
 21
603.19555
 31
0.0
 11
487.4054764
 21
603.19555
 31
0.0
 11
487.3764793
 21
603.19555
 31
0.0
 11
487.3548148
 21
603.19555
 31
0.0
 11
487.3434826
 21
603.19555
 31
0.0
 11
487.33615000000003
 21
603.19555
 31
0.0
  0
SPLINE
  5
1D3
330
17
100
AcDbEntity
  8
OUTLINE
100
AcDbSpline
 70
0
 71
3
 72
0
 73
0
 74
25
 11
487.33615000000003
 21
603.19555
 31
0.0
 11
487.3434826
 21
603.19555
 31
0.0
 11
487.3548148
 21
603.19555
 31
0.0
 11
487.3764793
 21
603.19555
 31
0.0
 11
487.4054764
 21
603.19555
 31
0.0
 11
487.4401396
 21
603.19555
 31
0.0
 11
487.4848018
 21
603.19555
 31
0.0
 11
487.5321304
 21
603.19555
 31
0.0
 11
487.5874582
 21
603.19555
 31
0.0
 11
487.6454524
 21
603.19555
 31
0.0
 11
487.7071129
 21
603.19555
 31
0.0
 11
487.77110650000003
 21
603.19555
 31
0.0
 11
487.8361
 21
603.19555
 31
0.0
 11
487.9010935
 21
603.19555
 31
0.0
 11
487.9650871
 21
603.19555
 31
0.0
 11
488.0267476
 21
603.19555
 31
0.0
 11
488.0847418
 21
603.19555
 31
0.0
 11
488.1400696
 21
603.19555
 31
0.0
 11
488.1873982
 21
603.19555
 31
0.0
 11
488.2320604
 21
603.19555
 31
0.0
 11
488.26672360000003
 21
603.19555
 31
0.0
 11
488.2957207
 21
603.19555
 31
0.0
 11
488.3173852
 21
603.19555
 31
0.0
 11
488.3287174
 21
603.19555
 31
0.0
 11
488.33605
 21
603.19555
 31
0.0
  0
SPLINE
  5
1D4
330
17
100
AcDbEntity
  8
OUTLINE
100
AcDbSpline
 70
0
 71
3
 72
0
 73
0
 74
25
 11
488.88599500000004
 21
603.09556
 31
0.0
 11
488.8819954
 21
603.09556
 31
0.0
 11
488.875996
 21
603.09556
 31
0.0
 11
488.8646638
 21
603.09556
 31
0.0
 11
488.8486654
 21
603.09556
 31
0.0
 11
488.8296673
 21
603.09556
 31
0.0
 11
488.8046698
 21
603.09556
 31
0.0
 11
488.77733920000003
 21
603.09556
 31
0.0
 11
488.7440092
 21
603.09556
 31
0.0
 11
488.7080128
 21
603.09556
 31
0.0
 11
488.6683501
 21
603.09556
 31
0.0
 11
488.62435450000004
 21
603.09556
 31
0.0
 11
488.5783591
 21
603.09556
 31
0.0
 11
488.5273642
 21
603.09556
 31
0.0
 11
488.4747028
 21
603.09556
 31
0.0
 11
488.4187084
 21
603.09556
 31
0.0
 11
488.3603809
 21
603.09556
 31
0.0
 11
488.3000536
 21
603.09556
 31
0.0
 11
488.23739320000004
 21
603.09556
 31
0.0
 11
488.17339960000004
 21
603.09556
 31
0.0
 11
488.1074062
 21
603.09556
 31
0.0
 11
488.0407462
 21
603.09556
 31
0.0
 11
487.97308630000003
 21
603.09556
 31
0.0
 11
487.9047598
 21
603.09556
 31
0.0
 11
487.8361
 21
603.09556
 31
0.0
  0
SPLINE
  5
1D5
330
17
100
AcDbEntity
  8
OUTLINE
100
AcDbSpline
 70
0
 71
3
 72
0
 73
0
 74
25
 11
487.8361
 21
603.09556
 31
0.0
 11
487.7674402
 21
603.09556
 31
0.0
 11
487.6991137
 21
603.09556
 31
0.0
 11
487.63145380000003
 21
603.09556
 31
0.0
 11
487.5647938
 21
603.09556
 31
0.0
 11
487.4988004
 21
603.09556
 31
0.0
 11
487.4348068
 21
603.09556
 31
0.0
 11
487.3721464
 21
603.09556
 31
0.0
 11
487.31181910000004
 21
603.09556
 31
0.0
 11
487.2534916
 21
603.09556
 31
0.0
 11
487.19749720000004
 21
603.09556
 31
0.0
 11
487.1448358
 21
603.09556
 31
0.0
 11
487.09384090000003
 21
603.09556
 31
0.0
 11
487.0478455
 21
603.09556
 31
0.0
 11
487.0038499
 21
603.09556
 31
0.0
 11
486.9641872
 21
603.09556
 31
0.0
 11
486.92819080000004
 21
603.09556
 31
0.0
 11
486.8948608
 21
603.09556
 31
0.0
 11
486.86753020000003
 21
603.09556
 31
0.0
 11
486.8425327
 21
603.09556
 31
0.0
 11
486.8235346
 21
603.09556
 31
0.0
 11
486.8075362
 21
603.09556
 31
0.0
 11
486.796204
 21
603.09556
 31
0.0
 11
486.79020460000004
 21
603.09556
 31
0.0
 11
486.786205
 21
603.09556
 31
0.0
  0
CIRCLE
  5
1D6
330
17
100
AcDbEntity
  8
OUTLINE
100
AcDbCircle
 10
465.1717
 20
610.86145
 30
0.0
 40
1.1672166
  0
CIRCLE
  5
1D7
330
17
100
AcDbEntity
  8
OUTLINE
100
AcDbCircle
 10
446.1736
 20
610.86145
 30
0.0
 40
1.1672166
  0
CIRCLE
  5
1D8
330
17
100
AcDbEntity
  8
OUTLINE
100
AcDbCircle
 10
435.50800000000004
 20
610.86145
 30
0.0
 40
1.1672166
  0
CIRCLE
  5
1D9
330
17
100
AcDbEntity
  8
OUTLINE
100
AcDbCircle
 10
501.66805
 20
610.86145
 30
0.0
 40
1.1672166
  0
LINE
  5
1DA
330
17
100
AcDbEntity
  8
OUTLINE
100
AcDbLine
 10
470.1712
 20
507.13862
 30
0.0
 11
470.1712
 21
508.80512
 31
0.0
  0
LINE
  5
1DB
330
17
100
AcDbEntity
  8
OUTLINE
100
AcDbLine
 10
484.66975
 20
513.13802
 30
0.0
 11
483.33655
 21
513.13802
 31
0.0
  0
LINE
  5
1DC
330
17
100
AcDbEntity
  8
OUTLINE
100
AcDbLine
 10
492.33565
 20
513.13802
 30
0.0
 11
491.00245
 21
513.13802
 31
0.0
  0
LINE
  5
1DD
330
17
100
AcDbEntity
  8
OUTLINE
100
AcDbLine
 10
494.33545000000004
 20
513.97127
 30
0.0
 11
481.33675
 21
513.97127
 31
0.0
  0
LINE
  5
1DE
330
17
100
AcDbEntity
  8
OUTLINE
100
AcDbLine
 10
480.33685
 20
513.97127
 30
0.0
 11
465.505
 21
513.97127
 31
0.0
  0
LINE
  5
1DF
330
17
100
AcDbEntity
  8
OUTLINE
100
AcDbLine
 10
504.5011
 20
513.97127
 30
0.0
 11
495.33535
 21
513.97127
 31
0.0
  0
LINE
  5
1E0
330
17
100
AcDbEntity
  8
OUTLINE
100
AcDbLine
 10
495.33535
 20
513.97127
 30
0.0
 11
495.33535
 21
513.63797
 31
0.0
  0
LINE
  5
1E1
330
17
100
AcDbEntity
  8
OUTLINE
100
AcDbLine
 10
492.33565
 20
513.63797
 30
0.0
 11
491.00245
 21
513.63797
 31
0.0
  0
LINE
  5
1E2
330
17
100
AcDbEntity
  8
OUTLINE
100
AcDbLine
 10
484.66975
 20
513.63797
 30
0.0
 11
491.00245
 21
513.63797
 31
0.0
  0
LINE
  5
1E3
330
17
100
AcDbEntity
  8
OUTLINE
100
AcDbLine
 10
484.66975
 20
513.63797
 30
0.0
 11
483.33655
 21
513.63797
 31
0.0
  0
LINE
  5
1E4
330
17
100
AcDbEntity
  8
OUTLINE
100
AcDbLine
 10
480.33685
 20
513.63797
 30
0.0
 11
483.33655
 21
513.63797
 31
0.0
  0
LINE
  5
1E5
330
17
100
AcDbEntity
  8
OUTLINE
100
AcDbLine
 10
492.33565
 20
513.63797
 30
0.0
 11
495.33535
 21
513.63797
 31
0.0
  0
LINE
  5
1E6
330
17
100
AcDbEntity
  8
OUTLINE
100
AcDbLine
 10
492.33565
 20
511.40486
 30
0.0
 11
492.33565
 21
513.63797
 31
0.0
  0
LINE
  5
1E7
330
17
100
AcDbEntity
  8
OUTLINE
100
AcDbLine
 10
441.1741
 20
503.339
 30
0.0
 11
504.5011
 21
503.339
 31
0.0
  0
LINE
  5
1E8
330
17
100
AcDbEntity
  8
OUTLINE
100
AcDbLine
 10
441.1741
 20
509.97167
 30
0.0
 11
465.505
 21
509.97167
 31
0.0
  0
LINE
  5
1E9
330
17
100
AcDbEntity
  8
OUTLINE
100
AcDbLine
 10
465.505
 20
513.97127
 30
0.0
 11
465.505
 21
509.97167
 31
0.0
  0
LINE
  5
1EA
330
17
100
AcDbEntity
  8
OUTLINE
100
AcDbLine
 10
480.33685
 20
513.97127
 30
0.0
 11
480.33685
 21
513.63797
 31
0.0
  0
LINE
  5
1EB
330
17
100
AcDbEntity
  8
OUTLINE
100
AcDbLine
 10
483.33655
 20
513.63797
 30
0.0
 11
483.33655
 21
511.40486
 31
0.0
  0
LINE
  5
1EC
330
17
100
AcDbEntity
  8
OUTLINE
100
AcDbLine
 10
484.66975
 20
511.40486
 30
0.0
 11
484.66975
 21
513.63797
 31
0.0
  0
LINE
  5
1ED
330
17
100
AcDbEntity
  8
OUTLINE
100
AcDbLine
 10
491.00245
 20
513.63797
 30
0.0
 11
491.00245
 21
511.40486
 31
0.0
  0
LINE
  5
1EE
330
17
100
AcDbEntity
  8
OUTLINE
100
AcDbLine
 10
467.5048
 20
508.80512
 30
0.0
 11
467.5048
 21
507.13862
 31
0.0
  0
LINE
  5
1EF
330
17
100
AcDbEntity
  8
OUTLINE
100
AcDbLine
 10
467.5048
 20
507.13862
 30
0.0
 11
470.5045
 21
507.13862
 31
0.0
  0
LINE
  5
1F0
330
17
100
AcDbEntity
  8
OUTLINE
100
AcDbLine
 10
470.5045
 20
507.13862
 30
0.0
 11
470.5045
 21
508.80512
 31
0.0
  0
LINE
  5
1F1
330
17
100
AcDbEntity
  8
OUTLINE
100
AcDbLine
 10
470.5045
 20
508.80512
 30
0.0
 11
467.5048
 21
508.80512
 31
0.0
  0
LINE
  5
1F2
330
17
100
AcDbEntity
  8
OUTLINE
100
AcDbLine
 10
474.67075
 20
511.10489
 30
0.0
 11
474.67075
 21
507.10529
 31
0.0
  0
LINE
  5
1F3
330
17
100
AcDbEntity
  8
OUTLINE
100
AcDbLine
 10
474.67075
 20
507.10529
 30
0.0
 11
479.00365
 21
507.10529
 31
0.0
  0
LINE
  5
1F4
330
17
100
AcDbEntity
  8
OUTLINE
100
AcDbLine
 10
479.00365
 20
507.10529
 30
0.0
 11
479.00365
 21
511.10489
 31
0.0
  0
LINE
  5
1F5
330
17
100
AcDbEntity
  8
OUTLINE
100
AcDbLine
 10
479.00365
 20
511.10489
 30
0.0
 11
474.67075
 21
511.10489
 31
0.0
  0
LINE
  5
1F6
330
17
100
AcDbEntity
  8
OUTLINE
100
AcDbLine
 10
500.66815
 20
507.13862
 30
0.0
 11
500.66815
 21
508.80512
 31
0.0
  0
LINE
  5
1F7
330
17
100
AcDbEntity
  8
OUTLINE
100
AcDbLine
 10
503.66785000000004
 20
507.13862
 30
0.0
 11
500.66815
 21
507.13862
 31
0.0
  0
LINE
  5
1F8
330
17
100
AcDbEntity
  8
OUTLINE
100
AcDbLine
 10
503.66785000000004
 20
508.80512
 30
0.0
 11
503.66785000000004
 21
507.13862
 31
0.0
  0
LINE
  5
1F9
330
17
100
AcDbEntity
  8
OUTLINE
100
AcDbLine
 10
500.66815
 20
508.80512
 30
0.0
 11
503.66785000000004
 21
508.80512
 31
0.0
  0
LINE
  5
1FA
330
17
100
AcDbEntity
  8
OUTLINE
100
AcDbLine
 10
486.70288
 20
509.6717
 30
0.0
 11
481.30342
 21
509.6717
 31
0.0
  0
LINE
  5
1FB
330
17
100
AcDbEntity
  8
OUTLINE
100
AcDbLine
 10
481.30342
 20
509.6717
 30
0.0
 11
481.30342
 21
507.311936
 31
0.0
  0
LINE
  5
1FC
330
17
100
AcDbEntity
  8
OUTLINE
100
AcDbLine
 10
481.30342
 20
507.311936
 30
0.0
 11
486.70288
 21
507.311936
 31
0.0
  0
LINE
  5
1FD
330
17
100
AcDbEntity
  8
OUTLINE
100
AcDbLine
 10
486.70288
 20
507.311936
 30
0.0
 11
486.70288
 21
509.6717
 31
0.0
  0
LINE
  5
1FE
330
17
100
AcDbEntity
  8
OUTLINE
100
AcDbLine
 10
494.36878
 20
509.6717
 30
0.0
 11
488.96932000000004
 21
509.6717
 31
0.0
  0
LINE
  5
1FF
330
17
100
AcDbEntity
  8
OUTLINE
100
AcDbLine
 10
488.96932000000004
 20
509.6717
 30
0.0
 11
488.96932000000004
 21
507.311936
 31
0.0
  0
LINE
  5
200
330
17
100
AcDbEntity
  8
OUTLINE
100
AcDbLine
 10
488.96932000000004
 20
507.311936
 30
0.0
 11
494.36878
 21
507.311936
 31
0.0
  0
LINE
  5
201
330
17
100
AcDbEntity
  8
OUTLINE
100
AcDbLine
 10
494.36878
 20
507.311936
 30
0.0
 11
494.36878
 21
509.6717
 31
0.0
  0
LINE
  5
202
330
17
100
AcDbEntity
  8
OUTLINE
100
AcDbLine
 10
506.1676
 20
513.97127
 30
0.0
 11
506.1676
 21
503.339
 31
0.0
  0
LINE
  5
203
330
17
100
AcDbEntity
  8
OUTLINE
100
AcDbLine
 10
427.1755
 20
503.339
 30
0.0
 11
438.67435
 21
503.339
 31
0.0
  0
LINE
  5
204
330
17
100
AcDbEntity
  8
OUTLINE
100
AcDbLine
 10
427.1755
 20
509.97167
 30
0.0
 11
438.67435
 21
509.97167
 31
0.0
  0
LINE
  5
205
330
17
100
AcDbEntity
  8
OUTLINE
100
AcDbLine
 10
439.5076
 20
503.339
 30
0.0
 11
439.5076
 21
509.97167
 31
0.0
  0
LINE
  5
206
330
17
100
AcDbEntity
  8
OUTLINE
100
AcDbLine
 10
425.509
 20
503.339
 30
0.0
 11
425.509
 21
509.97167
 31
0.0
  0
LINE
  5
207
330
17
100
AcDbEntity
  8
OUTLINE
100
AcDbLine
 10
432.19133170000003
 20
505.7690903
 30
0.0
 11
432.19133170000003
 21
504.5085497
 31
0.0
  0
LINE
  5
208
330
17
100
AcDbEntity
  8
OUTLINE
100
AcDbLine
 10
494.33545000000004
 20
513.63797
 30
0.0
 11
494.33545000000004
 21
513.97127
 31
0.0
  0
LINE
  5
209
330
17
100
AcDbEntity
  8
OUTLINE
100
AcDbLine
 10
504.5011
 20
503.339
 30
0.0
 11
504.5011
 21
513.97127
 31
0.0
  0
LINE
  5
20A
330
17
100
AcDbEntity
  8
OUTLINE
100
AcDbLine
 10
441.1741
 20
509.97167
 30
0.0
 11
441.1741
 21
503.339
 31
0.0
  0
LINE
  5
20B
330
17
100
AcDbEntity
  8
OUTLINE
100
AcDbLine
 10
438.67435
 20
503.339
 30
0.0
 11
438.67435
 21
509.97167
 31
0.0
  0
LINE
  5
20C
330
17
100
AcDbEntity
  8
OUTLINE
100
AcDbLine
 10
427.1755
 20
509.97167
 30
0.0
 11
427.1755
 21
503.339
 31
0.0
  0
LINE
  5
20D
330
17
100
AcDbEntity
  8
OUTLINE
100
AcDbLine
 10
481.33675
 20
513.97127
 30
0.0
 11
481.33675
 21
513.63797
 31
0.0
  0
SPLINE
  5
20E
330
17
100
AcDbEntity
  8
OUTLINE
100
AcDbSpline
 70
0
 71
3
 72
0
 73
0
 74
25
 11
495.33535
 21
513.97127
 31
0.0
 11
495.3316837
 21
513.97127
 31
0.0
 11
495.3260176
 21
513.97127
 31
0.0
 11
495.3150187
 21
513.97127
 31
0.0
 11
495.3000202
 21
513.97127
 31
0.0
 11
495.2816887
 21
513.97127
 31
0.0
 11
495.2576911
 21
513.97127
 31
0.0
 11
495.2316937
 21
513.97127
 31
0.0
 11
495.2000302
 21
513.97127
 31
0.0
 11
495.1660336
 21
513.97127
 31
0.0
 11
495.12803740000004
 21
513.97127
 31
0.0
 11
495.08604160000004
 21
513.97127
 31
0.0
 11
495.0423793
 21
513.97127
 31
0.0
 11
494.9937175
 21
513.97127
 31
0.0
 11
494.94372250000004
 21
513.97127
 31
0.0
 11
494.8903945
 21
513.97127
 31
0.0
 11
494.8347334
 21
513.97127
 31
0.0
 11
494.7774058
 21
513.97127
 31
0.0
 11
494.71741180000004
 21
513.97127
 31
0.0
 11
494.65675120000003
 21
513.97127
 31
0.0
 11
494.59375750000004
 21
513.97127
 31
0.0
 11
494.5304305
 21
513.97127
 31
0.0
 11
494.46577030000003
 21
513.97127
 31
0.0
 11
494.4007768
 21
513.97127
 31
0.0
 11
494.33545000000004
 21
513.97127
 31
0.0
  0
SPLINE
  5
20F
330
17
100
AcDbEntity
  8
OUTLINE
100
AcDbSpline
 70
0
 71
3
 72
0
 73
0
 74
25
 11
481.33675
 21
513.97127
 31
0.0
 11
481.2714232
 21
513.97127
 31
0.0
 11
481.2064297
 21
513.97127
 31
0.0
 11
481.1417695
 21
513.97127
 31
0.0
 11
481.0784425
 21
513.97127
 31
0.0
 11
481.0154488
 21
513.97127
 31
0.0
 11
480.9547882
 21
513.97127
 31
0.0
 11
480.89479420000004
 21
513.97127
 31
0.0
 11
480.8374666
 21
513.97127
 31
0.0
 11
480.7818055
 21
513.97127
 31
0.0
 11
480.7284775
 21
513.97127
 31
0.0
 11
480.67848250000003
 21
513.97127
 31
0.0
 11
480.6298207
 21
513.97127
 31
0.0
 11
480.5861584
 21
513.97127
 31
0.0
 11
480.5441626
 21
513.97127
 31
0.0
 11
480.5061664
 21
513.97127
 31
0.0
 11
480.4721698
 21
513.97127
 31
0.0
 11
480.44050630000004
 21
513.97127
 31
0.0
 11
480.4145089
 21
513.97127
 31
0.0
 11
480.3905113
 21
513.97127
 31
0.0
 11
480.3721798
 21
513.97127
 31
0.0
 11
480.35718130000004
 21
513.97127
 31
0.0
 11
480.34618240000003
 21
513.97127
 31
0.0
 11
480.3405163
 21
513.97127
 31
0.0
 11
480.33685
 21
513.97127
 31
0.0
  0
SPLINE
  5
210
330
17
100
AcDbEntity
  8
OUTLINE
100
AcDbSpline
 70
0
 71
3
 72
0
 73
0
 74
25
 11
506.1676
 21
513.97127
 31
0.0
 11
506.16160060000004
 21
513.97127
 31
0.0
 11
506.1519349
 21
513.97127
 31
0.0
 11
506.1336034
 21
513.97127
 31
0.0
 11
506.10860590000004
 21
513.97127
 31
0.0
 11
506.0782756
 21
513.97127
 31
0.0
 11
506.0382796
 21
513.97127
 31
0.0
 11
505.99495060000004
 21
513.97127
 31
0.0
 11
505.9422892
 21
513.97127
 31
0.0
 11
505.8852949
 21
513.97127
 31
0.0
 11
505.8219679
 21
513.97127
 31
0.0
 11
505.7519749
 21
513.97127
 31
0.0
 11
505.6796488
 21
513.97127
 31
0.0
 11
505.5983236
 21
513.97127
 31
0.0
 11
505.5146653
 21
513.97127
 31
0.0
 11
505.4256742
 21
513.97127
 31
0.0
 11
505.3333501
 21
513.97127
 31
0.0
 11
505.23769300000004
 21
513.97127
 31
0.0
 11
505.137703
 21
513.97127
 31
0.0
 11
505.0363798
 21
513.97127
 31
0.0
 11
504.9317236
 21
513.97127
 31
0.0
 11
504.8257342
 21
513.97127
 31
0.0
 11
504.7184116
 21
513.97127
 31
0.0
 11
504.6100891
 21
513.97127
 31
0.0
 11
504.5011
 21
513.97127
 31
0.0
  0
SPLINE
  5
211
330
17
100
AcDbEntity
  8
OUTLINE
100
AcDbSpline
 70
0
 71
3
 72
0
 73
0
 74
25
 11
504.5011
 21
503.339
 31
0.0
 11
504.6100891
 21
503.339
 31
0.0
 11
504.7184116
 21
503.339
 31
0.0
 11
504.8257342
 21
503.339
 31
0.0
 11
504.9317236
 21
503.339
 31
0.0
 11
505.0363798
 21
503.339
 31
0.0
 11
505.137703
 21
503.339
 31
0.0
 11
505.23769300000004
 21
503.339
 31
0.0
 11
505.3333501
 21
503.339
 31
0.0
 11
505.4256742
 21
503.339
 31
0.0
 11
505.5146653
 21
503.339
 31
0.0
 11
505.5983236
 21
503.339
 31
0.0
 11
505.6796488
 21
503.339
 31
0.0
 11
505.7519749
 21
503.339
 31
0.0
 11
505.8219679
 21
503.339
 31
0.0
 11
505.8852949
 21
503.339
 31
0.0
 11
505.9422892
 21
503.339
 31
0.0
 11
505.99495060000004
 21
503.339
 31
0.0
 11
506.0382796
 21
503.339
 31
0.0
 11
506.0782756
 21
503.339
 31
0.0
 11
506.10860590000004
 21
503.339
 31
0.0
 11
506.1336034
 21
503.339
 31
0.0
 11
506.1519349
 21
503.339
 31
0.0
 11
506.16160060000004
 21
503.339
 31
0.0
 11
506.1676
 21
503.339
 31
0.0
  0
SPLINE
  5
212
330
17
100
AcDbEntity
  8
OUTLINE
100
AcDbSpline
 70
0
 71
3
 72
0
 73
0
 74
25
 11
425.509
 21
503.339
 31
0.0
 11
425.5149994
 21
503.339
 31
0.0
 11
425.5246651
 21
503.339
 31
0.0
 11
425.54299660000004
 21
503.339
 31
0.0
 11
425.5679941
 21
503.339
 31
0.0
 11
425.5983244
 21
503.339
 31
0.0
 11
425.6383204
 21
503.339
 31
0.0
 11
425.6816494
 21
503.339
 31
0.0
 11
425.7343108
 21
503.339
 31
0.0
 11
425.7913051
 21
503.339
 31
0.0
 11
425.8546321
 21
503.339
 31
0.0
 11
425.9246251
 21
503.339
 31
0.0
 11
425.9969512
 21
503.339
 31
0.0
 11
426.0782764
 21
503.339
 31
0.0
 11
426.1619347
 21
503.339
 31
0.0
 11
426.2509258
 21
503.339
 31
0.0
 11
426.3432499
 21
503.339
 31
0.0
 11
426.43890700000003
 21
503.339
 31
0.0
 11
426.538897
 21
503.339
 31
0.0
 11
426.64022020000004
 21
503.339
 31
0.0
 11
426.7448764
 21
503.339
 31
0.0
 11
426.8508658
 21
503.339
 31
0.0
 11
426.95818840000004
 21
503.339
 31
0.0
 11
427.0665109
 21
503.339
 31
0.0
 11
427.1755
 21
503.339
 31
0.0
  0
SPLINE
  5
213
330
17
100
AcDbEntity
  8
OUTLINE
100
AcDbSpline
 70
0
 71
3
 72
0
 73
0
 74
25
 11
438.67435
 21
503.339
 31
0.0
 11
438.72867790000004
 21
503.339
 31
0.0
 11
438.7830058
 21
503.339
 31
0.0
 11
438.8366671
 21
503.339
 31
0.0
 11
438.8896618
 21
503.339
 31
0.0
 11
438.9419899
 21
503.339
 31
0.0
 11
438.9926515
 21
503.339
 31
0.0
 11
439.0426465
 21
503.339
 31
0.0
 11
439.0903084
 21
503.339
 31
0.0
 11
439.13663710000003
 21
503.339
 31
0.0
 11
439.18129930000003
 21
503.339
 31
0.0
 11
439.2229618
 21
503.339
 31
0.0
 11
439.2636244
 21
503.339
 31
0.0
 11
439.29995410000004
 21
503.339
 31
0.0
 11
439.3349506
 21
503.339
 31
0.0
 11
439.3662808
 21
503.339
 31
0.0
 11
439.39494460000003
 21
503.339
 31
0.0
 11
439.4212753
 21
503.339
 31
0.0
 11
439.44293980000003
 21
503.339
 31
0.0
 11
439.4629378
 21
503.339
 31
0.0
 11
439.4779363
 21
503.339
 31
0.0
 11
439.4906017
 21
503.339
 31
0.0
 11
439.4996008
 21
503.339
 31
0.0
 11
439.5046003
 21
503.339
 31
0.0
 11
439.5076
 21
503.339
 31
0.0
  0
SPLINE
  5
214
330
17
100
AcDbEntity
  8
OUTLINE
100
AcDbSpline
 70
0
 71
3
 72
0
 73
0
 74
25
 11
439.5076
 21
503.339
 31
0.0
 11
439.51359940000003
 21
503.339
 31
0.0
 11
439.5232651
 21
503.339
 31
0.0
 11
439.5415966
 21
503.339
 31
0.0
 11
439.56659410000003
 21
503.339
 31
0.0
 11
439.59692440000003
 21
503.339
 31
0.0
 11
439.6369204
 21
503.339
 31
0.0
 11
439.68024940000004
 21
503.339
 31
0.0
 11
439.7329108
 21
503.339
 31
0.0
 11
439.7899051
 21
503.339
 31
0.0
 11
439.8532321
 21
503.339
 31
0.0
 11
439.9232251
 21
503.339
 31
0.0
 11
439.9955512
 21
503.339
 31
0.0
 11
440.0768764
 21
503.339
 31
0.0
 11
440.1605347
 21
503.339
 31
0.0
 11
440.2495258
 21
503.339
 31
0.0
 11
440.3418499
 21
503.339
 31
0.0
 11
440.43750700000004
 21
503.339
 31
0.0
 11
440.53749700000003
 21
503.339
 31
0.0
 11
440.6388202
 21
503.339
 31
0.0
 11
440.7434764
 21
503.339
 31
0.0
 11
440.8494658
 21
503.339
 31
0.0
 11
440.9567884
 21
503.339
 31
0.0
 11
441.06511090000004
 21
503.339
 31
0.0
 11
441.1741
 21
503.339
 31
0.0
  0
SPLINE
  5
215
330
17
100
AcDbEntity
  8
OUTLINE
100
AcDbSpline
 70
0
 71
3
 72
0
 73
0
 74
25
 11
441.1741
 21
509.97167
 31
0.0
 11
441.06511090000004
 21
509.97167
 31
0.0
 11
440.9567884
 21
509.97167
 31
0.0
 11
440.8494658
 21
509.97167
 31
0.0
 11
440.7434764
 21
509.97167
 31
0.0
 11
440.6388202
 21
509.97167
 31
0.0
 11
440.53749700000003
 21
509.97167
 31
0.0
 11
440.43750700000004
 21
509.97167
 31
0.0
 11
440.3418499
 21
509.97167
 31
0.0
 11
440.2495258
 21
509.97167
 31
0.0
 11
440.1605347
 21
509.97167
 31
0.0
 11
440.0768764
 21
509.97167
 31
0.0
 11
439.9955512
 21
509.97167
 31
0.0
 11
439.9232251
 21
509.97167
 31
0.0
 11
439.8532321
 21
509.97167
 31
0.0
 11
439.7899051
 21
509.97167
 31
0.0
 11
439.7329108
 21
509.97167
 31
0.0
 11
439.68024940000004
 21
509.97167
 31
0.0
 11
439.6369204
 21
509.97167
 31
0.0
 11
439.59692440000003
 21
509.97167
 31
0.0
 11
439.56659410000003
 21
509.97167
 31
0.0
 11
439.5415966
 21
509.97167
 31
0.0
 11
439.5232651
 21
509.97167
 31
0.0
 11
439.51359940000003
 21
509.97167
 31
0.0
 11
439.5076
 21
509.97167
 31
0.0
  0
SPLINE
  5
216
330
17
100
AcDbEntity
  8
OUTLINE
100
AcDbSpline
 70
0
 71
3
 72
0
 73
0
 74
25
 11
439.5076
 21
509.97167
 31
0.0
 11
439.5046003
 21
509.97167
 31
0.0
 11
439.4996008
 21
509.97167
 31
0.0
 11
439.4906017
 21
509.97167
 31
0.0
 11
439.4779363
 21
509.97167
 31
0.0
 11
439.4629378
 21
509.97167
 31
0.0
 11
439.44293980000003
 21
509.97167
 31
0.0
 11
439.4212753
 21
509.97167
 31
0.0
 11
439.39494460000003
 21
509.97167
 31
0.0
 11
439.3662808
 21
509.97167
 31
0.0
 11
439.3349506
 21
509.97167
 31
0.0
 11
439.29995410000004
 21
509.97167
 31
0.0
 11
439.2636244
 21
509.97167
 31
0.0
 11
439.2229618
 21
509.97167
 31
0.0
 11
439.18129930000003
 21
509.97167
 31
0.0
 11
439.13663710000003
 21
509.97167
 31
0.0
 11
439.0903084
 21
509.97167
 31
0.0
 11
439.0426465
 21
509.97167
 31
0.0
 11
438.9926515
 21
509.97167
 31
0.0
 11
438.9419899
 21
509.97167
 31
0.0
 11
438.8896618
 21
509.97167
 31
0.0
 11
438.8366671
 21
509.97167
 31
0.0
 11
438.7830058
 21
509.97167
 31
0.0
 11
438.72867790000004
 21
509.97167
 31
0.0
 11
438.67435
 21
509.97167
 31
0.0
  0
SPLINE
  5
217
330
17
100
AcDbEntity
  8
OUTLINE
100
AcDbSpline
 70
0
 71
3
 72
0
 73
0
 74
25
 11
427.1755
 21
509.97167
 31
0.0
 11
427.0665109
 21
509.97167
 31
0.0
 11
426.95818840000004
 21
509.97167
 31
0.0
 11
426.8508658
 21
509.97167
 31
0.0
 11
426.7448764
 21
509.97167
 31
0.0
 11
426.64022020000004
 21
509.97167
 31
0.0
 11
426.538897
 21
509.97167
 31
0.0
 11
426.43890700000003
 21
509.97167
 31
0.0
 11
426.3432499
 21
509.97167
 31
0.0
 11
426.2509258
 21
509.97167
 31
0.0
 11
426.1619347
 21
509.97167
 31
0.0
 11
426.0782764
 21
509.97167
 31
0.0
 11
425.9969512
 21
509.97167
 31
0.0
 11
425.9246251
 21
509.97167
 31
0.0
 11
425.8546321
 21
509.97167
 31
0.0
 11
425.7913051
 21
509.97167
 31
0.0
 11
425.7343108
 21
509.97167
 31
0.0
 11
425.6816494
 21
509.97167
 31
0.0
 11
425.6383204
 21
509.97167
 31
0.0
 11
425.5983244
 21
509.97167
 31
0.0
 11
425.5679941
 21
509.97167
 31
0.0
 11
425.54299660000004
 21
509.97167
 31
0.0
 11
425.5246651
 21
509.97167
 31
0.0
 11
425.5149994
 21
509.97167
 31
0.0
 11
425.509
 21
509.97167
 31
0.0
  0
CIRCLE
  5
218
330
17
100
AcDbEntity
  8
OUTLINE
100
AcDbCircle
 10
501.1501018
 20
505.13882
 30
0.0
 40
1.1672166
  0
CIRCLE
  5
219
330
17
100
AcDbEntity
  8
OUTLINE
100
AcDbCircle
 10
465.1717
 20
505.13882
 30
0.0
 40
1.1672166
  0
CIRCLE
  5
21A
330
17
100
AcDbEntity
  8
OUTLINE
100
AcDbCircle
 10
446.00695
 20
505.13882
 30
0.0
 40
1.1672166
  0
CIRCLE
  5
21B
330
17
100
AcDbEntity
  8
OUTLINE
100
AcDbCircle
 10
432.40831000000003
 20
505.13882
 30
0.0
 40
1.1672166
  0
LINE
  5
21C
330
17
100
AcDbEntity
  8
OUTLINE
100
AcDbLine
 10
388.213
 20
536.4685000000001
 30
0.0
 11
388.213
 21
579.5308600000001
 31
0.0
  0
LINE
  5
21D
330
17
100
AcDbEntity
  8
OUTLINE
100
AcDbLine
 10
398.84527
 20
534.802
 30
0.0
 11
388.213
 21
534.802
 31
0.0
  0
LINE
  5
21E
330
17
100
AcDbEntity
  8
OUTLINE
100
AcDbLine
 10
398.84527
 20
579.5308600000001
 30
0.0
 11
398.84527
 21
536.4685000000001
 31
0.0
  0
LINE
  5
21F
330
17
100
AcDbEntity
  8
OUTLINE
100
AcDbLine
 10
393.37915000000004
 20
556.49983
 30
0.0
 11
393.37915000000004
 21
559.49953
 31
0.0
  0
LINE
  5
220
330
17
100
AcDbEntity
  8
OUTLINE
100
AcDbLine
 10
395.04565
 20
556.49983
 30
0.0
 11
393.37915000000004
 21
556.49983
 31
0.0
  0
LINE
  5
221
330
17
100
AcDbEntity
  8
OUTLINE
100
AcDbLine
 10
395.04565
 20
556.49983
 30
0.0
 11
395.04565
 21
559.49953
 31
0.0
  0
LINE
  5
222
330
17
100
AcDbEntity
  8
OUTLINE
100
AcDbLine
 10
393.37915000000004
 20
559.49953
 30
0.0
 11
395.04565
 21
559.49953
 31
0.0
  0
LINE
  5
223
330
17
100
AcDbEntity
  8
OUTLINE
100
AcDbLine
 10
388.213
 20
581.19736
 30
0.0
 11
398.84527
 21
581.19736
 31
0.0
  0
LINE
  5
224
330
17
100
AcDbEntity
  8
OUTLINE
100
AcDbLine
 10
396.85646890000004
 20
575.1039694
 30
0.0
 11
397.23443110000005
 21
575.1039694
 31
0.0
  0
LINE
  5
225
330
17
100
AcDbEntity
  8
OUTLINE
100
AcDbLine
 10
388.213
 20
536.4685000000001
 30
0.0
 11
398.84527
 21
536.4685000000001
 31
0.0
  0
LINE
  5
226
330
17
100
AcDbEntity
  8
OUTLINE
100
AcDbLine
 10
397.7100502
 20
574.5146950000001
 30
0.0
 11
396.3808498
 21
574.5146950000001
 31
0.0
  0
LINE
  5
227
330
17
100
AcDbEntity
  8
OUTLINE
100
AcDbLine
 10
398.84527
 20
579.5308600000001
 30
0.0
 11
388.213
 21
579.5308600000001
 31
0.0
  0
SPLINE
  5
228
330
17
100
AcDbEntity
  8
OUTLINE
100
AcDbSpline
 70
0
 71
3
 72
0
 73
0
 74
25
 11
388.213
 21
581.19736
 31
0.0
 11
388.213
 21
581.1910273
 31
0.0
 11
388.213
 21
581.1813616000001
 31
0.0
 11
388.213
 21
581.1633634
 31
0.0
 11
388.213
 21
581.1380326
 31
0.0
 11
388.213
 21
581.1080356
 31
0.0
 11
388.213
 21
581.0680396
 31
0.0
 11
388.213
 21
581.0247106
 31
0.0
 11
388.213
 21
580.9720492
 31
0.0
 11
388.213
 21
580.9147216
 31
0.0
 11
388.213
 21
580.8517279
 31
0.0
 11
388.213
 21
580.7817349000001
 31
0.0
 11
388.213
 21
580.7090755
 31
0.0
 11
388.213
 21
580.6277503
 31
0.0
 11
388.213
 21
580.5444253000001
 31
0.0
 11
388.213
 21
580.4554342
 31
0.0
 11
388.213
 21
580.3627768
 31
0.0
 11
388.213
 21
580.267453
 31
0.0
 11
388.213
 21
580.167463
 31
0.0
 11
388.213
 21
580.0661398
 31
0.0
 11
388.213
 21
579.9614836000001
 31
0.0
 11
388.213
 21
579.8554942000001
 31
0.0
 11
388.213
 21
579.7481716
 31
0.0
 11
388.213
 21
579.6395158
 31
0.0
 11
388.213
 21
579.5308600000001
 31
0.0
  0
SPLINE
  5
229
330
17
100
AcDbEntity
  8
OUTLINE
100
AcDbSpline
 70
0
 71
3
 72
0
 73
0
 74
25
 11
388.213
 21
536.4685000000001
 31
0.0
 11
388.213
 21
536.3595109
 31
0.0
 11
388.213
 21
536.2511884
 31
0.0
 11
388.213
 21
536.1438658000001
 31
0.0
 11
388.213
 21
536.0378764000001
 31
0.0
 11
388.213
 21
535.9332202
 31
0.0
 11
388.213
 21
535.831897
 31
0.0
 11
388.213
 21
535.731907
 31
0.0
 11
388.213
 21
535.6362499
 31
0.0
 11
388.213
 21
535.5439258
 31
0.0
 11
388.213
 21
535.4549347
 31
0.0
 11
388.213
 21
535.3712764
 31
0.0
 11
388.213
 21
535.2899512
 31
0.0
 11
388.213
 21
535.2176251000001
 31
0.0
 11
388.213
 21
535.1476321
 31
0.0
 11
388.213
 21
535.0843051
 31
0.0
 11
388.213
 21
535.0273108
 31
0.0
 11
388.213
 21
534.9746494
 31
0.0
 11
388.213
 21
534.9313204
 31
0.0
 11
388.213
 21
534.8913244
 31
0.0
 11
388.213
 21
534.8609941
 31
0.0
 11
388.213
 21
534.8359966
 31
0.0
 11
388.213
 21
534.8176651
 31
0.0
 11
388.213
 21
534.8079994
 31
0.0
 11
388.213
 21
534.802
 31
0.0
  0
SPLINE
  5
22A
330
17
100
AcDbEntity
  8
OUTLINE
100
AcDbSpline
 70
0
 71
3
 72
0
 73
0
 74
25
 11
398.84527
 21
534.802
 31
0.0
 11
398.84527
 21
534.8079994
 31
0.0
 11
398.84527
 21
534.8176651
 31
0.0
 11
398.84527
 21
534.8359966
 31
0.0
 11
398.84527
 21
534.8609941
 31
0.0
 11
398.84527
 21
534.8913244
 31
0.0
 11
398.84527
 21
534.9313204
 31
0.0
 11
398.84527
 21
534.9746494
 31
0.0
 11
398.84527
 21
535.0273108
 31
0.0
 11
398.84527
 21
535.0843051
 31
0.0
 11
398.84527
 21
535.1476321
 31
0.0
 11
398.84527
 21
535.2176251000001
 31
0.0
 11
398.84527
 21
535.2899512
 31
0.0
 11
398.84527
 21
535.3712764
 31
0.0
 11
398.84527
 21
535.4549347
 31
0.0
 11
398.84527
 21
535.5439258
 31
0.0
 11
398.84527
 21
535.6362499
 31
0.0
 11
398.84527
 21
535.731907
 31
0.0
 11
398.84527
 21
535.831897
 31
0.0
 11
398.84527
 21
535.9332202
 31
0.0
 11
398.84527
 21
536.0378764000001
 31
0.0
 11
398.84527
 21
536.1438658000001
 31
0.0
 11
398.84527
 21
536.2511884
 31
0.0
 11
398.84527
 21
536.3595109
 31
0.0
 11
398.84527
 21
536.4685000000001
 31
0.0
  0
SPLINE
  5
22B
330
17
100
AcDbEntity
  8
OUTLINE
100
AcDbSpline
 70
0
 71
3
 72
0
 73
0
 74
25
 11
398.84527
 21
579.5308600000001
 31
0.0
 11
398.84527
 21
579.6395158
 31
0.0
 11
398.84527
 21
579.7481716
 31
0.0
 11
398.84527
 21
579.8554942000001
 31
0.0
 11
398.84527
 21
579.9614836000001
 31
0.0
 11
398.84527
 21
580.0661398
 31
0.0
 11
398.84527
 21
580.167463
 31
0.0
 11
398.84527
 21
580.267453
 31
0.0
 11
398.84527
 21
580.3627768
 31
0.0
 11
398.84527
 21
580.4554342
 31
0.0
 11
398.84527
 21
580.5444253000001
 31
0.0
 11
398.84527
 21
580.6277503
 31
0.0
 11
398.84527
 21
580.7090755
 31
0.0
 11
398.84527
 21
580.7817349000001
 31
0.0
 11
398.84527
 21
580.8517279
 31
0.0
 11
398.84527
 21
580.9147216
 31
0.0
 11
398.84527
 21
580.9720492
 31
0.0
 11
398.84527
 21
581.0247106
 31
0.0
 11
398.84527
 21
581.0680396
 31
0.0
 11
398.84527
 21
581.1080356
 31
0.0
 11
398.84527
 21
581.1380326
 31
0.0
 11
398.84527
 21
581.1633634
 31
0.0
 11
398.84527
 21
581.1813616000001
 31
0.0
 11
398.84527
 21
581.1910273
 31
0.0
 11
398.84527
 21
581.19736
 31
0.0
  0
CIRCLE
  5
22C
330
17
100
AcDbEntity
  8
OUTLINE
100
AcDbCircle
 10
397.04545
 20
574.4647
 30
0.0
 40
1.1672166
  0
CIRCLE
  5
22D
330
17
100
AcDbEntity
  8
OUTLINE
100
AcDbCircle
 10
397.04545
 20
557.7997
 30
0.0
 40
1.1672166
  0
CIRCLE
  5
22E
330
17
100
AcDbEntity
  8
OUTLINE
100
AcDbCircle
 10
397.04545
 20
541.1347000000001
 30
0.0
 40
1.1672166
  0
LINE
  5
22F
330
17
100
AcDbEntity
  8
OUTLINE
100
AcDbLine
 10
398.845270000255
 20
559.73284
 30
0.0
 11
398.511970000255
 21
559.73284
 31
0.0
  0
LINE
  5
230
330
17
100
AcDbEntity
  8
OUTLINE
100
AcDbLine
 10
398.845270000255
 20
558.39964
 30
0.0
 11
398.511970000255
 21
558.39964
 31
0.0
  0
LINE
  5
231
330
17
100
AcDbEntity
  8
OUTLINE
100
AcDbLine
 10
398.511970000255
 20
559.73284
 30
0.0
 11
388.212999999999
 21
559.73284
 31
0.0
  0
LINE
  5
232
330
17
100
AcDbEntity
  8
OUTLINE
100
AcDbLine
 10
398.511970000255
 20
558.39964
 30
0.0
 11
388.212999999999
 21
558.39964
 31
0.0
  0
LINE
  5
233
330
17
100
AcDbEntity
  8
OUTLINE
100
AcDbLine
 10
398.845270000255
 20
542.751205
 30
0.0
 11
397.595395000255
 21
541.917955
 31
0.0
  0
LINE
  5
234
330
17
100
AcDbEntity
  8
OUTLINE
100
AcDbLine
 10
398.845270000255
 20
539.4182050000001
 30
0.0
 11
397.595395000255
 21
540.2514550000001
 31
0.0
  0
LINE
  5
235
330
17
100
AcDbEntity
  8
OUTLINE
100
AcDbLine
 10
397.595395000255
 20
541.917955
 30
0.0
 11
388.212999999999
 21
541.917955
 31
0.0
  0
LINE
  5
236
330
17
100
AcDbEntity
  8
OUTLINE
100
AcDbLine
 10
397.595395000255
 20
540.2514550000001
 30
0.0
 11
388.212999999999
 21
540.2514550000001
 31
0.0
  0
LINE
  5
237
330
17
100
AcDbEntity
  8
OUTLINE
100
AcDbLine
 10
398.845270000255
 20
563.89909
 30
0.0
 11
397.595395000255
 21
563.06584
 31
0.0
  0
LINE
  5
238
330
17
100
AcDbEntity
  8
OUTLINE
100
AcDbLine
 10
398.845270000255
 20
560.56609
 30
0.0
 11
397.595395000255
 21
561.39934
 31
0.0
  0
LINE
  5
239
330
17
100
AcDbEntity
  8
OUTLINE
100
AcDbLine
 10
397.595395000255
 20
563.06584
 30
0.0
 11
388.212999999999
 21
563.06584
 31
0.0
  0
LINE
  5
23A
330
17
100
AcDbEntity
  8
OUTLINE
100
AcDbLine
 10
397.595395000255
 20
561.39934
 30
0.0
 11
388.212999999999
 21
561.39934
 31
0.0
  0
LINE
  5
23B
330
17
100
AcDbEntity
  8
OUTLINE
100
AcDbLine
 10
398.845270000255
 20
537.73504
 30
0.0
 11
397.595395000255
 21
536.90179
 31
0.0
  0
LINE
  5
23C
330
17
100
AcDbEntity
  8
OUTLINE
100
AcDbLine
 10
398.845270000255
 20
534.40204
 30
0.0
 11
397.595395000255
 21
535.23529
 31
0.0
  0
LINE
  5
23D
330
17
100
AcDbEntity
  8
OUTLINE
100
AcDbLine
 10
397.595395000255
 20
536.90179
 30
0.0
 11
388.212999999999
 21
536.90179
 31
0.0
  0
LINE
  5
23E
330
17
100
AcDbEntity
  8
OUTLINE
100
AcDbLine
 10
397.595395000255
 20
535.23529
 30
0.0
 11
388.212999999999
 21
535.23529
 31
0.0
  0
LINE
  5
23F
330
17
100
AcDbEntity
  8
OUTLINE
100
AcDbLine
 10
398.845270000255
 20
566.3988400000001
 30
0.0
 11
397.595395000255
 21
565.56559
 31
0.0
  0
LINE
  5
240
330
17
100
AcDbEntity
  8
OUTLINE
100
AcDbLine
 10
398.845270000255
 20
563.06584
 30
0.0
 11
397.595395000255
 21
563.89909
 31
0.0
  0
LINE
  5
241
330
17
100
AcDbEntity
  8
OUTLINE
100
AcDbLine
 10
397.595395000255
 20
565.56559
 30
0.0
 11
388.212999999999
 21
565.56559
 31
0.0
  0
LINE
  5
242
330
17
100
AcDbEntity
  8
OUTLINE
100
AcDbLine
 10
397.595395000255
 20
563.89909
 30
0.0
 11
388.212999999999
 21
563.89909
 31
0.0
  0
LINE
  5
243
330
17
100
AcDbEntity
  8
OUTLINE
100
AcDbLine
 10
398.845270000255
 20
580.7974
 30
0.0
 11
397.595395000255
 21
579.96415
 31
0.0
  0
LINE
  5
244
330
17
100
AcDbEntity
  8
OUTLINE
100
AcDbLine
 10
398.845270000255
 20
577.4644000000001
 30
0.0
 11
397.595395000255
 21
578.29765
 31
0.0
  0
LINE
  5
245
330
17
100
AcDbEntity
  8
OUTLINE
100
AcDbLine
 10
397.595395000255
 20
579.96415
 30
0.0
 11
388.212999999999
 21
579.96415
 31
0.0
  0
LINE
  5
246
330
17
100
AcDbEntity
  8
OUTLINE
100
AcDbLine
 10
397.595395000255
 20
578.29765
 30
0.0
 11
388.212999999999
 21
578.29765
 31
0.0
  0
LINE
  5
247
330
17
100
AcDbEntity
  8
OUTLINE
100
AcDbLine
 10
388.212999999999
 20
537.43507
 30
0.0
 11
388.546299999999
 21
537.43507
 31
0.0
  0
LINE
  5
248
330
17
100
AcDbEntity
  8
OUTLINE
100
AcDbLine
 10
388.212999999999
 20
536.1018700000001
 30
0.0
 11
388.546299999999
 21
536.1018700000001
 31
0.0
  0
LINE
  5
249
330
17
100
AcDbEntity
  8
OUTLINE
100
AcDbLine
 10
388.546299999999
 20
537.43507
 30
0.0
 11
398.845270000255
 21
537.43507
 31
0.0
  0
LINE
  5
24A
330
17
100
AcDbEntity
  8
OUTLINE
100
AcDbLine
 10
388.546299999999
 20
536.1018700000001
 30
0.0
 11
398.845270000255
 21
536.1018700000001
 31
0.0
  0
LINE
  5
24B
330
17
100
AcDbEntity
  8
OUTLINE
100
AcDbLine
 10
398.845270000255
 20
546.4675
 30
0.0
 11
398.345320000255
 21
546.1342
 31
0.0
  0
LINE
  5
24C
330
17
100
AcDbEntity
  8
OUTLINE
100
AcDbLine
 10
398.845270000255
 20
544.4677
 30
0.0
 11
398.345320000255
 21
544.801
 31
0.0
  0
LINE
  5
24D
330
17
100
AcDbEntity
  8
OUTLINE
100
AcDbLine
 10
398.345320000255
 20
546.1342
 30
0.0
 11
388.212999999999
 21
546.1342
 31
0.0
  0
LINE
  5
24E
330
17
100
AcDbEntity
  8
OUTLINE
100
AcDbLine
 10
398.345320000255
 20
544.801
 30
0.0
 11
388.212999999999
 21
544.801
 31
0.0
  0
LINE
  5
24F
330
17
100
AcDbEntity
  8
OUTLINE
100
AcDbLine
 10
398.845270000255
 20
579.1309
 30
0.0
 11
398.345320000255
 21
578.7976
 31
0.0
  0
LINE
  5
250
330
17
100
AcDbEntity
  8
OUTLINE
100
AcDbLine
 10
398.845270000255
 20
577.1311000000001
 30
0.0
 11
398.345320000255
 21
577.4644000000001
 31
0.0
  0
LINE
  5
251
330
17
100
AcDbEntity
  8
OUTLINE
100
AcDbLine
 10
398.345320000255
 20
578.7976
 30
0.0
 11
388.212999999999
 21
578.7976
 31
0.0
  0
LINE
  5
252
330
17
100
AcDbEntity
  8
OUTLINE
100
AcDbLine
 10
398.345320000255
 20
577.4644000000001
 30
0.0
 11
388.212999999999
 21
577.4644000000001
 31
0.0
  0
LINE
  5
253
330
17
100
AcDbEntity
  8
OUTLINE
100
AcDbLine
 10
388.212999999999
 20
540.8183983
 30
0.0
 11
388.546299999999
 21
540.8183983
 31
0.0
  0
LINE
  5
254
330
17
100
AcDbEntity
  8
OUTLINE
100
AcDbLine
 10
388.212999999999
 20
539.4851983
 30
0.0
 11
388.546299999999
 21
539.4851983
 31
0.0
  0
LINE
  5
255
330
17
100
AcDbEntity
  8
OUTLINE
100
AcDbLine
 10
388.546299999999
 20
540.8183983
 30
0.0
 11
398.845270000255
 21
540.8183983
 31
0.0
  0
LINE
  5
256
330
17
100
AcDbEntity
  8
OUTLINE
100
AcDbLine
 10
388.546299999999
 20
539.4851983
 30
0.0
 11
398.845270000255
 21
539.4851983
 31
0.0
  0
LINE
  5
257
330
17
100
AcDbEntity
  8
OUTLINE
100
AcDbLine
 10
388.212999999999
 20
579.0142450000001
 30
0.0
 11
389.03791749999897
 21
578.4643
 31
0.0
  0
LINE
  5
258
330
17
100
AcDbEntity
  8
OUTLINE
100
AcDbLine
 10
388.212999999999
 20
576.914455
 30
0.0
 11
389.03791749999897
 21
577.4644000000001
 31
0.0
  0
LINE
  5
259
330
17
100
AcDbEntity
  8
OUTLINE
100
AcDbLine
 10
389.03791749999897
 20
578.4643
 30
0.0
 11
398.845270000255
 21
578.4643
 31
0.0
  0
LINE
  5
25A
330
17
100
AcDbEntity
  8
OUTLINE
100
AcDbLine
 10
389.03791749999897
 20
577.4644000000001
 30
0.0
 11
398.845270000255
 21
577.4644000000001
 31
0.0
  0
LINE
  5
25B
330
17
100
AcDbEntity
  8
OUTLINE
100
AcDbLine
 10
398.845270000255
 20
546.4675
 30
0.0
 11
398.345320000255
 21
546.1342
 31
0.0
  0
LINE
  5
25C
330
17
100
AcDbEntity
  8
OUTLINE
100
AcDbLine
 10
398.845270000255
 20
544.4677
 30
0.0
 11
398.345320000255
 21
544.801
 31
0.0
  0
LINE
  5
25D
330
17
100
AcDbEntity
  8
OUTLINE
100
AcDbLine
 10
398.345320000255
 20
546.1342
 30
0.0
 11
388.212999999999
 21
546.1342
 31
0.0
  0
LINE
  5
25E
330
17
100
AcDbEntity
  8
OUTLINE
100
AcDbLine
 10
398.345320000255
 20
544.801
 30
0.0
 11
388.212999999999
 21
544.801
 31
0.0
  0
LINE
  5
25F
330
17
100
AcDbEntity
  8
OUTLINE
100
AcDbLine
 10
398.845270000255
 20
579.1309
 30
0.0
 11
398.345320000255
 21
578.7976
 31
0.0
  0
LINE
  5
260
330
17
100
AcDbEntity
  8
OUTLINE
100
AcDbLine
 10
398.845270000255
 20
577.1311000000001
 30
0.0
 11
398.345320000255
 21
577.4644000000001
 31
0.0
  0
LINE
  5
261
330
17
100
AcDbEntity
  8
OUTLINE
100
AcDbLine
 10
398.345320000255
 20
578.7976
 30
0.0
 11
388.212999999999
 21
578.7976
 31
0.0
  0
LINE
  5
262
330
17
100
AcDbEntity
  8
OUTLINE
100
AcDbLine
 10
398.345320000255
 20
577.4644000000001
 30
0.0
 11
388.212999999999
 21
577.4644000000001
 31
0.0
  0
LINE
  5
263
330
17
100
AcDbEntity
  8
OUTLINE
100
AcDbLine
 10
388.212999999999
 20
537.43507
 30
0.0
 11
388.546299999999
 21
537.43507
 31
0.0
  0
LINE
  5
264
330
17
100
AcDbEntity
  8
OUTLINE
100
AcDbLine
 10
388.212999999999
 20
536.1018700000001
 30
0.0
 11
388.546299999999
 21
536.1018700000001
 31
0.0
  0
LINE
  5
265
330
17
100
AcDbEntity
  8
OUTLINE
100
AcDbLine
 10
388.546299999999
 20
537.43507
 30
0.0
 11
398.845270000255
 21
537.43507
 31
0.0
  0
LINE
  5
266
330
17
100
AcDbEntity
  8
OUTLINE
100
AcDbLine
 10
388.546299999999
 20
536.1018700000001
 30
0.0
 11
398.845270000255
 21
536.1018700000001
 31
0.0
  0
LINE
  5
267
330
17
100
AcDbEntity
  8
OUTLINE
100
AcDbLine
 10
398.845270000255
 20
537.73504
 30
0.0
 11
397.595395000255
 21
536.90179
 31
0.0
  0
LINE
  5
268
330
17
100
AcDbEntity
  8
OUTLINE
100
AcDbLine
 10
398.845270000255
 20
534.40204
 30
0.0
 11
397.595395000255
 21
535.23529
 31
0.0
  0
LINE
  5
269
330
17
100
AcDbEntity
  8
OUTLINE
100
AcDbLine
 10
397.595395000255
 20
536.90179
 30
0.0
 11
388.212999999999
 21
536.90179
 31
0.0
  0
LINE
  5
26A
330
17
100
AcDbEntity
  8
OUTLINE
100
AcDbLine
 10
397.595395000255
 20
535.23529
 30
0.0
 11
388.212999999999
 21
535.23529
 31
0.0
  0
LINE
  5
26B
330
17
100
AcDbEntity
  8
OUTLINE
100
AcDbLine
 10
398.845270000255
 20
580.7974
 30
0.0
 11
397.595395000255
 21
579.96415
 31
0.0
  0
LINE
  5
26C
330
17
100
AcDbEntity
  8
OUTLINE
100
AcDbLine
 10
398.845270000255
 20
577.4644000000001
 30
0.0
 11
397.595395000255
 21
578.29765
 31
0.0
  0
LINE
  5
26D
330
17
100
AcDbEntity
  8
OUTLINE
100
AcDbLine
 10
397.595395000255
 20
579.96415
 30
0.0
 11
388.212999999999
 21
579.96415
 31
0.0
  0
LINE
  5
26E
330
17
100
AcDbEntity
  8
OUTLINE
100
AcDbLine
 10
397.595395000255
 20
578.29765
 30
0.0
 11
388.212999999999
 21
578.29765
 31
0.0
  0
LINE
  5
26F
330
17
100
AcDbEntity
  8
OUTLINE
100
AcDbLine
 10
543.4642699999999
 20
581.19736
 30
0.0
 11
543.4642699999999
 21
534.802
 31
0.0
  0
LINE
  5
270
330
17
100
AcDbEntity
  8
OUTLINE
100
AcDbLine
 10
539.46467
 20
534.802
 30
0.0
 11
532.832
 21
534.802
 31
0.0
  0
LINE
  5
271
330
17
100
AcDbEntity
  8
OUTLINE
100
AcDbLine
 10
543.4642699999999
 20
534.802
 30
0.0
 11
539.46467
 21
534.802
 31
0.0
  0
LINE
  5
272
330
17
100
AcDbEntity
  8
OUTLINE
100
AcDbLine
 10
532.832
 20
580.7090755
 30
0.0
 11
532.832
 21
575.6932438
 31
0.0
  0
LINE
  5
273
330
17
100
AcDbEntity
  8
OUTLINE
100
AcDbLine
 10
532.832
 20
574.5146950000001
 30
0.0
 11
532.832
 21
553.36681
 31
0.0
  0
LINE
  5
274
330
17
100
AcDbEntity
  8
OUTLINE
100
AcDbLine
 10
532.832
 20
550.86706
 30
0.0
 11
532.832
 21
536.4685000000001
 31
0.0
  0
LINE
  5
275
330
17
100
AcDbEntity
  8
OUTLINE
100
AcDbLine
 10
543.4642699999999
 20
581.19736
 30
0.0
 11
539.46467
 21
581.19736
 31
0.0
  0
LINE
  5
276
330
17
100
AcDbEntity
  8
OUTLINE
100
AcDbLine
 10
532.832
 20
581.19736
 30
0.0
 11
539.46467
 21
581.19736
 31
0.0
  0
LINE
  5
277
330
17
100
AcDbEntity
  8
OUTLINE
100
AcDbLine
 10
539.46467
 20
550.86706
 30
0.0
 11
539.46467
 21
536.4685000000001
 31
0.0
  0
LINE
  5
278
330
17
100
AcDbEntity
  8
OUTLINE
100
AcDbLine
 10
539.46467
 20
574.5146950000001
 30
0.0
 11
539.46467
 21
553.36681
 31
0.0
  0
LINE
  5
279
330
17
100
AcDbEntity
  8
OUTLINE
100
AcDbLine
 10
539.46467
 20
575.6932438
 30
0.0
 11
539.46467
 21
580.7090755
 31
0.0
  0
LINE
  5
27A
330
17
100
AcDbEntity
  8
OUTLINE
100
AcDbLine
 10
538.29812
 20
537.1351
 30
0.0
 11
538.29812
 21
540.1348
 31
0.0
  0
LINE
  5
27B
330
17
100
AcDbEntity
  8
OUTLINE
100
AcDbLine
 10
538.29812
 20
540.1348
 30
0.0
 11
536.63162
 21
540.1348
 31
0.0
  0
LINE
  5
27C
330
17
100
AcDbEntity
  8
OUTLINE
100
AcDbLine
 10
536.63162
 20
540.1348
 30
0.0
 11
536.63162
 21
537.1351
 31
0.0
  0
LINE
  5
27D
330
17
100
AcDbEntity
  8
OUTLINE
100
AcDbLine
 10
536.63162
 20
537.1351
 30
0.0
 11
538.29812
 21
537.1351
 31
0.0
  0
LINE
  5
27E
330
17
100
AcDbEntity
  8
OUTLINE
100
AcDbLine
 10
539.46467
 20
551.7003100000001
 30
0.0
 11
532.832
 21
551.7003100000001
 31
0.0
  0
LINE
  5
27F
330
17
100
AcDbEntity
  8
OUTLINE
100
AcDbLine
 10
538.29812
 20
559.49953
 30
0.0
 11
538.29812
 21
556.49983
 31
0.0
  0
LINE
  5
280
330
17
100
AcDbEntity
  8
OUTLINE
100
AcDbLine
 10
536.63162
 20
559.49953
 30
0.0
 11
538.29812
 21
559.49953
 31
0.0
  0
LINE
  5
281
330
17
100
AcDbEntity
  8
OUTLINE
100
AcDbLine
 10
536.63162
 20
556.49983
 30
0.0
 11
536.63162
 21
559.49953
 31
0.0
  0
LINE
  5
282
330
17
100
AcDbEntity
  8
OUTLINE
100
AcDbLine
 10
538.29812
 20
556.49983
 30
0.0
 11
536.63162
 21
556.49983
 31
0.0
  0
LINE
  5
283
330
17
100
AcDbEntity
  8
OUTLINE
100
AcDbLine
 10
538.29812
 20
538.4683
 30
0.0
 11
536.79827
 21
538.4683
 31
0.0
  0
LINE
  5
284
330
17
100
AcDbEntity
  8
OUTLINE
100
AcDbLine
 10
532.832
 20
536.4685000000001
 30
0.0
 11
539.46467
 21
536.4685000000001
 31
0.0
  0
LINE
  5
285
330
17
100
AcDbEntity
  8
OUTLINE
100
AcDbLine
 10
539.46467
 20
550.86706
 30
0.0
 11
532.832
 21
550.86706
 31
0.0
  0
LINE
  5
286
330
17
100
AcDbEntity
  8
OUTLINE
100
AcDbLine
 10
532.832
 20
553.36681
 30
0.0
 11
539.46467
 21
553.36681
 31
0.0
  0
LINE
  5
287
330
17
100
AcDbEntity
  8
OUTLINE
100
AcDbLine
 10
539.46467
 20
574.5146950000001
 30
0.0
 11
532.832
 21
574.5146950000001
 31
0.0
  0
LINE
  5
288
330
17
100
AcDbEntity
  8
OUTLINE
100
AcDbLine
 10
532.832
 20
575.6932438
 30
0.0
 11
539.46467
 21
575.6932438
 31
0.0
  0
LINE
  5
289
330
17
100
AcDbEntity
  8
OUTLINE
100
AcDbLine
 10
539.46467
 20
580.7090755
 30
0.0
 11
532.832
 21
580.7090755
 31
0.0
  0
SPLINE
  5
28A
330
17
100
AcDbEntity
  8
OUTLINE
100
AcDbSpline
 70
0
 71
3
 72
0
 73
0
 74
25
 11
532.832
 21
581.19736
 31
0.0
 11
532.832
 21
581.1956935000001
 31
0.0
 11
532.832
 21
581.1933604000001
 31
0.0
 11
532.832
 21
581.1886942
 31
0.0
 11
532.832
 21
581.1823615000001
 31
0.0
 11
532.832
 21
581.1746956000001
 31
0.0
 11
532.832
 21
581.1646966000001
 31
0.0
 11
532.832
 21
581.1533644
 31
0.0
 11
532.832
 21
581.1400324
 31
0.0
 11
532.832
 21
581.1250339000001
 31
0.0
 11
532.832
 21
581.1083689
 31
0.0
 11
532.832
 21
581.0897041000001
 31
0.0
 11
532.832
 21
581.0703727
 31
0.0
 11
532.832
 21
581.0480416
 31
0.0
 11
532.832
 21
581.0250439
 31
0.0
 11
532.832
 21
581.0000464
 31
0.0
 11
532.832
 21
580.9733824
 31
0.0
 11
532.832
 21
580.9457185
 31
0.0
 11
532.832
 21
580.9157215
 31
0.0
 11
532.832
 21
580.8850579
 31
0.0
 11
532.832
 21
580.8523945000001
 31
0.0
 11
532.832
 21
580.8187312
 31
0.0
 11
532.832
 21
580.7834014
 31
0.0
 11
532.832
 21
580.7467384
 31
0.0
 11
532.832
 21
580.7090755
 31
0.0
  0
SPLINE
  5
28B
330
17
100
AcDbEntity
  8
OUTLINE
100
AcDbSpline
 70
0
 71
3
 72
0
 73
0
 74
25
 11
532.832
 21
575.6932438
 31
0.0
 11
532.832
 21
575.6535811
 31
0.0
 11
532.832
 21
575.6132518000001
 31
0.0
 11
532.832
 21
575.5715893
 31
0.0
 11
532.832
 21
575.5289269
 31
0.0
 11
532.832
 21
575.4852646
 31
0.0
 11
532.832
 21
575.4402691
 31
0.0
 11
532.832
 21
575.3946070000001
 31
0.0
 11
532.832
 21
575.3476117
 31
0.0
 11
532.832
 21
575.2999498
 31
0.0
 11
532.832
 21
575.2516213
 31
0.0
 11
532.832
 21
575.2022929
 31
0.0
 11
532.832
 21
575.1526312
 31
0.0
 11
532.832
 21
575.1016363
 31
0.0
 11
532.832
 21
575.0503081
 31
0.0
 11
532.832
 21
574.9983133000001
 31
0.0
 11
532.832
 21
574.9459852
 31
0.0
 11
532.832
 21
574.8929905
 31
0.0
 11
532.832
 21
574.8396625
 31
0.0
 11
532.832
 21
574.7860012
 31
0.0
 11
532.832
 21
574.7320066
 31
0.0
 11
532.832
 21
574.678012
 31
0.0
 11
532.832
 21
574.6236841
 31
0.0
 11
532.832
 21
574.5693562
 31
0.0
 11
532.832
 21
574.5146950000001
 31
0.0
  0
SPLINE
  5
28C
330
17
100
AcDbEntity
  8
OUTLINE
100
AcDbSpline
 70
0
 71
3
 72
0
 73
0
 74
25
 11
532.832
 21
553.36681
 31
0.0
 11
532.832
 21
553.2578209000001
 31
0.0
 11
532.832
 21
553.1494984
 31
0.0
 11
532.832
 21
553.0421758
 31
0.0
 11
532.832
 21
552.9361864
 31
0.0
 11
532.832
 21
552.8315302
 31
0.0
 11
532.832
 21
552.7302070000001
 31
0.0
 11
532.832
 21
552.630217
 31
0.0
 11
532.832
 21
552.5345599
 31
0.0
 11
532.832
 21
552.4422358
 31
0.0
 11
532.832
 21
552.3532447
 31
0.0
 11
532.832
 21
552.2695864
 31
0.0
 11
532.832
 21
552.1882612
 31
0.0
 11
532.832
 21
552.1159351
 31
0.0
 11
532.832
 21
552.0459421
 31
0.0
 11
532.832
 21
551.9826151
 31
0.0
 11
532.832
 21
551.9256208
 31
0.0
 11
532.832
 21
551.8729594
 31
0.0
 11
532.832
 21
551.8296304
 31
0.0
 11
532.832
 21
551.7896344000001
 31
0.0
 11
532.832
 21
551.7593041
 31
0.0
 11
532.832
 21
551.7343066
 31
0.0
 11
532.832
 21
551.7159751
 31
0.0
 11
532.832
 21
551.7063094
 31
0.0
 11
532.832
 21
551.7003100000001
 31
0.0
  0
SPLINE
  5
28D
330
17
100
AcDbEntity
  8
OUTLINE
100
AcDbSpline
 70
0
 71
3
 72
0
 73
0
 74
25
 11
532.832
 21
551.7003100000001
 31
0.0
 11
532.832
 21
551.6973103
 31
0.0
 11
532.832
 21
551.6923108
 31
0.0
 11
532.832
 21
551.6833117
 31
0.0
 11
532.832
 21
551.6706463
 31
0.0
 11
532.832
 21
551.6556478
 31
0.0
 11
532.832
 21
551.6356498
 31
0.0
 11
532.832
 21
551.6139853
 31
0.0
 11
532.832
 21
551.5876546000001
 31
0.0
 11
532.832
 21
551.5589908000001
 31
0.0
 11
532.832
 21
551.5276606
 31
0.0
 11
532.832
 21
551.4926641000001
 31
0.0
 11
532.832
 21
551.4563344000001
 31
0.0
 11
532.832
 21
551.4156718
 31
0.0
 11
532.832
 21
551.3740093
 31
0.0
 11
532.832
 21
551.3293471000001
 31
0.0
 11
532.832
 21
551.2830184000001
 31
0.0
 11
532.832
 21
551.2353565
 31
0.0
 11
532.832
 21
551.1853615
 31
0.0
 11
532.832
 21
551.1346999
 31
0.0
 11
532.832
 21
551.0823718
 31
0.0
 11
532.832
 21
551.0293771
 31
0.0
 11
532.832
 21
550.9757158
 31
0.0
 11
532.832
 21
550.9213879
 31
0.0
 11
532.832
 21
550.86706
 31
0.0
  0
SPLINE
  5
28E
330
17
100
AcDbEntity
  8
OUTLINE
100
AcDbSpline
 70
0
 71
3
 72
0
 73
0
 74
25
 11
532.832
 21
536.4685000000001
 31
0.0
 11
532.832
 21
536.3595109
 31
0.0
 11
532.832
 21
536.2511884
 31
0.0
 11
532.832
 21
536.1438658000001
 31
0.0
 11
532.832
 21
536.0378764000001
 31
0.0
 11
532.832
 21
535.9332202
 31
0.0
 11
532.832
 21
535.831897
 31
0.0
 11
532.832
 21
535.731907
 31
0.0
 11
532.832
 21
535.6362499
 31
0.0
 11
532.832
 21
535.5439258
 31
0.0
 11
532.832
 21
535.4549347
 31
0.0
 11
532.832
 21
535.3712764
 31
0.0
 11
532.832
 21
535.2899512
 31
0.0
 11
532.832
 21
535.2176251000001
 31
0.0
 11
532.832
 21
535.1476321
 31
0.0
 11
532.832
 21
535.0843051
 31
0.0
 11
532.832
 21
535.0273108
 31
0.0
 11
532.832
 21
534.9746494
 31
0.0
 11
532.832
 21
534.9313204
 31
0.0
 11
532.832
 21
534.8913244
 31
0.0
 11
532.832
 21
534.8609941
 31
0.0
 11
532.832
 21
534.8359966
 31
0.0
 11
532.832
 21
534.8176651
 31
0.0
 11
532.832
 21
534.8079994
 31
0.0
 11
532.832
 21
534.802
 31
0.0
  0
SPLINE
  5
28F
330
17
100
AcDbEntity
  8
OUTLINE
100
AcDbSpline
 70
0
 71
3
 72
0
 73
0
 74
25
 11
539.46467
 21
534.802
 31
0.0
 11
539.46467
 21
534.8079994
 31
0.0
 11
539.46467
 21
534.8176651
 31
0.0
 11
539.46467
 21
534.8359966
 31
0.0
 11
539.46467
 21
534.8609941
 31
0.0
 11
539.46467
 21
534.8913244
 31
0.0
 11
539.46467
 21
534.9313204
 31
0.0
 11
539.46467
 21
534.9746494
 31
0.0
 11
539.46467
 21
535.0273108
 31
0.0
 11
539.46467
 21
535.0843051
 31
0.0
 11
539.46467
 21
535.1476321
 31
0.0
 11
539.46467
 21
535.2176251000001
 31
0.0
 11
539.46467
 21
535.2899512
 31
0.0
 11
539.46467
 21
535.3712764
 31
0.0
 11
539.46467
 21
535.4549347
 31
0.0
 11
539.46467
 21
535.5439258
 31
0.0
 11
539.46467
 21
535.6362499
 31
0.0
 11
539.46467
 21
535.731907
 31
0.0
 11
539.46467
 21
535.831897
 31
0.0
 11
539.46467
 21
535.9332202
 31
0.0
 11
539.46467
 21
536.0378764000001
 31
0.0
 11
539.46467
 21
536.1438658000001
 31
0.0
 11
539.46467
 21
536.2511884
 31
0.0
 11
539.46467
 21
536.3595109
 31
0.0
 11
539.46467
 21
536.4685000000001
 31
0.0
  0
SPLINE
  5
290
330
17
100
AcDbEntity
  8
OUTLINE
100
AcDbSpline
 70
0
 71
3
 72
0
 73
0
 74
25
 11
539.46467
 21
550.86706
 31
0.0
 11
539.46467
 21
550.9213879
 31
0.0
 11
539.46467
 21
550.9757158
 31
0.0
 11
539.46467
 21
551.0293771
 31
0.0
 11
539.46467
 21
551.0823718
 31
0.0
 11
539.46467
 21
551.1346999
 31
0.0
 11
539.46467
 21
551.1853615
 31
0.0
 11
539.46467
 21
551.2353565
 31
0.0
 11
539.46467
 21
551.2830184000001
 31
0.0
 11
539.46467
 21
551.3293471000001
 31
0.0
 11
539.46467
 21
551.3740093
 31
0.0
 11
539.46467
 21
551.4156718
 31
0.0
 11
539.46467
 21
551.4563344000001
 31
0.0
 11
539.46467
 21
551.4926641000001
 31
0.0
 11
539.46467
 21
551.5276606
 31
0.0
 11
539.46467
 21
551.5589908000001
 31
0.0
 11
539.46467
 21
551.5876546000001
 31
0.0
 11
539.46467
 21
551.6139853
 31
0.0
 11
539.46467
 21
551.6356498
 31
0.0
 11
539.46467
 21
551.6556478
 31
0.0
 11
539.46467
 21
551.6706463
 31
0.0
 11
539.46467
 21
551.6833117
 31
0.0
 11
539.46467
 21
551.6923108
 31
0.0
 11
539.46467
 21
551.6973103
 31
0.0
 11
539.46467
 21
551.7003100000001
 31
0.0
  0
SPLINE
  5
291
330
17
100
AcDbEntity
  8
OUTLINE
100
AcDbSpline
 70
0
 71
3
 72
0
 73
0
 74
25
 11
539.46467
 21
551.7003100000001
 31
0.0
 11
539.46467
 21
551.7063094
 31
0.0
 11
539.46467
 21
551.7159751
 31
0.0
 11
539.46467
 21
551.7343066
 31
0.0
 11
539.46467
 21
551.7593041
 31
0.0
 11
539.46467
 21
551.7896344000001
 31
0.0
 11
539.46467
 21
551.8296304
 31
0.0
 11
539.46467
 21
551.8729594
 31
0.0
 11
539.46467
 21
551.9256208
 31
0.0
 11
539.46467
 21
551.9826151
 31
0.0
 11
539.46467
 21
552.0459421
 31
0.0
 11
539.46467
 21
552.1159351
 31
0.0
 11
539.46467
 21
552.1882612
 31
0.0
 11
539.46467
 21
552.2695864
 31
0.0
 11
539.46467
 21
552.3532447
 31
0.0
 11
539.46467
 21
552.4422358
 31
0.0
 11
539.46467
 21
552.5345599
 31
0.0
 11
539.46467
 21
552.630217
 31
0.0
 11
539.46467
 21
552.7302070000001
 31
0.0
 11
539.46467
 21
552.8315302
 31
0.0
 11
539.46467
 21
552.9361864
 31
0.0
 11
539.46467
 21
553.0421758
 31
0.0
 11
539.46467
 21
553.1494984
 31
0.0
 11
539.46467
 21
553.2578209000001
 31
0.0
 11
539.46467
 21
553.36681
 31
0.0
  0
SPLINE
  5
292
330
17
100
AcDbEntity
  8
OUTLINE
100
AcDbSpline
 70
0
 71
3
 72
0
 73
0
 74
25
 11
539.46467
 21
574.5146950000001
 31
0.0
 11
539.46467
 21
574.5693562
 31
0.0
 11
539.46467
 21
574.6236841
 31
0.0
 11
539.46467
 21
574.678012
 31
0.0
 11
539.46467
 21
574.7320066
 31
0.0
 11
539.46467
 21
574.7860012
 31
0.0
 11
539.46467
 21
574.8396625
 31
0.0
 11
539.46467
 21
574.8929905
 31
0.0
 11
539.46467
 21
574.9459852
 31
0.0
 11
539.46467
 21
574.9983133000001
 31
0.0
 11
539.46467
 21
575.0503081
 31
0.0
 11
539.46467
 21
575.1016363
 31
0.0
 11
539.46467
 21
575.1526312
 31
0.0
 11
539.46467
 21
575.2022929
 31
0.0
 11
539.46467
 21
575.2516213
 31
0.0
 11
539.46467
 21
575.2999498
 31
0.0
 11
539.46467
 21
575.3476117
 31
0.0
 11
539.46467
 21
575.3946070000001
 31
0.0
 11
539.46467
 21
575.4402691
 31
0.0
 11
539.46467
 21
575.4852646
 31
0.0
 11
539.46467
 21
575.5289269
 31
0.0
 11
539.46467
 21
575.5715893
 31
0.0
 11
539.46467
 21
575.6132518000001
 31
0.0
 11
539.46467
 21
575.6535811
 31
0.0
 11
539.46467
 21
575.6932438
 31
0.0
  0
SPLINE
  5
293
330
17
100
AcDbEntity
  8
OUTLINE
100
AcDbSpline
 70
0
 71
3
 72
0
 73
0
 74
25
 11
539.46467
 21
580.7090755
 31
0.0
 11
539.46467
 21
580.7467384
 31
0.0
 11
539.46467
 21
580.7834014
 31
0.0
 11
539.46467
 21
580.8187312
 31
0.0
 11
539.46467
 21
580.8523945000001
 31
0.0
 11
539.46467
 21
580.8850579
 31
0.0
 11
539.46467
 21
580.9157215
 31
0.0
 11
539.46467
 21
580.9457185
 31
0.0
 11
539.46467
 21
580.9733824
 31
0.0
 11
539.46467
 21
581.0000464
 31
0.0
 11
539.46467
 21
581.0250439
 31
0.0
 11
539.46467
 21
581.0480416
 31
0.0
 11
539.46467
 21
581.0703727
 31
0.0
 11
539.46467
 21
581.0897041000001
 31
0.0
 11
539.46467
 21
581.1083689
 31
0.0
 11
539.46467
 21
581.1250339000001
 31
0.0
 11
539.46467
 21
581.1400324
 31
0.0
 11
539.46467
 21
581.1533644
 31
0.0
 11
539.46467
 21
581.1646966000001
 31
0.0
 11
539.46467
 21
581.1746956000001
 31
0.0
 11
539.46467
 21
581.1823615000001
 31
0.0
 11
539.46467
 21
581.1886942
 31
0.0
 11
539.46467
 21
581.1933604000001
 31
0.0
 11
539.46467
 21
581.1956935000001
 31
0.0
 11
539.46467
 21
581.19736
 31
0.0
  0
SPLINE
  5
294
330
17
100
AcDbEntity
  8
OUTLINE
100
AcDbSpline
 70
0
 71
3
 72
0
 73
0
 74
25
 11
536.79827
 21
538.4683
 31
0.0
 11
536.79827
 21
538.4626339
 31
0.0
 11
536.79827
 21
538.4543014000001
 31
0.0
 11
536.79827
 21
538.4379697
 31
0.0
 11
536.79827
 21
538.4159719
 31
0.0
 11
536.79827
 21
538.3893079000001
 31
0.0
 11
536.79827
 21
538.3543114
 31
0.0
 11
536.79827
 21
538.3163152
 31
0.0
 11
536.79827
 21
538.2703198
 31
0.0
 11
536.79827
 21
538.2209914
 31
0.0
 11
536.79827
 21
538.1666635
 31
0.0
 11
536.79827
 21
538.1073361
 31
0.0
 11
536.79827
 21
538.0456756
 31
0.0
 11
536.79827
 21
537.9776824
 31
0.0
 11
536.79827
 21
537.908356
 31
0.0
 11
536.79827
 21
537.8353633
 31
0.0
 11
536.79827
 21
537.7603708
 31
0.0
 11
536.79827
 21
537.6840451
 31
0.0
 11
536.79827
 21
537.6053863000001
 31
0.0
 11
536.79827
 21
537.5263942
 31
0.0
 11
536.79827
 21
537.4470688
 31
0.0
 11
536.79827
 21
537.3677434
 31
0.0
 11
536.79827
 21
537.2890846
 31
0.0
 11
536.79827
 21
537.211759
 31
0.0
 11
536.79827
 21
537.1351
 31
0.0
  0
CIRCLE
  5
295
330
17
100
AcDbEntity
  8
OUTLINE
100
AcDbCircle
 10
534.63182
 20
567.19876
 30
0.0
 40
1.1672166
  0
CIRCLE
  5
296
330
17
100
AcDbEntity
  8
OUTLINE
100
AcDbCircle
 10
534.63182
 20
556.5331600000001
 30
0.0
 40
1.1672166
  0
LINE
  5
297
330
17
100
AcDbEntity
  8
OUTLINE
100
AcDbLine
 10
527.299220000255
 20
559.73284
 30
0.0
 11
526.965920000255
 21
559.73284
 31
0.0
  0
LINE
  5
298
330
17
100
AcDbEntity
  8
OUTLINE
100
AcDbLine
 10
527.299220000255
 20
558.39964
 30
0.0
 11
526.965920000255
 21
558.39964
 31
0.0
  0
LINE
  5
299
330
17
100
AcDbEntity
  8
OUTLINE
100
AcDbLine
 10
526.965920000255
 20
559.73284
 30
0.0
 11
516.6669499999989
 21
559.73284
 31
0.0
  0
LINE
  5
29A
330
17
100
AcDbEntity
  8
OUTLINE
100
AcDbLine
 10
526.965920000255
 20
558.39964
 30
0.0
 11
516.6669499999989
 21
558.39964
 31
0.0
  0
LINE
  5
29B
330
17
100
AcDbEntity
  8
OUTLINE
100
AcDbLine
 10
527.299220000255
 20
542.751205
 30
0.0
 11
526.049345000255
 21
541.917955
 31
0.0
  0
LINE
  5
29C
330
17
100
AcDbEntity
  8
OUTLINE
100
AcDbLine
 10
527.299220000255
 20
539.4182050000001
 30
0.0
 11
526.049345000255
 21
540.2514550000001
 31
0.0
  0
LINE
  5
29D
330
17
100
AcDbEntity
  8
OUTLINE
100
AcDbLine
 10
526.049345000255
 20
541.917955
 30
0.0
 11
516.6669499999989
 21
541.917955
 31
0.0
  0
LINE
  5
29E
330
17
100
AcDbEntity
  8
OUTLINE
100
AcDbLine
 10
526.049345000255
 20
540.2514550000001
 30
0.0
 11
516.6669499999989
 21
540.2514550000001
 31
0.0
  0
LINE
  5
29F
330
17
100
AcDbEntity
  8
OUTLINE
100
AcDbLine
 10
527.299220000255
 20
563.89909
 30
0.0
 11
526.049345000255
 21
563.06584
 31
0.0
  0
LINE
  5
2A0
330
17
100
AcDbEntity
  8
OUTLINE
100
AcDbLine
 10
527.299220000255
 20
560.56609
 30
0.0
 11
526.049345000255
 21
561.39934
 31
0.0
  0
LINE
  5
2A1
330
17
100
AcDbEntity
  8
OUTLINE
100
AcDbLine
 10
526.049345000255
 20
563.06584
 30
0.0
 11
516.6669499999989
 21
563.06584
 31
0.0
  0
LINE
  5
2A2
330
17
100
AcDbEntity
  8
OUTLINE
100
AcDbLine
 10
526.049345000255
 20
561.39934
 30
0.0
 11
516.6669499999989
 21
561.39934
 31
0.0
  0
LINE
  5
2A3
330
17
100
AcDbEntity
  8
OUTLINE
100
AcDbLine
 10
527.299220000255
 20
537.73504
 30
0.0
 11
526.049345000255
 21
536.90179
 31
0.0
  0
LINE
  5
2A4
330
17
100
AcDbEntity
  8
OUTLINE
100
AcDbLine
 10
527.299220000255
 20
534.40204
 30
0.0
 11
526.049345000255
 21
535.23529
 31
0.0
  0
LINE
  5
2A5
330
17
100
AcDbEntity
  8
OUTLINE
100
AcDbLine
 10
526.049345000255
 20
536.90179
 30
0.0
 11
516.6669499999989
 21
536.90179
 31
0.0
  0
LINE
  5
2A6
330
17
100
AcDbEntity
  8
OUTLINE
100
AcDbLine
 10
526.049345000255
 20
535.23529
 30
0.0
 11
516.6669499999989
 21
535.23529
 31
0.0
  0
LINE
  5
2A7
330
17
100
AcDbEntity
  8
OUTLINE
100
AcDbLine
 10
527.299220000255
 20
566.3988400000001
 30
0.0
 11
526.049345000255
 21
565.56559
 31
0.0
  0
LINE
  5
2A8
330
17
100
AcDbEntity
  8
OUTLINE
100
AcDbLine
 10
527.299220000255
 20
563.06584
 30
0.0
 11
526.049345000255
 21
563.89909
 31
0.0
  0
LINE
  5
2A9
330
17
100
AcDbEntity
  8
OUTLINE
100
AcDbLine
 10
526.049345000255
 20
565.56559
 30
0.0
 11
516.6669499999989
 21
565.56559
 31
0.0
  0
LINE
  5
2AA
330
17
100
AcDbEntity
  8
OUTLINE
100
AcDbLine
 10
526.049345000255
 20
563.89909
 30
0.0
 11
516.6669499999989
 21
563.89909
 31
0.0
  0
LINE
  5
2AB
330
17
100
AcDbEntity
  8
OUTLINE
100
AcDbLine
 10
527.299220000255
 20
580.7974
 30
0.0
 11
526.049345000255
 21
579.96415
 31
0.0
  0
LINE
  5
2AC
330
17
100
AcDbEntity
  8
OUTLINE
100
AcDbLine
 10
527.299220000255
 20
577.4644000000001
 30
0.0
 11
526.049345000255
 21
578.29765
 31
0.0
  0
LINE
  5
2AD
330
17
100
AcDbEntity
  8
OUTLINE
100
AcDbLine
 10
526.049345000255
 20
579.96415
 30
0.0
 11
516.6669499999989
 21
579.96415
 31
0.0
  0
LINE
  5
2AE
330
17
100
AcDbEntity
  8
OUTLINE
100
AcDbLine
 10
526.049345000255
 20
578.29765
 30
0.0
 11
516.6669499999989
 21
578.29765
 31
0.0
  0
LINE
  5
2AF
330
17
100
AcDbEntity
  8
OUTLINE
100
AcDbLine
 10
516.6669499999989
 20
537.43507
 30
0.0
 11
517.0002499999989
 21
537.43507
 31
0.0
  0
LINE
  5
2B0
330
17
100
AcDbEntity
  8
OUTLINE
100
AcDbLine
 10
516.6669499999989
 20
536.1018700000001
 30
0.0
 11
517.0002499999989
 21
536.1018700000001
 31
0.0
  0
LINE
  5
2B1
330
17
100
AcDbEntity
  8
OUTLINE
100
AcDbLine
 10
517.0002499999989
 20
537.43507
 30
0.0
 11
527.299220000255
 21
537.43507
 31
0.0
  0
LINE
  5
2B2
330
17
100
AcDbEntity
  8
OUTLINE
100
AcDbLine
 10
517.0002499999989
 20
536.1018700000001
 30
0.0
 11
527.299220000255
 21
536.1018700000001
 31
0.0
  0
LINE
  5
2B3
330
17
100
AcDbEntity
  8
OUTLINE
100
AcDbLine
 10
527.299220000255
 20
546.4675
 30
0.0
 11
526.799270000255
 21
546.1342
 31
0.0
  0
LINE
  5
2B4
330
17
100
AcDbEntity
  8
OUTLINE
100
AcDbLine
 10
527.299220000255
 20
544.4677
 30
0.0
 11
526.799270000255
 21
544.801
 31
0.0
  0
LINE
  5
2B5
330
17
100
AcDbEntity
  8
OUTLINE
100
AcDbLine
 10
526.799270000255
 20
546.1342
 30
0.0
 11
516.6669499999989
 21
546.1342
 31
0.0
  0
LINE
  5
2B6
330
17
100
AcDbEntity
  8
OUTLINE
100
AcDbLine
 10
526.799270000255
 20
544.801
 30
0.0
 11
516.6669499999989
 21
544.801
 31
0.0
  0
LINE
  5
2B7
330
17
100
AcDbEntity
  8
OUTLINE
100
AcDbLine
 10
527.299220000255
 20
579.1309
 30
0.0
 11
526.799270000255
 21
578.7976
 31
0.0
  0
LINE
  5
2B8
330
17
100
AcDbEntity
  8
OUTLINE
100
AcDbLine
 10
527.299220000255
 20
577.1311000000001
 30
0.0
 11
526.799270000255
 21
577.4644000000001
 31
0.0
  0
LINE
  5
2B9
330
17
100
AcDbEntity
  8
OUTLINE
100
AcDbLine
 10
526.799270000255
 20
578.7976
 30
0.0
 11
516.6669499999989
 21
578.7976
 31
0.0
  0
LINE
  5
2BA
330
17
100
AcDbEntity
  8
OUTLINE
100
AcDbLine
 10
526.799270000255
 20
577.4644000000001
 30
0.0
 11
516.6669499999989
 21
577.4644000000001
 31
0.0
  0
LINE
  5
2BB
330
17
100
AcDbEntity
  8
OUTLINE
100
AcDbLine
 10
516.6669499999989
 20
540.8183983
 30
0.0
 11
517.0002499999989
 21
540.8183983
 31
0.0
  0
LINE
  5
2BC
330
17
100
AcDbEntity
  8
OUTLINE
100
AcDbLine
 10
516.6669499999989
 20
539.4851983
 30
0.0
 11
517.0002499999989
 21
539.4851983
 31
0.0
  0
LINE
  5
2BD
330
17
100
AcDbEntity
  8
OUTLINE
100
AcDbLine
 10
517.0002499999989
 20
540.8183983
 30
0.0
 11
527.299220000255
 21
540.8183983
 31
0.0
  0
LINE
  5
2BE
330
17
100
AcDbEntity
  8
OUTLINE
100
AcDbLine
 10
517.0002499999989
 20
539.4851983
 30
0.0
 11
527.299220000255
 21
539.4851983
 31
0.0
  0
LINE
  5
2BF
330
17
100
AcDbEntity
  8
OUTLINE
100
AcDbLine
 10
516.6669499999989
 20
579.0142450000001
 30
0.0
 11
517.491867499999
 21
578.4643
 31
0.0
  0
LINE
  5
2C0
330
17
100
AcDbEntity
  8
OUTLINE
100
AcDbLine
 10
516.6669499999989
 20
576.914455
 30
0.0
 11
517.491867499999
 21
577.4644000000001
 31
0.0
  0
LINE
  5
2C1
330
17
100
AcDbEntity
  8
OUTLINE
100
AcDbLine
 10
517.491867499999
 20
578.4643
 30
0.0
 11
527.299220000255
 21
578.4643
 31
0.0
  0
LINE
  5
2C2
330
17
100
AcDbEntity
  8
OUTLINE
100
AcDbLine
 10
517.491867499999
 20
577.4644000000001
 30
0.0
 11
527.299220000255
 21
577.4644000000001
 31
0.0
  0
LINE
  5
2C3
330
17
100
AcDbEntity
  8
OUTLINE
100
AcDbLine
 10
527.299220000255
 20
546.4675
 30
0.0
 11
526.799270000255
 21
546.1342
 31
0.0
  0
LINE
  5
2C4
330
17
100
AcDbEntity
  8
OUTLINE
100
AcDbLine
 10
527.299220000255
 20
544.4677
 30
0.0
 11
526.799270000255
 21
544.801
 31
0.0
  0
LINE
  5
2C5
330
17
100
AcDbEntity
  8
OUTLINE
100
AcDbLine
 10
526.799270000255
 20
546.1342
 30
0.0
 11
516.6669499999989
 21
546.1342
 31
0.0
  0
LINE
  5
2C6
330
17
100
AcDbEntity
  8
OUTLINE
100
AcDbLine
 10
526.799270000255
 20
544.801
 30
0.0
 11
516.6669499999989
 21
544.801
 31
0.0
  0
LINE
  5
2C7
330
17
100
AcDbEntity
  8
OUTLINE
100
AcDbLine
 10
527.299220000255
 20
579.1309
 30
0.0
 11
526.799270000255
 21
578.7976
 31
0.0
  0
LINE
  5
2C8
330
17
100
AcDbEntity
  8
OUTLINE
100
AcDbLine
 10
527.299220000255
 20
577.1311000000001
 30
0.0
 11
526.799270000255
 21
577.4644000000001
 31
0.0
  0
LINE
  5
2C9
330
17
100
AcDbEntity
  8
OUTLINE
100
AcDbLine
 10
526.799270000255
 20
578.7976
 30
0.0
 11
516.6669499999989
 21
578.7976
 31
0.0
  0
LINE
  5
2CA
330
17
100
AcDbEntity
  8
OUTLINE
100
AcDbLine
 10
526.799270000255
 20
577.4644000000001
 30
0.0
 11
516.6669499999989
 21
577.4644000000001
 31
0.0
  0
LINE
  5
2CB
330
17
100
AcDbEntity
  8
OUTLINE
100
AcDbLine
 10
516.6669499999989
 20
537.43507
 30
0.0
 11
517.0002499999989
 21
537.43507
 31
0.0
  0
LINE
  5
2CC
330
17
100
AcDbEntity
  8
OUTLINE
100
AcDbLine
 10
516.6669499999989
 20
536.1018700000001
 30
0.0
 11
517.0002499999989
 21
536.1018700000001
 31
0.0
  0
LINE
  5
2CD
330
17
100
AcDbEntity
  8
OUTLINE
100
AcDbLine
 10
517.0002499999989
 20
537.43507
 30
0.0
 11
527.299220000255
 21
537.43507
 31
0.0
  0
LINE
  5
2CE
330
17
100
AcDbEntity
  8
OUTLINE
100
AcDbLine
 10
517.0002499999989
 20
536.1018700000001
 30
0.0
 11
527.299220000255
 21
536.1018700000001
 31
0.0
  0
LINE
  5
2CF
330
17
100
AcDbEntity
  8
OUTLINE
100
AcDbLine
 10
527.299220000255
 20
537.73504
 30
0.0
 11
526.049345000255
 21
536.90179
 31
0.0
  0
LINE
  5
2D0
330
17
100
AcDbEntity
  8
OUTLINE
100
AcDbLine
 10
527.299220000255
 20
534.40204
 30
0.0
 11
526.049345000255
 21
535.23529
 31
0.0
  0
LINE
  5
2D1
330
17
100
AcDbEntity
  8
OUTLINE
100
AcDbLine
 10
526.049345000255
 20
536.90179
 30
0.0
 11
516.6669499999989
 21
536.90179
 31
0.0
  0
LINE
  5
2D2
330
17
100
AcDbEntity
  8
OUTLINE
100
AcDbLine
 10
526.049345000255
 20
535.23529
 30
0.0
 11
516.6669499999989
 21
535.23529
 31
0.0
  0
LINE
  5
2D3
330
17
100
AcDbEntity
  8
OUTLINE
100
AcDbLine
 10
527.299220000255
 20
580.7974
 30
0.0
 11
526.049345000255
 21
579.96415
 31
0.0
  0
LINE
  5
2D4
330
17
100
AcDbEntity
  8
OUTLINE
100
AcDbLine
 10
527.299220000255
 20
577.4644000000001
 30
0.0
 11
526.049345000255
 21
578.29765
 31
0.0
  0
LINE
  5
2D5
330
17
100
AcDbEntity
  8
OUTLINE
100
AcDbLine
 10
526.049345000255
 20
579.96415
 30
0.0
 11
516.6669499999989
 21
579.96415
 31
0.0
  0
LINE
  5
2D6
330
17
100
AcDbEntity
  8
OUTLINE
100
AcDbLine
 10
526.049345000255
 20
578.29765
 30
0.0
 11
516.6669499999989
 21
578.29765
 31
0.0
  0
DIMENSION
  5
2D7
330
17
100
AcDbEntity
  8
DIM
100
AcDbDimension
280
0
  2
*D1
  3
GB_DIM
 10
425.509
 20
523.1365000000001
 30
0.0
 11
465.8383
 21
525.8865000000001
 31
0.0
 70
32
 71
5
  1
<>
100
AcDbAlignedDimension
 13
425.509
 23
534.802
 33
0.0
 14
506.1676
 24
534.802
 34
0.0
 50
0.0
100
AcDbRotatedDimension
  0
DIMENSION
  5
2E6
330
17
100
AcDbEntity
  8
DIM
100
AcDbDimension
280
0
  2
*D2
  3
GB_DIM
 10
413.8435
 20
534.802
 30
0.0
 11
411.0935
 21
557.99968
 31
0.0
 70
32
 71
5
  1
<>
100
AcDbAlignedDimension
 13
425.509
 23
534.802
 33
0.0
 14
425.509
 24
581.19736
 34
0.0
 50
90.0
100
AcDbRotatedDimension
  0
TEXT
  5
2F5
330
17
100
AcDbEntity
  8
TEXT
100
AcDbText
 10
949.0
 20
771.0
 30
0.0
 40
3.0
  1
公差等级 GB/T1804
  7
SimSun
100
AcDbText
  0
TEXT
  5
2F6
330
17
100
AcDbEntity
  8
TEXT
100
AcDbText
 10
1064.0
 20
771.0
 30
0.0
 40
3.0
  1
线性
  7
SimSun
100
AcDbText
  0
TEXT
  5
2F7
330
17
100
AcDbEntity
  8
TEXT
100
AcDbText
 10
1109.0
 20
771.0
 30
0.0
 40
3.0
  1
角度
  7
SimSun
100
AcDbText
  0
TEXT
  5
2F8
330
17
100
AcDbEntity
  8
TEXT
100
AcDbText
 10
949.0
 20
765.0
 30
0.0
 40
3.0
  1
精密 F 级
  7
SimSun
100
AcDbText
  0
TEXT
  5
2F9
330
17
100
AcDbEntity
  8
TEXT
100
AcDbText
 10
1064.0
 20
765.0
 30
0.0
 40
3.0
  1
±0.05
  7
SimSun
100
AcDbText
  0
TEXT
  5
2FA
330
17
100
AcDbEntity
  8
TEXT
100
AcDbText
 10
1109.0
 20
765.0
 30
0.0
 40
3.0
  1
±0.5°
  7
SimSun
100
AcDbText
  0
TEXT
  5
2FB
330
17
100
AcDbEntity
  8
TEXT
100
AcDbText
 10
949.0
 20
759.0
 30
0.0
 40
3.0
  1
中等 M 级
  7
SimSun
100
AcDbText
  0
TEXT
  5
2FC
330
17
100
AcDbEntity
  8
TEXT
100
AcDbText
 10
1064.0
 20
759.0
 30
0.0
 40
3.0
  1
±0.1
  7
SimSun
100
AcDbText
  0
TEXT
  5
2FD
330
17
100
AcDbEntity
  8
TEXT
100
AcDbText
 10
1109.0
 20
759.0
 30
0.0
 40
3.0
  1
±0.5°
  7
SimSun
100
AcDbText
  0
LINE
  5
2FE
330
17
100
AcDbEntity
  8
CENTER
100
AcDbLine
 10
499.18496500000003
 20
636.75886
 30
0.0
 11
509.817235
 21
636.75886
 31
0.0
  0
TEXT
  5
2FF
330
17
100
AcDbEntity
  8
DIM
100
AcDbText
 10
507.5011
 20
639.75886
 30
0.0
 40
0.9999
  1
90° L32 R5.0
  7
SimSun
100
AcDbText
  0
LINE
  5
300
330
17
100
AcDbEntity
  8
CENTER
100
AcDbLine
 10
437.85776500000003
 20
636.75886
 30
0.0
 11
444.490435
 21
636.75886
 31
0.0
  0
TEXT
  5
301
330
17
100
AcDbEntity
  8
DIM
100
AcDbText
 10
444.1741
 20
639.75886
 30
0.0
 40
0.9999
  1
90° L20 R5.0
  7
SimSun
100
AcDbText
  0
LINE
  5
302
330
17
100
AcDbEntity
  8
CENTER
100
AcDbLine
 10
423.859165
 20
619.86055
 30
0.0
 11
430.49183500000004
 21
619.86055
 31
0.0
  0
TEXT
  5
303
330
17
100
AcDbEntity
  8
DIM
100
AcDbText
 10
430.17550000000006
 20
622.86055
 30
0.0
 40
0.9999
  1
90° L20 R5.0
  7
SimSun
100
AcDbText
  0
LINE
  5
304
330
17
100
AcDbEntity
  8
CENTER
100
AcDbLine
 10
423.859165
 20
598.712665
 30
0.0
 11
430.49183500000004
 21
598.712665
 31
0.0
  0
TEXT
  5
305
330
17
100
AcDbEntity
  8
DIM
100
AcDbText
 10
430.17550000000006
 20
601.712665
 30
0.0
 40
0.9999
  1
90° L20 R5.0
  7
SimSun
100
AcDbText
  0
LINE
  5
306
330
17
100
AcDbEntity
  8
CENTER
100
AcDbLine
 10
428.8749967
 20
593.6965
 30
0.0
 11
435.5076667
 21
593.6965
 31
0.0
  0
TEXT
  5
307
330
17
100
AcDbEntity
  8
DIM
100
AcDbText
 10
435.1913317
 20
596.6965
 30
0.0
 40
0.9999
  1
90° L20 R5.0
  7
SimSun
100
AcDbText
  0
LINE
  5
308
330
17
100
AcDbEntity
  8
CENTER
100
AcDbLine
 10
435.94129000000004
 20
622.3603
 30
0.0
 11
441.40741
 21
622.3603
 31
0.0
  0
TEXT
  5
309
330
17
100
AcDbEntity
  8
DIM
100
AcDbText
 10
441.67435
 20
625.3603
 30
0.0
 40
0.9999
  1
90° L16 R5.0
  7
SimSun
100
AcDbText
  0
LINE
  5
30A
330
17
100
AcDbEntity
  8
CENTER
100
AcDbLine
 10
499.18496500000003
 20
593.6965
 30
0.0
 11
509.817235
 21
593.6965
 31
0.0
  0
TEXT
  5
30B
330
17
100
AcDbEntity
  8
DIM
100
AcDbText
 10
507.5011
 20
596.6965
 30
0.0
 40
0.9999
  1
90° L32 R5.0
  7
SimSun
100
AcDbText
  0
TEXT
  5
30C
330
17
100
AcDbEntity
  8
TEXT
100
AcDbText
 10
521.1676
 20
581.19736
 30
0.0
 40
5.0
  1
折弯标注
  7
SimSun
100
AcDbText
  0
TEXT
  5
30D
330
17
100
AcDbEntity
  8
DIM
100
AcDbText
 10
521.1676
 20
570.19736
 30
0.0
 40
0.9999
  1
折弯 90° R5.0 ↑
  7
SimSun
100
AcDbText
  0
LINE
  5
30E
330
17
100
AcDbEntity
  8
CENTER
100
AcDbLine
 10
509.1676
 20
571.69736
 30
0.0
 11
549.1676
 21
571.69736
 31
0.0
  0
TEXT
  5
30F
330
17
100
AcDbEntity
  8
DIM
100
AcDbText
 10
521.1676
 20
564.19736
 30
0.0
 40
0.9999
  1
折弯 45° R5.0 ↑
  7
SimSun
100
AcDbText
  0
LINE
  5
310
330
17
100
AcDbEntity
  8
CENTER
100
AcDbLine
 10
509.1676
 20
565.69736
 30
0.0
 11
549.1676
 21
565.69736
 31
0.0
  0
DIMENSION
  5
311
330
17
100
AcDbEntity
  8
DIM
100
AcDbDimension
280
0
  2
*D3
  3
GB_DIM
 10
388.212999999999
 20
526.0696784919504
 30
0.0
 11
393.529135000127
 21
530.8196784919504
 31
0.0
 70
32
 71
5
  1
<>
100
AcDbAlignedDimension
 13
388.212999999999
 23
534.4021784919504
 33
0.0
 14
398.845270000255
 24
534.4021784919504
 34
0.0
 50
0.0
100
AcDbRotatedDimension
  0
DIMENSION
  5
320
330
17
100
AcDbEntity
  8
DIM
100
AcDbDimension
280
0
  2
*D4
  3
GB_DIM
 10
516.6669499999989
 20
526.0696784919504
 30
0.0
 11
521.983085000127
 21
530.8196784919504
 31
0.0
 70
32
 71
5
  1
<>
100
AcDbAlignedDimension
 13
516.6669499999989
 23
534.4021784919504
 33
0.0
 14
527.299220000255
 24
534.4021784919504
 34
0.0
 50
0.0
100
AcDbRotatedDimension
  0
DIMENSION
  5
32F
330
17
100
AcDbEntity
  8
DIM
100
AcDbDimension
280
0
  2
*D5
  3
GB_DIM
 10
425.509
 20
583.6975
 30
0.0
 11
465.8383
 21
586.4475
 31
0.0
 70
32
 71
5
  1
<>
100
AcDbAlignedDimension
 13
425.509
 23
592.03
 33
0.0
 14
506.1676
 24
592.03
 34
0.0
 50
0.0
100
AcDbRotatedDimension
  0
DIMENSION
  5
33E
330
17
100
AcDbEntity
  8
DIM
100
AcDbDimension
280
0
  2
*D6
  3
GB_DIM
 10
417.17650000000003
 20
592.03
 30
0.0
 11
414.42650000000003
 21
615.22768
 31
0.0
 70
32
 71
5
  1
<>
100
AcDbAlignedDimension
 13
425.509
 23
592.03
 33
0.0
 14
425.509
 24
638.42536
 34
0.0
 50
90.0
100
AcDbRotatedDimension
  0
DIMENSION
  5
34D
330
17
100
AcDbEntity
  8
DIM
100
AcDbDimension
280
0
  2
*D7
  3
GB_DIM
 10
425.509
 20
536.4685000000001
 30
0.0
 11
465.8383
 21
539.2185000000001
 31
0.0
 70
32
 71
5
  1
<>
100
AcDbAlignedDimension
 13
425.509
 23
544.801
 33
0.0
 14
506.1676
 24
544.801
 34
0.0
 50
0.0
100
AcDbRotatedDimension
  0
DIMENSION
  5
35C
330
17
100
AcDbEntity
  8
DIM
100
AcDbDimension
280
0
  2
*D8
  3
GB_DIM
 10
417.17650000000003
 20
544.801
 30
0.0
 11
412.42650000000003
 21
550.117135
 31
0.0
 70
32
 71
5
  1
<>
100
AcDbAlignedDimension
 13
425.509
 23
544.801
 33
0.0
 14
425.509
 24
555.43327
 34
0.0
 50
90.0
100
AcDbRotatedDimension
  0
DIMENSION
  5
36B
330
17
100
AcDbEntity
  8
DIM
100
AcDbDimension
280
0
  2
*D9
  3
GB_DIM
 10
378.214
 20
536.0685400000001
 30
0.0
 11
401.41168000000005
 21
538.8185400000001
 31
0.0
 70
32
 71
5
  1
<>
100
AcDbAlignedDimension
 13
378.214
 23
544.4010400000001
 33
0.0
 14
424.60936000000004
 24
544.4010400000001
 34
0.0
 50
0.0
100
AcDbRotatedDimension
  0
DIMENSION
  5
37A
330
17
100
AcDbEntity
  8
DIM
100
AcDbDimension
280
0
  2
*D10
  3
GB_DIM
 10
369.8815
 20
544.4010400000001
 30
0.0
 11
365.1315
 21
549.717175
 31
0.0
 70
32
 71
5
  1
<>
100
AcDbAlignedDimension
 13
378.214
 23
544.4010400000001
 33
0.0
 14
378.214
 24
555.03331
 34
0.0
 50
90.0
100
AcDbRotatedDimension
  0
DIMENSION
  5
389
330
17
100
AcDbEntity
  8
DIM
100
AcDbDimension
280
0
  2
*D11
  3
GB_DIM
 10
425.509
 20
577.6981
 30
0.0
 11
426.34225000000004
 21
582.4481
 31
0.0
 70
32
 71
5
  1
<>
100
AcDbAlignedDimension
 13
425.509
 23
592.03
 33
0.0
 14
427.1755
 24
592.03
 34
0.0
 50
0.0
100
AcDbRotatedDimension
  0
DIMENSION
  5
398
330
17
100
AcDbEntity
  8
DIM
100
AcDbDimension
280
0
  2
*D12
  3
GB_DIM
 10
427.1755
 20
577.6981
 30
0.0
 11
428.5087
 21
582.4481
 31
0.0
 70
32
 71
5
  1
<>
100
AcDbAlignedDimension
 13
427.1755
 23
592.03
 33
0.0
 14
429.8419
 24
592.03
 34
0.0
 50
0.0
100
AcDbRotatedDimension
  0
DIMENSION
  5
3A7
330
17
100
AcDbEntity
  8
DIM
100
AcDbDimension
280
0
  2
*D13
  3
GB_DIM
 10
429.8419
 20
577.6981
 30
0.0
 11
431.00845000000004
 21
582.4481
 31
0.0
 70
32
 71
5
  1
<>
100
AcDbAlignedDimension
 13
429.8419
 23
592.03
 33
0.0
 14
432.175
 24
592.03
 34
0.0
 50
0.0
100
AcDbRotatedDimension
  0
DIMENSION
  5
3B6
330
17
100
AcDbEntity
  8
DIM
100
AcDbDimension
280
0
  2
*D14
  3
GB_DIM
 10
432.175
 20
577.6981
 30
0.0
 11
435.424675
 21
582.4481
 31
0.0
 70
32
 71
5
  1
<>
100
AcDbAlignedDimension
 13
432.175
 23
592.03
 33
0.0
 14
438.67435
 24
592.03
 34
0.0
 50
0.0
100
AcDbRotatedDimension
  0
DIMENSION
  5
3C5
330
17
100
AcDbEntity
  8
DIM
100
AcDbDimension
280
0
  2
*D15
  3
GB_DIM
 10
438.67435
 20
577.6981
 30
0.0
 11
439.924225
 21
582.4481
 31
0.0
 70
32
 71
5
  1
<>
100
AcDbAlignedDimension
 13
438.67435
 23
592.03
 33
0.0
 14
441.1741
 24
592.03
 34
0.0
 50
0.0
100
AcDbRotatedDimension
  0
DIMENSION
  5
3D4
330
17
100
AcDbEntity
  8
DIM
100
AcDbDimension
280
0
  2
*D16
  3
GB_DIM
 10
441.1741
 20
577.6981
 30
0.0
 11
454.756075
 21
580.4481
 31
0.0
 70
32
 71
5
  1
<>
100
AcDbAlignedDimension
 13
441.1741
 23
592.03
 33
0.0
 14
468.33805
 24
592.03
 34
0.0
 50
0.0
100
AcDbRotatedDimension
  0
DIMENSION
  5
3E3
330
17
100
AcDbEntity
  8
DIM
100
AcDbDimension
280
0
  2
*D17
  3
GB_DIM
 10
468.33805
 20
577.6981
 30
0.0
 11
470.1712
 21
582.4481
 31
0.0
 70
32
 71
5
  1
<>
100
AcDbAlignedDimension
 13
468.33805
 23
592.03
 33
0.0
 14
472.00435
 24
592.03
 34
0.0
 50
0.0
100
AcDbRotatedDimension
  0
DIMENSION
  5
3F2
330
17
100
AcDbEntity
  8
DIM
100
AcDbDimension
280
0
  2
*D18
  3
GB_DIM
 10
472.00435
 20
577.6981
 30
0.0
 11
476.67055
 21
582.4481
 31
0.0
 70
32
 71
5
  1
<>
100
AcDbAlignedDimension
 13
472.00435
 23
592.03
 33
0.0
 14
481.33675
 24
592.03
 34
0.0
 50
0.0
100
AcDbRotatedDimension
  0
DIMENSION
  5
401
330
17
100
AcDbEntity
  8
DIM
100
AcDbDimension
280
0
  2
*D19
  3
GB_DIM
 10
481.33675
 20
577.6981
 30
0.0
 11
482.66995
 21
582.4481
 31
0.0
 70
32
 71
5
  1
<>
100
AcDbAlignedDimension
 13
481.33675
 23
592.03
 33
0.0
 14
484.00315
 24
592.03
 34
0.0
 50
0.0
100
AcDbRotatedDimension
  0
DIMENSION
  5
410
330
17
100
AcDbEntity
  8
DIM
100
AcDbDimension
280
0
  2
*D20
  3
GB_DIM
 10
484.00315
 20
577.6981
 30
0.0
 11
485.919625
 21
582.4481
 31
0.0
 70
32
 71
5
  1
<>
100
AcDbAlignedDimension
 13
484.00315
 23
592.03
 33
0.0
 14
487.8361
 24
592.03
 34
0.0
 50
0.0
100
AcDbRotatedDimension
  0
DIMENSION
  5
41F
330
17
100
AcDbEntity
  8
DIM
100
AcDbDimension
280
0
  2
*D21
  3
GB_DIM
 10
487.8361
 20
577.6981
 30
0.0
 11
491.085775
 21
582.4481
 31
0.0
 70
32
 71
5
  1
<>
100
AcDbAlignedDimension
 13
487.8361
 23
592.03
 33
0.0
 14
494.33545000000004
 24
592.03
 34
0.0
 50
0.0
100
AcDbRotatedDimension
  0
DIMENSION
  5
42E
330
17
100
AcDbEntity
  8
DIM
100
AcDbDimension
280
0
  2
*D22
  3
GB_DIM
 10
494.33545000000004
 20
577.6981
 30
0.0
 11
495.66865
 21
582.4481
 31
0.0
 70
32
 71
5
  1
<>
100
AcDbAlignedDimension
 13
494.33545000000004
 23
592.03
 33
0.0
 14
497.00185
 24
592.03
 34
0.0
 50
0.0
100
AcDbRotatedDimension
  0
DIMENSION
  5
43D
330
17
100
AcDbEntity
  8
DIM
100
AcDbDimension
280
0
  2
*D23
  3
GB_DIM
 10
497.00185
 20
577.6981
 30
0.0
 11
498.33505
 21
582.4481
 31
0.0
 70
32
 71
5
  1
<>
100
AcDbAlignedDimension
 13
497.00185
 23
592.03
 33
0.0
 14
499.66825
 24
592.03
 34
0.0
 50
0.0
100
AcDbRotatedDimension
  0
DIMENSION
  5
44C
330
17
100
AcDbEntity
  8
DIM
100
AcDbDimension
280
0
  2
*D24
  3
GB_DIM
 10
499.66825
 20
577.6981
 30
0.0
 11
500.8348
 21
582.4481
 31
0.0
 70
32
 71
5
  1
<>
100
AcDbAlignedDimension
 13
499.66825
 23
592.03
 33
0.0
 14
502.00135
 24
592.03
 34
0.0
 50
0.0
100
AcDbRotatedDimension
  0
DIMENSION
  5
45B
330
17
100
AcDbEntity
  8
DIM
100
AcDbDimension
280
0
  2
*D25
  3
GB_DIM
 10
502.00135
 20
577.6981
 30
0.0
 11
503.251225
 21
582.4481
 31
0.0
 70
32
 71
5
  1
<>
100
AcDbAlignedDimension
 13
502.00135
 23
592.03
 33
0.0
 14
504.5011
 24
592.03
 34
0.0
 50
0.0
100
AcDbRotatedDimension
  0
DIMENSION
  5
46A
330
17
100
AcDbEntity
  8
DIM
100
AcDbDimension
280
0
  2
*D26
  3
GB_DIM
 10
504.5011
 20
577.6981
 30
0.0
 11
505.33435
 21
582.4481
 31
0.0
 70
32
 71
5
  1
<>
100
AcDbAlignedDimension
 13
504.5011
 23
592.03
 33
0.0
 14
506.1676
 24
592.03
 34
0.0
 50
0.0
100
AcDbRotatedDimension
  0
DIMENSION
  5
479
330
17
100
AcDbEntity
  8
DIM
100
AcDbDimension
280
0
  2
*D27
  3
GB_DIM
 10
411.1771
 20
592.03
 30
0.0
 11
406.4271
 21
592.86325
 31
0.0
 70
32
 71
5
  1
<>
100
AcDbAlignedDimension
 13
425.509
 23
592.03
 33
0.0
 14
425.509
 24
593.6965
 34
0.0
 50
90.0
100
AcDbRotatedDimension
  0
DIMENSION
  5
488
330
17
100
AcDbEntity
  8
DIM
100
AcDbDimension
280
0
  2
*D28
  3
GB_DIM
 10
411.1771
 20
593.6965
 30
0.0
 11
406.4271
 21
594.046465
 31
0.0
 70
32
 71
5
  1
<>
100
AcDbAlignedDimension
 13
425.509
 23
593.6965
 33
0.0
 14
425.509
 24
594.39643
 34
0.0
 50
90.0
100
AcDbRotatedDimension
  0
DIMENSION
  5
497
330
17
100
AcDbEntity
  8
DIM
100
AcDbDimension
280
0
  2
*D29
  3
GB_DIM
 10
411.1771
 20
594.39643
 30
0.0
 11
406.4271
 21
596.09626
 31
0.0
 70
32
 71
5
  1
<>
100
AcDbAlignedDimension
 13
425.509
 23
594.39643
 33
0.0
 14
425.509
 24
597.79609
 34
0.0
 50
90.0
100
AcDbRotatedDimension
  0
DIMENSION
  5
4A6
330
17
100
AcDbEntity
  8
DIM
100
AcDbDimension
280
0
  2
*D30
  3
GB_DIM
 10
411.1771
 20
597.79609
 30
0.0
 11
406.4271
 21
597.9127450000001
 31
0.0
 70
32
 71
5
  1
<>
100
AcDbAlignedDimension
 13
425.509
 23
597.79609
 33
0.0
 14
425.509
 24
598.0294
 34
0.0
 50
90.0
100
AcDbRotatedDimension
  0
DIMENSION
  5
4B5
330
17
100
AcDbEntity
  8
DIM
100
AcDbDimension
280
0
  2
*D31
  3
GB_DIM
 10
411.1771
 20
598.0294
 30
0.0
 11
406.4271
 21
598.379365
 31
0.0
 70
32
 71
5
  1
<>
100
AcDbAlignedDimension
 13
425.509
 23
598.0294
 33
0.0
 14
425.509
 24
598.72933
 34
0.0
 50
90.0
100
AcDbRotatedDimension
  0
DIMENSION
  5
4C4
330
17
100
AcDbEntity
  8
DIM
100
AcDbDimension
280
0
  2
*D32
  3
GB_DIM
 10
411.1771
 20
598.72933
 30
0.0
 11
406.4271
 21
600.9124449999999
 31
0.0
 70
32
 71
5
  1
<>
100
AcDbAlignedDimension
 13
425.509
 23
598.72933
 33
0.0
 14
425.509
 24
603.09556
 34
0.0
 50
90.0
100
AcDbRotatedDimension
  0
DIMENSION
  5
4D3
330
17
100
AcDbEntity
  8
DIM
100
AcDbDimension
280
0
  2
*D33
  3
GB_DIM
 10
411.1771
 20
603.09556
 30
0.0
 11
408.4271
 21
611.478055
 31
0.0
 70
32
 71
5
  1
<>
100
AcDbAlignedDimension
 13
425.509
 23
603.09556
 33
0.0
 14
425.509
 24
619.86055
 34
0.0
 50
90.0
100
AcDbRotatedDimension
  0
DIMENSION
  5
4E2
330
17
100
AcDbEntity
  8
DIM
100
AcDbDimension
280
0
  2
*D34
  3
GB_DIM
 10
411.1771
 20
619.86055
 30
0.0
 11
406.4271
 21
621.1104250000001
 31
0.0
 70
32
 71
5
  1
<>
100
AcDbAlignedDimension
 13
425.509
 23
619.86055
 33
0.0
 14
425.509
 24
622.3603
 34
0.0
 50
90.0
100
AcDbRotatedDimension
  0
DIMENSION
  5
4F1
330
17
100
AcDbEntity
  8
DIM
100
AcDbDimension
280
0
  2
*D35
  3
GB_DIM
 10
411.1771
 20
622.3603
 30
0.0
 11
406.4271
 21
628.39303
 31
0.0
 70
32
 71
5
  1
<>
100
AcDbAlignedDimension
 13
425.509
 23
622.3603
 33
0.0
 14
425.509
 24
634.42576
 34
0.0
 50
90.0
100
AcDbRotatedDimension
  0
DIMENSION
  5
500
330
17
100
AcDbEntity
  8
DIM
100
AcDbDimension
280
0
  2
*D36
  3
GB_DIM
 10
411.1771
 20
634.42576
 30
0.0
 11
406.4271
 21
635.009035
 31
0.0
 70
32
 71
5
  1
<>
100
AcDbAlignedDimension
 13
425.509
 23
634.42576
 33
0.0
 14
425.509
 24
635.59231
 34
0.0
 50
90.0
100
AcDbRotatedDimension
  0
DIMENSION
  5
50F
330
17
100
AcDbEntity
  8
DIM
100
AcDbDimension
280
0
  2
*D37
  3
GB_DIM
 10
411.1771
 20
635.59231
 30
0.0
 11
406.4271
 21
635.675635
 31
0.0
 70
32
 71
5
  1
<>
100
AcDbAlignedDimension
 13
425.509
 23
635.59231
 33
0.0
 14
425.509
 24
635.75896
 34
0.0
 50
90.0
100
AcDbRotatedDimension
  0
DIMENSION
  5
51E
330
17
100
AcDbEntity
  8
DIM
100
AcDbDimension
280
0
  2
*D38
  3
GB_DIM
 10
411.1771
 20
635.75896
 30
0.0
 11
406.4271
 21
636.25891
 31
0.0
 70
32
 71
5
  1
<>
100
AcDbAlignedDimension
 13
425.509
 23
635.75896
 33
0.0
 14
425.509
 24
636.75886
 34
0.0
 50
90.0
100
AcDbRotatedDimension
  0
DIMENSION
  5
52D
330
17
100
AcDbEntity
  8
DIM
100
AcDbDimension
280
0
  2
*D39
  3
GB_DIM
 10
411.1771
 20
636.75886
 30
0.0
 11
406.4271
 21
637.59211
 31
0.0
 70
32
 71
5
  1
<>
100
AcDbAlignedDimension
 13
425.509
 23
636.75886
 33
0.0
 14
425.509
 24
638.42536
 34
0.0
 50
90.0
100
AcDbRotatedDimension
  0
DIMENSION
  5
53C
330
17
100
AcDbEntity
  8
DIM
100
AcDbDimension
280
0
  2
*D40
  3
GB_DIM
 10
504.5011
 20
646.7578599999999
 30
0.0
 11
505.33435
 21
651.5078599999999
 31
0.0
 70
32
 71
5
  1
<>
100
AcDbAlignedDimension
 13
504.5011
 23
638.42536
 33
0.0
 14
506.1676
 24
638.42536
 34
0.0
 50
0.0
100
AcDbRotatedDimension
  0
DIMENSION
  5
54B
330
17
100
AcDbEntity
  8
DIM
100
AcDbDimension
280
0
  2
*D41
  3
GB_DIM
 10
514.5001
 20
593.6965
 30
0.0
 11
511.7501
 21
616.06093
 31
0.0
 70
32
 71
5
  1
<>
100
AcDbAlignedDimension
 13
506.1676
 23
593.6965
 33
0.0
 14
506.1676
 24
638.42536
 34
0.0
 50
90.0
100
AcDbRotatedDimension
  0
DIMENSION
  5
55A
330
17
100
AcDbEntity
  8
DIM
100
AcDbDimension
280
0
  2
*D42
  3
GB_DIM
 10
504.5011
 20
652.75726
 30
0.0
 11
505.33435
 21
657.50726
 31
0.0
 70
32
 71
5
  1
<>
100
AcDbAlignedDimension
 13
504.5011
 23
638.42536
 33
0.0
 14
506.1676
 24
638.42536
 34
0.0
 50
0.0
100
AcDbRotatedDimension
  0
DIMENSION
  5
569
330
17
100
AcDbEntity
  8
DIM
100
AcDbDimension
280
0
  2
*D43
  3
GB_DIM
 10
520.4995
 20
636.75886
 30
0.0
 11
515.7495
 21
637.59211
 31
0.0
 70
32
 71
5
  1
<>
100
AcDbAlignedDimension
 13
506.1676
 23
636.75886
 33
0.0
 14
506.1676
 24
638.42536
 34
0.0
 50
90.0
100
AcDbRotatedDimension
  0
DIMENSION
  5
578
330
17
100
AcDbEntity
  8
DIM
100
AcDbDimension
280
0
  2
*D44
  3
GB_DIM
 10
432.19133170000003
 20
658.75666
 30
0.0
 11
469.17946585000004
 21
661.50666
 31
0.0
 70
32
 71
5
  1
<>
100
AcDbAlignedDimension
 13
432.19133170000003
 23
638.42536
 33
0.0
 14
506.1676
 24
638.42536
 34
0.0
 50
0.0
100
AcDbRotatedDimension
  0
DIMENSION
  5
587
330
17
100
AcDbEntity
  8
DIM
100
AcDbDimension
280
0
  2
*D45
  3
GB_DIM
 10
526.4989
 20
593.6965
 30
0.0
 11
523.7489
 21
616.06093
 31
0.0
 70
32
 71
5
  1
<>
100
AcDbAlignedDimension
 13
506.1676
 23
593.6965
 33
0.0
 14
506.1676
 24
638.42536
 34
0.0
 50
90.0
100
AcDbRotatedDimension
  0
DIMENSION
  5
596
330
17
100
AcDbEntity
  8
DIM
100
AcDbDimension
280
0
  2
*D46
  3
GB_DIM
 10
427.1755
 20
664.7560599999999
 30
0.0
 11
466.67155
 21
667.5060599999999
 31
0.0
 70
32
 71
5
  1
<>
100
AcDbAlignedDimension
 13
427.1755
 23
638.42536
 33
0.0
 14
506.1676
 24
638.42536
 34
0.0
 50
0.0
100
AcDbRotatedDimension
  0
DIMENSION
  5
5A5
330
17
100
AcDbEntity
  8
DIM
100
AcDbDimension
280
0
  2
*D47
  3
GB_DIM
 10
532.4983
 20
598.712665
 30
0.0
 11
529.7483
 21
618.5690125
 31
0.0
 70
32
 71
5
  1
<>
100
AcDbAlignedDimension
 13
506.1676
 23
598.712665
 33
0.0
 14
506.1676
 24
638.42536
 34
0.0
 50
90.0
100
AcDbRotatedDimension
  0
DIMENSION
  5
5B4
330
17
100
AcDbEntity
  8
DIM
100
AcDbDimension
280
0
  2
*D48
  3
GB_DIM
 10
487.8361
 20
635.59231
 30
0.0
 11
492.4322587223742
 21
644.077556018899
 31
0.0
 70
36
 71
5
  1
<>
100
AcDbRadialDimension
 15
488.1896180352542
 25
635.9458280352542
 35
0.0
  0
DIMENSION
  5
5BF
330
17
100
AcDbEntity
  8
DIM
100
AcDbDimension
280
0
  2
*D49
  3
GB_DIM
 10
429.8419
 20
598.0294
 30
0.0
 11
434.55589806745775
 21
606.6324853639845
 31
0.0
 70
36
 71
5
  1
<>
100
AcDbRadialDimension
 15
430.31325738033894
 25
598.500757380339
 35
0.0
  0
DIMENSION
  5
5CA
330
17
100
AcDbEntity
  8
DIM
100
AcDbDimension
280
0
  2
*D50
  3
GB_DIM
 10
427.1755
 20
598.712665
 30
0.0
 11
432.007337412543
 21
607.433589709069
 31
0.0
 70
36
 71
5
  1
<>
100
AcDbRadialDimension
 15
427.7646967254237
 25
599.3018617254237
 35
0.0
  0
DIMENSION
  5
5D5
330
17
100
AcDbEntity
  8
DIM
100
AcDbDimension
280
0
  2
*D51
  3
GB_DIM
 10
481.33675
 20
634.42576
 30
0.0
 11
485.04898989055096
 21
642.0270871870773
 31
0.0
 70
36
 71
5
  1
<>
100
AcDbRadialDimension
 15
482.0437860705084
 25
635.1327960705084
 35
0.0
  0
LEADER
  5
5E0
330
17
100
AcDbEntity
  8
LEADER
100
AcDbLeader
  3
EZDXF
 73
3
 76
3
 10
506.1676
 20
550.1171350000001
 30
0.0
 10
511.1671
 20
553.450135
 30
0.0
 10
517.1665
 20
553.450135
 30
0.0
  0
TEXT
  5
5E1
330
17
100
AcDbEntity
  8
TEXT
100
AcDbText
 10
519.1665
 20
555.450135
 30
0.0
 40
1.16655
  1
t=31.9
  7
SimSun
100
AcDbText
  0
LEADER
  5
5E2
330
17
100
AcDbEntity
  8
LEADER
100
AcDbLeader
  3
EZDXF
 73
3
 76
3
 10
462.83860000000004
 20
615.42766
 30
0.0
 10
471.50440000000003
 20
619.42726
 30
0.0
 10
477.5038
 20
619.42726
 30
0.0
  0
TEXT
  5
5E3
330
17
100
AcDbEntity
  8
TEXT
100
AcDbText
 10
479.5038
 20
621.42726
 30
0.0
 40
1.16655
  1
%%C5/%%C10×90°
  7
SimSun
100
AcDbText
  0
LEADER
  5
5E4
330
17
100
AcDbEntity
  8
LEADER
100
AcDbLeader
  3
EZDXF
 73
3
 76
3
 10
462.83860000000004
 20
558.19966
 30
0.0
 10
471.50440000000003
 20
562.19926
 30
0.0
 10
477.5038
 20
562.19926
 30
0.0
  0
TEXT
  5
5E5
330
17
100
AcDbEntity
  8
TEXT
100
AcDbText
 10
479.5038
 20
564.19926
 30
0.0
 40
1.16655
  1
%%C4
  7
SimSun
100
AcDbText
  0
LEADER
  5
5E6
330
17
100
AcDbEntity
  8
LEADER
100
AcDbLeader
  3
EZDXF
 73
3
 76
3
 10
462.83860000000004
 20
615.42766
 30
0.0
 10
471.50440000000003
 20
619.42726
 30
0.0
 10
477.5038
 20
619.42726
 30
0.0
  0
TEXT
  5
5E7
330
17
100
AcDbEntity
  8
TEXT
100
AcDbText
 10
479.5038
 20
621.42726
 30
0.0
 40
1.16655
  1
M4-6H 深4
  7
SimSun
100
AcDbText
  0
LEADER
  5
5E8
330
17
100
AcDbEntity
  8
LEADER
100
AcDbLeader
  3
EZDXF
 73
3
 76
3
 10
462.83860000000004
 20
558.19966
 30
0.0
 10
471.50440000000003
 20
562.19926
 30
0.0
 10
477.5038
 20
562.19926
 30
0.0
  0
TEXT
  5
5E9
330
17
100
AcDbEntity
  8
TEXT
100
AcDbText
 10
479.5038
 20
564.19926
 30
0.0
 40
1.16655
  1
t2.5
  7
SimSun
100
AcDbText
  0
LEADER
  5
5EA
330
17
100
AcDbEntity
  8
LEADER
100
AcDbLeader
  3
EZDXF
 73
3
 76
3
 10
462.83860000000004
 20
558.19966
 30
0.0
 10
471.50440000000003
 20
562.19926
 30
0.0
 10
477.5038
 20
562.19926
 30
0.0
  0
TEXT
  5
5EB
330
17
100
AcDbEntity
  8
TEXT
100
AcDbText
 10
479.5038
 20
564.19926
 30
0.0
 40
1.16655
  1
C0.5(除注明外)
  7
SimSun
100
AcDbText
  0
LEADER
  5
5EC
330
17
100
AcDbEntity
  8
LEADER
100
AcDbLeader
  3
EZDXF
 73
3
 76
3
 10
462.83860000000004
 20
558.19966
 30
0.0
 10
471.50440000000003
 20
562.19926
 30
0.0
 10
477.5038
 20
562.19926
 30
0.0
  0
TEXT
  5
5ED
330
17
100
AcDbEntity
  8
TEXT
100
AcDbText
 10
479.5038
 20
564.19926
 30
0.0
 40
1.16655
  1
%%C4.0x90%%D
  7
SimSun
100
AcDbText
  0
LEADER
  5
5EE
330
17
100
AcDbEntity
  8
LEADER
100
AcDbLeader
  3
EZDXF
 73
3
 76
3
 10
462.83860000000004
 20
558.19966
 30
0.0
 10
471.50440000000003
 20
562.19926
 30
0.0
 10
477.5038
 20
562.19926
 30
0.0
  0
TEXT
  5
5EF
330
17
100
AcDbEntity
  8
TEXT
100
AcDbText
 10
479.5038
 20
564.19926
 30
0.0
 40
1.16655
  1
3-%%C4.0
  7
SimSun
100
AcDbText
  0
LEADER
  5
5F0
330
17
100
AcDbEntity
  8
LEADER
100
AcDbLeader
  3
EZDXF
 73
3
 76
3
 10
401.61166000000003
 20
557.7997
 30
0.0
 10
410.27746
 20
561.7993
 30
0.0
 10
416.27686
 20
561.7993
 30
0.0
  0
TEXT
  5
5F1
330
17
100
AcDbEntity
  8
TEXT
100
AcDbText
 10
418.27686
 20
563.7993
 30
0.0
 40
1.16655
  1
10-%%C4.0
  7
SimSun
100
AcDbText
  0
LEADER
  5
5F2
330
17
100
AcDbEntity
  8
LEADER
100
AcDbLeader
  3
EZDXF
 73
3
 76
3
 10
462.83860000000004
 20
615.42766
 30
0.0
 10
471.50440000000003
 20
619.42726
 30
0.0
 10
477.5038
 20
619.42726
 30
0.0
  0
TEXT
  5
5F3
330
17
100
AcDbEntity
  8
TEXT
100
AcDbText
 10
479.5038
 20
621.42726
 30
0.0
 40
1.16655
  1
6-%%C10.0x90%%D
  7
SimSun
100
AcDbText
  0
LEADER
  5
5F4
330
17
100
AcDbEntity
  8
LEADER
100
AcDbLeader
  3
EZDXF
 73
3
 76
3
 10
462.83860000000004
 20
615.42766
 30
0.0
 10
471.50440000000003
 20
619.42726
 30
0.0
 10
477.5038
 20
619.42726
 30
0.0
  0
TEXT
  5
5F5
330
17
100
AcDbEntity
  8
TEXT
100
AcDbText
 10
479.5038
 20
621.42726
 30
0.0
 40
1.16655
  1
3-%%C4.0x90%%D
  7
SimSun
100
AcDbText
  0
LEADER
  5
5F6
330
17
100
AcDbEntity
  8
LEADER
100
AcDbLeader
  3
EZDXF
 73
3
 76
3
 10
462.83860000000004
 20
615.42766
 30
0.0
 10
471.50440000000003
 20
619.42726
 30
0.0
 10
477.5038
 20
619.42726
 30
0.0
  0
TEXT
  5
5F7
330
17
100
AcDbEntity
  8
TEXT
100
AcDbText
 10
479.5038
 20
621.42726
 30
0.0
 40
1.16655
  1
4-%%C6.0x90%%D
  7
SimSun
100
AcDbText
  0
LEADER
  5
5F8
330
17
100
AcDbEntity
  8
LEADER
100
AcDbLeader
  3
EZDXF
 73
3
 76
3
 10
462.83860000000004
 20
615.42766
 30
0.0
 10
471.50440000000003
 20
619.42726
 30
0.0
 10
477.5038
 20
619.42726
 30
0.0
  0
TEXT
  5
5F9
330
17
100
AcDbEntity
  8
TEXT
100
AcDbText
 10
479.5038
 20
621.42726
 30
0.0
 40
1.16655
  1
2-%%C6.0
  7
SimSun
100
AcDbText
  0
LEADER
  5
5FA
330
17
100
AcDbEntity
  8
LEADER
100
AcDbLeader
  3
EZDXF
 73
3
 76
3
 10
462.83860000000004
 20
615.42766
 30
0.0
 10
471.50440000000003
 20
619.42726
 30
0.0
 10
477.5038
 20
619.42726
 30
0.0
  0
TEXT
  5
5FB
330
17
100
AcDbEntity
  8
TEXT
100
AcDbText
 10
479.5038
 20
621.42726
 30
0.0
 40
1.16655
  1
%%C6.3x90%%D
  7
SimSun
100
AcDbText
  0
LEADER
  5
5FC
330
17
100
AcDbEntity
  8
LEADER
100
AcDbLeader
  3
EZDXF
 73
3
 76
3
 10
462.83860000000004
 20
615.42766
 30
0.0
 10
471.50440000000003
 20
619.42726
 30
0.0
 10
477.5038
 20
619.42726
 30
0.0
  0
TEXT
  5
5FD
330
17
100
AcDbEntity
  8
TEXT
100
AcDbText
 10
479.5038
 20
621.42726
 30
0.0
 40
1.16655
  1
M4.0-6H
  7
SimSun
100
AcDbText
  0
TEXT
  5
5FE
330
17
100
AcDbEntity
  8
TECH
100
AcDbText
 10
60.0
 20
55.0
 30
0.0
 40
5.0
  1
技术要求
  7
SimSun
100
AcDbText
  0
MTEXT
  5
5FF
330
17
100
AcDbEntity
  8
TECH
100
AcDbMText
 10
60.0
 20
42.0
 30
0.0
 40
3.5
 71
1
  1
材料: AL5052, 板厚 t2.5\P未注尺寸公差按 GB/T 1804-m\P未注角度公差按 GB/T 1804-m\P折弯未注尺寸按 GB/T 1804-m\P焊缝按 GB/T 324\P去毛刺、锐边倒钝\P表面钝化处理
  7
SimSun
  0
LWPOLYLINE
  5
600
330
17
100
AcDbEntity
  8
FRAME
100
AcDbPolyline
 90
4
 70
1
 10
0.0
 20
0.0
 10
1189.0
 20
0.0
 10
1189.0
 20
841.0
 10
0.0
 20
841.0
  0
LWPOLYLINE
  5
601
330
17
100
AcDbEntity
  8
FRAME
100
AcDbPolyline
 90
4
 70
1
 10
25.0
 20
10.0
 10
1179.0
 20
10.0
 10
1179.0
 20
831.0
 10
25.0
 20
831.0
  0
LWPOLYLINE
  5
602
330
17
100
AcDbEntity
  8
TITLE
100
AcDbPolyline
 90
4
 70
1
 10
999.0
 20
10.0
 10
1179.0
 20
10.0
 10
1179.0
 20
66.0
 10
999.0
 20
66.0
  0
LINE
  5
603
330
17
100
AcDbEntity
  8
TITLE
100
AcDbLine
 10
999.0
 20
40.800000000000004
 30
0.0
 11
1179.0
 21
40.800000000000004
 31
0.0
  0
LINE
  5
604
330
17
100
AcDbEntity
  8
TITLE
100
AcDbLine
 10
999.0
 20
53.68
 30
0.0
 11
1179.0
 21
53.68
 31
0.0
  0
LINE
  5
605
330
17
100
AcDbEntity
  8
TITLE
100
AcDbLine
 10
1044.0
 20
40.800000000000004
 30
0.0
 11
1044.0
 21
66.0
 31
0.0
  0
LINE
  5
606
330
17
100
AcDbEntity
  8
TITLE
100
AcDbLine
 10
1089.0
 20
40.800000000000004
 30
0.0
 11
1089.0
 21
66.0
 31
0.0
  0
LINE
  5
607
330
17
100
AcDbEntity
  8
TITLE
100
AcDbLine
 10
1134.0
 20
40.800000000000004
 30
0.0
 11
1134.0
 21
66.0
 31
0.0
  0
LINE
  5
608
330
17
100
AcDbEntity
  8
TITLE
100
AcDbLine
 10
1071.0
 20
10.0
 30
0.0
 11
1071.0
 21
40.800000000000004
 31
0.0
  0
LINE
  5
609
330
17
100
AcDbEntity
  8
TITLE
100
AcDbLine
 10
1125.0
 20
10.0
 30
0.0
 11
1125.0
 21
40.800000000000004
 31
0.0
  0
TEXT
  5
60A
330
17
100
AcDbEntity
  8
TITLE
100
AcDbText
 10
1004.0
 20
26.800000000000004
 30
0.0
 40
7.0
  1
后壳
  7
SimSun
100
AcDbText
  0
TEXT
  5
60B
330
17
100
AcDbEntity
  8
TITLE
100
AcDbText
 10
1004.0
 20
15.0
 30
0.0
 40
5.0
  1
BEACON-001
  7
SimSun
100
AcDbText
  0
TEXT
  5
60C
330
17
100
AcDbEntity
  8
TITLE
100
AcDbText
 10
1076.0
 20
28.800000000000004
 30
0.0
 40
5.0
  1
比例 1:3.0003
  7
SimSun
100
AcDbText
  0
TEXT
  5
60D
330
17
100
AcDbEntity
  8
TITLE
100
AcDbText
 10
1076.0
 20
15.0
 30
0.0
 40
5.0
  1
图幅 A1
  7
SimSun
100
AcDbText
  0
TEXT
  5
60E
330
17
100
AcDbEntity
  8
TITLE
100
AcDbText
 10
1130.0
 20
28.800000000000004
 30
0.0
 40
5.0
  1
材料 AL5052
  7
SimSun
100
AcDbText
  0
TEXT
  5
60F
330
17
100
AcDbEntity
  8
TITLE
100
AcDbText
 10
1130.0
 20
15.0
 30
0.0
 40
5.0
  1
单位 Beacon
  7
SimSun
100
AcDbText
  0
TEXT
  5
610
330
17
100
AcDbEntity
  8
TITLE
100
AcDbText
 10
1001.0
 20
55.18
 30
0.0
 40
2.5
  1
设计
  7
SimSun
100
AcDbText
  0
TEXT
  5
611
330
17
100
AcDbEntity
  8
TITLE
100
AcDbText
 10
1001.0
 20
42.300000000000004
 30
0.0
 40
2.5
  1

  7
SimSun
100
AcDbText
  0
TEXT
  5
612
330
17
100
AcDbEntity
  8
TITLE
100
AcDbText
 10
1046.0
 20
55.18
 30
0.0
 40
2.5
  1
校对
  7
SimSun
100
AcDbText
  0
TEXT
  5
613
330
17
100
AcDbEntity
  8
TITLE
100
AcDbText
 10
1046.0
 20
42.300000000000004
 30
0.0
 40
2.5
  1

  7
SimSun
100
AcDbText
  0
TEXT
  5
614
330
17
100
AcDbEntity
  8
TITLE
100
AcDbText
 10
1091.0
 20
55.18
 30
0.0
 40
2.5
  1
审核
  7
SimSun
100
AcDbText
  0
TEXT
  5
615
330
17
100
AcDbEntity
  8
TITLE
100
AcDbText
 10
1091.0
 20
42.300000000000004
 30
0.0
 40
2.5
  1

  7
SimSun
100
AcDbText
  0
TEXT
  5
616
330
17
100
AcDbEntity
  8
TITLE
100
AcDbText
 10
1136.0
 20
55.18
 30
0.0
 40
2.5
  1
日期
  7
SimSun
100
AcDbText
  0
TEXT
  5
617
330
17
100
AcDbEntity
  8
TITLE
100
AcDbText
 10
1136.0
 20
42.300000000000004
 30
0.0
 40
2.5
  1
2025-07-09
  7
SimSun
100
AcDbText
  0
LWPOLYLINE
  5
618
330
17
100
AcDbEntity
  8
BOM
100
AcDbPolyline
 90
4
 70
1
 10
999.0
 20
66.0
 10
1179.0
 20
66.0
 10
1179.0
 20
86.0
 10
999.0
 20
86.0
  0
TEXT
  5
619
330
17
100
AcDbEntity
  8
BOM
100
AcDbText
 10
1002.0
 20
72.0
 30
0.0
 40
2.5
  1
1
  7
SimSun
100
AcDbText
  0
TEXT
  5
61A
330
17
100
AcDbEntity
  8
BOM
100
AcDbText
 10
1011.0
 20
72.0
 30
0.0
 40
2.5
  1
后壳
  7
SimSun
100
AcDbText
  0
TEXT
  5
61B
330
17
100
AcDbEntity
  8
BOM
100
AcDbText
 10
1089.0
 20
72.0
 30
0.0
 40
2.5
  1
BEACON-001
  7
SimSun
100
AcDbText
  0
TEXT
  5
61C
330
17
100
AcDbEntity
  8
BOM
100
AcDbText
 10
1167.0
 20
72.0
 30
0.0
 40
2.5
  1
1
  7
SimSun
100
AcDbText
  0
TEXT
  5
61D
330
17
100
AcDbEntity
  8
TEXT
100
AcDbText
 10
1057.0
 20
815.0
 30
0.0
 40
5.0
  1
其余
  7
SimSun
100
AcDbText
  0
LINE
  5
61E
330
17
100
AcDbEntity
  8
TEXT
100
AcDbLine
 10
1079.0
 20
811.0
 30
0.0
 11
1083.0
 21
813.4
 31
0.0
  0
LINE
  5
61F
330
17
100
AcDbEntity
  8
TEXT
100
AcDbLine
 10
1083.0
 20
813.4
 30
0.0
 11
1074.2
 21
813.88
 31
0.0
  0
LINE
  5
620
330
17
100
AcDbEntity
  8
TEXT
100
AcDbLine
 10
1082.0
 20
814.9
 30
0.0
 11
1092.0
 21
814.9
 31
0.0
  0
TEXT
  5
621
330
17
100
AcDbEntity
  8
TEXT
100
AcDbText
 10
1084.0
 20
815.9
 30
0.0
 40
3.0
  1
Ra3.2
  7
SimSun
100
AcDbText
  0
TEXT
  5
622
330
17
100
AcDbEntity
  8
TEXT
100
AcDbText
 10
1095.0
 20
814.4
 30
0.0
 40
2.5
  1
折弯变形面
  7
SimSun
100
AcDbText
  0
TEXT
  5
623
330
17
100
AcDbEntity
  8
TEXT
100
AcDbText
 10
1095.0
 20
810.9
 30
0.0
 40
2.0
  1
[Section-A折弯区]
  7
SimSun
100
AcDbText
  0
LINE
  5
624
330
17
100
AcDbEntity
  8
TEXT
100
AcDbLine
 10
1079.0
 20
797.0
 30
0.0
 11
1083.0
 21
799.4
 31
0.0
  0
LINE
  5
625
330
17
100
AcDbEntity
  8
TEXT
100
AcDbLine
 10
1083.0
 20
799.4
 30
0.0
 11
1074.2
 21
799.88
 31
0.0
  0
LINE
  5
626
330
17
100
AcDbEntity
  8
TEXT
100
AcDbLine
 10
1082.0
 20
800.9
 30
0.0
 11
1092.0
 21
800.9
 31
0.0
  0
TEXT
  5
627
330
17
100
AcDbEntity
  8
TEXT
100
AcDbText
 10
1084.0
 20
801.9
 30
0.0
 40
3.0
  1
Ra6.3
  7
SimSun
100
AcDbText
  0
TEXT
  5
628
330
17
100
AcDbEntity
  8
TEXT
100
AcDbText
 10
1095.0
 20
800.4
 30
0.0
 40
2.5
  1
焊接面
  7
SimSun
100
AcDbText
  0
TEXT
  5
629
330
17
100
AcDbEntity
  8
TEXT
100
AcDbText
 10
1095.0
 20
796.9
 30
0.0
 40
2.0
  1
[Section-A焊缝处]
  7
SimSun
100
AcDbText
  0
LINE
  5
62A
330
17
100
AcDbEntity
  8
TEXT
100
AcDbLine
 10
1079.0
 20
783.0
 30
0.0
 11
1083.0
 21
785.4
 31
0.0
  0
LINE
  5
62B
330
17
100
AcDbEntity
  8
TEXT
100
AcDbLine
 10
1083.0
 20
785.4
 30
0.0
 11
1074.2
 21
785.88
 31
0.0
  0
LINE
  5
62C
330
17
100
AcDbEntity
  8
TEXT
100
AcDbLine
 10
1082.0
 20
786.9
 30
0.0
 11
1092.0
 21
786.9
 31
0.0
  0
TEXT
  5
62D
330
17
100
AcDbEntity
  8
TEXT
100
AcDbText
 10
1084.0
 20
787.9
 30
0.0
 40
3.0
  1
Ra6.3
  7
SimSun
100
AcDbText
  0
TEXT
  5
62E
330
17
100
AcDbEntity
  8
TEXT
100
AcDbText
 10
1095.0
 20
786.4
 30
0.0
 40
2.5
  1
外形面
  7
SimSun
100
AcDbText
  0
TEXT
  5
62F
330
17
100
AcDbEntity
  8
TEXT
100
AcDbText
 10
1095.0
 20
782.9
 30
0.0
 40
2.0
  1
[Front外形轮廓]
  7
SimSun
100
AcDbText
  0
TEXT
  5
630
330
17
100
AcDbEntity
  8
TEXT
100
AcDbText
 10
849.0
 20
815.0
 30
0.0
 40
5.0
  1
形位公差 GB/T 1182
  7
SimSun
100
AcDbText
  0
TOLERANCE
  5
631
330
17
100
AcDbEntity
  8
DIM
100
AcDbFcf
  3
GB_DIM
 10
959.0
 20
811.0
 30
0.0
  1
{\Fgdt;i}0.1 A
 11
1.0
 21
0.0
 31
0.0
  0
TEXT
  5
632
330
17
100
AcDbEntity
  8
TEXT
100
AcDbText
 10
989.0
 20
807.0
 30
0.0
 40
2.5
  1
面: 折弯立面(相对于底面)
  7
SimSun
100
AcDbText
  0
TEXT
  5
633
330
17
100
AcDbEntity
  8
TEXT
100
AcDbText
 10
989.0
 20
810.5
 30
0.0
 40
2.5
  1
(垂直度)
  7
SimSun
100
AcDbText
  0
LINE
  5
634
330
17
100
AcDbEntity
  8
DIM
100
AcDbLine
 10
944.0
 20
809.0
 30
0.0
 11
947.0
 21
809.0
 31
0.0
  0
LINE
  5
635
330
17
100
AcDbEntity
  8
DIM
100
AcDbLine
 10
944.0
 20
809.0
 30
0.0
 11
945.5
 21
806.0
 31
0.0
  0
LINE
  5
636
330
17
100
AcDbEntity
  8
DIM
100
AcDbLine
 10
947.0
 20
809.0
 30
0.0
 11
945.5
 21
806.0
 31
0.0
  0
TEXT
  5
637
330
17
100
AcDbEntity
  8
DIM
100
AcDbText
 10
948.0
 20
806.0
 30
0.0
 40
3.0
  1
A
  7
SimSun
100
AcDbText
  0
TOLERANCE
  5
638
330
17
100
AcDbEntity
  8
DIM
100
AcDbFcf
  3
GB_DIM
 10
959.0
 20
799.0
 30
0.0
  1
{\Fgdt;f}0.15 A
 11
1.0
 21
0.0
 31
0.0
  0
TEXT
  5
639
330
17
100
AcDbEntity
  8
TEXT
100
AcDbText
 10
989.0
 20
795.0
 30
0.0
 40
2.5
  1
面: 底面
  7
SimSun
100
AcDbText
  0
TEXT
  5
63A
330
17
100
AcDbEntity
  8
TEXT
100
AcDbText
 10
989.0
 20
798.5
 30
0.0
 40
2.5
  1
(平行度)
  7
SimSun
100
AcDbText
  0
LINE
  5
63B
330
17
100
AcDbEntity
  8
SECTION
100
AcDbLine
 10
425.5090000034269
 20
558.19966
 30
0.0
 11
506.16760000343874
 21
558.19966
 31
0.0
  0
LINE
  5
63C
330
17
100
AcDbEntity
  8
SECTION
100
AcDbLine
 10
465.8383000034328
 20
558.19966
 30
0.0
 11
464.1718000034328
 21
559.86616
 31
0.0
  0
LINE
  5
63D
330
17
100
AcDbEntity
  8
SECTION
100
AcDbLine
 10
465.8383000034328
 20
558.19966
 30
0.0
 11
467.50480000343276
 21
559.86616
 31
0.0
  0
TEXT
  5
63E
330
17
100
AcDbEntity
  8
TEXT
100
AcDbText
 10
419.5090000034269
 20
560.19966
 30
0.0
 40
1.6664999999999999
  1
A
  7
SimSun
100
AcDbText
  0
TEXT
  5
63F
330
17
100
AcDbEntity
  8
TEXT
100
AcDbText
 10
508.16760000343874
 20
560.19966
 30
0.0
 40
1.6664999999999999
  1
A
  7
SimSun
100
AcDbText
  0
HATCH
  5
640
330
17
100
AcDbEntity
  8
SECTION
 62
7
100
AcDbHatch
 10
0.0
 20
0.0
 30
0.0
210
0.0
220
0.0
230
1.0
  2
ANSI31
 70
0
 71
0
 91
1
 92
3
 72
0
 73
1
 93
4
 10
425.5090000034269
 20
556.53316
 10
506.16760000343874
 20
556.53316
 10
506.16760000343874
 20
559.86616
 10
425.5090000034269
 20
559.86616
 97
0
 75
1
 76
1
 52
0.0
 41
0.6666
 77
0
 78
1
 53
45.0
 43
0.0
 44
0.0
 45
-1.4965596826
 46
1.4965596826
 79
0
 98
0
  0
TEXT
  5
641
330
17
100
AcDbEntity
  8
TEXT
100
AcDbText
 10
425.509
 20
589.19736
 30
0.0
 40
5.0
  1
剖视图 A-A
  7
SimSun
100
AcDbText
  0
LINE
  5
642
330
17
100
AcDbEntity
  8
FRAME
100
AcDbLine
 10
75.0
 20
208.0
 30
0.0
 11
175.65859999999998
 21
208.0
 31
0.0
  0
LINE
  5
643
330
17
100
AcDbEntity
  8
FRAME
100
AcDbLine
 10
75.0
 20
274.39536
 30
0.0
 11
175.65859999999998
 21
274.39536
 31
0.0
  0
LINE
  5
644
330
17
100
AcDbEntity
  8
FRAME
100
AcDbLine
 10
75.0
 20
208.0
 30
0.0
 11
75.0
 21
274.39536
 31
0.0
  0
LINE
  5
645
330
17
100
AcDbEntity
  8
FRAME
100
AcDbLine
 10
175.65859999999998
 20
208.0
 30
0.0
 11
175.65859999999998
 21
274.39536
 31
0.0
  0
LINE
  5
646
330
17
100
AcDbEntity
  8
OUTLINE
100
AcDbLine
 10
86.0772256
 20
224.0933906
 30
0.0
 11
91.09339059999999
 21
219.0775589
 31
0.0
  0
LINE
  5
647
330
17
100
AcDbEntity
  8
OUTLINE
100
AcDbLine
 10
85.8415825
 20
223.8577475
 30
0.0
 11
90.8577475
 21
218.8419158
 31
0.0
  0
LINE
  5
648
330
17
100
AcDbEntity
  8
OUTLINE
100
AcDbLine
 10
125.82925
 20
218.83325
 30
0.0
 11
125.82925
 21
263.56211
 31
0.0
  0
LINE
  5
649
330
17
100
AcDbEntity
  8
OUTLINE
100
AcDbLine
 10
91.6823317
 20
218.83325
 30
0.0
 11
129.66219999999998
 21
218.83325
 31
0.0
  0
LINE
  5
64A
330
17
100
AcDbEntity
  8
OUTLINE
100
AcDbLine
 10
129.66219999999998
 20
218.49995
 30
0.0
 11
129.66219999999998
 21
218.83325
 31
0.0
  0
LINE
  5
64B
330
17
100
AcDbEntity
  8
OUTLINE
100
AcDbLine
 10
91.6823317
 20
218.49995
 30
0.0
 11
129.66219999999998
 21
218.49995
 31
0.0
  0
LINE
  5
64C
330
17
100
AcDbEntity
  8
OUTLINE
100
AcDbLine
 10
129.66219999999998
 20
221.9332733
 30
0.0
 11
129.66219999999998
 21
218.83325
 31
0.0
  0
LINE
  5
64D
330
17
100
AcDbEntity
  8
OUTLINE
100
AcDbLine
 10
129.66219999999998
 20
218.0
 30
0.0
 11
129.66219999999998
 21
218.49995
 31
0.0
  0
LINE
  5
64E
330
17
100
AcDbEntity
  8
OUTLINE
100
AcDbLine
 10
157.3261
 20
221.9332733
 30
0.0
 11
157.3261
 21
218.83325
 31
0.0
  0
LINE
  5
64F
330
17
100
AcDbEntity
  8
OUTLINE
100
AcDbLine
 10
157.3261
 20
221.9332733
 30
0.0
 11
129.66219999999998
 21
221.9332733
 31
0.0
  0
LINE
  5
650
330
17
100
AcDbEntity
  8
OUTLINE
100
AcDbLine
 10
142.82755
 20
263.56211
 30
0.0
 11
142.82755
 21
262.89551
 31
0.0
  0
LINE
  5
651
330
17
100
AcDbEntity
  8
OUTLINE
100
AcDbLine
 10
144.16075
 20
262.89551
 30
0.0
 11
142.82755
 21
262.89551
 31
0.0
  0
LINE
  5
652
330
17
100
AcDbEntity
  8
OUTLINE
100
AcDbLine
 10
144.16075
 20
263.56211
 30
0.0
 11
144.16075
 21
262.89551
 31
0.0
  0
LINE
  5
653
330
17
100
AcDbEntity
  8
OUTLINE
100
AcDbLine
 10
150.49345
 20
263.56211
 30
0.0
 11
150.49345
 21
262.89551
 31
0.0
  0
LINE
  5
654
330
17
100
AcDbEntity
  8
OUTLINE
100
AcDbLine
 10
151.82665
 20
262.89551
 30
0.0
 11
150.49345
 21
262.89551
 31
0.0
  0
LINE
  5
655
330
17
100
AcDbEntity
  8
OUTLINE
100
AcDbLine
 10
151.82665
 20
263.56211
 30
0.0
 11
151.82665
 21
262.89551
 31
0.0
  0
LINE
  5
656
330
17
100
AcDbEntity
  8
OUTLINE
100
AcDbLine
 10
163.9921
 20
263.56211
 30
0.0
 11
100.6651
 21
263.56211
 31
0.0
  0
LINE
  5
657
330
17
100
AcDbEntity
  8
OUTLINE
100
AcDbLine
 10
100.6651
 20
264.39536
 30
0.0
 11
163.9921
 21
264.39536
 31
0.0
  0
LINE
  5
658
330
17
100
AcDbEntity
  8
OUTLINE
100
AcDbLine
 10
91.6823317
 20
218.0
 30
0.0
 11
129.66219999999998
 21
218.0
 31
0.0
  0
LINE
  5
659
330
17
100
AcDbEntity
  8
OUTLINE
100
AcDbLine
 10
90.5041162
 20
218.4882845
 30
0.0
 11
85.4879512
 21
223.5041162
 31
0.0
  0
LINE
  5
65A
330
17
100
AcDbEntity
  8
OUTLINE
100
AcDbLine
 10
85.0
 20
224.68266500000001
 30
0.0
 11
85.0
 21
245.83055
 31
0.0
  0
LINE
  5
65B
330
17
100
AcDbEntity
  8
OUTLINE
100
AcDbLine
 10
86.6665
 20
247.49705
 30
0.0
 11
98.16535
 21
247.49705
 31
0.0
  0
LINE
  5
65C
330
17
100
AcDbEntity
  8
OUTLINE
100
AcDbLine
 10
98.9986
 20
248.3303
 30
0.0
 11
98.9986
 21
262.72886
 31
0.0
  0
LINE
  5
65D
330
17
100
AcDbEntity
  8
OUTLINE
100
AcDbLine
 10
165.65859999999998
 20
219.6665
 30
0.0
 11
165.65859999999998
 21
262.72886
 31
0.0
  0
LINE
  5
65E
330
17
100
AcDbEntity
  8
OUTLINE
100
AcDbLine
 10
157.3261
 20
218.0
 30
0.0
 11
163.9921
 21
218.0
 31
0.0
  0
LINE
  5
65F
330
17
100
AcDbEntity
  8
OUTLINE
100
AcDbLine
 10
157.3261
 20
218.49995
 30
0.0
 11
157.3261
 21
218.0
 31
0.0
  0
LINE
  5
660
330
17
100
AcDbEntity
  8
OUTLINE
100
AcDbLine
 10
157.3261
 20
218.49995
 30
0.0
 11
163.9921
 21
218.49995
 31
0.0
  0
LINE
  5
661
330
17
100
AcDbEntity
  8
OUTLINE
100
AcDbLine
 10
165.15865
 20
219.6665
 30
0.0
 11
165.15865
 21
262.72886
 31
0.0
  0
LINE
  5
662
330
17
100
AcDbEntity
  8
OUTLINE
100
AcDbLine
 10
163.9921
 20
263.89540999999997
 30
0.0
 11
100.6651
 21
263.89540999999997
 31
0.0
  0
LINE
  5
663
330
17
100
AcDbEntity
  8
OUTLINE
100
AcDbLine
 10
99.49855
 20
262.72886
 30
0.0
 11
99.49855
 21
248.3303
 31
0.0
  0
LINE
  5
664
330
17
100
AcDbEntity
  8
OUTLINE
100
AcDbLine
 10
98.16535
 20
246.9971
 30
0.0
 11
86.6665
 21
246.9971
 31
0.0
  0
LINE
  5
665
330
17
100
AcDbEntity
  8
OUTLINE
100
AcDbLine
 10
85.49995
 20
245.83055
 30
0.0
 11
85.49995
 21
224.68266500000001
 31
0.0
  0
LINE
  5
666
330
17
100
AcDbEntity
  8
OUTLINE
100
AcDbLine
 10
85.83325
 20
245.83055
 30
0.0
 11
85.83325
 21
224.68266500000001
 31
0.0
  0
LINE
  5
667
330
17
100
AcDbEntity
  8
OUTLINE
100
AcDbLine
 10
98.16535
 20
246.6638
 30
0.0
 11
86.6665
 21
246.6638
 31
0.0
  0
LINE
  5
668
330
17
100
AcDbEntity
  8
OUTLINE
100
AcDbLine
 10
99.83185
 20
262.72886
 30
0.0
 11
99.83185
 21
248.3303
 31
0.0
  0
LINE
  5
669
330
17
100
AcDbEntity
  8
OUTLINE
100
AcDbLine
 10
164.82535000000001
 20
219.6665
 30
0.0
 11
164.82535000000001
 21
262.72886
 31
0.0
  0
LINE
  5
66A
330
17
100
AcDbEntity
  8
OUTLINE
100
AcDbLine
 10
157.3261
 20
218.83325
 30
0.0
 11
163.9921
 21
218.83325
 31
0.0
  0
LINE
  5
66B
330
17
100
AcDbEntity
  8
OUTLINE
100
AcDbLine
 10
157.3261
 20
218.83325
 30
0.0
 11
157.3261
 21
218.49995
 31
0.0
  0
LINE
  5
66C
330
17
100
AcDbEntity
  8
OUTLINE
100
AcDbLine
 10
90.8577475
 20
218.8419158
 30
0.0
 11
91.09339059999999
 21
219.0775589
 31
0.0
  0
LINE
  5
66D
330
17
100
AcDbEntity
  8
OUTLINE
100
AcDbLine
 10
86.0772256
 20
224.0933906
 30
0.0
 11
85.8415825
 21
223.8577475
 31
0.0
  0
LINE
  5
66E
330
17
100
AcDbEntity
  8
OUTLINE
100
AcDbLine
 10
91.6823317
 20
218.83325
 30
0.0
 11
91.6823317
 21
218.49995
 31
0.0
  0
LINE
  5
66F
330
17
100
AcDbEntity
  8
OUTLINE
100
AcDbLine
 10
85.49995
 20
224.68266500000001
 30
0.0
 11
85.83325
 21
224.68266500000001
 31
0.0
  0
LINE
  5
670
330
17
100
AcDbEntity
  8
OUTLINE
100
AcDbLine
 10
85.83325
 20
245.83055
 30
0.0
 11
85.49995
 21
245.83055
 31
0.0
  0
LINE
  5
671
330
17
100
AcDbEntity
  8
OUTLINE
100
AcDbLine
 10
86.6665
 20
246.9971
 30
0.0
 11
86.6665
 21
246.6638
 31
0.0
  0
LINE
  5
672
330
17
100
AcDbEntity
  8
OUTLINE
100
AcDbLine
 10
98.16535
 20
246.6638
 30
0.0
 11
98.16535
 21
246.9971
 31
0.0
  0
LINE
  5
673
330
17
100
AcDbEntity
  8
OUTLINE
100
AcDbLine
 10
99.49855
 20
248.3303
 30
0.0
 11
99.83185
 21
248.3303
 31
0.0
  0
LINE
  5
674
330
17
100
AcDbEntity
  8
OUTLINE
100
AcDbLine
 10
99.83185
 20
262.72886
 30
0.0
 11
99.49855
 21
262.72886
 31
0.0
  0
LINE
  5
675
330
17
100
AcDbEntity
  8
OUTLINE
100
AcDbLine
 10
100.6651
 20
263.89540999999997
 30
0.0
 11
100.6651
 21
263.56211
 31
0.0
  0
LINE
  5
676
330
17
100
AcDbEntity
  8
OUTLINE
100
AcDbLine
 10
163.9921
 20
263.56211
 30
0.0
 11
163.9921
 21
263.89540999999997
 31
0.0
  0
LINE
  5
677
330
17
100
AcDbEntity
  8
OUTLINE
100
AcDbLine
 10
165.15865
 20
262.72886
 30
0.0
 11
164.82535000000001
 21
262.72886
 31
0.0
  0
LINE
  5
678
330
17
100
AcDbEntity
  8
OUTLINE
100
AcDbLine
 10
164.82535000000001
 20
219.6665
 30
0.0
 11
165.15865
 21
219.6665
 31
0.0
  0
LINE
  5
679
330
17
100
AcDbEntity
  8
OUTLINE
100
AcDbLine
 10
163.9921
 20
218.49995
 30
0.0
 11
163.9921
 21
218.83325
 31
0.0
  0
CIRCLE
  5
67A
330
17
100
AcDbEntity
  8
HOLE
100
AcDbCircle
 10
86.6665
 20
224.68266500000001
 30
0.0
 40
0.8332499999999999
  0
CIRCLE
  5
67B
330
17
100
AcDbEntity
  8
HOLE
100
AcDbCircle
 10
127.82905
 20
220.36643
 30
0.0
 40
0.6666
  0
CIRCLE
  5
67C
330
17
100
AcDbEntity
  8
HOLE
100
AcDbCircle
 10
143.49415
 20
223.7497583
 30
0.0
 40
0.6666
  0
CIRCLE
  5
67D
330
17
100
AcDbEntity
  8
HOLE
100
AcDbCircle
 10
159.15925
 20
220.36643
 30
0.0
 40
0.6666
  0
CIRCLE
  5
67E
330
17
100
AcDbEntity
  8
HOLE
100
AcDbCircle
 10
131.49535
 20
261.72896
 30
0.0
 40
0.9999
  0
CIRCLE
  5
67F
330
17
100
AcDbEntity
  8
HOLE
100
AcDbCircle
 10
131.49535
 20
261.72896
 30
0.0
 40
0.8332499999999999
  0
CIRCLE
  5
680
330
17
100
AcDbEntity
  8
HOLE
100
AcDbCircle
 10
131.49535
 20
261.72896
 30
0.0
 40
0.6666
  0
CIRCLE
  5
681
330
17
100
AcDbEntity
  8
HOLE
100
AcDbCircle
 10
156.49284999999998
 20
261.72896
 30
0.0
 40
0.9999
  0
CIRCLE
  5
682
330
17
100
AcDbEntity
  8
HOLE
100
AcDbCircle
 10
156.49284999999998
 20
261.72896
 30
0.0
 40
0.8332499999999999
  0
CIRCLE
  5
683
330
17
100
AcDbEntity
  8
HOLE
100
AcDbCircle
 10
156.49284999999998
 20
261.72896
 30
0.0
 40
0.6666
  0
CIRCLE
  5
684
330
17
100
AcDbEntity
  8
HOLE
100
AcDbCircle
 10
156.49284999999998
 20
229.06556
 30
0.0
 40
0.9999
  0
CIRCLE
  5
685
330
17
100
AcDbEntity
  8
HOLE
100
AcDbCircle
 10
156.49284999999998
 20
229.06556
 30
0.0
 40
0.8332499999999999
  0
CIRCLE
  5
686
330
17
100
AcDbEntity
  8
HOLE
100
AcDbCircle
 10
156.49284999999998
 20
229.06556
 30
0.0
 40
0.6666
  0
CIRCLE
  5
687
330
17
100
AcDbEntity
  8
HOLE
100
AcDbCircle
 10
131.49535
 20
229.06556
 30
0.0
 40
0.9999
  0
CIRCLE
  5
688
330
17
100
AcDbEntity
  8
HOLE
100
AcDbCircle
 10
131.49535
 20
229.06556
 30
0.0
 40
0.8332499999999999
  0
CIRCLE
  5
689
330
17
100
AcDbEntity
  8
HOLE
100
AcDbCircle
 10
131.49535
 20
229.06556
 30
0.0
 40
0.6666
  0
CIRCLE
  5
68A
330
17
100
AcDbEntity
  8
HOLE
100
AcDbCircle
 10
161.49235
 20
229.06556
 30
0.0
 40
1.3332
  0
CIRCLE
  5
68B
330
17
100
AcDbEntity
  8
HOLE
100
AcDbCircle
 10
161.49235
 20
229.06556
 30
0.0
 40
0.6666
  0
CIRCLE
  5
68C
330
17
100
AcDbEntity
  8
HOLE
100
AcDbCircle
 10
147.3271
 20
261.56231
 30
0.0
 40
0.949905
  0
CIRCLE
  5
68D
330
17
100
AcDbEntity
  8
HOLE
100
AcDbCircle
 10
147.3271
 20
261.56231
 30
0.0
 40
0.49995
  0
CIRCLE
  5
68E
330
17
100
AcDbEntity
  8
HOLE
100
AcDbCircle
 10
147.3271
 20
261.56231
 30
0.0
 40
1.049895
  0
CIRCLE
  5
68F
330
17
100
AcDbEntity
  8
HOLE
100
AcDbCircle
 10
89.3329
 20
223.9994
 30
0.0
 40
1.3332
  0
CIRCLE
  5
690
330
17
100
AcDbEntity
  8
HOLE
100
AcDbCircle
 10
89.3329
 20
223.9994
 30
0.0
 40
0.6666
  0
ARC
  5
691
330
17
100
AcDbEntity
  8
OUTLINE
100
AcDbCircle
 10
91.6823317
 20
219.6665
 30
0.0
 40
0.8332499999999999
100
AcDbArc
 50
-134.99974273092943
 51
-90.00021045914971
  0
ARC
  5
692
330
17
100
AcDbEntity
  8
OUTLINE
100
AcDbCircle
 10
91.6823317
 20
219.6665
 30
0.0
 40
1.16655
100
AcDbArc
 50
-134.99974273092943
 51
-90.00021045914971
  0
ARC
  5
693
330
17
100
AcDbEntity
  8
OUTLINE
100
AcDbCircle
 10
163.9921
 20
262.72886
 30
0.0
 40
1.6664999999999999
100
AcDbArc
 50
0.0
 51
90.00021045914971
  0
ARC
  5
694
330
17
100
AcDbEntity
  8
OUTLINE
100
AcDbCircle
 10
91.6823317
 20
219.6665
 30
0.0
 40
1.6664999999999999
100
AcDbArc
 50
-134.99974273092943
 51
-90.00021045914971
  0
ARC
  5
695
330
17
100
AcDbEntity
  8
OUTLINE
100
AcDbCircle
 10
86.6665
 20
224.68266500000001
 30
0.0
 40
1.6664999999999999
100
AcDbArc
 50
179.9998479605043
 51
224.99995319007914
  0
ARC
  5
696
330
17
100
AcDbEntity
  8
OUTLINE
100
AcDbCircle
 10
86.6665
 20
245.83055
 30
0.0
 40
1.6664999999999999
100
AcDbArc
 50
90.00021045914971
 51
179.9998479605043
  0
ARC
  5
697
330
17
100
AcDbEntity
  8
OUTLINE
100
AcDbCircle
 10
98.16535
 20
248.3303
 30
0.0
 40
0.8332499999999999
100
AcDbArc
 50
-90.00021045914971
 51
0.0
  0
ARC
  5
698
330
17
100
AcDbEntity
  8
OUTLINE
100
AcDbCircle
 10
100.6651
 20
262.72886
 30
0.0
 40
1.6664999999999999
100
AcDbArc
 50
90.00021045914971
 51
179.9998479605043
  0
ARC
  5
699
330
17
100
AcDbEntity
  8
OUTLINE
100
AcDbCircle
 10
163.9921
 20
219.6665
 30
0.0
 40
1.6664999999999999
100
AcDbArc
 50
-90.00021045914971
 51
0.0
  0
ARC
  5
69A
330
17
100
AcDbEntity
  8
OUTLINE
100
AcDbCircle
 10
163.9921
 20
219.6665
 30
0.0
 40
1.16655
100
AcDbArc
 50
-90.00021045914971
 51
-0.0
  0
ARC
  5
69B
330
17
100
AcDbEntity
  8
OUTLINE
100
AcDbCircle
 10
163.9921
 20
262.72886
 30
0.0
 40
1.16655
100
AcDbArc
 50
0.0
 51
90.00021045914971
  0
ARC
  5
69C
330
17
100
AcDbEntity
  8
OUTLINE
100
AcDbCircle
 10
100.6651
 20
262.72886
 30
0.0
 40
1.16655
100
AcDbArc
 50
90.00021045914971
 51
179.9998479605043
  0
ARC
  5
69D
330
17
100
AcDbEntity
  8
OUTLINE
100
AcDbCircle
 10
98.16535
 20
248.3303
 30
0.0
 40
1.3332
100
AcDbArc
 50
-90.00021045914971
 51
-0.0
  0
ARC
  5
69E
330
17
100
AcDbEntity
  8
OUTLINE
100
AcDbCircle
 10
86.6665
 20
245.83055
 30
0.0
 40
1.16655
100
AcDbArc
 50
90.00021045914971
 51
179.9998479605043
  0
ARC
  5
69F
330
17
100
AcDbEntity
  8
OUTLINE
100
AcDbCircle
 10
86.6665
 20
224.68266500000001
 30
0.0
 40
1.16655
100
AcDbArc
 50
-179.9998479605043
 51
-134.99974273092943
  0
ARC
  5
6A0
330
17
100
AcDbEntity
  8
OUTLINE
100
AcDbCircle
 10
86.6665
 20
224.68266500000001
 30
0.0
 40
0.8332499999999999
100
AcDbArc
 50
-179.9998479605043
 51
-134.99974273092943
  0
ARC
  5
6A1
330
17
100
AcDbEntity
  8
OUTLINE
100
AcDbCircle
 10
86.6665
 20
245.83055
 30
0.0
 40
0.8332499999999999
100
AcDbArc
 50
90.00021045914971
 51
179.9998479605043
  0
ARC
  5
6A2
330
17
100
AcDbEntity
  8
OUTLINE
100
AcDbCircle
 10
98.16535
 20
248.3303
 30
0.0
 40
1.6664999999999999
100
AcDbArc
 50
-90.00021045914971
 51
0.0
  0
ARC
  5
6A3
330
17
100
AcDbEntity
  8
OUTLINE
100
AcDbCircle
 10
100.6651
 20
262.72886
 30
0.0
 40
0.8332499999999999
100
AcDbArc
 50
90.00021045914971
 51
179.9998479605043
  0
ARC
  5
6A4
330
17
100
AcDbEntity
  8
OUTLINE
100
AcDbCircle
 10
163.9921
 20
262.72886
 30
0.0
 40
0.8332499999999999
100
AcDbArc
 50
0.0
 51
90.00021045914971
  0
ARC
  5
6A5
330
17
100
AcDbEntity
  8
OUTLINE
100
AcDbCircle
 10
163.9921
 20
219.6665
 30
0.0
 40
0.8332499999999999
100
AcDbArc
 50
-90.00021045914971
 51
-0.0
  0
HATCH
  5
6A6
330
17
100
AcDbEntity
  8
SECTION
 62
7
100
AcDbHatch
 10
0.0
 20
0.0
 30
0.0
210
0.0
220
0.0
230
1.0
  2
ANSI31
 70
0
 71
0
 91
1
 92
3
 72
0
 73
1
 93
4
 10
85.0
 20
218.0
 10
165.65859999999998
 20
218.0
 10
165.65859999999998
 20
241.19768
 10
85.0
 20
241.19768
 97
0
 75
1
 76
1
 52
0.0
 41
0.6666
 77
0
 78
1
 53
45.0
 43
0.0
 44
0.0
 45
-1.4965596826
 46
1.4965596826
 79
0
 98
0
  0
TEXT
  5
6A7
330
17
100
AcDbEntity
  8
TEXT
100
AcDbText
 10
75.0
 20
206.0
 30
0.0
 40
7.0
  1
剖面 A-A
  7
SimSun
100
AcDbText
  0
TEXT
  5
6A8
330
17
100
AcDbEntity
  8
TEXT
100
AcDbText
 10
105.0
 20
206.0
 30
0.0
 40
2.5
  1
(Front 剖切)
  7
SimSun
100
AcDbText
  0
LINE
  5
6A9
330
17
100
AcDbEntity
  8
FRAME
100
AcDbLine
 10
185.0
 20
208.0
 30
0.0
 11
315.0
 21
208.0
 31
0.0
  0
LINE
  5
6AA
330
17
100
AcDbEntity
  8
FRAME
100
AcDbLine
 10
185.0
 20
298.0
 30
0.0
 11
315.0
 21
298.0
 31
0.0
  0
LINE
  5
6AB
330
17
100
AcDbEntity
  8
FRAME
100
AcDbLine
 10
185.0
 20
208.0
 30
0.0
 11
185.0
 21
298.0
 31
0.0
  0
LINE
  5
6AC
330
17
100
AcDbEntity
  8
FRAME
100
AcDbLine
 10
315.0
 20
208.0
 30
0.0
 11
315.0
 21
298.0
 31
0.0
  0
TEXT
  5
6AD
330
17
100
AcDbEntity
  8
TEXT
100
AcDbText
 10
190.0
 20
286.0
 30
0.0
 40
7.0
  1
展开图
  7
SimSun
100
AcDbText
  0
TEXT
  5
6AE
330
17
100
AcDbEntity
  8
TEXT
100
AcDbText
 10
190.0
 20
276.0
 30
0.0
 40
5.0
  1
用途: 标注展开长度 + 孔位展开坐标
  7
SimSun
100
AcDbText
  0
TEXT
  5
6AF
330
17
100
AcDbEntity
  8
TECH
100
AcDbText
 10
190.0
 20
266.0
 30
0.0
 40
5.0
  1
展开长度 = L1 + L2 + K·t   (K=0.3, t=—)
  7
SimSun
100
AcDbText
  0
TEXT
  5
6B0
330
17
100
AcDbEntity
  8
TECH
100
AcDbText
 10
190.0
 20
258.0
 30
0.0
 40
2.5
  1
注: 展开坐标以钣金中性层为基准, 折弯扣除按 K 因子计算
  7
SimSun
100
AcDbText
  0
TEXT
  5
6B1
330
17
100
AcDbEntity
  8
TEXT
100
AcDbText
 10
230.0
 20
248.0
 30
0.0
 40
7.0
  1
〔展开图占位〕
  7
SimSun
100
AcDbText
  0
TEXT
  5
6B2
330
17
100
AcDbEntity
  8
TEXT
100
AcDbText
 10
220.0
 20
240.0
 30
0.0
 40
2.5
  1
展开数学 (K因子/折弯补偿) defer 至 v2
  7
SimSun
100
AcDbText
  0
CIRCLE
  5
6B3
330
17
100
AcDbEntity
  8
CENTER
100
AcDbCircle
 10
429.8419
 20
598.0294
 30
0.0
 40
4.999499999999999
  0
LINE
  5
6B4
330
17
100
AcDbEntity
  8
CENTER
100
AcDbLine
 10
433.34155
 20
601.52905
 30
0.0
 11
452.8414
 21
608.0289
 31
0.0
  0
TEXT
  5
6B5
330
17
100
AcDbEntity
  8
TEXT
100
AcDbText
 10
453.8414
 20
608.0289
 30
0.0
 40
5.0
  1
B(3:1)
  7
SimSun
100
AcDbText
  0
LINE
  5
6B6
330
17
100
AcDbEntity
  8
FRAME
100
AcDbLine
 10
335.0
 20
208.0
 30
0.0
 11
384.997
 21
208.0
 31
0.0
  0
LINE
  5
6B7
330
17
100
AcDbEntity
  8
FRAME
100
AcDbLine
 10
335.0
 20
257.997
 30
0.0
 11
384.997
 21
257.997
 31
0.0
  0
LINE
  5
6B8
330
17
100
AcDbEntity
  8
FRAME
100
AcDbLine
 10
335.0
 20
208.0
 30
0.0
 11
335.0
 21
257.997
 31
0.0
  0
LINE
  5
6B9
330
17
100
AcDbEntity
  8
FRAME
100
AcDbLine
 10
384.997
 20
208.0
 30
0.0
 11
384.997
 21
257.997
 31
0.0
  0
TEXT
  5
6BA
330
17
100
AcDbEntity
  8
TEXT
100
AcDbText
 10
335.0
 20
206.0
 30
0.0
 40
7.0
  1
局部放大 B(3:1)
  7
SimSun
100
AcDbText
  0
TEXT
  5
6BB
330
17
100
AcDbEntity
  8
TEXT
100
AcDbText
 10
375.0
 20
206.0
 30
0.0
 40
5.0
  1
比例 3:1
  7
SimSun
100
AcDbText
  0
CIRCLE
  5
6BC
330
17
100
AcDbEntity
  8
CENTER
100
AcDbCircle
 10
594.5
 20
776.0015
 30
0.0
 40
14.998499999999998
  0
TEXT
  5
6BD
330
17
100
AcDbEntity
  8
TEXT
100
AcDbText
 10
584.5
 20
793.0
 30
0.0
 40
7.0
  1
B(3:1)
  7
SimSun
100
AcDbText
  0
TEXT
  5
6BE
330
17
100
AcDbEntity
  8
TEXT
100
AcDbText
 10
584.5
 20
783.0
 30
0.0
 40
5.0
  1
比例 3:1
  7
SimSun
100
AcDbText
  0
TEXT
  5
6BF
330
17
100
AcDbEntity
  8
TEXT
100
AcDbText
 10
60.0
 20
176.0
 30
0.0
 40
5.0
  1
焊缝符号 GB/T 324
  7
SimSun
100
AcDbText
  0
LINE
  5
6C0
330
17
100
AcDbEntity
  8
TEXT
100
AcDbLine
 10
60.0
 20
173.0
 30
0.0
 11
160.0
 21
173.0
 31
0.0
  0
LINE
  5
6C1
330
17
100
AcDbEntity
  8
LEADER
100
AcDbLine
 10
65.0
 20
170.0
 30
0.0
 11
80.0
 21
170.0
 31
0.0
  0
LINE
  5
6C2
330
17
100
AcDbEntity
  8
TEXT
100
AcDbLine
 10
80.0
 20
170.0
 30
0.0
 11
84.0
 21
170.0
 31
0.0
  0
LINE
  5
6C3
330
17
100
AcDbEntity
  8
TEXT
100
AcDbLine
 10
80.0
 20
170.0
 30
0.0
 11
80.0
 21
174.0
 31
0.0
  0
LINE
  5
6C4
330
17
100
AcDbEntity
  8
TEXT
100
AcDbLine
 10
84.0
 20
170.0
 30
0.0
 11
80.0
 21
174.0
 31
0.0
  0
TEXT
  5
6C5
330
17
100
AcDbEntity
  8
TEXT
100
AcDbText
 10
86.0
 20
171.0
 30
0.0
 40
3.0
  1
3♭
  7
SimSun
100
AcDbText
  0
TEXT
  5
6C6
330
17
100
AcDbEntity
  8
TEXT
100
AcDbText
 10
96.0
 20
171.0
 30
0.0
 40
2.5
  1
角焊缝 3♭
  7
SimSun
100
AcDbText
  0
ENDSEC
  0
SECTION
  2
OBJECTS
  0
DICTIONARY
  5
A
330
0
100
AcDbDictionary
281
1
  3
ACAD_COLOR
350
B
  3
ACAD_GROUP
350
C
  3
ACAD_LAYOUT
350
D
  3
ACAD_MATERIAL
350
E
  3
ACAD_MLEADERSTYLE
350
F
  3
ACAD_MLINESTYLE
350
10
  3
ACAD_PLOTSETTINGS
350
11
  3
ACAD_PLOTSTYLENAME
350
12
  3
ACAD_SCALELIST
350
14
  3
ACAD_TABLESTYLE
350
15
  3
ACAD_VISUALSTYLE
350
16
  3
EZDXF_META
350
2D
  0
DICTIONARY
  5
B
330
A
100
AcDbDictionary
281
1
  0
DICTIONARY
  5
C
330
A
100
AcDbDictionary
281
1
  0
DICTIONARY
  5
D
330
A
100
AcDbDictionary
281
1
  3
Model
350
1A
  3
Layout1
350
1E
  0
DICTIONARY
  5
E
330
A
100
AcDbDictionary
281
1
  3
ByBlock
350
1F
  3
ByLayer
350
20
  3
Global
350
21
  0
DICTIONARY
  5
F
330
A
100
AcDbDictionary
281
1
  3
Standard
350
2C
  0
DICTIONARY
  5
10
330
A
100
AcDbDictionary
281
1
  3
Standard
350
22
  0
DICTIONARY
  5
11
330
A
100
AcDbDictionary
281
1
  0
ACDBDICTIONARYWDFLT
  5
12
330
A
100
AcDbDictionary
281
1
  3
Normal
350
13
100
AcDbDictionaryWithDefault
340
13
  0
ACDBPLACEHOLDER
  5
13
330
12
  0
DICTIONARY
  5
14
330
A
100
AcDbDictionary
281
1
  0
DICTIONARY
  5
15
330
A
100
AcDbDictionary
281
1
  0
DICTIONARY
  5
16
330
A
100
AcDbDictionary
281
1
  3
2dWireframe
350
5A
  3
Basic
350
5B
  3
Brighten
350
5C
  3
ColorChange
350
5D
  3
Conceptual
350
5E
  3
Dim
350
5F
  3
EdgeColorOff
350
60
  3
Facepattern
350
61
  3
Flat
350
62
  3
FlatWithEdges
350
63
  3
Gouraud
350
64
  3
GouraudWithEdges
350
65
  3
Hidden
350
66
  3
JitterOff
350
67
  3
Linepattern
350
68
  3
Modeling
350
69
  3
OverhangOff
350
6A
  3
Realistic
350
6B
  3
Shaded
350
6C
  3
Shaded with edges
350
6D
  3
Shades of Gray
350
6E
  3
Sketchy
350
6F
  3
Thicken
350
70
  3
Wireframe
350
71
  3
X-Ray
350
72
  0
LAYOUT
  5
1A
330
D
100
AcDbPlotSettings
  1

  4
A3
  6

 40
7.5
 41
20.0
 42
7.5
 43
20.0
 44
420.0
 45
297.0
 46
0.0
 47
0.0
 48
0.0
 49
0.0
140
0.0
141
0.0
142
1.0
143
1.0
 70
1024
 72
1
 73
0
 74
5
  7

 75
16
 76
0
 77
2
 78
300
147
1.0
148
0.0
149
0.0
100
AcDbLayout
  1
Model
 70
1
 71
0
 10
0.0
 20
0.0
 11
420.0
 21
297.0
 12
0.0
 22
0.0
 32
0.0
 14
1e+20
 24
1e+20
 34
1e+20
 15
-1e+20
 25
-1e+20
 35
-1e+20
146
0.0
 13
0.0
 23
0.0
 33
0.0
 16
1.0
 26
0.0
 36
0.0
 17
0.0
 27
1.0
 37
0.0
 76
1
330
17
  0
LAYOUT
  5
1E
330
D
100
AcDbPlotSettings
  1

  4
A3
  6

 40
7.5
 41
20.0
 42
7.5
 43
20.0
 44
420.0
 45
297.0
 46
0.0
 47
0.0
 48
0.0
 49
0.0
140
0.0
141
0.0
142
1.0
143
1.0
 70
0
 72
1
 73
0
 74
5
  7

 75
16
 76
0
 77
2
 78
300
147
1.0
148
0.0
149
0.0
100
AcDbLayout
  1
Layout1
 70
1
 71
1
 10
0.0
 20
0.0
 11
420.0
 21
297.0
 12
0.0
 22
0.0
 32
0.0
 14
1e+20
 24
1e+20
 34
1e+20
 15
-1e+20
 25
-1e+20
 35
-1e+20
146
0.0
 13
0.0
 23
0.0
 33
0.0
 16
1.0
 26
0.0
 36
0.0
 17
0.0
 27
1.0
 37
0.0
 76
1
330
1B
  0
MATERIAL
  5
1F
102
{ACAD_REACTORS
330
E
102
}
330
E
100
AcDbMaterial
  1
ByBlock
  2

 70
0
 40
1.0
 71
1
 41
1.0
 91
-1023410177
 42
1.0
 72
1
  3

 73
1
 74
1
 75
1
 44
0.5
 73
0
 45
1.0
 46
1.0
 77
1
  4

 78
1
 79
1
170
1
 48
1.0
171
1
  6

172
1
173
1
174
1
140
1.0
141
1.0
175
1
  7

176
1
177
1
178
1
143
1.0
179
1
  8

270
1
271
1
272
1
145
1.0
146
1.0
273
1
  9

274
1
275
1
276
1
 42
1.0
 72
1
  3

 73
1
 74
1
 75
1
 94
63
  0
MATERIAL
  5
20
102
{ACAD_REACTORS
330
E
102
}
330
E
100
AcDbMaterial
  1
ByLayer
  2

 70
0
 40
1.0
 71
1
 41
1.0
 91
-1023410177
 42
1.0
 72
1
  3

 73
1
 74
1
 75
1
 44
0.5
 73
0
 45
1.0
 46
1.0
 77
1
  4

 78
1
 79
1
170
1
 48
1.0
171
1
  6

172
1
173
1
174
1
140
1.0
141
1.0
175
1
  7

176
1
177
1
178
1
143
1.0
179
1
  8

270
1
271
1
272
1
145
1.0
146
1.0
273
1
  9

274
1
275
1
276
1
 42
1.0
 72
1
  3

 73
1
 74
1
 75
1
 94
63
  0
MATERIAL
  5
21
102
{ACAD_REACTORS
330
E
102
}
330
E
100
AcDbMaterial
  1
Global
  2

 70
0
 40
1.0
 71
1
 41
1.0
 91
-1023410177
 42
1.0
 72
1
  3

 73
1
 74
1
 75
1
 44
0.5
 73
0
 45
1.0
 46
1.0
 77
1
  4

 78
1
 79
1
170
1
 48
1.0
171
1
  6

172
1
173
1
174
1
140
1.0
141
1.0
175
1
  7

176
1
177
1
178
1
143
1.0
179
1
  8

270
1
271
1
272
1
145
1.0
146
1.0
273
1
  9

274
1
275
1
276
1
 42
1.0
 72
1
  3

 73
1
 74
1
 75
1
 94
63
  0
MLINESTYLE
  5
22
102
{ACAD_REACTORS
330
10
102
}
330
10
100
AcDbMlineStyle
  2
Standard
 70
0
  3

 62
256
 51
90.0
 52
90.0
 71
2
 49
0.5
 62
256
  6
BYLAYER
 49
-0.5
 62
256
  6
BYLAYER
  0
MLEADERSTYLE
  5
2C
102
{ACAD_REACTORS
330
F
102
}
330
F
100
AcDbMLeaderStyle
179
2
170
2
171
1
172
0
 90
2
 40
0.0
 41
0.0
173
1
 91
-1056964608
 92
-2
290
1
 42
2.0
291
1
 43
8.0
  3
Standard
 44
4.0
300

342
29
174
1
175
1
176
0
178
1
 93
-1056964608
 45
4.0
292
0
297
0
 46
4.0
 94
-1056964608
 47
1.0
 49
1.0
140
1.0
294
1
141
0.0
177
0
142
1.0
295
0
296
0
143
3.75
271
0
272
9
273
9
  0
DICTIONARY
  5
2D
330
A
100
AcDbDictionary
280
1
281
1
  3
CREATED_BY_EZDXF
350
2E
  3
WRITTEN_BY_EZDXF
350
6C9
  0
DICTIONARYVAR
  5
2E
330
2D
100
DictionaryVariables
280
0
  1
1.4.4 @ 2026-07-04T02:03:30.522357+00:00
  0
VISUALSTYLE
  5
5A
102
{ACAD_REACTORS
330
16
102
}
330
16
100
AcDbVisualStyle
  2
2dWireframe
 70
4
177
3
291
0
 70
58
 90
2
176
1
 90
2
176
1
 90
0
176
1
 90
0
176
1
 40
0.6
176
1
 40
30.0
176
1
 62
7
420
16777215
176
1
 90
1
176
1
 90
4
176
1
 62
7
176
1
 62
257
176
1
 90
1
176
1
 90
1
176
1
 40
1.0
176
1
 90
8
176
1
 62
7
176
1
 40
1.0
176
1
 90
1
176
1
 90
6
176
1
 90
2
176
1
 62
7
176
1
 90
5
176
1
 90
0
176
1
 90
0
176
1
290
0
176
1
 90
1
176
1
 40
0.0
176
1
 90
0
176
1
290
1
176
1
290
1
176
1
290
0
176
1
290
0
176
1
290
0
176
1
290
0
176
1
290
0
176
1
290
0
176
1
290
0
176
1
 90
50
176
1
 40
0.0
176
1
 40
1.0
176
1
 90
0
176
1
 62
18
420
0
176
1
 90
50
176
1
 90
3
176
1
 62
5
420
255
176
1
290
0
176
1
 90
50
176
1
 90
50
176
1
 90
50
176
1
290
0
176
1
 90
50
176
1
 62
256
176
0
 40
1.0
176
0
 90
2
176
1
  1
strokes_ogs.tif
176
1
290
0
176
1
 40
1.0
176
1
 40
1.0
176
1
  0
VISUALSTYLE
  5
5B
102
{ACAD_REACTORS
330
16
102
}
330
16
100
AcDbVisualStyle
  2
Basic
 70
7
177
3
291
1
 70
58
 90
2
176
1
 90
2
176
1
 90
0
176
1
 90
1
176
1
 40
0.6
176
1
 40
30.0
176
1
 62
7
420
16777215
176
1
 90
1
176
1
 90
4
176
1
 62
7
176
1
 62
257
176
1
 90
1
176
1
 90
1
176
1
 40
1.0
176
1
 90
8
176
1
 62
7
176
1
 40
1.0
176
1
 90
1
176
1
 90
6
176
1
 90
2
176
1
 62
7
176
1
 90
5
176
1
 90
0
176
1
 90
0
176
1
290
0
176
1
 90
1
176
1
 40
0.0
176
1
 90
0
176
1
290
0
176
1
290
1
176
1
290
1
176
1
290
0
176
1
290
0
176
1
290
0
176
1
290
0
176
1
290
0
176
1
290
0
176
1
 90
50
176
1
 40
0.0
176
1
 40
1.0
176
1
 90
0
176
1
 62
18
420
0
176
1
 90
50
176
1
 90
3
176
1
 62
5
420
255
176
1
290
0
176
1
 90
50
176
1
 90
50
176
1
 90
50
176
1
290
0
176
1
 90
50
176
1
 62
256
176
0
 40
1.0
176
0
 90
2
176
1
  1
strokes_ogs.tif
176
1
290
0
176
1
 40
1.0
176
1
 40
1.0
176
1
  0
VISUALSTYLE
  5
5C
102
{ACAD_REACTORS
330
16
102
}
330
16
100
AcDbVisualStyle
  2
Brighten
 70
12
177
3
291
1
 70
58
 90
2
176
1
 90
2
176
1
 90
0
176
1
 90
2
176
1
 40
0.6
176
1
 40
30.0
176
1
 62
7
420
16777215
176
1
 90
1
176
1
 90
4
176
1
 62
7
176
1
 62
257
176
1
 90
1
176
1
 90
1
176
1
 40
1.0
176
1
 90
8
176
1
 62
7
176
1
 40
1.0
176
1
 90
1
176
1
 90
6
176
1
 90
2
176
1
 62
7
176
1
 90
5
176
1
 90
0
176
1
 90
0
176
1
290
0
176
1
 90
1
176
1
 40
0.0
176
1
 90
0
176
1
290
0
176
1
290
1
176
1
290
1
176
1
290
0
176
1
290
0
176
1
290
0
176
1
290
0
176
1
290
0
176
1
290
0
176
1
 90
50
176
1
 40
0.0
176
1
 40
1.0
176
1
 90
0
176
1
 62
18
420
0
176
1
 90
50
176
1
 90
3
176
1
 62
5
420
255
176
1
290
0
176
1
 90
50
176
1
 90
50
176
1
 90
50
176
1
290
0
176
1
 90
50
176
1
 62
256
176
0
 40
1.0
176
0
 90
2
176
1
  1
strokes_ogs.tif
176
1
290
0
176
1
 40
1.0
176
1
 40
1.0
176
1
  0
VISUALSTYLE
  5
5D
102
{ACAD_REACTORS
330
16
102
}
330
16
100
AcDbVisualStyle
  2
ColorChange
 70
16
177
3
291
1
 70
58
 90
2
176
1
 90
2
176
1
 90
0
176
1
 90
2
176
1
 40
0.6
176
1
 40
30.0
176
1
 62
7
420
16777215
176
1
 90
1
176
1
 90
4
176
1
 62
7
176
1
 62
257
176
1
 90
1
176
1
 90
1
176
1
 40
1.0
176
1
 90
8
176
1
 62
7
176
1
 40
1.0
176
1
 90
1
176
1
 90
6
176
1
 90
2
176
1
 62
7
176
1
 90
5
176
1
 90
0
176
1
 90
0
176
1
290
0
176
1
 90
1
176
1
 40
0.0
176
1
 90
0
176
1
290
0
176
1
290
1
176
1
290
1
176
1
290
0
176
1
290
0
176
1
290
0
176
1
290
0
176
1
290
0
176
1
290
0
176
1
 90
50
176
1
 40
0.0
176
1
 40
1.0
176
1
 90
0
176
1
 62
18
420
0
176
1
 90
50
176
1
 90
3
176
1
 62
5
420
255
176
1
290
0
176
1
 90
50
176
1
 90
50
176
1
 90
50
176
1
290
0
176
1
 90
50
176
1
 62
256
176
0
 40
1.0
176
0
 90
2
176
1
  1
strokes_ogs.tif
176
1
290
0
176
1
 40
1.0
176
1
 40
1.0
176
1
  0
VISUALSTYLE
  5
5E
102
{ACAD_REACTORS
330
16
102
}
330
16
100
AcDbVisualStyle
  2
Conceptual
 70
9
177
3
291
0
 70
58
 90
2
176
1
 90
2
176
1
 90
0
176
1
 90
3
176
1
 40
0.6
176
1
 40
30.0
176
1
 62
7
420
16777215
176
1
 90
1
176
1
 90
4
176
1
 62
7
176
1
 62
257
176
1
 90
1
176
1
 90
1
176
1
 40
1.0
176
1
 90
8
176
1
 62
7
176
1
 40
1.0
176
1
 90
1
176
1
 90
6
176
1
 90
2
176
1
 62
7
176
1
 90
5
176
1
 90
0
176
1
 90
0
176
1
290
0
176
1
 90
1
176
1
 40
0.0
176
1
 90
0
176
1
290
0
176
1
290
1
176
1
290
1
176
1
290
0
176
1
290
0
176
1
290
0
176
1
290
0
176
1
290
0
176
1
290
0
176
1
 90
50
176
1
 40
0.0
176
1
 40
1.0
176
1
 90
0
176
1
 62
18
420
0
176
1
 90
50
176
1
 90
3
176
1
 62
5
420
255
176
1
290
0
176
1
 90
50
176
1
 90
50
176
1
 90
50
176
1
290
0
176
1
 90
50
176
1
 62
256
176
0
 40
1.0
176
0
 90
2
176
1
  1
strokes_ogs.tif
176
1
290
0
176
1
 40
1.0
176
1
 40
1.0
176
1
  0
VISUALSTYLE
  5
5F
102
{ACAD_REACTORS
330
16
102
}
330
16
100
AcDbVisualStyle
  2
Dim
 70
11
177
3
291
1
 70
58
 90
2
176
1
 90
2
176
1
 90
0
176
1
 90
2
176
1
 40
0.6
176
1
 40
30.0
176
1
 62
7
420
16777215
176
1
 90
1
176
1
 90
4
176
1
 62
7
176
1
 62
257
176
1
 90
1
176
1
 90
1
176
1
 40
1.0
176
1
 90
8
176
1
 62
7
176
1
 40
1.0
176
1
 90
1
176
1
 90
6
176
1
 90
2
176
1
 62
7
176
1
 90
5
176
1
 90
0
176
1
 90
0
176
1
290
0
176
1
 90
1
176
1
 40
0.0
176
1
 90
0
176
1
290
0
176
1
290
1
176
1
290
1
176
1
290
0
176
1
290
0
176
1
290
0
176
1
290
0
176
1
290
0
176
1
290
0
176
1
 90
50
176
1
 40
0.0
176
1
 40
1.0
176
1
 90
0
176
1
 62
18
420
0
176
1
 90
50
176
1
 90
3
176
1
 62
5
420
255
176
1
290
0
176
1
 90
50
176
1
 90
50
176
1
 90
50
176
1
290
0
176
1
 90
50
176
1
 62
256
176
0
 40
1.0
176
0
 90
2
176
1
  1
strokes_ogs.tif
176
1
290
0
176
1
 40
1.0
176
1
 40
1.0
176
1
  0
VISUALSTYLE
  5
60
102
{ACAD_REACTORS
330
16
102
}
330
16
100
AcDbVisualStyle
  2
EdgeColorOff
 70
22
177
3
291
1
 70
58
 90
2
176
1
 90
2
176
1
 90
0
176
1
 90
2
176
1
 40
0.6
176
1
 40
30.0
176
1
 62
7
420
16777215
176
1
 90
1
176
1
 90
4
176
1
 62
7
176
1
 62
257
176
1
 90
1
176
1
 90
1
176
1
 40
1.0
176
1
 90
8
176
1
 62
7
176
1
 40
1.0
176
1
 90
1
176
1
 90
6
176
1
 90
2
176
1
 62
7
176
1
 90
5
176
1
 90
0
176
1
 90
0
176
1
290
0
176
1
 90
1
176
1
 40
0.0
176
1
 90
0
176
1
290
0
176
1
290
1
176
1
290
1
176
1
290
0
176
1
290
0
176
1
290
0
176
1
290
0
176
1
290
0
176
1
290
0
176
1
 90
50
176
1
 40
0.0
176
1
 40
1.0
176
1
 90
0
176
1
 62
18
420
0
176
1
 90
50
176
1
 90
3
176
1
 62
5
420
255
176
1
290
0
176
1
 90
50
176
1
 90
50
176
1
 90
50
176
1
290
0
176
1
 90
50
176
1
 62
256
176
0
 40
1.0
176
0
 90
2
176
1
  1
strokes_ogs.tif
176
1
290
0
176
1
 40
1.0
176
1
 40
1.0
176
1
  0
VISUALSTYLE
  5
61
102
{ACAD_REACTORS
330
16
102
}
330
16
100
AcDbVisualStyle
  2
Facepattern
 70
15
177
3
291
1
 70
58
 90
2
176
1
 90
2
176
1
 90
0
176
1
 90
2
176
1
 40
0.6
176
1
 40
30.0
176
1
 62
7
420
16777215
176
1
 90
1
176
1
 90
4
176
1
 62
7
176
1
 62
257
176
1
 90
1
176
1
 90
1
176
1
 40
1.0
176
1
 90
8
176
1
 62
7
176
1
 40
1.0
176
1
 90
1
176
1
 90
6
176
1
 90
2
176
1
 62
7
176
1
 90
5
176
1
 90
0
176
1
 90
0
176
1
290
0
176
1
 90
1
176
1
 40
0.0
176
1
 90
0
176
1
290
0
176
1
290
1
176
1
290
1
176
1
290
0
176
1
290
0
176
1
290
0
176
1
290
0
176
1
290
0
176
1
290
0
176
1
 90
50
176
1
 40
0.0
176
1
 40
1.0
176
1
 90
0
176
1
 62
18
420
0
176
1
 90
50
176
1
 90
3
176
1
 62
5
420
255
176
1
290
0
176
1
 90
50
176
1
 90
50
176
1
 90
50
176
1
290
0
176
1
 90
50
176
1
 62
256
176
0
 40
1.0
176
0
 90
2
176
1
  1
strokes_ogs.tif
176
1
290
0
176
1
 40
1.0
176
1
 40
1.0
176
1
  0
VISUALSTYLE
  5
62
102
{ACAD_REACTORS
330
16
102
}
330
16
100
AcDbVisualStyle
  2
Flat
 70
0
177
3
291
1
 70
58
 90
2
176
1
 90
2
176
1
 90
0
176
1
 90
2
176
1
 40
0.6
176
1
 40
30.0
176
1
 62
7
420
16777215
176
1
 90
1
176
1
 90
4
176
1
 62
7
176
1
 62
257
176
1
 90
1
176
1
 90
1
176
1
 40
1.0
176
1
 90
8
176
1
 62
7
176
1
 40
1.0
176
1
 90
1
176
1
 90
6
176
1
 90
2
176
1
 62
7
176
1
 90
5
176
1
 90
0
176
1
 90
0
176
1
290
0
176
1
 90
1
176
1
 40
0.0
176
1
 90
0
176
1
290
0
176
1
290
1
176
1
290
1
176
1
290
0
176
1
290
0
176
1
290
0
176
1
290
0
176
1
290
0
176
1
290
0
176
1
 90
50
176
1
 40
0.0
176
1
 40
1.0
176
1
 90
0
176
1
 62
18
420
0
176
1
 90
50
176
1
 90
3
176
1
 62
5
420
255
176
1
290
0
176
1
 90
50
176
1
 90
50
176
1
 90
50
176
1
290
0
176
1
 90
50
176
1
 62
256
176
0
 40
1.0
176
0
 90
2
176
1
  1
strokes_ogs.tif
176
1
290
0
176
1
 40
1.0
176
1
 40
1.0
176
1
  0
VISUALSTYLE
  5
63
102
{ACAD_REACTORS
330
16
102
}
330
16
100
AcDbVisualStyle
  2
FlatWithEdges
 70
1
177
3
291
1
 70
58
 90
2
176
1
 90
2
176
1
 90
0
176
1
 90
2
176
1
 40
0.6
176
1
 40
30.0
176
1
 62
7
420
16777215
176
1
 90
1
176
1
 90
4
176
1
 62
7
176
1
 62
257
176
1
 90
1
176
1
 90
1
176
1
 40
1.0
176
1
 90
8
176
1
 62
7
176
1
 40
1.0
176
1
 90
1
176
1
 90
6
176
1
 90
2
176
1
 62
7
176
1
 90
5
176
1
 90
0
176
1
 90
0
176
1
290
0
176
1
 90
1
176
1
 40
0.0
176
1
 90
0
176
1
290
0
176
1
290
1
176
1
290
1
176
1
290
0
176
1
290
0
176
1
290
0
176
1
290
0
176
1
290
0
176
1
290
0
176
1
 90
50
176
1
 40
0.0
176
1
 40
1.0
176
1
 90
0
176
1
 62
18
420
0
176
1
 90
50
176
1
 90
3
176
1
 62
5
420
255
176
1
290
0
176
1
 90
50
176
1
 90
50
176
1
 90
50
176
1
290
0
176
1
 90
50
176
1
 62
256
176
0
 40
1.0
176
0
 90
2
176
1
  1
strokes_ogs.tif
176
1
290
0
176
1
 40
1.0
176
1
 40
1.0
176
1
  0
VISUALSTYLE
  5
64
102
{ACAD_REACTORS
330
16
102
}
330
16
100
AcDbVisualStyle
  2
Gouraud
 70
2
177
3
291
1
 70
58
 90
2
176
1
 90
2
176
1
 90
0
176
1
 90
2
176
1
 40
0.6
176
1
 40
30.0
176
1
 62
7
420
16777215
176
1
 90
1
176
1
 90
4
176
1
 62
7
176
1
 62
257
176
1
 90
1
176
1
 90
1
176
1
 40
1.0
176
1
 90
8
176
1
 62
7
176
1
 40
1.0
176
1
 90
1
176
1
 90
6
176
1
 90
2
176
1
 62
7
176
1
 90
5
176
1
 90
0
176
1
 90
0
176
1
290
0
176
1
 90
1
176
1
 40
0.0
176
1
 90
0
176
1
290
0
176
1
290
1
176
1
290
1
176
1
290
0
176
1
290
0
176
1
290
0
176
1
290
0
176
1
290
0
176
1
290
0
176
1
 90
50
176
1
 40
0.0
176
1
 40
1.0
176
1
 90
0
176
1
 62
18
420
0
176
1
 90
50
176
1
 90
3
176
1
 62
5
420
255
176
1
290
0
176
1
 90
50
176
1
 90
50
176
1
 90
50
176
1
290
0
176
1
 90
50
176
1
 62
256
176
0
 40
1.0
176
0
 90
2
176
1
  1
strokes_ogs.tif
176
1
290
0
176
1
 40
1.0
176
1
 40
1.0
176
1
  0
VISUALSTYLE
  5
65
102
{ACAD_REACTORS
330
16
102
}
330
16
100
AcDbVisualStyle
  2
GouraudWithEdges
 70
3
177
3
291
1
 70
58
 90
2
176
1
 90
2
176
1
 90
0
176
1
 90
2
176
1
 40
0.6
176
1
 40
30.0
176
1
 62
7
420
16777215
176
1
 90
1
176
1
 90
4
176
1
 62
7
176
1
 62
257
176
1
 90
1
176
1
 90
1
176
1
 40
1.0
176
1
 90
8
176
1
 62
7
176
1
 40
1.0
176
1
 90
1
176
1
 90
6
176
1
 90
2
176
1
 62
7
176
1
 90
5
176
1
 90
0
176
1
 90
0
176
1
290
0
176
1
 90
1
176
1
 40
0.0
176
1
 90
0
176
1
290
0
176
1
290
1
176
1
290
1
176
1
290
0
176
1
290
0
176
1
290
0
176
1
290
0
176
1
290
0
176
1
290
0
176
1
 90
50
176
1
 40
0.0
176
1
 40
1.0
176
1
 90
0
176
1
 62
18
420
0
176
1
 90
50
176
1
 90
3
176
1
 62
5
420
255
176
1
290
0
176
1
 90
50
176
1
 90
50
176
1
 90
50
176
1
290
0
176
1
 90
50
176
1
 62
256
176
0
 40
1.0
176
0
 90
2
176
1
  1
strokes_ogs.tif
176
1
290
0
176
1
 40
1.0
176
1
 40
1.0
176
1
  0
VISUALSTYLE
  5
66
102
{ACAD_REACTORS
330
16
102
}
330
16
100
AcDbVisualStyle
  2
Hidden
 70
6
177
3
291
0
 70
58
 90
2
176
1
 90
2
176
1
 90
0
176
1
 90
1
176
1
 40
0.6
176
1
 40
30.0
176
1
 62
7
420
16777215
176
1
 90
1
176
1
 90
4
176
1
 62
7
176
1
 62
257
176
1
 90
1
176
1
 90
1
176
1
 40
1.0
176
1
 90
8
176
1
 62
7
176
1
 40
1.0
176
1
 90
1
176
1
 90
6
176
1
 90
2
176
1
 62
7
176
1
 90
5
176
1
 90
0
176
1
 90
0
176
1
290
0
176
1
 90
1
176
1
 40
0.0
176
1
 90
0
176
1
290
0
176
1
290
1
176
1
290
1
176
1
290
0
176
1
290
0
176
1
290
0
176
1
290
0
176
1
290
0
176
1
290
0
176
1
 90
50
176
1
 40
0.0
176
1
 40
1.0
176
1
 90
0
176
1
 62
18
420
0
176
1
 90
50
176
1
 90
3
176
1
 62
5
420
255
176
1
290
0
176
1
 90
50
176
1
 90
50
176
1
 90
50
176
1
290
0
176
1
 90
50
176
1
 62
256
176
0
 40
1.0
176
0
 90
2
176
1
  1
strokes_ogs.tif
176
1
290
0
176
1
 40
1.0
176
1
 40
1.0
176
1
  0
VISUALSTYLE
  5
67
102
{ACAD_REACTORS
330
16
102
}
330
16
100
AcDbVisualStyle
  2
JitterOff
 70
20
177
3
291
1
 70
58
 90
2
176
1
 90
2
176
1
 90
0
176
1
 90
2
176
1
 40
0.6
176
1
 40
30.0
176
1
 62
7
420
16777215
176
1
 90
1
176
1
 90
4
176
1
 62
7
176
1
 62
257
176
1
 90
1
176
1
 90
1
176
1
 40
1.0
176
1
 90
8
176
1
 62
7
176
1
 40
1.0
176
1
 90
1
176
1
 90
6
176
1
 90
2
176
1
 62
7
176
1
 90
5
176
1
 90
0
176
1
 90
0
176
1
290
0
176
1
 90
1
176
1
 40
0.0
176
1
 90
0
176
1
290
0
176
1
290
1
176
1
290
1
176
1
290
0
176
1
290
0
176
1
290
0
176
1
290
0
176
1
290
0
176
1
290
0
176
1
 90
50
176
1
 40
0.0
176
1
 40
1.0
176
1
 90
0
176
1
 62
18
420
0
176
1
 90
50
176
1
 90
3
176
1
 62
5
420
255
176
1
290
0
176
1
 90
50
176
1
 90
50
176
1
 90
50
176
1
290
0
176
1
 90
50
176
1
 62
256
176
0
 40
1.0
176
0
 90
2
176
1
  1
strokes_ogs.tif
176
1
290
0
176
1
 40
1.0
176
1
 40
1.0
176
1
  0
VISUALSTYLE
  5
68
102
{ACAD_REACTORS
330
16
102
}
330
16
100
AcDbVisualStyle
  2
Linepattern
 70
14
177
3
291
1
 70
58
 90
2
176
1
 90
2
176
1
 90
0
176
1
 90
2
176
1
 40
0.6
176
1
 40
30.0
176
1
 62
7
420
16777215
176
1
 90
1
176
1
 90
4
176
1
 62
7
176
1
 62
257
176
1
 90
1
176
1
 90
1
176
1
 40
1.0
176
1
 90
8
176
1
 62
7
176
1
 40
1.0
176
1
 90
1
176
1
 90
6
176
1
 90
2
176
1
 62
7
176
1
 90
5
176
1
 90
0
176
1
 90
0
176
1
290
0
176
1
 90
1
176
1
 40
0.0
176
1
 90
0
176
1
290
0
176
1
290
1
176
1
290
1
176
1
290
0
176
1
290
0
176
1
290
0
176
1
290
0
176
1
290
0
176
1
290
0
176
1
 90
50
176
1
 40
0.0
176
1
 40
1.0
176
1
 90
0
176
1
 62
18
420
0
176
1
 90
50
176
1
 90
3
176
1
 62
5
420
255
176
1
290
0
176
1
 90
50
176
1
 90
50
176
1
 90
50
176
1
290
0
176
1
 90
50
176
1
 62
256
176
0
 40
1.0
176
0
 90
2
176
1
  1
strokes_ogs.tif
176
1
290
0
176
1
 40
1.0
176
1
 40
1.0
176
1
  0
VISUALSTYLE
  5
69
102
{ACAD_REACTORS
330
16
102
}
330
16
100
AcDbVisualStyle
  2
Modeling
 70
10
177
3
291
0
 70
58
 90
2
176
1
 90
2
176
1
 90
0
176
1
 90
2
176
1
 40
0.6
176
1
 40
30.0
176
1
 62
7
420
16777215
176
1
 90
1
176
1
 90
4
176
1
 62
7
176
1
 62
257
176
1
 90
1
176
1
 90
1
176
1
 40
1.0
176
1
 90
8
176
1
 62
7
176
1
 40
1.0
176
1
 90
1
176
1
 90
6
176
1
 90
2
176
1
 62
7
176
1
 90
5
176
1
 90
0
176
1
 90
0
176
1
290
0
176
1
 90
1
176
1
 40
0.0
176
1
 90
0
176
1
290
0
176
1
290
1
176
1
290
1
176
1
290
0
176
1
290
0
176
1
290
0
176
1
290
0
176
1
290
0
176
1
290
0
176
1
 90
50
176
1
 40
0.0
176
1
 40
1.0
176
1
 90
0
176
1
 62
18
420
0
176
1
 90
50
176
1
 90
3
176
1
 62
5
420
255
176
1
290
0
176
1
 90
50
176
1
 90
50
176
1
 90
50
176
1
290
0
176
1
 90
50
176
1
 62
256
176
0
 40
1.0
176
0
 90
2
176
1
  1
strokes_ogs.tif
176
1
290
0
176
1
 40
1.0
176
1
 40
1.0
176
1
  0
VISUALSTYLE
  5
6A
102
{ACAD_REACTORS
330
16
102
}
330
16
100
AcDbVisualStyle
  2
OverhangOff
 70
21
177
3
291
1
 70
58
 90
2
176
1
 90
2
176
1
 90
0
176
1
 90
2
176
1
 40
0.6
176
1
 40
30.0
176
1
 62
7
420
16777215
176
1
 90
1
176
1
 90
4
176
1
 62
7
176
1
 62
257
176
1
 90
1
176
1
 90
1
176
1
 40
1.0
176
1
 90
8
176
1
 62
7
176
1
 40
1.0
176
1
 90
1
176
1
 90
6
176
1
 90
2
176
1
 62
7
176
1
 90
5
176
1
 90
0
176
1
 90
0
176
1
290
0
176
1
 90
1
176
1
 40
0.0
176
1
 90
0
176
1
290
0
176
1
290
1
176
1
290
1
176
1
290
0
176
1
290
0
176
1
290
0
176
1
290
0
176
1
290
0
176
1
290
0
176
1
 90
50
176
1
 40
0.0
176
1
 40
1.0
176
1
 90
0
176
1
 62
18
420
0
176
1
 90
50
176
1
 90
3
176
1
 62
5
420
255
176
1
290
0
176
1
 90
50
176
1
 90
50
176
1
 90
50
176
1
290
0
176
1
 90
50
176
1
 62
256
176
0
 40
1.0
176
0
 90
2
176
1
  1
strokes_ogs.tif
176
1
290
0
176
1
 40
1.0
176
1
 40
1.0
176
1
  0
VISUALSTYLE
  5
6B
102
{ACAD_REACTORS
330
16
102
}
330
16
100
AcDbVisualStyle
  2
Realistic
 70
8
177
3
291
0
 70
58
 90
2
176
1
 90
2
176
1
 90
0
176
1
 90
2
176
1
 40
0.6
176
1
 40
30.0
176
1
 62
7
420
16777215
176
1
 90
1
176
1
 90
4
176
1
 62
7
176
1
 62
257
176
1
 90
1
176
1
 90
1
176
1
 40
1.0
176
1
 90
8
176
1
 62
7
176
1
 40
1.0
176
1
 90
1
176
1
 90
6
176
1
 90
2
176
1
 62
7
176
1
 90
5
176
1
 90
0
176
1
 90
0
176
1
290
0
176
1
 90
1
176
1
 40
0.0
176
1
 90
0
176
1
290
0
176
1
290
1
176
1
290
1
176
1
290
0
176
1
290
0
176
1
290
0
176
1
290
0
176
1
290
0
176
1
290
0
176
1
 90
50
176
1
 40
0.0
176
1
 40
1.0
176
1
 90
0
176
1
 62
18
420
0
176
1
 90
50
176
1
 90
3
176
1
 62
5
420
255
176
1
290
0
176
1
 90
50
176
1
 90
50
176
1
 90
50
176
1
290
0
176
1
 90
50
176
1
 62
256
176
0
 40
1.0
176
0
 90
2
176
1
  1
strokes_ogs.tif
176
1
290
0
176
1
 40
1.0
176
1
 40
1.0
176
1
  0
VISUALSTYLE
  5
6C
102
{ACAD_REACTORS
330
16
102
}
330
16
100
AcDbVisualStyle
  2
Shaded
 70
27
177
3
291
0
 70
58
 90
2
176
1
 90
2
176
1
 90
0
176
1
 90
2
176
1
 40
0.6
176
1
 40
30.0
176
1
 62
7
420
16777215
176
1
 90
1
176
1
 90
4
176
1
 62
7
176
1
 62
257
176
1
 90
1
176
1
 90
1
176
1
 40
1.0
176
1
 90
8
176
1
 62
7
176
1
 40
1.0
176
1
 90
1
176
1
 90
6
176
1
 90
2
176
1
 62
7
176
1
 90
5
176
1
 90
0
176
1
 90
0
176
1
290
0
176
1
 90
1
176
1
 40
0.0
176
1
 90
0
176
1
290
0
176
1
290
1
176
1
290
1
176
1
290
0
176
1
290
0
176
1
290
0
176
1
290
0
176
1
290
0
176
1
290
0
176
1
 90
50
176
1
 40
0.0
176
1
 40
1.0
176
1
 90
0
176
1
 62
18
420
0
176
1
 90
50
176
1
 90
3
176
1
 62
5
420
255
176
1
290
0
176
1
 90
50
176
1
 90
50
176
1
 90
50
176
1
290
0
176
1
 90
50
176
1
 62
256
176
0
 40
1.0
176
0
 90
2
176
1
  1
strokes_ogs.tif
176
1
290
0
176
1
 40
1.0
176
1
 40
1.0
176
1
  0
VISUALSTYLE
  5
6D
102
{ACAD_REACTORS
330
16
102
}
330
16
100
AcDbVisualStyle
  2
Shaded with edges
 70
26
177
3
291
0
 70
58
 90
2
176
1
 90
2
176
1
 90
0
176
1
 90
2
176
1
 40
0.6
176
1
 40
30.0
176
1
 62
7
420
16777215
176
1
 90
1
176
1
 90
4
176
1
 62
7
176
1
 62
257
176
1
 90
1
176
1
 90
1
176
1
 40
1.0
176
1
 90
8
176
1
 62
7
176
1
 40
1.0
176
1
 90
1
176
1
 90
6
176
1
 90
2
176
1
 62
7
176
1
 90
5
176
1
 90
0
176
1
 90
0
176
1
290
0
176
1
 90
1
176
1
 40
0.0
176
1
 90
0
176
1
290
0
176
1
290
1
176
1
290
1
176
1
290
0
176
1
290
0
176
1
290
0
176
1
290
0
176
1
290
0
176
1
290
0
176
1
 90
50
176
1
 40
0.0
176
1
 40
1.0
176
1
 90
0
176
1
 62
18
420
0
176
1
 90
50
176
1
 90
3
176
1
 62
5
420
255
176
1
290
0
176
1
 90
50
176
1
 90
50
176
1
 90
50
176
1
290
0
176
1
 90
50
176
1
 62
256
176
0
 40
1.0
176
0
 90
2
176
1
  1
strokes_ogs.tif
176
1
290
0
176
1
 40
1.0
176
1
 40
1.0
176
1
  0
VISUALSTYLE
  5
6E
102
{ACAD_REACTORS
330
16
102
}
330
16
100
AcDbVisualStyle
  2
Shades of Gray
 70
23
177
3
291
0
 70
58
 90
2
176
1
 90
2
176
1
 90
0
176
1
 90
2
176
1
 40
0.6
176
1
 40
30.0
176
1
 62
7
420
16777215
176
1
 90
1
176
1
 90
4
176
1
 62
7
176
1
 62
257
176
1
 90
1
176
1
 90
1
176
1
 40
1.0
176
1
 90
8
176
1
 62
7
176
1
 40
1.0
176
1
 90
1
176
1
 90
6
176
1
 90
2
176
1
 62
7
176
1
 90
5
176
1
 90
0
176
1
 90
0
176
1
290
0
176
1
 90
1
176
1
 40
0.0
176
1
 90
0
176
1
290
0
176
1
290
1
176
1
290
1
176
1
290
0
176
1
290
0
176
1
290
0
176
1
290
0
176
1
290
0
176
1
290
0
176
1
 90
50
176
1
 40
0.0
176
1
 40
1.0
176
1
 90
0
176
1
 62
18
420
0
176
1
 90
50
176
1
 90
3
176
1
 62
5
420
255
176
1
290
0
176
1
 90
50
176
1
 90
50
176
1
 90
50
176
1
290
0
176
1
 90
50
176
1
 62
256
176
0
 40
1.0
176
0
 90
2
176
1
  1
strokes_ogs.tif
176
1
290
0
176
1
 40
1.0
176
1
 40
1.0
176
1
  0
VISUALSTYLE
  5
6F
102
{ACAD_REACTORS
330
16
102
}
330
16
100
AcDbVisualStyle
  2
Sketchy
 70
24
177
3
291
0
 70
58
 90
2
176
1
 90
2
176
1
 90
0
176
1
 90
1
176
1
 40
0.6
176
1
 40
30.0
176
1
 62
7
420
16777215
176
1
 90
1
176
1
 90
4
176
1
 62
7
176
1
 62
257
176
1
 90
1
176
1
 90
1
176
1
 40
1.0
176
1
 90
8
176
1
 62
7
176
1
 40
1.0
176
1
 90
1
176
1
 90
6
176
1
 90
2
176
1
 62
7
176
1
 90
5
176
1
 90
0
176
1
 90
0
176
1
290
0
176
1
 90
1
176
1
 40
0.0
176
1
 90
0
176
1
290
0
176
1
290
1
176
1
290
1
176
1
290
0
176
1
290
0
176
1
290
0
176
1
290
0
176
1
290
0
176
1
290
0
176
1
 90
50
176
1
 40
0.0
176
1
 40
1.0
176
1
 90
0
176
1
 62
18
420
0
176
1
 90
50
176
1
 90
3
176
1
 62
5
420
255
176
1
290
0
176
1
 90
50
176
1
 90
50
176
1
 90
50
176
1
290
0
176
1
 90
50
176
1
 62
256
176
0
 40
1.0
176
0
 90
2
176
1
  1
strokes_ogs.tif
176
1
290
0
176
1
 40
1.0
176
1
 40
1.0
176
1
  0
VISUALSTYLE
  5
70
102
{ACAD_REACTORS
330
16
102
}
330
16
100
AcDbVisualStyle
  2
Thicken
 70
13
177
3
291
1
 70
58
 90
2
176
1
 90
2
176
1
 90
0
176
1
 90
2
176
1
 40
0.6
176
1
 40
30.0
176
1
 62
7
420
16777215
176
1
 90
1
176
1
 90
4
176
1
 62
7
176
1
 62
257
176
1
 90
1
176
1
 90
1
176
1
 40
1.0
176
1
 90
8
176
1
 62
7
176
1
 40
1.0
176
1
 90
1
176
1
 90
6
176
1
 90
2
176
1
 62
7
176
1
 90
5
176
1
 90
0
176
1
 90
0
176
1
290
0
176
1
 90
1
176
1
 40
0.0
176
1
 90
0
176
1
290
0
176
1
290
1
176
1
290
1
176
1
290
0
176
1
290
0
176
1
290
0
176
1
290
0
176
1
290
0
176
1
290
0
176
1
 90
50
176
1
 40
0.0
176
1
 40
1.0
176
1
 90
0
176
1
 62
18
420
0
176
1
 90
50
176
1
 90
3
176
1
 62
5
420
255
176
1
290
0
176
1
 90
50
176
1
 90
50
176
1
 90
50
176
1
290
0
176
1
 90
50
176
1
 62
256
176
0
 40
1.0
176
0
 90
2
176
1
  1
strokes_ogs.tif
176
1
290
0
176
1
 40
1.0
176
1
 40
1.0
176
1
  0
VISUALSTYLE
  5
71
102
{ACAD_REACTORS
330
16
102
}
330
16
100
AcDbVisualStyle
  2
Wireframe
 70
5
177
3
291
0
 70
58
 90
2
176
1
 90
2
176
1
 90
0
176
1
 90
0
176
1
 40
0.6
176
1
 40
30.0
176
1
 62
7
420
16777215
176
1
 90
1
176
1
 90
4
176
1
 62
7
176
1
 62
257
176
1
 90
1
176
1
 90
1
176
1
 40
1.0
176
1
 90
8
176
1
 62
7
176
1
 40
1.0
176
1
 90
1
176
1
 90
6
176
1
 90
2
176
1
 62
7
176
1
 90
5
176
1
 90
0
176
1
 90
0
176
1
290
0
176
1
 90
1
176
1
 40
0.0
176
1
 90
0
176
1
290
0
176
1
290
1
176
1
290
1
176
1
290
0
176
1
290
0
176
1
290
0
176
1
290
0
176
1
290
0
176
1
290
0
176
1
 90
50
176
1
 40
0.0
176
1
 40
1.0
176
1
 90
0
176
1
 62
18
420
0
176
1
 90
50
176
1
 90
3
176
1
 62
5
420
255
176
1
290
0
176
1
 90
50
176
1
 90
50
176
1
 90
50
176
1
290
0
176
1
 90
50
176
1
 62
256
176
0
 40
1.0
176
0
 90
2
176
1
  1
strokes_ogs.tif
176
1
290
0
176
1
 40
1.0
176
1
 40
1.0
176
1
  0
VISUALSTYLE
  5
72
102
{ACAD_REACTORS
330
16
102
}
330
16
100
AcDbVisualStyle
  2
X-Ray
 70
25
177
3
291
0
 70
58
 90
2
176
1
 90
2
176
1
 90
0
176
1
 90
2
176
1
 40
0.5
176
1
 40
30.0
176
1
 62
7
420
16777215
176
1
 90
1
176
1
 90
4
176
1
 62
7
176
1
 62
257
176
1
 90
1
176
1
 90
1
176
1
 40
1.0
176
1
 90
8
176
1
 62
7
176
1
 40
1.0
176
1
 90
1
176
1
 90
6
176
1
 90
2
176
1
 62
7
176
1
 90
5
176
1
 90
0
176
1
 90
0
176
1
290
0
176
1
 90
1
176
1
 40
0.0
176
1
 90
0
176
1
290
0
176
1
290
1
176
1
290
1
176
1
290
0
176
1
290
0
176
1
290
0
176
1
290
0
176
1
290
0
176
1
290
0
176
1
 90
50
176
1
 40
0.0
176
1
 40
1.0
176
1
 90
0
176
1
 62
18
420
0
176
1
 90
50
176
1
 90
3
176
1
 62
5
420
255
176
1
290
0
176
1
 90
50
176
1
 90
50
176
1
 90
50
176
1
290
0
176
1
 90
50
176
1
 62
256
176
0
 40
1.0
176
0
 90
2
176
1
  1
strokes_ogs.tif
176
1
290
0
176
1
 40
1.0
176
1
 40
1.0
176
1
  0
DICTIONARYVAR
  5
6C9
330
2D
100
DictionaryVariables
280
0
  1
1.4.4 @ 2026-07-04T02:03:30.600255+00:00
  0
ENDSEC
  0
EOF
