  0
SECTION
  2
HEADER
  9
$ACADVER
  1
AC1027
  9
$ACADMAINTVER
 70
105
  9
$DWGCODEPAGE
  3
ANSI_1252
  9
$LASTSAVEDBY
  1
ezdxf
  9
$REQUIREDVERSIONS
160
0
  9
$INSBASE
 10
0.0
 20
0.0
 30
0.0
  9
$EXTMIN
 10
1e+20
 20
1e+20
 30
1e+20
  9
$EXTMAX
 10
-1e+20
 20
-1e+20
 30
-1e+20
  9
$LIMMIN
 10
0.0
 20
0.0
  9
$LIMMAX
 10
420.0
 20
297.0
  9
$ORTHOMODE
 70
0
  9
$REGENMODE
 70
1
  9
$FILLMODE
 70
1
  9
$QTEXTMODE
 70
0
  9
$MIRRTEXT
 70
1
  9
$LTSCALE
 40
1.0
  9
$ATTMODE
 70
1
  9
$TEXTSIZE
 40
2.5
  9
$TRACEWID
 40
1.0
  9
$TEXTSTYLE
  7
OpenSans
  9
$CLAYER
  8
0
  9
$CELTYPE
  6
ByLayer
  9
$CECOLOR
 62
256
  9
$CELTSCALE
 40
1.0
  9
$DISPSILH
 70
0
  9
$DIMSCALE
 40
1.0
  9
$DIMASZ
 40
0.175
  9
$DIMEXO
 40
0.125
  9
$DIMDLI
 40
3.75
  9
$DIMRND
 40
0.0
  9
$DIMDLE
 40
0.0
  9
$DIMEXE
 40
0.375
  9
$DIMTP
 40
0.0
  9
$DIMTM
 40
0.0
  9
$DIMTXT
 40
0.25
  9
$DIMCEN
 40
2.5
  9
$DIMTSZ
 40
0.0
  9
$DIMTOL
 70
0
  9
$DIMLIM
 70
0
  9
$DIMTIH
 70
0
  9
$DIMTOH
 70
0
  9
$DIMSE1
 70
0
  9
$DIMSE2
 70
0
  9
$DIMTAD
 70
1
  9
$DIMZIN
 70
12
  9
$DIMBLK
  1
ARCHTICK
  9
$DIMASO
 70
1
  9
$DIMSHO
 70
1
  9
$DIMPOST
  1

  9
$DIMAPOST
  1

  9
$DIMALT
 70
0
  9
$DIMALTD
 70
3
  9
$DIMALTF
 40
0.03937007874
  9
$DIMLFAC
 40
100.0
  9
$DIMTOFL
 70
1
  9
$DIMTVP
 40
0.0
  9
$DIMTIX
 70
0
  9
$DIMSOXD
 70
0
  9
$DIMSAH
 70
0
  9
$DIMBLK1
  1

  9
$DIMBLK2
  1

  9
$DIMSTYLE
  2
EZDXF
  9
$DIMCLRD
 70
0
  9
$DIMCLRE
 70
0
  9
$DIMCLRT
 70
0
  9
$DIMTFAC
 40
0.5
  9
$DIMGAP
 40
0.1
  9
$DIMJUST
 70
0
  9
$DIMSD1
 70
0
  9
$DIMSD2
 70
0
  9
$DIMTOLJ
 70
0
  9
$DIMTZIN
 70
8
  9
$DIMALTZ
 70
0
  9
$DIMALTTZ
 70
0
  9
$DIMUPT
 70
1
  9
$DIMDEC
 70
2
  9
$DIMTDEC
 70
2
  9
$DIMALTU
 70
2
  9
$DIMALTTD
 70
3
  9
$DIMTXSTY
  7
OpenSansCondensed-Light
  9
$DIMAUNIT
 70
0
  9
$DIMADEC
 70
2
  9
$DIMALTRND
 40
0.0
  9
$DIMAZIN
 70
3
  9
$DIMDSEP
 70
46
  9
$DIMATFIT
 70
3
  9
$DIMFRAC
 70
0
  9
$DIMLDRBLK
  1

  9
$DIMLUNIT
 70
2
  9
$DIMLWD
 70
-2
  9
$DIMLWE
 70
-2
  9
$DIMTMOVE
 70
2
  9
$DIMFXL
 40
1.0
  9
$DIMFXLON
 70
0
  9
$DIMJOGANG
 40
0.785398163397
  9
$DIMTFILL
 70
0
  9
$DIMTFILLCLR
 70
0
  9
$DIMARCSYM
 70
0
  9
$DIMLTYPE
  6

  9
$DIMLTEX1
  6

  9
$DIMLTEX2
  6

  9
$DIMTXTDIRECTION
 70
0
  9
$LUNITS
 70
2
  9
$LUPREC
 70
4
  9
$SKETCHINC
 40
1.0
  9
$FILLETRAD
 40
10.0
  9
$AUNITS
 70
0
  9
$AUPREC
 70
2
  9
$MENU
  1
.
  9
$ELEVATION
 40
0.0
  9
$PELEVATION
 40
0.0
  9
$THICKNESS
 40
0.0
  9
$LIMCHECK
 70
0
  9
$CHAMFERA
 40
0.0
  9
$CHAMFERB
 40
0.0
  9
$CHAMFERC
 40
0.0
  9
$CHAMFERD
 40
0.0
  9
$SKPOLY
 70
0
  9
$TDCREATE
 40
2461226.4757175925
  9
$TDUCREATE
 40
2458532.153996898
  9
$TDUPDATE
 40
2461226.4757175925
  9
$TDUUPDATE
 40
2458532.1544311
  9
$TDINDWG
 40
0.0
  9
$TDUSRTIMER
 40
0.0
  9
$USRTIMER
 70
1
  9
$ANGBASE
 50
0.0
  9
$ANGDIR
 70
0
  9
$PDMODE
 70
0
  9
$PDSIZE
 40
0.0
  9
$PLINEWID
 40
0.0
  9
$SPLFRAME
 70
0
  9
$SPLINETYPE
 70
6
  9
$SPLINESEGS
 70
8
  9
$HANDSEED
  5
89D
  9
$SURFTAB1
 70
6
  9
$SURFTAB2
 70
6
  9
$SURFTYPE
 70
6
  9
$SURFU
 70
6
  9
$SURFV
 70
6
  9
$UCSBASE
  2

  9
$UCSNAME
  2

  9
$UCSORG
 10
0.0
 20
0.0
 30
0.0
  9
$UCSXDIR
 10
1.0
 20
0.0
 30
0.0
  9
$UCSYDIR
 10
0.0
 20
1.0
 30
0.0
  9
$UCSORTHOREF
  2

  9
$UCSORTHOVIEW
 70
0
  9
$UCSORGTOP
 10
0.0
 20
0.0
 30
0.0
  9
$UCSORGBOTTOM
 10
0.0
 20
0.0
 30
0.0
  9
$UCSORGLEFT
 10
0.0
 20
0.0
 30
0.0
  9
$UCSORGRIGHT
 10
0.0
 20
0.0
 30
0.0
  9
$UCSORGFRONT
 10
0.0
 20
0.0
 30
0.0
  9
$UCSORGBACK
 10
0.0
 20
0.0
 30
0.0
  9
$PUCSBASE
  2

  9
$PUCSNAME
  2

  9
$PUCSORG
 10
0.0
 20
0.0
 30
0.0
  9
$PUCSXDIR
 10
1.0
 20
0.0
 30
0.0
  9
$PUCSYDIR
 10
0.0
 20
1.0
 30
0.0
  9
$PUCSORTHOREF
  2

  9
$PUCSORTHOVIEW
 70
0
  9
$PUCSORGTOP
 10
0.0
 20
0.0
 30
0.0
  9
$PUCSORGBOTTOM
 10
0.0
 20
0.0
 30
0.0
  9
$PUCSORGLEFT
 10
0.0
 20
0.0
 30
0.0
  9
$PUCSORGRIGHT
 10
0.0
 20
0.0
 30
0.0
  9
$PUCSORGFRONT
 10
0.0
 20
0.0
 30
0.0
  9
$PUCSORGBACK
 10
0.0
 20
0.0
 30
0.0
  9
$USERI1
 70
0
  9
$USERI2
 70
0
  9
$USERI3
 70
0
  9
$USERI4
 70
0
  9
$USERI5
 70
0
  9
$USERR1
 40
0.0
  9
$USERR2
 40
0.0
  9
$USERR3
 40
0.0
  9
$USERR4
 40
0.0
  9
$USERR5
 40
0.0
  9
$WORLDVIEW
 70
1
  9
$SHADEDGE
 70
3
  9
$SHADEDIF
 70
70
  9
$TILEMODE
 70
1
  9
$MAXACTVP
 70
64
  9
$PINSBASE
 10
0.0
 20
0.0
 30
0.0
  9
$PLIMCHECK
 70
0
  9
$PEXTMIN
 10
1e+20
 20
1e+20
 30
1e+20
  9
$PEXTMAX
 10
-1e+20
 20
-1e+20
 30
-1e+20
  9
$PLIMMIN
 10
0.0
 20
0.0
  9
$PLIMMAX
 10
420.0
 20
297.0
  9
$UNITMODE
 70
0
  9
$VISRETAIN
 70
1
  9
$PLINEGEN
 70
0
  9
$PSLTSCALE
 70
1
  9
$TREEDEPTH
 70
3020
  9
$CMLSTYLE
  2
Standard
  9
$CMLJUST
 70
0
  9
$CMLSCALE
 40
20.0
  9
$PROXYGRAPHICS
 70
1
  9
$MEASUREMENT
 70
1
  9
$CELWEIGHT
370
-1
  9
$ENDCAPS
280
0
  9
$JOINSTYLE
280
0
  9
$LWDISPLAY
290
0
  9
$INSUNITS
 70
6
  9
$HYPERLINKBASE
  1

  9
$STYLESHEET
  1

  9
$XEDIT
290
1
  9
$CEPSNTYPE
380
0
  9
$PSTYLEMODE
290
1
  9
$FINGERPRINTGUID
  2
{A7D419C6-AB3C-4CAC-BEDA-C718233C3C6C}
  9
$VERSIONGUID
  2
{1AEA81FE-B824-4254-A8D0-7CA5C79AEAB6}
  9
$EXTNAMES
290
1
  9
$PSVPSCALE
 40
0.0
  9
$OLESTARTUP
290
0
  9
$SORTENTS
280
127
  9
$INDEXCTL
280
0
  9
$HIDETEXT
280
1
  9
$XCLIPFRAME
280
1
  9
$HALOGAP
280
0
  9
$OBSCOLOR
 70
257
  9
$OBSLTYPE
280
0
  9
$INTERSECTIONDISPLAY
280
0
  9
$INTERSECTIONCOLOR
 70
257
  9
$DIMASSOC
280
2
  9
$PROJECTNAME
  1

  9
$CAMERADISPLAY
290
0
  9
$LENSLENGTH
 40
50.0
  9
$CAMERAHEIGHT
 40
0.0
  9
$STEPSPERSEC
 40
24.0
  9
$STEPSIZE
 40
100.0
  9
$3DDWFPREC
 40
2.0
  9
$PSOLWIDTH
 40
0.005
  9
$PSOLHEIGHT
 40
0.08
  9
$LOFTANG1
 40
1.570796326795
  9
$LOFTANG2
 40
1.570796326795
  9
$LOFTMAG1
 40
0.0
  9
$LOFTMAG2
 40
0.0
  9
$LOFTPARAM
 70
7
  9
$LOFTNORMALS
280
1
  9
$LATITUDE
 40
37.795
  9
$LONGITUDE
 40
-122.394
  9
$NORTHDIRECTION
 40
0.0
  9
$TIMEZONE
 70
-8000
  9
$LIGHTGLYPHDISPLAY
280
1
  9
$TILEMODELIGHTSYNCH
280
1
  9
$CMATERIAL
347
20
  9
$SOLIDHIST
280
0
  9
$SHOWHIST
280
1
  9
$DWFFRAME
280
2
  9
$DGNFRAME
280
2
  9
$REALWORLDSCALE
290
1
  9
$INTERFERECOLOR
 62
256
  9
$CSHADOW
280
0
  9
$SHADOWPLANELOCATION
 40
0.0
  0
ENDSEC
  0
SECTION
  2
CLASSES
  0
CLASS
  1
ACDBDICTIONARYWDFLT
  2
AcDbDictionaryWithDefault
  3
ObjectDBX Classes
 90
0
 91
0
280
0
281
0
  0
CLASS
  1
SUN
  2
AcDbSun
  3
SCENEOE
 90
1153
 91
0
280
0
281
0
  0
CLASS
  1
VISUALSTYLE
  2
AcDbVisualStyle
  3
ObjectDBX Classes
 90
4095
 91
0
280
0
281
0
  0
CLASS
  1
MATERIAL
  2
AcDbMaterial
  3
ObjectDBX Classes
 90
1153
 91
0
280
0
281
0
  0
CLASS
  1
SCALE
  2
AcDbScale
  3
ObjectDBX Classes
 90
1153
 91
0
280
0
281
0
  0
CLASS
  1
TABLESTYLE
  2
AcDbTableStyle
  3
ObjectDBX Classes
 90
4095
 91
0
280
0
281
0
  0
CLASS
  1
MLEADERSTYLE
  2
AcDbMLeaderStyle
  3
ACDB_MLEADERSTYLE_CLASS
 90
4095
 91
0
280
0
281
0
  0
CLASS
  1
DICTIONARYVAR
  2
AcDbDictionaryVar
  3
ObjectDBX Classes
 90
0
 91
0
280
0
281
0
  0
CLASS
  1
CELLSTYLEMAP
  2
AcDbCellStyleMap
  3
ObjectDBX Classes
 90
1152
 91
0
280
0
281
0
  0
CLASS
  1
MENTALRAYRENDERSETTINGS
  2
AcDbMentalRayRenderSettings
  3
SCENEOE
 90
1024
 91
0
280
0
281
0
  0
CLASS
  1
ACDBDETAILVIEWSTYLE
  2
AcDbDetailViewStyle
  3
ObjectDBX Classes
 90
1025
 91
0
280
0
281
0
  0
CLASS
  1
ACDBSECTIONVIEWSTYLE
  2
AcDbSectionViewStyle
  3
ObjectDBX Classes
 90
1025
 91
0
280
0
281
0
  0
CLASS
  1
RASTERVARIABLES
  2
AcDbRasterVariables
  3
ISM
 90
0
 91
0
280
0
281
0
  0
CLASS
  1
ACDBPLACEHOLDER
  2
AcDbPlaceHolder
  3
ObjectDBX Classes
 90
0
 91
0
280
0
281
0
  0
CLASS
  1
LAYOUT
  2
AcDbLayout
  3
ObjectDBX Classes
 90
0
 91
0
280
0
281
0
  0
ENDSEC
  0
SECTION
  2
TABLES
  0
TABLE
  2
VPORT
  5
8
330
0
100
AcDbSymbolTable
 70
1
  0
VPORT
  5
23
330
8
100
AcDbSymbolTableRecord
100
AcDbViewportTableRecord
  2
*Active
 70
0
 10
0.0
 20
0.0
 11
1.0
 21
1.0
 12
0.0
 22
0.0
 13
0.0
 23
0.0
 14
0.5
 24
0.5
 15
0.5
 25
0.5
 16
0.0
 26
0.0
 36
1.0
 17
0.0
 27
0.0
 37
0.0
 40
1000.0
 41
1.34
 42
50.0
 43
0.0
 44
0.0
 50
0.0
 51
0.0
 71
0
 72
1000
 73
1
 74
3
 75
0
 76
0
 77
0
 78
0
281
0
 65
0
146
0.0
  0
ENDTAB
  0
TABLE
  2
LTYPE
  5
2
330
0
100
AcDbSymbolTable
 70
22
  0
LTYPE
  5
24
330
2
100
AcDbSymbolTableRecord
100
AcDbLinetypeTableRecord
  2
ByBlock
 70
0
  3

 72
65
 73
0
 40
0.0
  0
LTYPE
  5
25
330
2
100
AcDbSymbolTableRecord
100
AcDbLinetypeTableRecord
  2
ByLayer
 70
0
  3

 72
65
 73
0
 40
0.0
  0
LTYPE
  5
26
330
2
100
AcDbSymbolTableRecord
100
AcDbLinetypeTableRecord
  2
Continuous
 70
0
  3

 72
65
 73
0
 40
0.0
  0
LTYPE
  5
2F
330
2
100
AcDbSymbolTableRecord
100
AcDbLinetypeTableRecord
  2
CENTER
 70
0
  3
Center ____ _ ____ _ ____ _ ____ _ ____ _ ____
 72
65
 73
4
 40
5.08
 49
3.175
 74
0
 49
-0.635
 74
0
 49
0.635
 74
0
 49
-0.635
 74
0
  0
LTYPE
  5
30
330
2
100
AcDbSymbolTableRecord
100
AcDbLinetypeTableRecord
  2
CENTERX2
 70
0
  3
Center (2x) ________  __  ________  __  ________
 72
65
 73
4
 40
8.89
 49
6.35
 74
0
 49
-0.635
 74
0
 49
1.27
 74
0
 49
-0.635
 74
0
  0
LTYPE
  5
31
330
2
100
AcDbSymbolTableRecord
100
AcDbLinetypeTableRecord
  2
CENTER2
 70
0
  3
Center (.5x) ____ _ ____ _ ____ _ ____ _ ____
 72
65
 73
4
 40
2.54
 49
1.587
 74
0
 49
-0.318
 74
0
 49
0.318
 74
0
 49
-0.318
 74
0
  0
LTYPE
  5
32
330
2
100
AcDbSymbolTableRecord
100
AcDbLinetypeTableRecord
  2
DASHED
 70
0
  3
Dashed __ __ __ __ __ __ __ __ __ __ __ __ __ _
 72
65
 73
2
 40
1.524
 49
1.27
 74
0
 49
-0.254
 74
0
  0
LTYPE
  5
33
330
2
100
AcDbSymbolTableRecord
100
AcDbLinetypeTableRecord
  2
DASHEDX2
 70
0
  3
Dashed (2x) ____  ____  ____  ____  ____  ____
 72
65
 73
2
 40
3.048
 49
2.54
 74
0
 49
-0.508
 74
0
  0
LTYPE
  5
34
330
2
100
AcDbSymbolTableRecord
100
AcDbLinetypeTableRecord
  2
DASHED2
 70
0
  3
Dashed (.5x) _ _ _ _ _ _ _ _ _ _ _ _ _ _
 72
65
 73
2
 40
0.762
 49
0.635
 74
0
 49
-0.127
 74
0
  0
LTYPE
  5
35
330
2
100
AcDbSymbolTableRecord
100
AcDbLinetypeTableRecord
  2
PHANTOM
 70
0
  3
Phantom ______  __  __  ______  __  __  ______
 72
65
 73
6
 40
6.35
 49
3.175
 74
0
 49
-0.635
 74
0
 49
0.635
 74
0
 49
-0.635
 74
0
 49
0.635
 74
0
 49
-0.635
 74
0
  0
LTYPE
  5
36
330
2
100
AcDbSymbolTableRecord
100
AcDbLinetypeTableRecord
  2
PHANTOMX2
 70
0
  3
Phantom (2x)____________    ____    ____    ____________
 72
65
 73
6
 40
10.795
 49
6.35
 74
0
 49
-0.635
 74
0
 49
1.27
 74
0
 49
-0.635
 74
0
 49
1.27
 74
0
 49
-0.635
 74
0
  0
LTYPE
  5
37
330
2
100
AcDbSymbolTableRecord
100
AcDbLinetypeTableRecord
  2
PHANTOM2
 70
0
  3
Phantom (.5x) ___ _ _ ___ _ _ ___ _ _ ___ _ _ ___
 72
65
 73
6
 40
3.175
 49
1.587
 74
0
 49
-0.318
 74
0
 49
0.318
 74
0
 49
-0.318
 74
0
 49
0.318
 74
0
 49
-0.318
 74
0
  0
LTYPE
  5
38
330
2
100
AcDbSymbolTableRecord
100
AcDbLinetypeTableRecord
  2
DASHDOT
 70
0
  3
Dash dot __ . __ . __ . __ . __ . __ . __ . __
 72
65
 73
4
 40
3.556
 49
2.54
 74
0
 49
-0.508
 74
0
 49
0.0
 74
0
 49
-0.508
 74
0
  0
LTYPE
  5
39
330
2
100
AcDbSymbolTableRecord
100
AcDbLinetypeTableRecord
  2
DASHDOTX2
 70
0
  3
Dash dot (2x) ____  .  ____  .  ____  .  ____
 72
65
 73
4
 40
6.096
 49
5.08
 74
0
 49
-0.508
 74
0
 49
0.0
 74
0
 49
-0.508
 74
0
  0
LTYPE
  5
3A
330
2
100
AcDbSymbolTableRecord
100
AcDbLinetypeTableRecord
  2
DASHDOT2
 70
0
  3
Dash dot (.5x) _ . _ . _ . _ . _ . _ . _ . _
 72
65
 73
4
 40
1.778
 49
1.27
 74
0
 49
-0.254
 74
0
 49
0.0
 74
0
 49
-0.254
 74
0
  0
LTYPE
  5
3B
330
2
100
AcDbSymbolTableRecord
100
AcDbLinetypeTableRecord
  2
DOT
 70
0
  3
Dot .  .  .  .  .  .  .  .  .  .  .  .  .  .  .  .
 72
65
 73
2
 40
0.508
 49
0.0
 74
0
 49
-0.508
 74
0
  0
LTYPE
  5
3C
330
2
100
AcDbSymbolTableRecord
100
AcDbLinetypeTableRecord
  2
DOTX2
 70
0
  3
Dot (2x) .    .    .    .    .    .    .    . 
 72
65
 73
2
 40
1.016
 49
0.0
 74
0
 49
-1.016
 74
0
  0
LTYPE
  5
3D
330
2
100
AcDbSymbolTableRecord
100
AcDbLinetypeTableRecord
  2
DOT2
 70
0
  3
Dot (.5) . . . . . . . . . . . . . . . . . . . 
 72
65
 73
2
 40
0.254
 49
0.0
 74
0
 49
-0.254
 74
0
  0
LTYPE
  5
3E
330
2
100
AcDbSymbolTableRecord
100
AcDbLinetypeTableRecord
  2
DIVIDE
 70
0
  3
Divide __ . . __ . . __ . . __ . . __ . . __
 72
65
 73
6
 40
4.064
 49
2.54
 74
0
 49
-0.508
 74
0
 49
0.0
 74
0
 49
-0.508
 74
0
 49
0.0
 74
0
 49
-0.508
 74
0
  0
LTYPE
  5
3F
330
2
100
AcDbSymbolTableRecord
100
AcDbLinetypeTableRecord
  2
DIVIDEX2
 70
0
  3
Divide (2x) ____  . .  ____  . .  ____  . .  ____
 72
65
 73
6
 40
6.604
 49
5.08
 74
0
 49
-0.508
 74
0
 49
0.0
 74
0
 49
-0.508
 74
0
 49
0.0
 74
0
 49
-0.508
 74
0
  0
LTYPE
  5
40
330
2
100
AcDbSymbolTableRecord
100
AcDbLinetypeTableRecord
  2
DIVIDE2
 70
0
  3
Divide(.5x) _ . _ . _ . _ . _ . _ . _ . _
 72
65
 73
6
 40
2.032
 49
1.27
 74
0
 49
-0.254
 74
0
 49
0.0
 74
0
 49
-0.254
 74
0
 49
0.0
 74
0
 49
-0.254
 74
0
  0
ENDTAB
  0
TABLE
  2
LAYER
  5
1
330
0
100
AcDbSymbolTable
 70
17
  0
LAYER
  5
27
330
1
100
AcDbSymbolTableRecord
100
AcDbLayerTableRecord
  2
0
 70
0
 62
7
  6
Continuous
370
-3
390
13
347
21
  0
LAYER
  5
28
330
1
100
AcDbSymbolTableRecord
100
AcDbLayerTableRecord
  2
Defpoints
 70
0
 62
7
  6
Continuous
290
0
370
-3
390
13
347
21
  0
LAYER
  5
8D
330
1
100
AcDbSymbolTableRecord
100
AcDbLayerTableRecord
  2
OUTLINE
 70
0
 62
7
  6
CONTINUOUS
370
50
390
13
347
21
  0
LAYER
  5
8E
330
1
100
AcDbSymbolTableRecord
100
AcDbLayerTableRecord
  2
HOLE
 70
0
 62
7
  6
CONTINUOUS
370
50
390
13
347
21
  0
LAYER
  5
8F
330
1
100
AcDbSymbolTableRecord
100
AcDbLayerTableRecord
  2
CENTER
 70
0
 62
1
  6
CENTER
370
18
390
13
347
21
  0
LAYER
  5
90
330
1
100
AcDbSymbolTableRecord
100
AcDbLayerTableRecord
  2
HIDDEN
 70
0
 62
4
  6
HIDDEN
370
25
390
13
347
21
  0
LAYER
  5
91
330
1
100
AcDbSymbolTableRecord
100
AcDbLayerTableRecord
  2
DIM
 70
0
 62
2
  6
CONTINUOUS
370
18
390
13
347
21
  0
LAYER
  5
92
330
1
100
AcDbSymbolTableRecord
100
AcDbLayerTableRecord
  2
LEADER
 70
0
 62
2
  6
CONTINUOUS
370
18
390
13
347
21
  0
LAYER
  5
93
330
1
100
AcDbSymbolTableRecord
100
AcDbLayerTableRecord
  2
FRAME
 70
0
 62
7
  6
CONTINUOUS
370
13
390
13
347
21
  0
LAYER
  5
94
330
1
100
AcDbSymbolTableRecord
100
AcDbLayerTableRecord
  2
TITLE
 70
0
 62
7
  6
CONTINUOUS
370
13
390
13
347
21
  0
LAYER
  5
95
330
1
100
AcDbSymbolTableRecord
100
AcDbLayerTableRecord
  2
TEXT
 70
0
 62
7
  6
CONTINUOUS
370
13
390
13
347
21
  0
LAYER
  5
96
330
1
100
AcDbSymbolTableRecord
100
AcDbLayerTableRecord
  2
TECH
 70
0
 62
5
  6
CONTINUOUS
370
13
390
13
347
21
  0
LAYER
  5
97
330
1
100
AcDbSymbolTableRecord
100
AcDbLayerTableRecord
  2
BOM
 70
0
 62
7
  6
CONTINUOUS
370
13
390
13
347
21
  0
LAYER
  5
98
330
1
100
AcDbSymbolTableRecord
100
AcDbLayerTableRecord
  2
SECTION
 70
0
 62
1
  6
CONTINUOUS
370
18
390
13
347
21
  0
LAYER
  5
263
330
1
100
AcDbSymbolTableRecord
100
AcDbLayerTableRecord
  2
明细栏
 70
0
 62
4
  6
Continuous
370
-3
390
F
347
1DBB
  0
LAYER
  5
264
330
1
100
AcDbSymbolTableRecord
100
AcDbLayerTableRecord
  2
图框
 70
0
 62
7
  6
Continuous
370
-3
390
F
347
1DBB
  0
LAYER
  5
265
330
1
100
AcDbSymbolTableRecord
100
AcDbLayerTableRecord
  2
注释
 70
0
 62
5
  6
Continuous
370
-3
390
F
347
1DBB
  0
ENDTAB
  0
TABLE
  2
STYLE
  5
5
330
0
100
AcDbSymbolTable
 70
32
  0
STYLE
  5
29
330
5
100
AcDbSymbolTableRecord
100
AcDbTextStyleTableRecord
  2
Standard
 70
0
 40
0.0
 41
1.0
 50
0.0
 71
0
 42
2.5
  3
txt
  4

  0
STYLE
  5
41
330
5
100
AcDbSymbolTableRecord
100
AcDbTextStyleTableRecord
  2
OpenSans-Light
 70
0
 40
0.0
 41
1.0
 50
0.0
 71
0
 42
2.5
  3
OpenSans-Light.ttf
  4

  0
STYLE
  5
42
330
5
100
AcDbSymbolTableRecord
100
AcDbTextStyleTableRecord
  2
OpenSans-Light-Italic
 70
0
 40
0.0
 41
1.0
 50
0.0
 71
0
 42
2.5
  3
OpenSans-LightItalic.ttf
  4

  0
STYLE
  5
43
330
5
100
AcDbSymbolTableRecord
100
AcDbTextStyleTableRecord
  2
OpenSans
 70
0
 40
0.0
 41
1.0
 50
0.0
 71
0
 42
2.5
  3
OpenSans-Regular.ttf
  4

  0
STYLE
  5
44
330
5
100
AcDbSymbolTableRecord
100
AcDbTextStyleTableRecord
  2
OpenSans-Italic
 70
0
 40
0.0
 41
1.0
 50
0.0
 71
0
 42
2.5
  3
OpenSans-Italic.ttf
  4

  0
STYLE
  5
45
330
5
100
AcDbSymbolTableRecord
100
AcDbTextStyleTableRecord
  2
OpenSans-SemiBold
 70
0
 40
0.0
 41
1.0
 50
0.0
 71
0
 42
2.5
  3
OpenSans-SemiBold.ttf
  4

  0
STYLE
  5
46
330
5
100
AcDbSymbolTableRecord
100
AcDbTextStyleTableRecord
  2
OpenSans-SemiBoldItalic
 70
0
 40
0.0
 41
1.0
 50
0.0
 71
0
 42
2.5
  3
OpenSans-SemiBoldItalic.ttf
  4

  0
STYLE
  5
47
330
5
100
AcDbSymbolTableRecord
100
AcDbTextStyleTableRecord
  2
OpenSans-Bold
 70
0
 40
0.0
 41
1.0
 50
0.0
 71
0
 42
2.5
  3
OpenSans-Bold.ttf
  4

  0
STYLE
  5
48
330
5
100
AcDbSymbolTableRecord
100
AcDbTextStyleTableRecord
  2
OpenSans-BoldItalic
 70
0
 40
0.0
 41
1.0
 50
0.0
 71
0
 42
2.5
  3
OpenSans-BoldItalic.ttf
  4

  0
STYLE
  5
49
330
5
100
AcDbSymbolTableRecord
100
AcDbTextStyleTableRecord
  2
OpenSans-ExtraBold
 70
0
 40
0.0
 41
1.0
 50
0.0
 71
0
 42
2.5
  3
OpenSans-ExtraBold.ttf
  4

  0
STYLE
  5
4A
330
5
100
AcDbSymbolTableRecord
100
AcDbTextStyleTableRecord
  2
OpenSans-ExtraBoldItalic
 70
0
 40
0.0
 41
1.0
 50
0.0
 71
0
 42
2.5
  3
OpenSans-ExtraBoldItalic.ttf
  4

  0
STYLE
  5
4B
330
5
100
AcDbSymbolTableRecord
100
AcDbTextStyleTableRecord
  2
OpenSansCondensed-Bold
 70
0
 40
0.0
 41
1.0
 50
0.0
 71
0
 42
2.5
  3
OpenSansCondensed-Bold.ttf
  4

  0
STYLE
  5
4C
330
5
100
AcDbSymbolTableRecord
100
AcDbTextStyleTableRecord
  2
OpenSansCondensed-Light
 70
0
 40
0.0
 41
1.0
 50
0.0
 71
0
 42
2.5
  3
OpenSansCondensed-Light.ttf
  4

  0
STYLE
  5
4D
330
5
100
AcDbSymbolTableRecord
100
AcDbTextStyleTableRecord
  2
OpenSansCondensed-Italic
 70
0
 40
0.0
 41
1.0
 50
0.0
 71
0
 42
2.5
  3
OpenSansCondensed-LightItalic.ttf
  4

  0
STYLE
  5
4E
330
5
100
AcDbSymbolTableRecord
100
AcDbTextStyleTableRecord
  2
LiberationSans
 70
0
 40
0.0
 41
1.0
 50
0.0
 71
0
 42
2.5
  3
LiberationSans-Regular.ttf
  4

  0
STYLE
  5
4F
330
5
100
AcDbSymbolTableRecord
100
AcDbTextStyleTableRecord
  2
LiberationSans-Bold
 70
0
 40
0.0
 41
1.0
 50
0.0
 71
0
 42
2.5
  3
LiberationSans-Bold.ttf
  4

  0
STYLE
  5
50
330
5
100
AcDbSymbolTableRecord
100
AcDbTextStyleTableRecord
  2
LiberationSans-BoldItalic
 70
0
 40
0.0
 41
1.0
 50
0.0
 71
0
 42
2.5
  3
LiberationSans-BoldItalic.ttf
  4

  0
STYLE
  5
51
330
5
100
AcDbSymbolTableRecord
100
AcDbTextStyleTableRecord
  2
LiberationSans-Italic
 70
0
 40
0.0
 41
1.0
 50
0.0
 71
0
 42
2.5
  3
LiberationSans-Italic.ttf
  4

  0
STYLE
  5
52
330
5
100
AcDbSymbolTableRecord
100
AcDbTextStyleTableRecord
  2
LiberationSerif
 70
0
 40
0.0
 41
1.0
 50
0.0
 71
0
 42
2.5
  3
LiberationSerif-Regular.ttf
  4

  0
STYLE
  5
53
330
5
100
AcDbSymbolTableRecord
100
AcDbTextStyleTableRecord
  2
LiberationSerif-Bold
 70
0
 40
0.0
 41
1.0
 50
0.0
 71
0
 42
2.5
  3
LiberationSerif-Bold.ttf
  4

  0
STYLE
  5
54
330
5
100
AcDbSymbolTableRecord
100
AcDbTextStyleTableRecord
  2
LiberationSerif-BoldItalic
 70
0
 40
0.0
 41
1.0
 50
0.0
 71
0
 42
2.5
  3
LiberationSerif-BoldItalic.ttf
  4

  0
STYLE
  5
55
330
5
100
AcDbSymbolTableRecord
100
AcDbTextStyleTableRecord
  2
LiberationSerif-Italic
 70
0
 40
0.0
 41
1.0
 50
0.0
 71
0
 42
2.5
  3
LiberationSerif-Italic.ttf
  4

  0
STYLE
  5
56
330
5
100
AcDbSymbolTableRecord
100
AcDbTextStyleTableRecord
  2
LiberationMono
 70
0
 40
0.0
 41
1.0
 50
0.0
 71
0
 42
2.5
  3
LiberationMono-Regular.ttf
  4

  0
STYLE
  5
57
330
5
100
AcDbSymbolTableRecord
100
AcDbTextStyleTableRecord
  2
LiberationMono-Bold
 70
0
 40
0.0
 41
1.0
 50
0.0
 71
0
 42
2.5
  3
LiberationMono-Bold.ttf
  4

  0
STYLE
  5
58
330
5
100
AcDbSymbolTableRecord
100
AcDbTextStyleTableRecord
  2
LiberationMono-BoldItalic
 70
0
 40
0.0
 41
1.0
 50
0.0
 71
0
 42
2.5
  3
LiberationMono-BoldItalic.ttf
  4

  0
STYLE
  5
59
330
5
100
AcDbSymbolTableRecord
100
AcDbTextStyleTableRecord
  2
LiberationMono-Italic
 70
0
 40
0.0
 41
1.0
 50
0.0
 71
0
 42
2.5
  3
LiberationMono-Italic.ttf
  4

  0
STYLE
  5
8A
330
5
100
AcDbSymbolTableRecord
100
AcDbTextStyleTableRecord
  2
SimSun
 70
0
 40
0.0
 41
1.0
 50
0.0
 71
0
 42
2.5
  3
simsun.ttc
  4

  0
STYLE
  5
8B
330
5
100
AcDbSymbolTableRecord
100
AcDbTextStyleTableRecord
  2
txt
 70
0
 40
0.0
 41
1.0
 50
0.0
 71
0
 42
2.5
  3
txt.shx
  4

  0
STYLE
  5
266
330
5
100
AcDbSymbolTableRecord
100
AcDbTextStyleTableRecord
  2
ISO Proportional
 70
0
 40
0.0
 41
1.0
 50
0.0
 71
0
 42
2.5
  3
isocp.shx
  4

  0
STYLE
  5
267
330
5
100
AcDbSymbolTableRecord
100
AcDbTextStyleTableRecord
  2
字母和汉字
 70
0
 40
0.0
 41
0.8
 50
0.0
 71
0
 42
0.2
  3
arial.ttf
  4

  0
STYLE
  5
268
330
5
100
AcDbSymbolTableRecord
100
AcDbTextStyleTableRecord
  2
图框
 70
0
 40
0.0
 41
0.8
 50
0.0
 71
0
 42
3.0
  3
complex.shx
  4

  0
STYLE
  5
269
330
5
100
AcDbSymbolTableRecord
100
AcDbTextStyleTableRecord
  2
汉字专用
 70
0
 40
0.0
 41
0.8
 50
0.0
 71
0
 42
0.2
  3

  4

  0
ENDTAB
  0
TABLE
  2
VIEW
  5
7
330
0
100
AcDbSymbolTable
 70
0
  0
ENDTAB
  0
TABLE
  2
UCS
  5
6
330
0
100
AcDbSymbolTable
 70
0
  0
ENDTAB
  0
TABLE
  2
APPID
  5
3
330
0
100
AcDbSymbolTable
 70
3
  0
APPID
  5
2A
330
3
100
AcDbSymbolTableRecord
100
AcDbRegAppTableRecord
  2
ACAD
 70
0
  0
APPID
  5
89A
330
3
100
AcDbSymbolTableRecord
100
AcDbRegAppTableRecord
  2
HATCHBACKGROUNDCOLOR
 70
0
  0
APPID
  5
89B
330
3
100
AcDbSymbolTableRecord
100
AcDbRegAppTableRecord
  2
EZDXF
 70
0
  0
ENDTAB
  0
TABLE
  2
DIMSTYLE
  5
4
330
0
100
AcDbSymbolTable
 70
13
100
AcDbDimStyleTable
  0
DIMSTYLE
105
2B
330
4
100
AcDbSymbolTableRecord
100
AcDbDimStyleTableRecord
  2
Standard
 70
0
 40
1.0
 41
2.5
 42
0.625
 43
3.75
 44
1.25
 45
0.0
 46
0.0
 47
0.0
 48
0.0
 49
2.5
140
2.5
141
2.5
142
0.0
143
0.03937007874
144
1.0
145
0.0
146
1.0
147
0.625
148
0.0
 69
0
 70
0
 71
0
 72
0
 73
0
 74
0
 75
0
 76
0
 77
1
 78
8
 79
3
170
0
171
3
172
1
173
0
174
0
175
0
176
0
177
0
178
0
179
2
271
2
272
2
273
2
274
3
275
0
276
0
277
2
278
44
279
0
280
0
281
0
282
0
283
0
284
8
285
0
286
0
288
0
289
3
290
0
371
-2
372
-2
  0
DIMSTYLE
105
73
330
4
100
AcDbSymbolTableRecord
100
AcDbDimStyleTableRecord
  2
EZDXF
 70
0
 40
1.0
 41
0.175
 42
0.125
 43
3.75
 44
0.375
 45
0.0
 46
0.0
 47
0.0
 48
0.0
 49
2.5
140
0.25
141
2.5
142
0.0
143
0.03937007874
144
100.0
145
0.0
146
0.5
147
0.1
148
0.0
 69
0
 70
0
 71
0
 72
0
 73
0
 74
0
 75
0
 76
0
 77
1
 78
12
 79
3
170
0
171
3
172
1
173
0
174
0
175
0
176
0
177
0
178
0
179
2
271
2
272
2
273
2
274
3
275
0
276
0
277
2
278
46
279
2
280
0
281
0
282
0
283
0
284
8
285
0
286
0
288
1
289
3
290
0
340
4C
342
74
371
-2
372
-2
  0
DIMSTYLE
105
7C
330
4
100
AcDbSymbolTableRecord
100
AcDbDimStyleTableRecord
  2
EZ_M_100_H25_CM
 70
0
 40
1.0
 41
0.25
 42
0.125
 43
3.75
 44
0.375
 45
0.0
 46
0.0
 47
0.0
 48
0.0
 49
2.5
140
0.25
141
2.5
142
0.125
143
0.03937007874
144
100.0
145
0.0
146
0.5
147
0.1
148
0.0
 69
0
 70
0
 71
0
 72
0
 73
0
 74
0
 75
0
 76
0
 77
1
 78
12
 79
3
170
0
171
3
172
1
173
0
174
0
175
0
176
0
177
0
178
0
179
2
271
2
272
2
273
2
274
3
275
0
276
0
277
2
278
46
279
2
280
0
281
0
282
0
283
0
284
8
285
0
286
0
288
1
289
3
290
0
340
4C
371
-2
372
-2
  0
DIMSTYLE
105
7D
330
4
100
AcDbSymbolTableRecord
100
AcDbDimStyleTableRecord
  2
EZ_M_50_H25_CM
 70
0
 40
1.0
 41
0.125
 42
0.0625
 43
3.75
 44
0.1875
 45
0.0
 46
0.0
 47
0.0
 48
0.0
 49
2.5
140
0.125
141
2.5
142
0.0625
143
0.03937007874
144
100.0
145
0.0
146
0.5
147
0.05
148
0.0
 69
0
 70
0
 71
0
 72
0
 73
0
 74
0
 75
0
 76
0
 77
1
 78
12
 79
3
170
0
171
3
172
1
173
0
174
0
175
0
176
0
177
0
178
0
179
2
271
2
272
2
273
2
274
3
275
0
276
0
277
2
278
46
279
2
280
0
281
0
282
0
283
0
284
8
285
0
286
0
288
1
289
3
290
0
340
4C
371
-2
372
-2
  0
DIMSTYLE
105
7E
330
4
100
AcDbSymbolTableRecord
100
AcDbDimStyleTableRecord
  2
EZ_M_25_H25_CM
 70
0
 40
1.0
 41
0.0625
 42
0.03125
 43
3.75
 44
0.09375
 45
0.0
 46
0.0
 47
0.0
 48
0.0
 49
2.5
140
0.0625
141
2.5
142
0.03125
143
0.03937007874
144
100.0
145
0.0
146
0.5
147
0.025
148
0.0
 69
0
 70
0
 71
0
 72
0
 73
0
 74
0
 75
0
 76
0
 77
1
 78
12
 79
3
170
0
171
3
172
1
173
0
174
0
175
0
176
0
177
0
178
0
179
2
271
2
272
2
273
2
274
3
275
0
276
0
277
2
278
46
279
2
280
0
281
0
282
0
283
0
284
8
285
0
286
0
288
1
289
3
290
0
340
4C
371
-2
372
-2
  0
DIMSTYLE
105
7F
330
4
100
AcDbSymbolTableRecord
100
AcDbDimStyleTableRecord
  2
EZ_M_20_H25_CM
 70
0
 40
1.0
 41
0.05
 42
0.025
 43
3.75
 44
0.07500000000000001
 45
0.0
 46
0.0
 47
0.0
 48
0.0
 49
2.5
140
0.05
141
2.5
142
0.025
143
0.03937007874
144
100.0
145
0.0
146
0.5
147
0.020000000000000004
148
0.0
 69
0
 70
0
 71
0
 72
0
 73
0
 74
0
 75
0
 76
0
 77
1
 78
12
 79
3
170
0
171
3
172
1
173
0
174
0
175
0
176
0
177
0
178
0
179
2
271
2
272
2
273
2
274
3
275
0
276
0
277
2
278
46
279
2
280
0
281
0
282
0
283
0
284
8
285
0
286
0
288
1
289
3
290
0
340
4C
371
-2
372
-2
  0
DIMSTYLE
105
80
330
4
100
AcDbSymbolTableRecord
100
AcDbDimStyleTableRecord
  2
EZ_M_10_H25_CM
 70
0
 40
1.0
 41
0.025
 42
0.0125
 43
3.75
 44
0.037500000000000006
 45
0.0
 46
0.0
 47
0.0
 48
0.0
 49
2.5
140
0.025
141
2.5
142
0.0125
143
0.03937007874
144
100.0
145
0.0
146
0.5
147
0.010000000000000002
148
0.0
 69
0
 70
0
 71
0
 72
0
 73
0
 74
0
 75
0
 76
0
 77
1
 78
12
 79
3
170
0
171
3
172
1
173
0
174
0
175
0
176
0
177
0
178
0
179
2
271
2
272
2
273
2
274
3
275
0
276
0
277
2
278
46
279
2
280
0
281
0
282
0
283
0
284
8
285
0
286
0
288
1
289
3
290
0
340
4C
371
-2
372
-2
  0
DIMSTYLE
105
81
330
4
100
AcDbSymbolTableRecord
100
AcDbDimStyleTableRecord
  2
EZ_M_5_H25_CM
 70
0
 40
1.0
 41
0.0125
 42
0.00625
 43
3.75
 44
0.018750000000000003
 45
0.0
 46
0.0
 47
0.0
 48
0.0
 49
2.5
140
0.0125
141
2.5
142
0.00625
143
0.03937007874
144
100.0
145
0.0
146
0.5
147
0.005000000000000001
148
0.0
 69
0
 70
0
 71
0
 72
0
 73
0
 74
0
 75
0
 76
0
 77
1
 78
12
 79
3
170
0
171
3
172
1
173
0
174
0
175
0
176
0
177
0
178
0
179
2
271
2
272
2
273
2
274
3
275
0
276
0
277
2
278
46
279
2
280
0
281
0
282
0
283
0
284
8
285
0
286
0
288
1
289
3
290
0
340
4C
371
-2
372
-2
  0
DIMSTYLE
105
82
330
4
100
AcDbSymbolTableRecord
100
AcDbDimStyleTableRecord
  2
EZ_M_1_H25_CM
 70
0
 40
1.0
 41
0.0025
 42
0.00125
 43
3.75
 44
0.00375
 45
0.0
 46
0.0
 47
0.0
 48
0.0
 49
2.5
140
0.0025
141
2.5
142
0.00125
143
0.03937007874
144
100.0
145
0.0
146
0.5
147
0.001
148
0.0
 69
0
 70
0
 71
0
 72
0
 73
0
 74
0
 75
0
 76
0
 77
1
 78
12
 79
3
170
0
171
3
172
1
173
0
174
0
175
0
176
0
177
0
178
0
179
2
271
2
272
2
273
2
274
3
275
0
276
0
277
2
278
46
279
2
280
0
281
0
282
0
283
0
284
8
285
0
286
0
288
1
289
3
290
0
340
4C
371
-2
372
-2
  0
DIMSTYLE
105
83
330
4
100
AcDbSymbolTableRecord
100
AcDbDimStyleTableRecord
  2
EZ_RADIUS
 70
0
 40
1.0
 41
0.25
 42
0.125
 43
3.75
 44
0.375
 45
0.0
 46
0.0
 47
0.0
 48
0.0
 49
2.5
140
0.25
141
0.0
142
0.0
143
0.03937007874
144
100.0
145
0.0
146
0.5
147
0.1
148
0.0
 69
0
 70
0
 71
0
 72
0
 73
0
 74
0
 75
0
 76
0
 77
1
 78
12
 79
3
170
0
171
3
172
0
173
0
174
0
175
0
176
0
177
0
178
0
179
2
271
2
272
2
273
2
274
3
275
0
276
0
277
2
278
46
279
1
280
0
281
0
282
0
283
0
284
8
285
0
286
0
288
1
289
3
290
0
340
4C
342
84
371
-2
372
-2
  0
DIMSTYLE
105
88
330
4
100
AcDbSymbolTableRecord
100
AcDbDimStyleTableRecord
  2
EZ_RADIUS_INSIDE
 70
0
 40
1.0
 41
0.25
 42
0.125
 43
3.75
 44
0.375
 45
0.0
 46
0.0
 47
0.0
 48
0.0
 49
2.5
140
0.25
141
0.0
142
0.0
143
0.03937007874
144
100.0
145
0.0
146
0.5
147
0.1
148
0.0
 69
0
 70
0
 71
0
 72
0
 73
0
 74
0
 75
0
 76
0
 77
0
 78
12
 79
3
170
0
171
3
172
0
173
0
174
1
175
0
176
0
177
0
178
0
179
2
271
2
272
2
273
2
274
3
275
0
276
0
277
2
278
46
279
0
280
0
281
0
282
0
283
0
284
8
285
0
286
0
288
1
289
0
290
0
340
4C
342
84
371
-2
372
-2
  0
DIMSTYLE
105
89
330
4
100
AcDbSymbolTableRecord
100
AcDbDimStyleTableRecord
  2
EZ_CURVED
 70
0
 40
1.0
 41
0.25
 42
0.125
 43
3.75
 44
0.375
 45
0.0
 46
0.0
 47
0.0
 48
0.0
 49
2.5
140
0.25
141
2.5
142
0.0
143
0.03937007874
144
100.0
145
0.0
146
0.5
147
0.1
148
0.0
 69
0
 70
0
 71
0
 72
0
 73
0
 74
0
 75
0
 76
0
 77
1
 78
12
 79
2
 90
2
170
0
171
3
172
1
173
0
174
0
175
0
176
0
177
0
178
0
179
2
271
2
272
2
273
2
274
3
275
0
276
0
277
2
278
46
279
2
280
0
281
0
282
0
283
0
284
8
285
0
286
0
288
1
289
3
290
0
340
4C
371
-2
372
-2
  0
DIMSTYLE
105
99
330
4
100
AcDbSymbolTableRecord
100
AcDbDimStyleTableRecord
  2
GB_DIM
 70
0
 40
1.0
 41
2.5
 42
1.0
 43
3.75
 44
2.0
 45
0.0
 46
0.0
 47
0.0
 48
0.0
 49
2.5
140
3.5
141
2.5
142
0.0
143
0.03937007874
144
1.0
145
0.0
146
1.0
147
1.0
148
0.0
 69
0
 70
0
 71
0
 72
0
 73
0
 74
0
 75
0
 76
0
 77
1
 78
12
 79
3
170
0
171
3
172
1
173
0
174
0
175
0
176
2
177
2
178
7
179
0
271
1
272
2
273
2
274
3
275
0
276
0
277
2
278
46
279
2
280
0
281
0
282
0
283
0
284
8
285
0
286
0
288
1
289
3
290
0
340
8A
342
74
371
-2
372
-2
  0
ENDTAB
  0
TABLE
  2
BLOCK_RECORD
  5
9
330
0
100
AcDbSymbolTable
 70
58
  0
BLOCK_RECORD
  5
17
330
9
100
AcDbSymbolTableRecord
100
AcDbBlockTableRecord
  2
*Model_Space
340
1A
 70
0
280
1
281
0
  0
BLOCK_RECORD
  5
1B
330
9
100
AcDbSymbolTableRecord
100
AcDbBlockTableRecord
  2
*Paper_Space
340
1E
 70
0
280
1
281
0
  0
BLOCK_RECORD
  5
74
330
9
100
AcDbSymbolTableRecord
100
AcDbBlockTableRecord
  2
_ARCHTICK
340
0
 70
0
280
1
281
0
  0
BLOCK_RECORD
  5
78
330
9
100
AcDbSymbolTableRecord
100
AcDbBlockTableRecord
  2
_CLOSEDFILLED
340
0
 70
0
280
1
281
0
  0
BLOCK_RECORD
  5
84
330
9
100
AcDbSymbolTableRecord
100
AcDbBlockTableRecord
  2
_CLOSEDBLANK
340
0
 70
0
280
1
281
0
  0
BLOCK_RECORD
  5
24E
330
9
100
AcDbSymbolTableRecord
100
AcDbBlockTableRecord
  2
A$C7B1938C3
340
0
 70
0
280
1
281
0
  0
BLOCK_RECORD
  5
254
330
9
100
AcDbSymbolTableRecord
100
AcDbBlockTableRecord
  2
A$C168412EF
340
0
 70
0
280
1
281
0
  0
BLOCK_RECORD
  5
4A8
330
9
100
AcDbSymbolTableRecord
100
AcDbBlockTableRecord
  2
*D1
340
0
 70
0
280
1
281
0
  0
BLOCK_RECORD
  5
4B7
330
9
100
AcDbSymbolTableRecord
100
AcDbBlockTableRecord
  2
*D2
340
0
 70
0
280
1
281
0
  0
BLOCK_RECORD
  5
4E2
330
9
100
AcDbSymbolTableRecord
100
AcDbBlockTableRecord
  2
*D3
340
0
 70
0
280
1
281
0
  0
BLOCK_RECORD
  5
4F1
330
9
100
AcDbSymbolTableRecord
100
AcDbBlockTableRecord
  2
*D4
340
0
 70
0
280
1
281
0
  0
BLOCK_RECORD
  5
500
330
9
100
AcDbSymbolTableRecord
100
AcDbBlockTableRecord
  2
*D5
340
0
 70
0
280
1
281
0
  0
BLOCK_RECORD
  5
50F
330
9
100
AcDbSymbolTableRecord
100
AcDbBlockTableRecord
  2
*D6
340
0
 70
0
280
1
281
0
  0
BLOCK_RECORD
  5
51E
330
9
100
AcDbSymbolTableRecord
100
AcDbBlockTableRecord
  2
*D7
340
0
 70
0
280
1
281
0
  0
BLOCK_RECORD
  5
52D
330
9
100
AcDbSymbolTableRecord
100
AcDbBlockTableRecord
  2
*D8
340
0
 70
0
280
1
281
0
  0
BLOCK_RECORD
  5
53C
330
9
100
AcDbSymbolTableRecord
100
AcDbBlockTableRecord
  2
*D9
340
0
 70
0
280
1
281
0
  0
BLOCK_RECORD
  5
54B
330
9
100
AcDbSymbolTableRecord
100
AcDbBlockTableRecord
  2
*D10
340
0
 70
0
280
1
281
0
  0
BLOCK_RECORD
  5
55A
330
9
100
AcDbSymbolTableRecord
100
AcDbBlockTableRecord
  2
*D11
340
0
 70
0
280
1
281
0
  0
BLOCK_RECORD
  5
569
330
9
100
AcDbSymbolTableRecord
100
AcDbBlockTableRecord
  2
*D12
340
0
 70
0
280
1
281
0
  0
BLOCK_RECORD
  5
578
330
9
100
AcDbSymbolTableRecord
100
AcDbBlockTableRecord
  2
*D13
340
0
 70
0
280
1
281
0
  0
BLOCK_RECORD
  5
587
330
9
100
AcDbSymbolTableRecord
100
AcDbBlockTableRecord
  2
*D14
340
0
 70
0
280
1
281
0
  0
BLOCK_RECORD
  5
596
330
9
100
AcDbSymbolTableRecord
100
AcDbBlockTableRecord
  2
*D15
340
0
 70
0
280
1
281
0
  0
BLOCK_RECORD
  5
5A5
330
9
100
AcDbSymbolTableRecord
100
AcDbBlockTableRecord
  2
*D16
340
0
 70
0
280
1
281
0
  0
BLOCK_RECORD
  5
5B4
330
9
100
AcDbSymbolTableRecord
100
AcDbBlockTableRecord
  2
*D17
340
0
 70
0
280
1
281
0
  0
BLOCK_RECORD
  5
5C3
330
9
100
AcDbSymbolTableRecord
100
AcDbBlockTableRecord
  2
*D18
340
0
 70
0
280
1
281
0
  0
BLOCK_RECORD
  5
5D2
330
9
100
AcDbSymbolTableRecord
100
AcDbBlockTableRecord
  2
*D19
340
0
 70
0
280
1
281
0
  0
BLOCK_RECORD
  5
5E1
330
9
100
AcDbSymbolTableRecord
100
AcDbBlockTableRecord
  2
*D20
340
0
 70
0
280
1
281
0
  0
BLOCK_RECORD
  5
5F0
330
9
100
AcDbSymbolTableRecord
100
AcDbBlockTableRecord
  2
*D21
340
0
 70
0
280
1
281
0
  0
BLOCK_RECORD
  5
5FF
330
9
100
AcDbSymbolTableRecord
100
AcDbBlockTableRecord
  2
*D22
340
0
 70
0
280
1
281
0
  0
BLOCK_RECORD
  5
60E
330
9
100
AcDbSymbolTableRecord
100
AcDbBlockTableRecord
  2
*D23
340
0
 70
0
280
1
281
0
  0
BLOCK_RECORD
  5
61D
330
9
100
AcDbSymbolTableRecord
100
AcDbBlockTableRecord
  2
*D24
340
0
 70
0
280
1
281
0
  0
BLOCK_RECORD
  5
62C
330
9
100
AcDbSymbolTableRecord
100
AcDbBlockTableRecord
  2
*D25
340
0
 70
0
280
1
281
0
  0
BLOCK_RECORD
  5
63B
330
9
100
AcDbSymbolTableRecord
100
AcDbBlockTableRecord
  2
*D26
340
0
 70
0
280
1
281
0
  0
BLOCK_RECORD
  5
64A
330
9
100
AcDbSymbolTableRecord
100
AcDbBlockTableRecord
  2
*D27
340
0
 70
0
280
1
281
0
  0
BLOCK_RECORD
  5
659
330
9
100
AcDbSymbolTableRecord
100
AcDbBlockTableRecord
  2
*D28
340
0
 70
0
280
1
281
0
  0
BLOCK_RECORD
  5
668
330
9
100
AcDbSymbolTableRecord
100
AcDbBlockTableRecord
  2
*D29
340
0
 70
0
280
1
281
0
  0
BLOCK_RECORD
  5
677
330
9
100
AcDbSymbolTableRecord
100
AcDbBlockTableRecord
  2
*D30
340
0
 70
0
280
1
281
0
  0
BLOCK_RECORD
  5
686
330
9
100
AcDbSymbolTableRecord
100
AcDbBlockTableRecord
  2
*D31
340
0
 70
0
280
1
281
0
  0
BLOCK_RECORD
  5
695
330
9
100
AcDbSymbolTableRecord
100
AcDbBlockTableRecord
  2
*D32
340
0
 70
0
280
1
281
0
  0
BLOCK_RECORD
  5
6A4
330
9
100
AcDbSymbolTableRecord
100
AcDbBlockTableRecord
  2
*D33
340
0
 70
0
280
1
281
0
  0
BLOCK_RECORD
  5
6B3
330
9
100
AcDbSymbolTableRecord
100
AcDbBlockTableRecord
  2
*D34
340
0
 70
0
280
1
281
0
  0
BLOCK_RECORD
  5
6C2
330
9
100
AcDbSymbolTableRecord
100
AcDbBlockTableRecord
  2
*D35
340
0
 70
0
280
1
281
0
  0
BLOCK_RECORD
  5
6D1
330
9
100
AcDbSymbolTableRecord
100
AcDbBlockTableRecord
  2
*D36
340
0
 70
0
280
1
281
0
  0
BLOCK_RECORD
  5
6E0
330
9
100
AcDbSymbolTableRecord
100
AcDbBlockTableRecord
  2
*D37
340
0
 70
0
280
1
281
0
  0
BLOCK_RECORD
  5
6EF
330
9
100
AcDbSymbolTableRecord
100
AcDbBlockTableRecord
  2
*D38
340
0
 70
0
280
1
281
0
  0
BLOCK_RECORD
  5
6FE
330
9
100
AcDbSymbolTableRecord
100
AcDbBlockTableRecord
  2
*D39
340
0
 70
0
280
1
281
0
  0
BLOCK_RECORD
  5
70D
330
9
100
AcDbSymbolTableRecord
100
AcDbBlockTableRecord
  2
*D40
340
0
 70
0
280
1
281
0
  0
BLOCK_RECORD
  5
71C
330
9
100
AcDbSymbolTableRecord
100
AcDbBlockTableRecord
  2
*D41
340
0
 70
0
280
1
281
0
  0
BLOCK_RECORD
  5
72B
330
9
100
AcDbSymbolTableRecord
100
AcDbBlockTableRecord
  2
*D42
340
0
 70
0
280
1
281
0
  0
BLOCK_RECORD
  5
73A
330
9
100
AcDbSymbolTableRecord
100
AcDbBlockTableRecord
  2
*D43
340
0
 70
0
280
1
281
0
  0
BLOCK_RECORD
  5
749
330
9
100
AcDbSymbolTableRecord
100
AcDbBlockTableRecord
  2
*D44
340
0
 70
0
280
1
281
0
  0
BLOCK_RECORD
  5
758
330
9
100
AcDbSymbolTableRecord
100
AcDbBlockTableRecord
  2
*D45
340
0
 70
0
280
1
281
0
  0
BLOCK_RECORD
  5
767
330
9
100
AcDbSymbolTableRecord
100
AcDbBlockTableRecord
  2
*D46
340
0
 70
0
280
1
281
0
  0
BLOCK_RECORD
  5
776
330
9
100
AcDbSymbolTableRecord
100
AcDbBlockTableRecord
  2
*D47
340
0
 70
0
280
1
281
0
  0
BLOCK_RECORD
  5
785
330
9
100
AcDbSymbolTableRecord
100
AcDbBlockTableRecord
  2
*D48
340
0
 70
0
280
1
281
0
  0
BLOCK_RECORD
  5
790
330
9
100
AcDbSymbolTableRecord
100
AcDbBlockTableRecord
  2
*D49
340
0
 70
0
280
1
281
0
  0
BLOCK_RECORD
  5
79B
330
9
100
AcDbSymbolTableRecord
100
AcDbBlockTableRecord
  2
*D50
340
0
 70
0
280
1
281
0
  0
BLOCK_RECORD
  5
7A6
330
9
100
AcDbSymbolTableRecord
100
AcDbBlockTableRecord
  2
*D51
340
0
 70
0
280
1
281
0
  0
ENDTAB
  0
ENDSEC
  0
SECTION
  2
BLOCKS
  0
BLOCK
  5
18
330
17
100
AcDbEntity
  8
0
100
AcDbBlockBegin
  2
*Model_Space
 70
0
 10
0.0
 20
0.0
 30
0.0
  3
*Model_Space
  1

  0
ENDBLK
  5
19
330
17
100
AcDbEntity
  8
0
100
AcDbBlockEnd
  0
BLOCK
  5
1C
330
1B
100
AcDbEntity
  8
0
100
AcDbBlockBegin
  2
*Paper_Space
 70
0
 10
0.0
 20
0.0
 30
0.0
  3
*Paper_Space
  1

  0
ENDBLK
  5
1D
330
1B
100
AcDbEntity
  8
0
100
AcDbBlockEnd
  0
BLOCK
  5
75
330
74
100
AcDbEntity
  8
0
100
AcDbBlockBegin
  2
_ARCHTICK
 70
0
 10
0.0
 20
0.0
 30
0.0
  3
_ARCHTICK
  1

  0
LWPOLYLINE
  5
77
330
74
100
AcDbEntity
  8
0
  6
BYBLOCK
 62
0
100
AcDbPolyline
 90
2
 70
0
 43
0.15
 10
-0.5
 20
-0.5
 10
0.5
 20
0.5
  0
ENDBLK
  5
76
330
74
100
AcDbEntity
  8
0
100
AcDbBlockEnd
  0
BLOCK
  5
79
330
78
100
AcDbEntity
  8
0
100
AcDbBlockBegin
  2
_CLOSEDFILLED
 70
0
 10
0.0
 20
0.0
 30
0.0
  3
_CLOSEDFILLED
  1

  0
SOLID
  5
7B
330
78
100
AcDbEntity
  8
0
  6
BYBLOCK
 62
0
100
AcDbTrace
 10
-1.0
 20
0.16439898372402537
 30
0.0
 11
0.0
 21
0.0
 31
0.0
 12
-1.0
 22
-0.16439898372402537
 32
0.0
 13
-1.0
 23
-0.16439898372402537
 33
0.0
  0
ENDBLK
  5
7A
330
78
100
AcDbEntity
  8
0
100
AcDbBlockEnd
  0
BLOCK
  5
85
330
84
100
AcDbEntity
  8
0
100
AcDbBlockBegin
  2
_CLOSEDBLANK
 70
0
 10
0.0
 20
0.0
 30
0.0
  3
_CLOSEDBLANK
  1

  0
LWPOLYLINE
  5
87
330
84
100
AcDbEntity
  8
0
  6
BYBLOCK
 62
0
100
AcDbPolyline
 90
3
 70
1
 10
-1.0
 20
0.16439898372402537
 10
0.0
 20
0.0
 10
-1.0
 20
-0.16439898372402537
  0
ENDBLK
  5
86
330
84
100
AcDbEntity
  8
0
100
AcDbBlockEnd
  0
BLOCK
  5
24F
330
24E
100
AcDbEntity
  8
0
100
AcDbBlockBegin
  2
A$C7B1938C3
 70
0
 10
0.0
 20
0.0
 30
0.0
  3
A$C7B1938C3
  1

  0
MTEXT
  5
251
330
24E
100
AcDbEntity
  8
0
100
AcDbMText
 10
823.0553416627893
 20
301.7537367791143
 30
0.0
 40
3.935192481791999
 41
72.81935180999993
 71
1
 72
5
  1
{\fSimSun|b0|i0|c134|p2;       \P深圳市巨烽显示科技有限公司}
  7
图框
  0
INSERT
  5
252
330
24E
100
AcDbEntity
  8
0
100
AcDbBlockReference
  2
A$C168412EF
 10
-235.5804868109927
 20
-90.89393356741004
 30
0.0
 41
1.299999999999954
 42
1.299999999999954
 43
1.299999999999954
  0
ENDBLK
  5
250
330
24E
100
AcDbEntity
  8
0
100
AcDbBlockEnd
  0
BLOCK
  5
255
330
254
100
AcDbEntity
  8
0
100
AcDbBlockBegin
  2
A$C168412EF
 70
0
 10
0.0
 20
0.0
 30
0.0
  3
A$C168412EF
  1

  0
SPLINE
  5
257
330
254
100
AcDbEntity
  8
注释
 62
4
370
0
100
AcDbSpline
 70
11
 71
3
 72
29
 73
25
 74
0
 40
0.0
 40
0.0
 40
0.0
 40
0.0
 40
1.0
 40
1.0
 40
1.0
 40
2.0
 40
2.0
 40
2.0
 40
3.0
 40
3.0
 40
3.0
 40
4.0
 40
4.0
 40
4.0
 40
5.0
 40
5.0
 40
5.0
 40
6.0
 40
6.0
 40
6.0
 40
7.0
 40
7.0
 40
7.0
 40
8.0
 40
8.0
 40
8.0
 40
8.0
 10
831.6686591530316
 20
302.1886421229055
 30
0.0
 10
831.6686591530316
 20
302.0771243084803
 30
0.0
 10
831.5785353956835
 20
301.986587139401
 30
0.0
 10
831.4668108753926
 20
301.986587139401
 30
0.0
 10
831.4668108753926
 20
301.986587139401
 30
0.0
 10
829.959615057262
 20
301.986587139401
 30
0.0
 10
829.959615057262
 20
301.986587139401
 30
0.0
 10
829.8480972428366
 20
301.986587139401
 30
0.0
 10
829.7577667796229
 20
302.0771243084803
 30
0.0
 10
829.7577667796229
 20
302.1886421229055
 30
0.0
 10
829.7577667796229
 20
302.1886421229055
 30
0.0
 10
829.7577667796229
 20
302.5518243285498
 30
0.0
 10
829.7577667796229
 20
302.5518243285498
 30
0.0
 10
829.7577667796229
 20
302.663342142975
 30
0.0
 10
829.8480972428366
 20
302.7536726061887
 30
0.0
 10
829.959615057262
 20
302.7536726061887
 30
0.0
 10
829.959615057262
 20
302.7536726061887
 30
0.0
 10
831.4668108753926
 20
302.7536726061887
 30
0.0
 10
831.4668108753926
 20
302.7536726061887
 30
0.0
 10
831.5785353956835
 20
302.7536726061887
 30
0.0
 10
831.6686591530316
 20
302.663342142975
 30
0.0
 10
831.6686591530316
 20
302.5518243285498
 30
0.0
 10
831.6686591530316
 20
302.5518243285498
 30
0.0
 10
831.6686591530316
 20
302.1886421229055
 30
0.0
 10
831.6686591530316
 20
302.1886421229055
 30
0.0
  0
SPLINE
  5
258
330
254
100
AcDbEntity
  8
注释
370
0
100
AcDbSpline
 70
11
 71
3
 72
23
 73
19
 74
0
 40
0.0
 40
0.0
 40
0.0
 40
0.0
 40
1.0
 40
1.0
 40
1.0
 40
2.0
 40
2.0
 40
2.0
 40
3.0
 40
3.0
 40
3.0
 40
4.0
 40
4.0
 40
4.0
 40
5.0
 40
5.0
 40
5.0
 40
6.0
 40
6.0
 40
6.0
 40
6.0
 10
845.057928236417
 20
304.0474446182137
 30
0.0
 10
845.057928236417
 20
304.0474446182137
 30
0.0
 10
843.5494921830937
 20
304.0474446182137
 30
0.0
 10
843.5494921830937
 20
304.0474446182137
 30
0.0
 10
842.4864039169418
 20
304.0474446182137
 30
0.0
 10
841.6216499287156
 20
303.241188389918
 30
0.0
 10
841.6216499287156
 20
302.2503438237505
 30
0.0
 10
841.6216499287156
 20
301.2600160222469
 30
0.0
 10
842.4864039169418
 20
300.4828019680507
 30
0.0
 10
843.5494921830937
 20
300.4828019680507
 30
0.0
 10
843.5494921830937
 20
300.4828019680507
 30
0.0
 10
845.057928236417
 20
300.4828019680507
 30
0.0
 10
845.057928236417
 20
300.4828019680507
 30
0.0
 10
846.1203963849722
 20
300.4828019680507
 30
0.0
 10
846.9848403144
 20
301.2600160222469
 30
0.0
 10
846.9848403144
 20
302.2503438237505
 30
0.0
 10
846.9848403144
 20
303.241188389918
 30
0.0
 10
846.1203963849722
 20
304.0474446182137
 30
0.0
 10
845.057928236417
 20
304.0474446182137
 30
0.0
  0
SPLINE
  5
259
330
254
100
AcDbEntity
  8
注释
370
0
100
AcDbSpline
 70
11
 71
3
 72
23
 73
19
 74
0
 40
0.0
 40
0.0
 40
0.0
 40
0.0
 40
1.0
 40
1.0
 40
1.0
 40
2.0
 40
2.0
 40
2.0
 40
3.0
 40
3.0
 40
3.0
 40
4.0
 40
4.0
 40
4.0
 40
5.0
 40
5.0
 40
5.0
 40
6.0
 40
6.0
 40
6.0
 40
6.0
 10
844.8743734278728
 20
301.0789416840884
 30
0.0
 10
844.8743734278728
 20
301.0789416840884
 30
0.0
 10
843.6945997006588
 20
301.0789416840884
 30
0.0
 10
843.6945997006588
 20
301.0789416840884
 30
0.0
 10
842.9015726477537
 20
301.0789416840884
 30
0.0
 10
842.2559268769342
 20
301.5607730565169
 30
0.0
 10
842.2559268769342
 20
302.2503438237505
 30
0.0
 10
842.2559268769342
 20
302.9393978263204
 30
0.0
 10
842.9015726477537
 20
303.5007076040252
 30
0.0
 10
843.6945997006588
 20
303.5007076040252
 30
0.0
 10
843.6945997006588
 20
303.5007076040252
 30
0.0
 10
844.8743734278728
 20
303.5007076040252
 30
0.0
 10
844.8743734278728
 20
303.5007076040252
 30
0.0
 10
845.667400480778
 20
303.5007076040252
 30
0.0
 10
846.312529486934
 20
302.9393978263204
 30
0.0
 10
846.312529486934
 20
302.2503438237505
 30
0.0
 10
846.312529486934
 20
301.5607730565169
 30
0.0
 10
845.667400480778
 20
301.0789416840884
 30
0.0
 10
844.8743734278728
 20
301.0789416840884
 30
0.0
  0
SPLINE
  5
25A
330
254
100
AcDbEntity
  8
注释
 62
0
370
0
100
AcDbSpline
 70
11
 71
3
 72
53
 73
49
 74
0
 40
0.0
 40
0.0
 40
0.0
 40
0.0
 40
1.0
 40
1.0
 40
1.0
 40
2.0
 40
2.0
 40
2.0
 40
3.0
 40
3.0
 40
3.0
 40
4.0
 40
4.0
 40
4.0
 40
5.0
 40
5.0
 40
5.0
 40
6.0
 40
6.0
 40
6.0
 40
7.0
 40
7.0
 40
7.0
 40
8.0
 40
8.0
 40
8.0
 40
9.0
 40
9.0
 40
9.0
 40
10.0
 40
10.0
 40
10.0
 40
11.0
 40
11.0
 40
11.0
 40
12.0
 40
12.0
 40
12.0
 40
13.0
 40
13.0
 40
13.0
 40
14.0
 40
14.0
 40
14.0
 40
15.0
 40
15.0
 40
15.0
 40
16.0
 40
16.0
 40
16.0
 40
16.0
 10
851.0241829846327
 20
304.0474446182137
 30
0.0
 10
851.0241829846327
 20
304.0474446182137
 30
0.0
 10
851.0241829846327
 20
301.2486471996457
 30
0.0
 10
851.0241829846327
 20
301.2486471996457
 30
0.0
 10
851.0241829846327
 20
301.0401843343114
 30
0.0
 10
850.9097712880906
 20
301.0133125717993
 30
0.0
 10
850.7962897679433
 20
301.0133125717993
 30
0.0
 10
850.751331242202
 20
301.0133125717993
 30
0.0
 10
850.6780540128902
 20
301.0350166876744
 30
0.0
 10
850.6017795485288
 20
301.1237968568971
 30
0.0
 10
850.5255050841677
 20
301.2121636143888
 30
0.0
 10
849.1392321973414
 20
303.3857791428196
 30
0.0
 10
849.0316417943601
 20
303.5517639527982
 30
0.0
 10
848.7464910529338
 20
303.9931843285258
 30
0.0
 10
848.4233064322593
 20
304.0474446182137
 30
0.0
 10
848.2155670374545
 20
304.0474446182137
 30
0.0
 10
847.72257354829
 20
304.0474446182137
 30
0.0
 10
847.3197038164739
 20
303.6739271192955
 30
0.0
 10
847.3197038164739
 20
303.2293028026529
 30
0.0
 10
847.3197038164739
 20
303.2293028026529
 30
0.0
 10
847.3197038164739
 20
300.4497290295743
 30
0.0
 10
847.3197038164739
 20
300.4497290295743
 30
0.0
 10
847.3197038164739
 20
300.4497290295743
 30
0.0
 10
847.978682115617
 20
300.4497290295743
 30
0.0
 10
847.978682115617
 20
300.4497290295743
 30
0.0
 10
847.978682115617
 20
300.4497290295743
 30
0.0
 10
847.978682115617
 20
303.2964822089332
 30
0.0
 10
847.978682115617
 20
303.2964822089332
 30
0.0
 10
847.978682115617
 20
303.4325980213503
 30
0.0
 10
848.0946441061499
 20
303.4913024871459
 30
0.0
 10
848.203888156055
 20
303.4913024871459
 30
0.0
 10
848.2436790351593
 20
303.4913024871459
 30
0.0
 10
848.3250177932248
 20
303.4755928413696
 30
0.0
 10
848.3778311418542
 20
303.3975613771517
 30
0.0
 10
848.4096638451379
 20
303.3511559103521
 30
0.0
 10
849.970189776562
 20
300.9336274606576
 30
0.0
 10
849.970189776562
 20
300.9336274606576
 30
0.0
 10
850.151780879384
 20
300.6456861900472
 30
0.0
 10
850.5077283797366
 20
300.457377146597
 30
0.0
 10
850.7880215333242
 20
300.457377146597
 30
0.0
 10
851.3701052505096
 20
300.457377146597
 30
0.0
 10
851.6829545779101
 20
300.8114642941603
 30
0.0
 10
851.6829545779101
 20
301.2565020225337
 30
0.0
 10
851.6829545779101
 20
301.2565020225337
 30
0.0
 10
851.6829545779101
 20
304.0474446182137
 30
0.0
 10
851.6829545779101
 20
304.0474446182137
 30
0.0
 10
851.6829545779101
 20
304.0474446182137
 30
0.0
 10
851.0241829846327
 20
304.0474446182137
 30
0.0
 10
851.0241829846327
 20
304.0474446182137
 30
0.0
  0
SPLINE
  5
25B
330
254
100
AcDbEntity
  8
注释
370
0
100
AcDbSpline
 70
11
 71
3
 72
35
 73
31
 74
0
 40
0.0
 40
0.0
 40
0.0
 40
0.0
 40
1.0
 40
1.0
 40
1.0
 40
2.0
 40
2.0
 40
2.0
 40
3.0
 40
3.0
 40
3.0
 40
4.0
 40
4.0
 40
4.0
 40
5.0
 40
5.0
 40
5.0
 40
6.0
 40
6.0
 40
6.0
 40
7.0
 40
7.0
 40
7.0
 40
8.0
 40
8.0
 40
8.0
 40
9.0
 40
9.0
 40
9.0
 40
10.0
 40
10.0
 40
10.0
 40
10.0
 10
841.6122448118365
 20
301.0789416840884
 30
0.0
 10
841.6122448118365
 20
301.0789416840884
 30
0.0
 10
839.2289261828787
 20
301.0789416840884
 30
0.0
 10
839.2289261828787
 20
301.0789416840884
 30
0.0
 10
838.4566730694537
 20
301.0789416840884
 30
0.0
 10
837.8270470032088
 20
301.5842341722487
 30
0.0
 10
837.8270470032088
 20
302.3040873487747
 30
0.0
 10
837.8270470032088
 20
303.0240438782336
 30
0.0
 10
838.4349689535786
 20
303.4913024871459
 30
0.0
 10
839.2074287728689
 20
303.4913024871459
 30
0.0
 10
839.2074287728689
 20
303.4913024871459
 30
0.0
 10
841.6159655174149
 20
303.4913024871459
 30
0.0
 10
841.6159655174149
 20
303.4913024871459
 30
0.0
 10
841.7783329747475
 20
303.7054497637809
 30
0.0
 10
841.9813181346469
 20
303.8944822777602
 30
0.0
 10
842.2164460566277
 20
304.0474446182137
 30
0.0
 10
842.2164460566277
 20
304.0474446182137
 30
0.0
 10
839.1691881877555
 20
304.0474446182137
 30
0.0
 10
839.1691881877555
 20
304.0474446182137
 30
0.0
 10
838.0772644533694
 20
304.0474446182137
 30
0.0
 10
837.1940102901833
 20
303.3230439126471
 30
0.0
 10
837.1940102901833
 20
302.3040873487747
 30
0.0
 10
837.1940102901833
 20
301.2861643142298
 30
0.0
 10
838.1016557454959
 20
300.4756706156917
 30
0.0
 10
839.1938895386799
 20
300.4756706156917
 30
0.0
 10
839.1938895386799
 20
300.4756706156917
 30
0.0
 10
842.2285383497582
 20
300.4756706156917
 30
0.0
 10
842.2285383497582
 20
300.4756706156917
 30
0.0
 10
841.9941338983065
 20
300.6293564266744
 30
0.0
 10
841.7750256809002
 20
300.8637608781262
 30
0.0
 10
841.6122448118365
 20
301.0789416840884
 30
0.0
  0
SPLINE
  5
25C
330
254
100
AcDbEntity
  8
注释
370
0
100
AcDbSpline
 70
11
 71
3
 72
80
 73
76
 74
0
 40
0.0
 40
0.0
 40
0.0
 40
0.0
 40
1.0
 40
1.0
 40
1.0
 40
2.0
 40
2.0
 40
2.0
 40
3.0
 40
3.0
 40
3.0
 40
4.0
 40
4.0
 40
4.0
 40
5.0
 40
5.0
 40
5.0
 40
6.0
 40
6.0
 40
6.0
 40
7.0
 40
7.0
 40
7.0
 40
8.0
 40
8.0
 40
8.0
 40
9.0
 40
9.0
 40
9.0
 40
10.0
 40
10.0
 40
10.0
 40
11.0
 40
11.0
 40
11.0
 40
12.0
 40
12.0
 40
12.0
 40
13.0
 40
13.0
 40
13.0
 40
14.0
 40
14.0
 40
14.0
 40
15.0
 40
15.0
 40
15.0
 40
16.0
 40
16.0
 40
16.0
 40
17.0
 40
17.0
 40
17.0
 40
18.0
 40
18.0
 40
18.0
 40
19.0
 40
19.0
 40
19.0
 40
20.0
 40
20.0
 40
20.0
 40
21.0
 40
21.0
 40
21.0
 40
22.0
 40
22.0
 40
22.0
 40
23.0
 40
23.0
 40
23.0
 40
24.0
 40
24.0
 40
24.0
 40
25.0
 40
25.0
 40
25.0
 40
25.0
 10
834.7899177217447
 20
304.0684252635597
 30
0.0
 10
834.2621976471802
 20
304.0684252635597
 30
0.0
 10
833.9831447287854
 20
303.6559437089989
 30
0.0
 10
833.9463510847304
 20
303.6038538308986
 30
0.0
 10
833.909660793608
 20
303.5520740115964
 30
0.0
 10
832.1588621130119
 20
301.0873132716402
 30
0.0
 10
832.1588621130119
 20
301.0873132716402
 30
0.0
 10
832.1588621130119
 20
301.0873132716402
 30
0.0
 10
829.118218831835
 20
301.0873132716402
 30
0.0
 10
829.118218831835
 20
301.0873132716402
 30
0.0
 10
828.9919215480281
 20
301.0873132716402
 30
0.0
 10
828.8986972026977
 20
301.1977975567381
 30
0.0
 10
828.8972502616394
 20
301.3162400176568
 30
0.0
 10
828.8972502616394
 20
301.3162400176568
 30
0.0
 10
828.8976636733703
 20
303.1506512208387
 30
0.0
 10
828.8976636733703
 20
303.1506512208387
 30
0.0
 10
828.8976636733703
 20
303.3351362057775
 30
0.0
 10
829.0514528372854
 20
303.4878918403655
 30
0.0
 10
829.2295299403949
 20
303.4878918403655
 30
0.0
 10
829.2295299403949
 20
303.4878918403655
 30
0.0
 10
832.205991050341
 20
303.4878918403655
 30
0.0
 10
832.205991050341
 20
303.4878918403655
 30
0.0
 10
832.4450463837658
 20
303.4878918403655
 30
0.0
 10
832.6394532502476
 20
303.6862261182914
 30
0.0
 10
832.6463778967413
 20
303.9275552162367
 30
0.0
 10
832.6463778967413
 20
303.9275552162367
 30
0.0
 10
832.6463778967413
 20
304.0533357353798
 30
0.0
 10
832.6463778967413
 20
304.0533357353798
 30
0.0
 10
832.6463778967413
 20
304.0533357353798
 30
0.0
 10
829.0274749568903
 20
304.0533357353798
 30
0.0
 10
829.0274749568903
 20
304.0533357353798
 30
0.0
 10
828.6278091659891
 20
304.0533357353798
 30
0.0
 10
828.3065882510367
 20
303.7126844690726
 30
0.0
 10
828.297389840023
 20
303.3112616783149
 30
0.0
 10
828.297389840023
 20
303.3112616783149
 30
0.0
 10
828.297389840023
 20
300.7172064195025
 30
0.0
 10
828.297389840023
 20
300.7029437147845
 30
0.0
 10
828.297389840023
 20
300.5660010789055
 30
0.0
 10
828.4254441236864
 20
300.4733968511715
 30
0.0
 10
828.5552554072065
 20
300.4733968511715
 30
0.0
 10
828.5552554072065
 20
300.4733968511715
 30
0.0
 10
832.446596677757
 20
300.4733968511715
 30
0.0
 10
832.446596677757
 20
300.4733968511715
 30
0.0
 10
832.6113412525426
 20
300.4860059089656
 30
0.0
 10
832.6182658990361
 20
300.6256357210958
 30
0.0
 10
832.9281179913872
 20
301.0290222175755
 30
0.0
 10
832.9281179913872
 20
301.0290222175755
 30
0.0
 10
834.417847163885
 20
303.1949896289837
 30
0.0
 10
834.4619788661644
 20
303.2574148003579
 30
0.0
 10
834.5017697452689
 20
303.3141555604316
 30
0.0
 10
834.6476007333634
 20
303.4878918403655
 30
0.0
 10
834.8155492490642
 20
303.4878918403655
 30
0.0
 10
834.9300642985388
 20
303.4878918403655
 30
0.0
 10
835.0124365859317
 20
303.4409696089022
 30
0.0
 10
835.0928451676024
 20
303.3290383827459
 30
0.0
 10
835.3847138496568
 20
302.9212077101584
 30
0.0
 10
836.527280521085
 20
301.0749109197115
 30
0.0
 10
836.527280521085
 20
301.0749109197115
 30
0.0
 10
836.527280521085
 20
301.0749109197115
 30
0.0
 10
834.2732564109834
 20
301.0749109197115
 30
0.0
 10
834.2732564109834
 20
301.0749109197115
 30
0.0
 10
834.0897016024392
 20
301.0749109197115
 30
0.0
 10
833.8518865042072
 20
300.8674815837047
 30
0.0
 10
833.8518865042072
 20
300.6103394870505
 30
0.0
 10
833.8518865042072
 20
300.6103394870505
 30
0.0
 10
833.8518865042072
 20
300.4733968511715
 30
0.0
 10
833.8518865042072
 20
300.4733968511715
 30
0.0
 10
833.8518865042072
 20
300.4733968511715
 30
0.0
 10
837.6321233720632
 20
300.4733968511715
 30
0.0
 10
837.6321233720632
 20
300.4733968511715
 30
0.0
 10
837.6321233720632
 20
300.4733968511715
 30
0.0
 10
835.827581166443
 20
303.317152795481
 30
0.0
 10
835.5031563105756
 20
303.7171286451804
 30
0.0
 10
835.3327273244895
 20
303.9275552162367
 30
0.0
 10
835.1189934595855
 20
304.0684252635597
 30
0.0
 10
834.7899177217447
 20
304.0684252635597
 30
0.0
  0
SPLINE
  5
25D
330
254
100
AcDbEntity
  8
注释
370
0
100
AcDbSpline
 70
11
 71
3
 72
32
 73
28
 74
0
 40
0.0
 40
0.0
 40
0.0
 40
0.0
 40
1.0
 40
1.0
 40
1.0
 40
2.0
 40
2.0
 40
2.0
 40
3.0
 40
3.0
 40
3.0
 40
4.0
 40
4.0
 40
4.0
 40
5.0
 40
5.0
 40
5.0
 40
6.0
 40
6.0
 40
6.0
 40
7.0
 40
7.0
 40
7.0
 40
8.0
 40
8.0
 40
8.0
 40
9.0
 40
9.0
 40
9.0
 40
9.0
 10
827.7990219983562
 20
302.9500431783926
 30
0.0
 10
827.7990219983562
 20
303.5446326004392
 30
0.0
 10
827.4657087902735
 20
304.0474446182137
 30
0.0
 10
826.6626565028924
 20
304.0474446182137
 30
0.0
 10
826.6626565028924
 20
304.0474446182137
 30
0.0
 10
823.6988044507407
 20
304.0474446182137
 30
0.0
 10
823.6988044507407
 20
304.0474446182137
 30
0.0
 10
823.2714400738654
 20
304.0474446182137
 30
0.0
 10
822.934406160204
 20
303.6945977058433
 30
0.0
 10
822.9235541022665
 20
303.2826329159462
 30
0.0
 10
822.9235541022665
 20
303.2826329159462
 30
0.0
 10
822.9226239258718
 20
300.9895413972694
 30
0.0
 10
822.9226239258718
 20
300.7451117113419
 30
0.0
 10
822.9226239258718
 20
300.5704452550133
 30
0.0
 10
823.0597732676164
 20
300.4828019680507
 30
0.0
 10
823.1890677864726
 20
300.4828019680507
 30
0.0
 10
823.2824988376686
 20
300.4828019680507
 30
0.0
 10
826.6626565028924
 20
300.4828019680507
 30
0.0
 10
826.6626565028924
 20
300.4828019680507
 30
0.0
 10
827.2801902760071
 20
300.4828019680507
 30
0.0
 10
827.7990219983562
 20
300.9594656938423
 30
0.0
 10
827.7990219983562
 20
301.5540551158889
 30
0.0
 10
827.7990219983562
 20
301.7580738051154
 30
0.0
 10
827.7282252394302
 20
302.0209003130704
 30
0.0
 10
827.5614136059896
 20
302.2350475897052
 30
0.0
 10
827.7990219983562
 20
302.4250102800792
 30
0.0
 10
827.7990219983562
 20
302.7758934867276
 30
0.0
 10
827.7990219983562
 20
302.9500431783926
 30
0.0
  0
SPLINE
  5
25E
330
254
100
AcDbEntity
  8
注释
370
0
100
AcDbSpline
 70
11
 71
3
 72
47
 73
43
 74
0
 40
0.0
 40
0.0
 40
0.0
 40
0.0
 40
1.0
 40
1.0
 40
1.0
 40
2.0
 40
2.0
 40
2.0
 40
3.0
 40
3.0
 40
3.0
 40
4.0
 40
4.0
 40
4.0
 40
5.0
 40
5.0
 40
5.0
 40
6.0
 40
6.0
 40
6.0
 40
7.0
 40
7.0
 40
7.0
 40
8.0
 40
8.0
 40
8.0
 40
9.0
 40
9.0
 40
9.0
 40
10.0
 40
10.0
 40
10.0
 40
11.0
 40
11.0
 40
11.0
 40
12.0
 40
12.0
 40
12.0
 40
13.0
 40
13.0
 40
13.0
 40
14.0
 40
14.0
 40
14.0
 40
14.0
 10
826.7334532618187
 20
301.0675728614872
 30
0.0
 10
826.7334532618187
 20
301.0675728614872
 30
0.0
 10
823.7397322121053
 20
301.0675728614872
 30
0.0
 10
823.7397322121053
 20
301.0675728614872
 30
0.0
 10
823.6272842212853
 20
301.0675728614872
 30
0.0
 10
823.5223809945553
 20
301.1652413829254
 30
0.0
 10
823.5223809945553
 20
301.292055431396
 30
0.0
 10
823.5223809945553
 20
301.292055431396
 30
0.0
 10
823.5223809945553
 20
303.1828973358532
 30
0.0
 10
823.5223809945553
 20
303.1828973358532
 30
0.0
 10
823.5223809945553
 20
303.3310020884679
 30
0.0
 10
823.6741030998159
 20
303.4824141349304
 30
0.0
 10
823.8135262060806
 20
303.4824141349304
 30
0.0
 10
823.8135262060806
 20
303.4824141349304
 30
0.0
 10
826.7334532618187
 20
303.4824141349304
 30
0.0
 10
826.7334532618187
 20
303.4824141349304
 30
0.0
 10
827.0482662949413
 20
303.4824141349304
 30
0.0
 10
827.2337848092075
 20
303.2614455647347
 30
0.0
 10
827.2337848092075
 20
303.0210466431841
 30
0.0
 10
827.2337848092075
 20
302.7714493106198
 30
0.0
 10
827.034003590223
 20
302.5824167966405
 30
0.0
 10
826.8518957227374
 20
302.5824167966405
 30
0.0
 10
826.8518957227374
 20
302.5824167966405
 30
0.0
 10
824.7677838340587
 20
302.5824167966405
 30
0.0
 10
824.7677838340587
 20
302.5824167966405
 30
0.0
 10
824.5121920313954
 20
302.5824167966405
 30
0.0
 10
824.3047626953885
 20
302.3759176370282
 30
0.0
 10
824.2976313430295
 20
302.1185688345085
 30
0.0
 10
824.2976313430295
 20
302.1185688345085
 30
0.0
 10
824.2968045195674
 20
302.1188788933068
 30
0.0
 10
824.2968045195674
 20
302.1188788933068
 30
0.0
 10
824.2968045195674
 20
302.1188788933068
 30
0.0
 10
824.2968045195674
 20
301.9841066690153
 30
0.0
 10
824.2968045195674
 20
301.9841066690153
 30
0.0
 10
824.2968045195674
 20
301.9841066690153
 30
0.0
 10
826.7837861400625
 20
301.9841066690153
 30
0.0
 10
826.7837861400625
 20
301.9841066690153
 30
0.0
 10
827.0359672959454
 20
301.9841066690153
 30
0.0
 10
827.2401926910372
 20
301.7795712151251
 30
0.0
 10
827.2401926910372
 20
301.527906823906
 30
0.0
 10
827.2401926910372
 20
301.2844073143733
 30
0.0
 10
827.0655262347085
 20
301.0675728614872
 30
0.0
 10
826.7334532618187
 20
301.0675728614872
 30
0.0
  0
HATCH
  5
25F
330
254
100
AcDbEntity
  8
DIM
 62
0
100
AcDbHatch
 10
0.0
 20
0.0
 30
0.0
210
0.0
220
0.0
230
1.0
  2
SOLID
 70
1
 71
0
 91
2
 92
16
 93
1
 72
4
 94
3
 73
0
 74
0
 95
47
 96
43
 40
0.0
 40
0.0
 40
0.0
 40
0.0
 40
1.0
 40
1.0
 40
1.0
 40
2.0
 40
2.0
 40
2.0
 40
3.0
 40
3.0
 40
3.0
 40
4.0
 40
4.0
 40
4.0
 40
5.0
 40
5.0
 40
5.0
 40
6.0
 40
6.0
 40
6.0
 40
7.0
 40
7.0
 40
7.0
 40
8.0
 40
8.0
 40
8.0
 40
9.0
 40
9.0
 40
9.0
 40
10.0
 40
10.0
 40
10.0
 40
11.0
 40
11.0
 40
11.0
 40
12.0
 40
12.0
 40
12.0
 40
13.0
 40
13.0
 40
13.0
 40
14.0
 40
14.0
 40
14.0
 40
14.0
 10
826.7334532618187
 20
301.0675728614872
 10
826.7334532618187
 20
301.0675728614872
 10
823.7397322121053
 20
301.0675728614872
 10
823.7397322121053
 20
301.0675728614872
 10
823.6272842212853
 20
301.0675728614872
 10
823.5223809945553
 20
301.1652413829254
 10
823.5223809945553
 20
301.292055431396
 10
823.5223809945553
 20
301.292055431396
 10
823.5223809945553
 20
303.1828973358532
 10
823.5223809945553
 20
303.1828973358532
 10
823.5223809945553
 20
303.3310020884679
 10
823.6741030998159
 20
303.4824141349304
 10
823.8135262060806
 20
303.4824141349304
 10
823.8135262060806
 20
303.4824141349304
 10
826.7334532618187
 20
303.4824141349304
 10
826.7334532618187
 20
303.4824141349304
 10
827.0482662949413
 20
303.4824141349304
 10
827.2337848092075
 20
303.2614455647347
 10
827.2337848092075
 20
303.0210466431841
 10
827.2337848092075
 20
302.7714493106198
 10
827.034003590223
 20
302.5824167966405
 10
826.8518957227374
 20
302.5824167966405
 10
826.8518957227374
 20
302.5824167966405
 10
824.7677838340587
 20
302.5824167966405
 10
824.7677838340587
 20
302.5824167966405
 10
824.5121920313954
 20
302.5824167966405
 10
824.3047626953885
 20
302.3759176370282
 10
824.2976313430295
 20
302.1185688345085
 10
824.2976313430295
 20
302.1185688345085
 10
824.2968045195674
 20
302.1188788933068
 10
824.2968045195674
 20
302.1188788933068
 10
824.2968045195674
 20
302.1188788933068
 10
824.2968045195674
 20
301.9841066690153
 10
824.2968045195674
 20
301.9841066690153
 10
824.2968045195674
 20
301.9841066690153
 10
826.7837861400625
 20
301.9841066690153
 10
826.7837861400625
 20
301.9841066690153
 10
827.0359672959454
 20
301.9841066690153
 10
827.2401926910372
 20
301.7795712151251
 10
827.2401926910372
 20
301.527906823906
 10
827.2401926910372
 20
301.2844073143733
 10
827.0655262347085
 20
301.0675728614872
 10
826.7334532618187
 20
301.0675728614872
 97
0
 97
1
330
8CB
 92
1
 93
1
 72
4
 94
3
 73
0
 74
0
 95
32
 96
28
 40
0.0
 40
0.0
 40
0.0
 40
0.0
 40
1.0
 40
1.0
 40
1.0
 40
2.0
 40
2.0
 40
2.0
 40
3.0
 40
3.0
 40
3.0
 40
4.0
 40
4.0
 40
4.0
 40
5.0
 40
5.0
 40
5.0
 40
6.0
 40
6.0
 40
6.0
 40
7.0
 40
7.0
 40
7.0
 40
8.0
 40
8.0
 40
8.0
 40
9.0
 40
9.0
 40
9.0
 40
9.0
 10
827.7990219983562
 20
302.9500431783926
 10
827.7990219983562
 20
303.5446326004392
 10
827.4657087902735
 20
304.0474446182137
 10
826.6626565028924
 20
304.0474446182137
 10
826.6626565028924
 20
304.0474446182137
 10
823.6988044507407
 20
304.0474446182137
 10
823.6988044507407
 20
304.0474446182137
 10
823.2714400738654
 20
304.0474446182137
 10
822.934406160204
 20
303.6945977058433
 10
822.9235541022665
 20
303.2826329159462
 10
822.9235541022665
 20
303.2826329159462
 10
822.9226239258718
 20
300.9895413972694
 10
822.9226239258718
 20
300.7451117113419
 10
822.9226239258718
 20
300.5704452550133
 10
823.0597732676164
 20
300.4828019680507
 10
823.1890677864726
 20
300.4828019680507
 10
823.2824988376686
 20
300.4828019680507
 10
826.6626565028924
 20
300.4828019680507
 10
826.6626565028924
 20
300.4828019680507
 10
827.2801902760071
 20
300.4828019680507
 10
827.7990219983562
 20
300.9594656938423
 10
827.7990219983562
 20
301.5540551158889
 10
827.7990219983562
 20
301.7580738051154
 10
827.7282252394302
 20
302.0209003130704
 10
827.5614136059896
 20
302.2350475897052
 10
827.7990219983562
 20
302.4250102800792
 10
827.7990219983562
 20
302.7758934867276
 10
827.7990219983562
 20
302.9500431783926
 97
0
 97
1
330
8CA
 75
0
 76
1
 98
1
 10
-162.4348509459
 20
379.1323727122111
  0
HATCH
  5
260
330
254
100
AcDbEntity
  8
DIM
 62
0
100
AcDbHatch
 10
0.0
 20
0.0
 30
0.0
210
0.0
220
0.0
230
1.0
  2
SOLID
 70
1
 71
0
 91
1
 92
1
 93
1
 72
4
 94
3
 73
0
 74
0
 95
80
 96
76
 40
0.0
 40
0.0
 40
0.0
 40
0.0
 40
1.0
 40
1.0
 40
1.0
 40
2.0
 40
2.0
 40
2.0
 40
3.0
 40
3.0
 40
3.0
 40
4.0
 40
4.0
 40
4.0
 40
5.0
 40
5.0
 40
5.0
 40
6.0
 40
6.0
 40
6.0
 40
7.0
 40
7.0
 40
7.0
 40
8.0
 40
8.0
 40
8.0
 40
9.0
 40
9.0
 40
9.0
 40
10.0
 40
10.0
 40
10.0
 40
11.0
 40
11.0
 40
11.0
 40
12.0
 40
12.0
 40
12.0
 40
13.0
 40
13.0
 40
13.0
 40
14.0
 40
14.0
 40
14.0
 40
15.0
 40
15.0
 40
15.0
 40
16.0
 40
16.0
 40
16.0
 40
17.0
 40
17.0
 40
17.0
 40
18.0
 40
18.0
 40
18.0
 40
19.0
 40
19.0
 40
19.0
 40
20.0
 40
20.0
 40
20.0
 40
21.0
 40
21.0
 40
21.0
 40
22.0
 40
22.0
 40
22.0
 40
23.0
 40
23.0
 40
23.0
 40
24.0
 40
24.0
 40
24.0
 40
25.0
 40
25.0
 40
25.0
 40
25.0
 10
834.7899177217447
 20
304.0684252635597
 10
834.2621976471802
 20
304.0684252635597
 10
833.9831447287854
 20
303.6559437089989
 10
833.9463510847304
 20
303.6038538308986
 10
833.909660793608
 20
303.5520740115964
 10
832.1588621130119
 20
301.0873132716402
 10
832.1588621130119
 20
301.0873132716402
 10
832.1588621130119
 20
301.0873132716402
 10
829.118218831835
 20
301.0873132716402
 10
829.118218831835
 20
301.0873132716402
 10
828.9919215480281
 20
301.0873132716402
 10
828.8986972026977
 20
301.1977975567381
 10
828.8972502616394
 20
301.3162400176568
 10
828.8972502616394
 20
301.3162400176568
 10
828.8976636733703
 20
303.1506512208387
 10
828.8976636733703
 20
303.1506512208387
 10
828.8976636733703
 20
303.3351362057775
 10
829.0514528372854
 20
303.4878918403655
 10
829.2295299403949
 20
303.4878918403655
 10
829.2295299403949
 20
303.4878918403655
 10
832.205991050341
 20
303.4878918403655
 10
832.205991050341
 20
303.4878918403655
 10
832.4450463837658
 20
303.4878918403655
 10
832.6394532502476
 20
303.6862261182914
 10
832.6463778967413
 20
303.9275552162367
 10
832.6463778967413
 20
303.9275552162367
 10
832.6463778967413
 20
304.0533357353798
 10
832.6463778967413
 20
304.0533357353798
 10
832.6463778967413
 20
304.0533357353798
 10
829.0274749568903
 20
304.0533357353798
 10
829.0274749568903
 20
304.0533357353798
 10
828.6278091659891
 20
304.0533357353798
 10
828.3065882510367
 20
303.7126844690726
 10
828.297389840023
 20
303.3112616783149
 10
828.297389840023
 20
303.3112616783149
 10
828.297389840023
 20
300.7172064195025
 10
828.297389840023
 20
300.7029437147845
 10
828.297389840023
 20
300.5660010789055
 10
828.4254441236864
 20
300.4733968511715
 10
828.5552554072065
 20
300.4733968511715
 10
828.5552554072065
 20
300.4733968511715
 10
832.446596677757
 20
300.4733968511715
 10
832.446596677757
 20
300.4733968511715
 10
832.6113412525426
 20
300.4860059089656
 10
832.6182658990361
 20
300.6256357210958
 10
832.9281179913872
 20
301.0290222175755
 10
832.9281179913872
 20
301.0290222175755
 10
834.417847163885
 20
303.1949896289837
 10
834.4619788661644
 20
303.2574148003579
 10
834.5017697452689
 20
303.3141555604316
 10
834.6476007333634
 20
303.4878918403655
 10
834.8155492490642
 20
303.4878918403655
 10
834.9300642985388
 20
303.4878918403655
 10
835.0124365859317
 20
303.4409696089022
 10
835.0928451676024
 20
303.3290383827459
 10
835.3847138496568
 20
302.9212077101584
 10
836.527280521085
 20
301.0749109197115
 10
836.527280521085
 20
301.0749109197115
 10
836.527280521085
 20
301.0749109197115
 10
834.2732564109834
 20
301.0749109197115
 10
834.2732564109834
 20
301.0749109197115
 10
834.0897016024392
 20
301.0749109197115
 10
833.8518865042072
 20
300.8674815837047
 10
833.8518865042072
 20
300.6103394870505
 10
833.8518865042072
 20
300.6103394870505
 10
833.8518865042072
 20
300.4733968511715
 10
833.8518865042072
 20
300.4733968511715
 10
833.8518865042072
 20
300.4733968511715
 10
837.6321233720632
 20
300.4733968511715
 10
837.6321233720632
 20
300.4733968511715
 10
837.6321233720632
 20
300.4733968511715
 10
835.827581166443
 20
303.317152795481
 10
835.5031563105756
 20
303.7171286451804
 10
835.3327273244895
 20
303.9275552162367
 10
835.1189934595855
 20
304.0684252635597
 10
834.7899177217447
 20
304.0684252635597
 97
0
 97
1
330
8C9
 75
0
 76
1
 98
1
 10
-162.4348509459
 20
379.1323727122111
  0
HATCH
  5
261
330
254
100
AcDbEntity
  8
DIM
 62
0
100
AcDbHatch
 10
0.0
 20
0.0
 30
0.0
210
0.0
220
0.0
230
1.0
  2
SOLID
 70
1
 71
0
 91
4
 92
1
 93
1
 72
4
 94
3
 73
0
 74
0
 95
35
 96
31
 40
0.0
 40
0.0
 40
0.0
 40
0.0
 40
1.0
 40
1.0
 40
1.0
 40
2.0
 40
2.0
 40
2.0
 40
3.0
 40
3.0
 40
3.0
 40
4.0
 40
4.0
 40
4.0
 40
5.0
 40
5.0
 40
5.0
 40
6.0
 40
6.0
 40
6.0
 40
7.0
 40
7.0
 40
7.0
 40
8.0
 40
8.0
 40
8.0
 40
9.0
 40
9.0
 40
9.0
 40
10.0
 40
10.0
 40
10.0
 40
10.0
 10
841.6122448118365
 20
301.0789416840884
 10
841.6122448118365
 20
301.0789416840884
 10
839.2289261828787
 20
301.0789416840884
 10
839.2289261828787
 20
301.0789416840884
 10
838.4566730694537
 20
301.0789416840884
 10
837.8270470032088
 20
301.5842341722487
 10
837.8270470032088
 20
302.3040873487747
 10
837.8270470032088
 20
303.0240438782336
 10
838.4349689535786
 20
303.4913024871459
 10
839.2074287728689
 20
303.4913024871459
 10
839.2074287728689
 20
303.4913024871459
 10
841.6159655174149
 20
303.4913024871459
 10
841.6159655174149
 20
303.4913024871459
 10
841.7783329747475
 20
303.7054497637809
 10
841.9813181346469
 20
303.8944822777602
 10
842.2164460566277
 20
304.0474446182137
 10
842.2164460566277
 20
304.0474446182137
 10
839.1691881877555
 20
304.0474446182137
 10
839.1691881877555
 20
304.0474446182137
 10
838.0772644533694
 20
304.0474446182137
 10
837.1940102901833
 20
303.3230439126471
 10
837.1940102901833
 20
302.3040873487747
 10
837.1940102901833
 20
301.2861643142298
 10
838.1016557454959
 20
300.4756706156917
 10
839.1938895386799
 20
300.4756706156917
 10
839.1938895386799
 20
300.4756706156917
 10
842.2285383497582
 20
300.4756706156917
 10
842.2285383497582
 20
300.4756706156917
 10
841.9941338983065
 20
300.6293564266744
 10
841.7750256809002
 20
300.8637608781262
 10
841.6122448118365
 20
301.0789416840884
 97
0
 97
1
330
8C8
 92
1
 93
1
 72
4
 94
3
 73
0
 74
0
 95
53
 96
49
 40
0.0
 40
0.0
 40
0.0
 40
0.0
 40
1.0
 40
1.0
 40
1.0
 40
2.0
 40
2.0
 40
2.0
 40
3.0
 40
3.0
 40
3.0
 40
4.0
 40
4.0
 40
4.0
 40
5.0
 40
5.0
 40
5.0
 40
6.0
 40
6.0
 40
6.0
 40
7.0
 40
7.0
 40
7.0
 40
8.0
 40
8.0
 40
8.0
 40
9.0
 40
9.0
 40
9.0
 40
10.0
 40
10.0
 40
10.0
 40
11.0
 40
11.0
 40
11.0
 40
12.0
 40
12.0
 40
12.0
 40
13.0
 40
13.0
 40
13.0
 40
14.0
 40
14.0
 40
14.0
 40
15.0
 40
15.0
 40
15.0
 40
16.0
 40
16.0
 40
16.0
 40
16.0
 10
851.0241829846327
 20
304.0474446182137
 10
851.0241829846327
 20
304.0474446182137
 10
851.0241829846327
 20
301.2486471996457
 10
851.0241829846327
 20
301.2486471996457
 10
851.0241829846327
 20
301.0401843343114
 10
850.9097712880906
 20
301.0133125717993
 10
850.7962897679433
 20
301.0133125717993
 10
850.751331242202
 20
301.0133125717993
 10
850.6780540128902
 20
301.0350166876744
 10
850.6017795485288
 20
301.1237968568971
 10
850.5255050841677
 20
301.2121636143888
 10
849.1392321973414
 20
303.3857791428196
 10
849.0316417943601
 20
303.5517639527982
 10
848.7464910529338
 20
303.9931843285258
 10
848.4233064322593
 20
304.0474446182137
 10
848.2155670374545
 20
304.0474446182137
 10
847.72257354829
 20
304.0474446182137
 10
847.3197038164739
 20
303.6739271192955
 10
847.3197038164739
 20
303.2293028026529
 10
847.3197038164739
 20
303.2293028026529
 10
847.3197038164739
 20
300.4497290295743
 10
847.3197038164739
 20
300.4497290295743
 10
847.3197038164739
 20
300.4497290295743
 10
847.978682115617
 20
300.4497290295743
 10
847.978682115617
 20
300.4497290295743
 10
847.978682115617
 20
300.4497290295743
 10
847.978682115617
 20
303.2964822089332
 10
847.978682115617
 20
303.2964822089332
 10
847.978682115617
 20
303.4325980213503
 10
848.0946441061499
 20
303.4913024871459
 10
848.203888156055
 20
303.4913024871459
 10
848.2436790351593
 20
303.4913024871459
 10
848.3250177932248
 20
303.4755928413696
 10
848.3778311418542
 20
303.3975613771517
 10
848.4096638451379
 20
303.3511559103521
 10
849.970189776562
 20
300.9336274606576
 10
849.970189776562
 20
300.9336274606576
 10
850.151780879384
 20
300.6456861900472
 10
850.5077283797366
 20
300.457377146597
 10
850.7880215333242
 20
300.457377146597
 10
851.3701052505096
 20
300.457377146597
 10
851.6829545779101
 20
300.8114642941603
 10
851.6829545779101
 20
301.2565020225337
 10
851.6829545779101
 20
301.2565020225337
 10
851.6829545779101
 20
304.0474446182137
 10
851.6829545779101
 20
304.0474446182137
 10
851.6829545779101
 20
304.0474446182137
 10
851.0241829846327
 20
304.0474446182137
 10
851.0241829846327
 20
304.0474446182137
 97
0
 97
1
330
8C7
 92
16
 93
1
 72
4
 94
3
 73
0
 74
0
 95
23
 96
19
 40
0.0
 40
0.0
 40
0.0
 40
0.0
 40
1.0
 40
1.0
 40
1.0
 40
2.0
 40
2.0
 40
2.0
 40
3.0
 40
3.0
 40
3.0
 40
4.0
 40
4.0
 40
4.0
 40
5.0
 40
5.0
 40
5.0
 40
6.0
 40
6.0
 40
6.0
 40
6.0
 10
844.8743734278728
 20
301.0789416840884
 10
844.8743734278728
 20
301.0789416840884
 10
843.6945997006588
 20
301.0789416840884
 10
843.6945997006588
 20
301.0789416840884
 10
842.9015726477537
 20
301.0789416840884
 10
842.2559268769342
 20
301.5607730565169
 10
842.2559268769342
 20
302.2503438237505
 10
842.2559268769342
 20
302.9393978263204
 10
842.9015726477537
 20
303.5007076040252
 10
843.6945997006588
 20
303.5007076040252
 10
843.6945997006588
 20
303.5007076040252
 10
844.8743734278728
 20
303.5007076040252
 10
844.8743734278728
 20
303.5007076040252
 10
845.667400480778
 20
303.5007076040252
 10
846.312529486934
 20
302.9393978263204
 10
846.312529486934
 20
302.2503438237505
 10
846.312529486934
 20
301.5607730565169
 10
845.667400480778
 20
301.0789416840884
 10
844.8743734278728
 20
301.0789416840884
 97
0
 97
1
330
8C6
 92
1
 93
1
 72
4
 94
3
 73
0
 74
0
 95
23
 96
19
 40
0.0
 40
0.0
 40
0.0
 40
0.0
 40
1.0
 40
1.0
 40
1.0
 40
2.0
 40
2.0
 40
2.0
 40
3.0
 40
3.0
 40
3.0
 40
4.0
 40
4.0
 40
4.0
 40
5.0
 40
5.0
 40
5.0
 40
6.0
 40
6.0
 40
6.0
 40
6.0
 10
845.057928236417
 20
304.0474446182137
 10
845.057928236417
 20
304.0474446182137
 10
843.5494921830937
 20
304.0474446182137
 10
843.5494921830937
 20
304.0474446182137
 10
842.4864039169418
 20
304.0474446182137
 10
841.6216499287156
 20
303.241188389918
 10
841.6216499287156
 20
302.2503438237505
 10
841.6216499287156
 20
301.2600160222469
 10
842.4864039169418
 20
300.4828019680507
 10
843.5494921830937
 20
300.4828019680507
 10
843.5494921830937
 20
300.4828019680507
 10
845.057928236417
 20
300.4828019680507
 10
845.057928236417
 20
300.4828019680507
 10
846.1203963849722
 20
300.4828019680507
 10
846.9848403144
 20
301.2600160222469
 10
846.9848403144
 20
302.2503438237505
 10
846.9848403144
 20
303.241188389918
 10
846.1203963849722
 20
304.0474446182137
 10
845.057928236417
 20
304.0474446182137
 97
0
 97
1
330
8C5
 75
0
 76
1
 98
1
 10
-162.4348509459
 20
379.1323727122111
  0
HATCH
  5
262
330
254
100
AcDbEntity
  8
DIM
 62
4
100
AcDbHatch
 10
0.0
 20
0.0
 30
0.0
210
0.0
220
0.0
230
1.0
  2
SOLID
 70
1
 71
0
 91
1
 92
1
 93
1
 72
4
 94
3
 73
0
 74
0
 95
29
 96
25
 40
0.0
 40
0.0
 40
0.0
 40
0.0
 40
1.0
 40
1.0
 40
1.0
 40
2.0
 40
2.0
 40
2.0
 40
3.0
 40
3.0
 40
3.0
 40
4.0
 40
4.0
 40
4.0
 40
5.0
 40
5.0
 40
5.0
 40
6.0
 40
6.0
 40
6.0
 40
7.0
 40
7.0
 40
7.0
 40
8.0
 40
8.0
 40
8.0
 40
8.0
 10
831.6686591530316
 20
302.1886421229055
 10
831.6686591530316
 20
302.0771243084803
 10
831.5785353956835
 20
301.986587139401
 10
831.4668108753926
 20
301.986587139401
 10
831.4668108753926
 20
301.986587139401
 10
829.959615057262
 20
301.986587139401
 10
829.959615057262
 20
301.986587139401
 10
829.8480972428366
 20
301.986587139401
 10
829.7577667796229
 20
302.0771243084803
 10
829.7577667796229
 20
302.1886421229055
 10
829.7577667796229
 20
302.1886421229055
 10
829.7577667796229
 20
302.5518243285498
 10
829.7577667796229
 20
302.5518243285498
 10
829.7577667796229
 20
302.663342142975
 10
829.8480972428366
 20
302.7536726061887
 10
829.959615057262
 20
302.7536726061887
 10
829.959615057262
 20
302.7536726061887
 10
831.4668108753926
 20
302.7536726061887
 10
831.4668108753926
 20
302.7536726061887
 10
831.5785353956835
 20
302.7536726061887
 10
831.6686591530316
 20
302.663342142975
 10
831.6686591530316
 20
302.5518243285498
 10
831.6686591530316
 20
302.5518243285498
 10
831.6686591530316
 20
302.1886421229055
 10
831.6686591530316
 20
302.1886421229055
 97
0
 97
1
330
8C4
 75
0
 76
1
 98
1
 10
-162.4348509459
 20
379.1323727122111
  0
ENDBLK
  5
256
330
254
100
AcDbEntity
  8
0
100
AcDbBlockEnd
  0
BLOCK
  5
4A9
330
4A8
100
AcDbEntity
  8
0
100
AcDbBlockBegin
  2
*D1
 70
1
 10
0.0
 20
0.0
 30
0.0
  3
*D1
  1

  0
LINE
  5
4AB
330
4A8
100
AcDbEntity
  8
0
 62
2
100
AcDbLine
 10
27995.73013721445
 20
-1572.5655667853162
 30
0.0
 11
27995.73013721445
 21
-1587.481566785316
 31
0.0
  0
LINE
  5
4AC
330
4A8
100
AcDbEntity
  8
0
 62
2
100
AcDbLine
 10
28091.94933721445
 20
-1572.5655667853162
 30
0.0
 11
28091.94933721445
 21
-1587.481566785316
 31
0.0
  0
INSERT
  5
4AD
330
4A8
100
AcDbEntity
  8
DIM
 62
2
100
AcDbBlockReference
  2
_ARCHTICK
 10
27995.73013721445
 20
-1585.481566785316
 30
0.0
 41
2.5
 42
2.5
 50
180.0
  0
INSERT
  5
4AF
330
4A8
100
AcDbEntity
  8
DIM
 62
2
100
AcDbBlockReference
  2
_ARCHTICK
 10
28091.94933721445
 20
-1585.481566785316
 30
0.0
 41
2.5
 42
2.5
  0
LINE
  5
4B1
330
4A8
100
AcDbEntity
  8
0
 62
2
100
AcDbLine
 10
27995.73013721445
 20
-1585.481566785316
 30
0.0
 11
28091.94933721445
 21
-1585.481566785316
 31
0.0
  0
MTEXT
  5
4B2
330
4A8
100
AcDbEntity
  8
DIM
 62
7
100
AcDbMText
 10
28043.83973721445
 20
-1582.731566785316
 30
0.0
 40
3.5
 71
5
  1
96.2
  7
SimSun
  0
POINT
  5
4B3
330
4A8
100
AcDbEntity
  8
Defpoints
100
AcDbPoint
 10
27995.73013721445
 20
-1585.481566785316
 30
0.0
  0
POINT
  5
4B4
330
4A8
100
AcDbEntity
  8
Defpoints
100
AcDbPoint
 10
27995.73013721445
 20
-1571.5655667853162
 30
0.0
  0
POINT
  5
4B5
330
4A8
100
AcDbEntity
  8
Defpoints
100
AcDbPoint
 10
28091.94933721445
 20
-1571.5655667853162
 30
0.0
  0
ENDBLK
  5
4AA
330
4A8
100
AcDbEntity
  8
0
100
AcDbBlockEnd
  0
BLOCK
  5
4B8
330
4B7
100
AcDbEntity
  8
0
100
AcDbBlockBegin
  2
*D2
 70
1
 10
0.0
 20
0.0
 30
0.0
  3
*D2
  1

  0
LINE
  5
4BA
330
4B7
100
AcDbEntity
  8
0
 62
2
100
AcDbLine
 10
27994.73013721445
 20
-1571.5655667853162
 30
0.0
 11
27979.81413721445
 21
-1571.5655667853162
 31
0.0
  0
LINE
  5
4BB
330
4B7
100
AcDbEntity
  8
0
 62
2
100
AcDbLine
 10
27994.73013721445
 20
-1516.2196467853162
 30
0.0
 11
27979.81413721445
 21
-1516.2196467853162
 31
0.0
  0
INSERT
  5
4BC
330
4B7
100
AcDbEntity
  8
DIM
 62
2
100
AcDbBlockReference
  2
_ARCHTICK
 10
27981.81413721445
 20
-1571.5655667853162
 30
0.0
 41
2.5
 42
2.5
 50
270.0
  0
INSERT
  5
4BE
330
4B7
100
AcDbEntity
  8
DIM
 62
2
100
AcDbBlockReference
  2
_ARCHTICK
 10
27981.81413721445
 20
-1516.2196467853162
 30
0.0
 41
2.5
 42
2.5
 50
90.0
  0
LINE
  5
4C0
330
4B7
100
AcDbEntity
  8
0
 62
2
100
AcDbLine
 10
27981.81413721445
 20
-1571.5655667853162
 30
0.0
 11
27981.81413721445
 21
-1516.2196467853162
 31
0.0
  0
MTEXT
  5
4C1
330
4B7
100
AcDbEntity
  8
DIM
 62
7
100
AcDbMText
 10
27979.06413721445
 20
-1543.8926067853163
 30
0.0
 40
3.5
 71
5
  1
55.3
  7
SimSun
 50
90.0
  0
POINT
  5
4C2
330
4B7
100
AcDbEntity
  8
Defpoints
100
AcDbPoint
 10
27981.81413721445
 20
-1571.5655667853162
 30
0.0
  0
POINT
  5
4C3
330
4B7
100
AcDbEntity
  8
Defpoints
100
AcDbPoint
 10
27995.73013721445
 20
-1571.5655667853162
 30
0.0
  0
POINT
  5
4C4
330
4B7
100
AcDbEntity
  8
Defpoints
100
AcDbPoint
 10
27995.73013721445
 20
-1516.2196467853162
 30
0.0
  0
ENDBLK
  5
4B9
330
4B7
100
AcDbEntity
  8
0
100
AcDbBlockEnd
  0
BLOCK
  5
4E3
330
4E2
100
AcDbEntity
  8
0
100
AcDbBlockBegin
  2
*D3
 70
1
 10
0.0
 20
0.0
 30
0.0
  3
*D3
  1

  0
LINE
  5
4E5
330
4E2
100
AcDbEntity
  8
0
 62
2
100
AcDbLine
 10
27965.15413721445
 20
-1573.0425215755968
 30
0.0
 11
27965.15413721445
 21
-1583.9825215755968
 31
0.0
  0
LINE
  5
4E6
330
4E2
100
AcDbEntity
  8
0
 62
2
100
AcDbLine
 10
27977.837577214752
 20
-1573.0425215755968
 30
0.0
 11
27977.837577214752
 21
-1583.9825215755968
 31
0.0
  0
INSERT
  5
4E7
330
4E2
100
AcDbEntity
  8
DIM
 62
2
100
AcDbBlockReference
  2
_ARCHTICK
 10
27965.15413721445
 20
-1581.9825215755968
 30
0.0
 41
2.5
 42
2.5
 50
180.0
  0
INSERT
  5
4E9
330
4E2
100
AcDbEntity
  8
DIM
 62
2
100
AcDbBlockReference
  2
_ARCHTICK
 10
27977.837577214752
 20
-1581.9825215755968
 30
0.0
 41
2.5
 42
2.5
  0
LINE
  5
4EB
330
4E2
100
AcDbEntity
  8
0
 62
2
100
AcDbLine
 10
27965.15413721445
 20
-1581.9825215755968
 30
0.0
 11
27977.837577214752
 21
-1581.9825215755968
 31
0.0
  0
MTEXT
  5
4EC
330
4E2
100
AcDbEntity
  8
DIM
 62
7
100
AcDbMText
 10
27971.4958572146
 20
-1577.2325215755968
 30
0.0
 40
3.5
 71
5
  1
12.7
  7
SimSun
  0
POINT
  5
4ED
330
4E2
100
AcDbEntity
  8
Defpoints
100
AcDbPoint
 10
27965.15413721445
 20
-1581.9825215755968
 30
0.0
  0
POINT
  5
4EE
330
4E2
100
AcDbEntity
  8
Defpoints
100
AcDbPoint
 10
27965.15413721445
 20
-1572.0425215755968
 30
0.0
  0
POINT
  5
4EF
330
4E2
100
AcDbEntity
  8
Defpoints
100
AcDbPoint
 10
27977.837577214752
 20
-1572.0425215755968
 30
0.0
  0
ENDBLK
  5
4E4
330
4E2
100
AcDbEntity
  8
0
100
AcDbBlockEnd
  0
BLOCK
  5
4F2
330
4F1
100
AcDbEntity
  8
0
100
AcDbBlockBegin
  2
*D4
 70
1
 10
0.0
 20
0.0
 30
0.0
  3
*D4
  1

  0
LINE
  5
4F4
330
4F1
100
AcDbEntity
  8
0
 62
2
100
AcDbLine
 10
28090.557537214445
 20
-1573.0425215755968
 30
0.0
 11
28090.557537214445
 21
-1583.9825215755968
 31
0.0
  0
LINE
  5
4F5
330
4F1
100
AcDbEntity
  8
0
 62
2
100
AcDbLine
 10
28103.24097721475
 20
-1573.0425215755968
 30
0.0
 11
28103.24097721475
 21
-1583.9825215755968
 31
0.0
  0
INSERT
  5
4F6
330
4F1
100
AcDbEntity
  8
DIM
 62
2
100
AcDbBlockReference
  2
_ARCHTICK
 10
28090.557537214445
 20
-1581.9825215755968
 30
0.0
 41
2.5
 42
2.5
 50
180.0
  0
INSERT
  5
4F8
330
4F1
100
AcDbEntity
  8
DIM
 62
2
100
AcDbBlockReference
  2
_ARCHTICK
 10
28103.24097721475
 20
-1581.9825215755968
 30
0.0
 41
2.5
 42
2.5
  0
LINE
  5
4FA
330
4F1
100
AcDbEntity
  8
0
 62
2
100
AcDbLine
 10
28090.557537214445
 20
-1581.9825215755968
 30
0.0
 11
28103.24097721475
 21
-1581.9825215755968
 31
0.0
  0
MTEXT
  5
4FB
330
4F1
100
AcDbEntity
  8
DIM
 62
7
100
AcDbMText
 10
28096.899257214598
 20
-1577.2325215755968
 30
0.0
 40
3.5
 71
5
  1
12.7
  7
SimSun
  0
POINT
  5
4FC
330
4F1
100
AcDbEntity
  8
Defpoints
100
AcDbPoint
 10
28090.557537214445
 20
-1581.9825215755968
 30
0.0
  0
POINT
  5
4FD
330
4F1
100
AcDbEntity
  8
Defpoints
100
AcDbPoint
 10
28090.557537214445
 20
-1572.0425215755968
 30
0.0
  0
POINT
  5
4FE
330
4F1
100
AcDbEntity
  8
Defpoints
100
AcDbPoint
 10
28103.24097721475
 20
-1572.0425215755968
 30
0.0
  0
ENDBLK
  5
4F3
330
4F1
100
AcDbEntity
  8
0
100
AcDbBlockEnd
  0
BLOCK
  5
501
330
500
100
AcDbEntity
  8
0
100
AcDbBlockBegin
  2
*D5
 70
1
 10
0.0
 20
0.0
 30
0.0
  3
*D5
  1

  0
LINE
  5
503
330
500
100
AcDbEntity
  8
0
 62
2
100
AcDbLine
 10
27995.73013721445
 20
-1504.2975667853161
 30
0.0
 11
27995.73013721445
 21
-1515.2375667853162
 31
0.0
  0
LINE
  5
504
330
500
100
AcDbEntity
  8
0
 62
2
100
AcDbLine
 10
28091.94933721445
 20
-1504.2975667853161
 30
0.0
 11
28091.94933721445
 21
-1515.2375667853162
 31
0.0
  0
INSERT
  5
505
330
500
100
AcDbEntity
  8
DIM
 62
2
100
AcDbBlockReference
  2
_ARCHTICK
 10
27995.73013721445
 20
-1513.2375667853162
 30
0.0
 41
2.5
 42
2.5
 50
180.0
  0
INSERT
  5
507
330
500
100
AcDbEntity
  8
DIM
 62
2
100
AcDbBlockReference
  2
_ARCHTICK
 10
28091.94933721445
 20
-1513.2375667853162
 30
0.0
 41
2.5
 42
2.5
  0
LINE
  5
509
330
500
100
AcDbEntity
  8
0
 62
2
100
AcDbLine
 10
27995.73013721445
 20
-1513.2375667853162
 30
0.0
 11
28091.94933721445
 21
-1513.2375667853162
 31
0.0
  0
MTEXT
  5
50A
330
500
100
AcDbEntity
  8
DIM
 62
7
100
AcDbMText
 10
28043.83973721445
 20
-1510.4875667853162
 30
0.0
 40
3.5
 71
5
  1
96.2
  7
SimSun
  0
POINT
  5
50B
330
500
100
AcDbEntity
  8
Defpoints
100
AcDbPoint
 10
27995.73013721445
 20
-1513.2375667853162
 30
0.0
  0
POINT
  5
50C
330
500
100
AcDbEntity
  8
Defpoints
100
AcDbPoint
 10
27995.73013721445
 20
-1503.2975667853161
 30
0.0
  0
POINT
  5
50D
330
500
100
AcDbEntity
  8
Defpoints
100
AcDbPoint
 10
28091.94933721445
 20
-1503.2975667853161
 30
0.0
  0
ENDBLK
  5
502
330
500
100
AcDbEntity
  8
0
100
AcDbBlockEnd
  0
BLOCK
  5
510
330
50F
100
AcDbEntity
  8
0
100
AcDbBlockBegin
  2
*D6
 70
1
 10
0.0
 20
0.0
 30
0.0
  3
*D6
  1

  0
LINE
  5
512
330
50F
100
AcDbEntity
  8
0
 62
2
100
AcDbLine
 10
27994.73013721445
 20
-1503.2975667853161
 30
0.0
 11
27983.79013721445
 21
-1503.2975667853161
 31
0.0
  0
LINE
  5
513
330
50F
100
AcDbEntity
  8
0
 62
2
100
AcDbLine
 10
27994.73013721445
 20
-1447.9516467853161
 30
0.0
 11
27983.79013721445
 21
-1447.9516467853161
 31
0.0
  0
INSERT
  5
514
330
50F
100
AcDbEntity
  8
DIM
 62
2
100
AcDbBlockReference
  2
_ARCHTICK
 10
27985.79013721445
 20
-1503.2975667853161
 30
0.0
 41
2.5
 42
2.5
 50
270.0
  0
INSERT
  5
516
330
50F
100
AcDbEntity
  8
DIM
 62
2
100
AcDbBlockReference
  2
_ARCHTICK
 10
27985.79013721445
 20
-1447.9516467853161
 30
0.0
 41
2.5
 42
2.5
 50
90.0
  0
LINE
  5
518
330
50F
100
AcDbEntity
  8
0
 62
2
100
AcDbLine
 10
27985.79013721445
 20
-1503.2975667853161
 30
0.0
 11
27985.79013721445
 21
-1447.9516467853161
 31
0.0
  0
MTEXT
  5
519
330
50F
100
AcDbEntity
  8
DIM
 62
7
100
AcDbMText
 10
27983.04013721445
 20
-1475.6246067853162
 30
0.0
 40
3.5
 71
5
  1
55.3
  7
SimSun
 50
90.0
  0
POINT
  5
51A
330
50F
100
AcDbEntity
  8
Defpoints
100
AcDbPoint
 10
27985.79013721445
 20
-1503.2975667853161
 30
0.0
  0
POINT
  5
51B
330
50F
100
AcDbEntity
  8
Defpoints
100
AcDbPoint
 10
27995.73013721445
 20
-1503.2975667853161
 30
0.0
  0
POINT
  5
51C
330
50F
100
AcDbEntity
  8
Defpoints
100
AcDbPoint
 10
27995.73013721445
 20
-1447.9516467853161
 30
0.0
  0
ENDBLK
  5
511
330
50F
100
AcDbEntity
  8
0
100
AcDbBlockEnd
  0
BLOCK
  5
51F
330
51E
100
AcDbEntity
  8
0
100
AcDbBlockBegin
  2
*D7
 70
1
 10
0.0
 20
0.0
 30
0.0
  3
*D7
  1

  0
LINE
  5
521
330
51E
100
AcDbEntity
  8
0
 62
2
100
AcDbLine
 10
27995.73013721445
 20
-1560.637566785316
 30
0.0
 11
27995.73013721445
 21
-1571.577566785316
 31
0.0
  0
LINE
  5
522
330
51E
100
AcDbEntity
  8
0
 62
2
100
AcDbLine
 10
28091.94933721445
 20
-1560.637566785316
 30
0.0
 11
28091.94933721445
 21
-1571.577566785316
 31
0.0
  0
INSERT
  5
523
330
51E
100
AcDbEntity
  8
DIM
 62
2
100
AcDbBlockReference
  2
_ARCHTICK
 10
27995.73013721445
 20
-1569.577566785316
 30
0.0
 41
2.5
 42
2.5
 50
180.0
  0
INSERT
  5
525
330
51E
100
AcDbEntity
  8
DIM
 62
2
100
AcDbBlockReference
  2
_ARCHTICK
 10
28091.94933721445
 20
-1569.577566785316
 30
0.0
 41
2.5
 42
2.5
  0
LINE
  5
527
330
51E
100
AcDbEntity
  8
0
 62
2
100
AcDbLine
 10
27995.73013721445
 20
-1569.577566785316
 30
0.0
 11
28091.94933721445
 21
-1569.577566785316
 31
0.0
  0
MTEXT
  5
528
330
51E
100
AcDbEntity
  8
DIM
 62
7
100
AcDbMText
 10
28043.83973721445
 20
-1566.827566785316
 30
0.0
 40
3.5
 71
5
  1
96.2
  7
SimSun
  0
POINT
  5
529
330
51E
100
AcDbEntity
  8
Defpoints
100
AcDbPoint
 10
27995.73013721445
 20
-1569.577566785316
 30
0.0
  0
POINT
  5
52A
330
51E
100
AcDbEntity
  8
Defpoints
100
AcDbPoint
 10
27995.73013721445
 20
-1559.637566785316
 30
0.0
  0
POINT
  5
52B
330
51E
100
AcDbEntity
  8
Defpoints
100
AcDbPoint
 10
28091.94933721445
 20
-1559.637566785316
 30
0.0
  0
ENDBLK
  5
520
330
51E
100
AcDbEntity
  8
0
100
AcDbBlockEnd
  0
BLOCK
  5
52E
330
52D
100
AcDbEntity
  8
0
100
AcDbBlockBegin
  2
*D8
 70
1
 10
0.0
 20
0.0
 30
0.0
  3
*D8
  1

  0
LINE
  5
530
330
52D
100
AcDbEntity
  8
0
 62
2
100
AcDbLine
 10
27994.73013721445
 20
-1559.637566785316
 30
0.0
 11
27983.79013721445
 21
-1559.637566785316
 31
0.0
  0
LINE
  5
531
330
52D
100
AcDbEntity
  8
0
 62
2
100
AcDbLine
 10
27994.73013721445
 20
-1546.9541267853162
 30
0.0
 11
27983.79013721445
 21
-1546.9541267853162
 31
0.0
  0
INSERT
  5
532
330
52D
100
AcDbEntity
  8
DIM
 62
2
100
AcDbBlockReference
  2
_ARCHTICK
 10
27985.79013721445
 20
-1559.637566785316
 30
0.0
 41
2.5
 42
2.5
 50
270.0
  0
INSERT
  5
534
330
52D
100
AcDbEntity
  8
DIM
 62
2
100
AcDbBlockReference
  2
_ARCHTICK
 10
27985.79013721445
 20
-1546.9541267853162
 30
0.0
 41
2.5
 42
2.5
 50
90.0
  0
LINE
  5
536
330
52D
100
AcDbEntity
  8
0
 62
2
100
AcDbLine
 10
27985.79013721445
 20
-1559.637566785316
 30
0.0
 11
27985.79013721445
 21
-1546.9541267853162
 31
0.0
  0
MTEXT
  5
537
330
52D
100
AcDbEntity
  8
DIM
 62
7
100
AcDbMText
 10
27981.04013721445
 20
-1553.2958467853161
 30
0.0
 40
3.5
 71
5
  1
12.7
  7
SimSun
 50
90.0
  0
POINT
  5
538
330
52D
100
AcDbEntity
  8
Defpoints
100
AcDbPoint
 10
27985.79013721445
 20
-1559.637566785316
 30
0.0
  0
POINT
  5
539
330
52D
100
AcDbEntity
  8
Defpoints
100
AcDbPoint
 10
27995.73013721445
 20
-1559.637566785316
 30
0.0
  0
POINT
  5
53A
330
52D
100
AcDbEntity
  8
Defpoints
100
AcDbPoint
 10
27995.73013721445
 20
-1546.9541267853162
 30
0.0
  0
ENDBLK
  5
52F
330
52D
100
AcDbEntity
  8
0
100
AcDbBlockEnd
  0
BLOCK
  5
53D
330
53C
100
AcDbEntity
  8
0
100
AcDbBlockBegin
  2
*D9
 70
1
 10
0.0
 20
0.0
 30
0.0
  3
*D9
  1

  0
LINE
  5
53F
330
53C
100
AcDbEntity
  8
0
 62
2
100
AcDbLine
 10
27953.22613721445
 20
-1561.114686785316
 30
0.0
 11
27953.22613721445
 21
-1572.054686785316
 31
0.0
  0
LINE
  5
540
330
53C
100
AcDbEntity
  8
0
 62
2
100
AcDbLine
 10
28008.57205721445
 20
-1561.114686785316
 30
0.0
 11
28008.57205721445
 21
-1572.054686785316
 31
0.0
  0
INSERT
  5
541
330
53C
100
AcDbEntity
  8
DIM
 62
2
100
AcDbBlockReference
  2
_ARCHTICK
 10
27953.22613721445
 20
-1570.054686785316
 30
0.0
 41
2.5
 42
2.5
 50
180.0
  0
INSERT
  5
543
330
53C
100
AcDbEntity
  8
DIM
 62
2
100
AcDbBlockReference
  2
_ARCHTICK
 10
28008.57205721445
 20
-1570.054686785316
 30
0.0
 41
2.5
 42
2.5
  0
LINE
  5
545
330
53C
100
AcDbEntity
  8
0
 62
2
100
AcDbLine
 10
27953.22613721445
 20
-1570.054686785316
 30
0.0
 11
28008.57205721445
 21
-1570.054686785316
 31
0.0
  0
MTEXT
  5
546
330
53C
100
AcDbEntity
  8
DIM
 62
7
100
AcDbMText
 10
27980.89909721445
 20
-1567.304686785316
 30
0.0
 40
3.5
 71
5
  1
55.3
  7
SimSun
  0
POINT
  5
547
330
53C
100
AcDbEntity
  8
Defpoints
100
AcDbPoint
 10
27953.22613721445
 20
-1570.054686785316
 30
0.0
  0
POINT
  5
548
330
53C
100
AcDbEntity
  8
Defpoints
100
AcDbPoint
 10
27953.22613721445
 20
-1560.114686785316
 30
0.0
  0
POINT
  5
549
330
53C
100
AcDbEntity
  8
Defpoints
100
AcDbPoint
 10
28008.57205721445
 20
-1560.114686785316
 30
0.0
  0
ENDBLK
  5
53E
330
53C
100
AcDbEntity
  8
0
100
AcDbBlockEnd
  0
BLOCK
  5
54C
330
54B
100
AcDbEntity
  8
0
100
AcDbBlockBegin
  2
*D10
 70
1
 10
0.0
 20
0.0
 30
0.0
  3
*D10
  1

  0
LINE
  5
54E
330
54B
100
AcDbEntity
  8
0
 62
2
100
AcDbLine
 10
27952.22613721445
 20
-1560.114686785316
 30
0.0
 11
27941.28613721445
 21
-1560.114686785316
 31
0.0
  0
LINE
  5
54F
330
54B
100
AcDbEntity
  8
0
 62
2
100
AcDbLine
 10
27952.22613721445
 20
-1547.4312467853163
 30
0.0
 11
27941.28613721445
 21
-1547.4312467853163
 31
0.0
  0
INSERT
  5
550
330
54B
100
AcDbEntity
  8
DIM
 62
2
100
AcDbBlockReference
  2
_ARCHTICK
 10
27943.28613721445
 20
-1560.114686785316
 30
0.0
 41
2.5
 42
2.5
 50
270.0
  0
INSERT
  5
552
330
54B
100
AcDbEntity
  8
DIM
 62
2
100
AcDbBlockReference
  2
_ARCHTICK
 10
27943.28613721445
 20
-1547.4312467853163
 30
0.0
 41
2.5
 42
2.5
 50
90.0
  0
LINE
  5
554
330
54B
100
AcDbEntity
  8
0
 62
2
100
AcDbLine
 10
27943.28613721445
 20
-1560.114686785316
 30
0.0
 11
27943.28613721445
 21
-1547.4312467853163
 31
0.0
  0
MTEXT
  5
555
330
54B
100
AcDbEntity
  8
DIM
 62
7
100
AcDbMText
 10
27938.53613721445
 20
-1553.7729667853162
 30
0.0
 40
3.5
 71
5
  1
12.7
  7
SimSun
 50
90.0
  0
POINT
  5
556
330
54B
100
AcDbEntity
  8
Defpoints
100
AcDbPoint
 10
27943.28613721445
 20
-1560.114686785316
 30
0.0
  0
POINT
  5
557
330
54B
100
AcDbEntity
  8
Defpoints
100
AcDbPoint
 10
27953.22613721445
 20
-1560.114686785316
 30
0.0
  0
POINT
  5
558
330
54B
100
AcDbEntity
  8
Defpoints
100
AcDbPoint
 10
27953.22613721445
 20
-1547.4312467853163
 30
0.0
  0
ENDBLK
  5
54D
330
54B
100
AcDbEntity
  8
0
100
AcDbBlockEnd
  0
BLOCK
  5
55B
330
55A
100
AcDbEntity
  8
0
100
AcDbBlockBegin
  2
*D11
 70
1
 10
0.0
 20
0.0
 30
0.0
  3
*D11
  1

  0
LINE
  5
55D
330
55A
100
AcDbEntity
  8
0
 62
2
100
AcDbLine
 10
27995.73013721445
 20
-1504.2975667853161
 30
0.0
 11
27995.73013721445
 21
-1522.3943667853162
 31
0.0
  0
LINE
  5
55E
330
55A
100
AcDbEntity
  8
0
 62
2
100
AcDbLine
 10
27997.71813721445
 20
-1504.2975667853161
 30
0.0
 11
27997.71813721445
 21
-1522.3943667853162
 31
0.0
  0
INSERT
  5
55F
330
55A
100
AcDbEntity
  8
DIM
 62
2
100
AcDbBlockReference
  2
_ARCHTICK
 10
27995.73013721445
 20
-1520.3943667853162
 30
0.0
 41
2.5
 42
2.5
  0
INSERT
  5
561
330
55A
100
AcDbEntity
  8
DIM
 62
2
100
AcDbBlockReference
  2
_ARCHTICK
 10
27997.71813721445
 20
-1520.3943667853162
 30
0.0
 41
2.5
 42
2.5
 50
180.0
  0
LINE
  5
563
330
55A
100
AcDbEntity
  8
0
 62
2
100
AcDbLine
 10
27995.73013721445
 20
-1520.3943667853162
 30
0.0
 11
27997.71813721445
 21
-1520.3943667853162
 31
0.0
  0
MTEXT
  5
564
330
55A
100
AcDbEntity
  8
DIM
 62
7
100
AcDbMText
 10
27996.72413721445
 20
-1515.6443667853162
 30
0.0
 40
3.5
 71
5
  1
2
  7
SimSun
  0
POINT
  5
565
330
55A
100
AcDbEntity
  8
Defpoints
100
AcDbPoint
 10
27995.73013721445
 20
-1520.3943667853162
 30
0.0
  0
POINT
  5
566
330
55A
100
AcDbEntity
  8
Defpoints
100
AcDbPoint
 10
27995.73013721445
 20
-1503.2975667853161
 30
0.0
  0
POINT
  5
567
330
55A
100
AcDbEntity
  8
Defpoints
100
AcDbPoint
 10
27997.71813721445
 20
-1503.2975667853161
 30
0.0
  0
ENDBLK
  5
55C
330
55A
100
AcDbEntity
  8
0
100
AcDbBlockEnd
  0
BLOCK
  5
56A
330
569
100
AcDbEntity
  8
0
100
AcDbBlockBegin
  2
*D12
 70
1
 10
0.0
 20
0.0
 30
0.0
  3
*D12
  1

  0
LINE
  5
56C
330
569
100
AcDbEntity
  8
0
 62
2
100
AcDbLine
 10
27997.71813721445
 20
-1504.2975667853161
 30
0.0
 11
27997.71813721445
 21
-1522.3943667853162
 31
0.0
  0
LINE
  5
56D
330
569
100
AcDbEntity
  8
0
 62
2
100
AcDbLine
 10
28000.89893721445
 20
-1504.2975667853161
 30
0.0
 11
28000.89893721445
 21
-1522.3943667853162
 31
0.0
  0
INSERT
  5
56E
330
569
100
AcDbEntity
  8
DIM
 62
2
100
AcDbBlockReference
  2
_ARCHTICK
 10
27997.71813721445
 20
-1520.3943667853162
 30
0.0
 41
2.5
 42
2.5
  0
INSERT
  5
570
330
569
100
AcDbEntity
  8
DIM
 62
2
100
AcDbBlockReference
  2
_ARCHTICK
 10
28000.89893721445
 20
-1520.3943667853162
 30
0.0
 41
2.5
 42
2.5
 50
180.0
  0
LINE
  5
572
330
569
100
AcDbEntity
  8
0
 62
2
100
AcDbLine
 10
27997.71813721445
 20
-1520.3943667853162
 30
0.0
 11
28000.89893721445
 21
-1520.3943667853162
 31
0.0
  0
MTEXT
  5
573
330
569
100
AcDbEntity
  8
DIM
 62
7
100
AcDbMText
 10
27999.30853721445
 20
-1515.6443667853162
 30
0.0
 40
3.5
 71
5
  1
3.2
  7
SimSun
  0
POINT
  5
574
330
569
100
AcDbEntity
  8
Defpoints
100
AcDbPoint
 10
27997.71813721445
 20
-1520.3943667853162
 30
0.0
  0
POINT
  5
575
330
569
100
AcDbEntity
  8
Defpoints
100
AcDbPoint
 10
27997.71813721445
 20
-1503.2975667853161
 30
0.0
  0
POINT
  5
576
330
569
100
AcDbEntity
  8
Defpoints
100
AcDbPoint
 10
28000.89893721445
 20
-1503.2975667853161
 30
0.0
  0
ENDBLK
  5
56B
330
569
100
AcDbEntity
  8
0
100
AcDbBlockEnd
  0
BLOCK
  5
579
330
578
100
AcDbEntity
  8
0
100
AcDbBlockBegin
  2
*D13
 70
1
 10
0.0
 20
0.0
 30
0.0
  3
*D13
  1

  0
LINE
  5
57B
330
578
100
AcDbEntity
  8
0
 62
2
100
AcDbLine
 10
28000.89893721445
 20
-1504.2975667853161
 30
0.0
 11
28000.89893721445
 21
-1522.3943667853162
 31
0.0
  0
LINE
  5
57C
330
578
100
AcDbEntity
  8
0
 62
2
100
AcDbLine
 10
28003.68213721445
 20
-1504.2975667853161
 30
0.0
 11
28003.68213721445
 21
-1522.3943667853162
 31
0.0
  0
INSERT
  5
57D
330
578
100
AcDbEntity
  8
DIM
 62
2
100
AcDbBlockReference
  2
_ARCHTICK
 10
28000.89893721445
 20
-1520.3943667853162
 30
0.0
 41
2.5
 42
2.5
  0
INSERT
  5
57F
330
578
100
AcDbEntity
  8
DIM
 62
2
100
AcDbBlockReference
  2
_ARCHTICK
 10
28003.68213721445
 20
-1520.3943667853162
 30
0.0
 41
2.5
 42
2.5
 50
180.0
  0
LINE
  5
581
330
578
100
AcDbEntity
  8
0
 62
2
100
AcDbLine
 10
28000.89893721445
 20
-1520.3943667853162
 30
0.0
 11
28003.68213721445
 21
-1520.3943667853162
 31
0.0
  0
MTEXT
  5
582
330
578
100
AcDbEntity
  8
DIM
 62
7
100
AcDbMText
 10
28002.290537214452
 20
-1515.6443667853162
 30
0.0
 40
3.5
 71
5
  1
2.8
  7
SimSun
  0
POINT
  5
583
330
578
100
AcDbEntity
  8
Defpoints
100
AcDbPoint
 10
28000.89893721445
 20
-1520.3943667853162
 30
0.0
  0
POINT
  5
584
330
578
100
AcDbEntity
  8
Defpoints
100
AcDbPoint
 10
28000.89893721445
 20
-1503.2975667853161
 30
0.0
  0
POINT
  5
585
330
578
100
AcDbEntity
  8
Defpoints
100
AcDbPoint
 10
28003.68213721445
 20
-1503.2975667853161
 30
0.0
  0
ENDBLK
  5
57A
330
578
100
AcDbEntity
  8
0
100
AcDbBlockEnd
  0
BLOCK
  5
588
330
587
100
AcDbEntity
  8
0
100
AcDbBlockBegin
  2
*D14
 70
1
 10
0.0
 20
0.0
 30
0.0
  3
*D14
  1

  0
LINE
  5
58A
330
587
100
AcDbEntity
  8
0
 62
2
100
AcDbLine
 10
28003.68213721445
 20
-1504.2975667853161
 30
0.0
 11
28003.68213721445
 21
-1522.3943667853162
 31
0.0
  0
LINE
  5
58B
330
587
100
AcDbEntity
  8
0
 62
2
100
AcDbLine
 10
28011.43533721445
 20
-1504.2975667853161
 30
0.0
 11
28011.43533721445
 21
-1522.3943667853162
 31
0.0
  0
INSERT
  5
58C
330
587
100
AcDbEntity
  8
DIM
 62
2
100
AcDbBlockReference
  2
_ARCHTICK
 10
28003.68213721445
 20
-1520.3943667853162
 30
0.0
 41
2.5
 42
2.5
 50
180.0
  0
INSERT
  5
58E
330
587
100
AcDbEntity
  8
DIM
 62
2
100
AcDbBlockReference
  2
_ARCHTICK
 10
28011.43533721445
 20
-1520.3943667853162
 30
0.0
 41
2.5
 42
2.5
  0
LINE
  5
590
330
587
100
AcDbEntity
  8
0
 62
2
100
AcDbLine
 10
28003.68213721445
 20
-1520.3943667853162
 30
0.0
 11
28011.43533721445
 21
-1520.3943667853162
 31
0.0
  0
MTEXT
  5
591
330
587
100
AcDbEntity
  8
DIM
 62
7
100
AcDbMText
 10
28007.55873721445
 20
-1515.6443667853162
 30
0.0
 40
3.5
 71
5
  1
7.8
  7
SimSun
  0
POINT
  5
592
330
587
100
AcDbEntity
  8
Defpoints
100
AcDbPoint
 10
28003.68213721445
 20
-1520.3943667853162
 30
0.0
  0
POINT
  5
593
330
587
100
AcDbEntity
  8
Defpoints
100
AcDbPoint
 10
28003.68213721445
 20
-1503.2975667853161
 30
0.0
  0
POINT
  5
594
330
587
100
AcDbEntity
  8
Defpoints
100
AcDbPoint
 10
28011.43533721445
 20
-1503.2975667853161
 30
0.0
  0
ENDBLK
  5
589
330
587
100
AcDbEntity
  8
0
100
AcDbBlockEnd
  0
BLOCK
  5
597
330
596
100
AcDbEntity
  8
0
100
AcDbBlockBegin
  2
*D15
 70
1
 10
0.0
 20
0.0
 30
0.0
  3
*D15
  1

  0
LINE
  5
599
330
596
100
AcDbEntity
  8
0
 62
2
100
AcDbLine
 10
28011.43533721445
 20
-1504.2975667853161
 30
0.0
 11
28011.43533721445
 21
-1522.3943667853162
 31
0.0
  0
LINE
  5
59A
330
596
100
AcDbEntity
  8
0
 62
2
100
AcDbLine
 10
28014.41733721445
 20
-1504.2975667853161
 30
0.0
 11
28014.41733721445
 21
-1522.3943667853162
 31
0.0
  0
INSERT
  5
59B
330
596
100
AcDbEntity
  8
DIM
 62
2
100
AcDbBlockReference
  2
_ARCHTICK
 10
28011.43533721445
 20
-1520.3943667853162
 30
0.0
 41
2.5
 42
2.5
  0
INSERT
  5
59D
330
596
100
AcDbEntity
  8
DIM
 62
2
100
AcDbBlockReference
  2
_ARCHTICK
 10
28014.41733721445
 20
-1520.3943667853162
 30
0.0
 41
2.5
 42
2.5
 50
180.0
  0
LINE
  5
59F
330
596
100
AcDbEntity
  8
0
 62
2
100
AcDbLine
 10
28011.43533721445
 20
-1520.3943667853162
 30
0.0
 11
28014.41733721445
 21
-1520.3943667853162
 31
0.0
  0
MTEXT
  5
5A0
330
596
100
AcDbEntity
  8
DIM
 62
7
100
AcDbMText
 10
28012.92633721445
 20
-1515.6443667853162
 30
0.0
 40
3.5
 71
5
  1
3
  7
SimSun
  0
POINT
  5
5A1
330
596
100
AcDbEntity
  8
Defpoints
100
AcDbPoint
 10
28011.43533721445
 20
-1520.3943667853162
 30
0.0
  0
POINT
  5
5A2
330
596
100
AcDbEntity
  8
Defpoints
100
AcDbPoint
 10
28011.43533721445
 20
-1503.2975667853161
 30
0.0
  0
POINT
  5
5A3
330
596
100
AcDbEntity
  8
Defpoints
100
AcDbPoint
 10
28014.41733721445
 20
-1503.2975667853161
 30
0.0
  0
ENDBLK
  5
598
330
596
100
AcDbEntity
  8
0
100
AcDbBlockEnd
  0
BLOCK
  5
5A6
330
5A5
100
AcDbEntity
  8
0
100
AcDbBlockBegin
  2
*D16
 70
1
 10
0.0
 20
0.0
 30
0.0
  3
*D16
  1

  0
LINE
  5
5A8
330
5A5
100
AcDbEntity
  8
0
 62
2
100
AcDbLine
 10
28014.41733721445
 20
-1504.2975667853161
 30
0.0
 11
28014.41733721445
 21
-1522.3943667853162
 31
0.0
  0
LINE
  5
5A9
330
5A5
100
AcDbEntity
  8
0
 62
2
100
AcDbLine
 10
28046.82173721445
 20
-1504.2975667853161
 30
0.0
 11
28046.82173721445
 21
-1522.3943667853162
 31
0.0
  0
INSERT
  5
5AA
330
5A5
100
AcDbEntity
  8
DIM
 62
2
100
AcDbBlockReference
  2
_ARCHTICK
 10
28014.41733721445
 20
-1520.3943667853162
 30
0.0
 41
2.5
 42
2.5
 50
180.0
  0
INSERT
  5
5AC
330
5A5
100
AcDbEntity
  8
DIM
 62
2
100
AcDbBlockReference
  2
_ARCHTICK
 10
28046.82173721445
 20
-1520.3943667853162
 30
0.0
 41
2.5
 42
2.5
  0
LINE
  5
5AE
330
5A5
100
AcDbEntity
  8
0
 62
2
100
AcDbLine
 10
28014.41733721445
 20
-1520.3943667853162
 30
0.0
 11
28046.82173721445
 21
-1520.3943667853162
 31
0.0
  0
MTEXT
  5
5AF
330
5A5
100
AcDbEntity
  8
DIM
 62
7
100
AcDbMText
 10
28030.61953721445
 20
-1517.6443667853162
 30
0.0
 40
3.5
 71
5
  1
32.4
  7
SimSun
  0
POINT
  5
5B0
330
5A5
100
AcDbEntity
  8
Defpoints
100
AcDbPoint
 10
28014.41733721445
 20
-1520.3943667853162
 30
0.0
  0
POINT
  5
5B1
330
5A5
100
AcDbEntity
  8
Defpoints
100
AcDbPoint
 10
28014.41733721445
 20
-1503.2975667853161
 30
0.0
  0
POINT
  5
5B2
330
5A5
100
AcDbEntity
  8
Defpoints
100
AcDbPoint
 10
28046.82173721445
 20
-1503.2975667853161
 30
0.0
  0
ENDBLK
  5
5A7
330
5A5
100
AcDbEntity
  8
0
100
AcDbBlockEnd
  0
BLOCK
  5
5B5
330
5B4
100
AcDbEntity
  8
0
100
AcDbBlockBegin
  2
*D17
 70
1
 10
0.0
 20
0.0
 30
0.0
  3
*D17
  1

  0
LINE
  5
5B7
330
5B4
100
AcDbEntity
  8
0
 62
2
100
AcDbLine
 10
28046.82173721445
 20
-1504.2975667853161
 30
0.0
 11
28046.82173721445
 21
-1522.3943667853162
 31
0.0
  0
LINE
  5
5B8
330
5B4
100
AcDbEntity
  8
0
 62
2
100
AcDbLine
 10
28051.19533721445
 20
-1504.2975667853161
 30
0.0
 11
28051.19533721445
 21
-1522.3943667853162
 31
0.0
  0
INSERT
  5
5B9
330
5B4
100
AcDbEntity
  8
DIM
 62
2
100
AcDbBlockReference
  2
_ARCHTICK
 10
28046.82173721445
 20
-1520.3943667853162
 30
0.0
 41
2.5
 42
2.5
  0
INSERT
  5
5BB
330
5B4
100
AcDbEntity
  8
DIM
 62
2
100
AcDbBlockReference
  2
_ARCHTICK
 10
28051.19533721445
 20
-1520.3943667853162
 30
0.0
 41
2.5
 42
2.5
 50
180.0
  0
LINE
  5
5BD
330
5B4
100
AcDbEntity
  8
0
 62
2
100
AcDbLine
 10
28046.82173721445
 20
-1520.3943667853162
 30
0.0
 11
28051.19533721445
 21
-1520.3943667853162
 31
0.0
  0
MTEXT
  5
5BE
330
5B4
100
AcDbEntity
  8
DIM
 62
7
100
AcDbMText
 10
28049.00853721445
 20
-1515.6443667853162
 30
0.0
 40
3.5
 71
5
  1
4.4
  7
SimSun
  0
POINT
  5
5BF
330
5B4
100
AcDbEntity
  8
Defpoints
100
AcDbPoint
 10
28046.82173721445
 20
-1520.3943667853162
 30
0.0
  0
POINT
  5
5C0
330
5B4
100
AcDbEntity
  8
Defpoints
100
AcDbPoint
 10
28046.82173721445
 20
-1503.2975667853161
 30
0.0
  0
POINT
  5
5C1
330
5B4
100
AcDbEntity
  8
Defpoints
100
AcDbPoint
 10
28051.19533721445
 20
-1503.2975667853161
 30
0.0
  0
ENDBLK
  5
5B6
330
5B4
100
AcDbEntity
  8
0
100
AcDbBlockEnd
  0
BLOCK
  5
5C4
330
5C3
100
AcDbEntity
  8
0
100
AcDbBlockBegin
  2
*D18
 70
1
 10
0.0
 20
0.0
 30
0.0
  3
*D18
  1

  0
LINE
  5
5C6
330
5C3
100
AcDbEntity
  8
0
 62
2
100
AcDbLine
 10
28051.19533721445
 20
-1504.2975667853161
 30
0.0
 11
28051.19533721445
 21
-1522.3943667853162
 31
0.0
  0
LINE
  5
5C7
330
5C3
100
AcDbEntity
  8
0
 62
2
100
AcDbLine
 10
28062.328137214452
 20
-1504.2975667853161
 30
0.0
 11
28062.328137214452
 21
-1522.3943667853162
 31
0.0
  0
INSERT
  5
5C8
330
5C3
100
AcDbEntity
  8
DIM
 62
2
100
AcDbBlockReference
  2
_ARCHTICK
 10
28051.19533721445
 20
-1520.3943667853162
 30
0.0
 41
2.5
 42
2.5
 50
180.0
  0
INSERT
  5
5CA
330
5C3
100
AcDbEntity
  8
DIM
 62
2
100
AcDbBlockReference
  2
_ARCHTICK
 10
28062.328137214452
 20
-1520.3943667853162
 30
0.0
 41
2.5
 42
2.5
  0
LINE
  5
5CC
330
5C3
100
AcDbEntity
  8
0
 62
2
100
AcDbLine
 10
28051.19533721445
 20
-1520.3943667853162
 30
0.0
 11
28062.328137214452
 21
-1520.3943667853162
 31
0.0
  0
MTEXT
  5
5CD
330
5C3
100
AcDbEntity
  8
DIM
 62
7
100
AcDbMText
 10
28056.761737214452
 20
-1515.6443667853162
 30
0.0
 40
3.5
 71
5
  1
11.1
  7
SimSun
  0
POINT
  5
5CE
330
5C3
100
AcDbEntity
  8
Defpoints
100
AcDbPoint
 10
28051.19533721445
 20
-1520.3943667853162
 30
0.0
  0
POINT
  5
5CF
330
5C3
100
AcDbEntity
  8
Defpoints
100
AcDbPoint
 10
28051.19533721445
 20
-1503.2975667853161
 30
0.0
  0
POINT
  5
5D0
330
5C3
100
AcDbEntity
  8
Defpoints
100
AcDbPoint
 10
28062.328137214452
 20
-1503.2975667853161
 30
0.0
  0
ENDBLK
  5
5C5
330
5C3
100
AcDbEntity
  8
0
100
AcDbBlockEnd
  0
BLOCK
  5
5D3
330
5D2
100
AcDbEntity
  8
0
100
AcDbBlockBegin
  2
*D19
 70
1
 10
0.0
 20
0.0
 30
0.0
  3
*D19
  1

  0
LINE
  5
5D5
330
5D2
100
AcDbEntity
  8
0
 62
2
100
AcDbLine
 10
28062.328137214452
 20
-1504.2975667853161
 30
0.0
 11
28062.328137214452
 21
-1522.3943667853162
 31
0.0
  0
LINE
  5
5D6
330
5D2
100
AcDbEntity
  8
0
 62
2
100
AcDbLine
 10
28065.50893721445
 20
-1504.2975667853161
 30
0.0
 11
28065.50893721445
 21
-1522.3943667853162
 31
0.0
  0
INSERT
  5
5D7
330
5D2
100
AcDbEntity
  8
DIM
 62
2
100
AcDbBlockReference
  2
_ARCHTICK
 10
28062.328137214452
 20
-1520.3943667853162
 30
0.0
 41
2.5
 42
2.5
  0
INSERT
  5
5D9
330
5D2
100
AcDbEntity
  8
DIM
 62
2
100
AcDbBlockReference
  2
_ARCHTICK
 10
28065.50893721445
 20
-1520.3943667853162
 30
0.0
 41
2.5
 42
2.5
 50
180.0
  0
LINE
  5
5DB
330
5D2
100
AcDbEntity
  8
0
 62
2
100
AcDbLine
 10
28062.328137214452
 20
-1520.3943667853162
 30
0.0
 11
28065.50893721445
 21
-1520.3943667853162
 31
0.0
  0
MTEXT
  5
5DC
330
5D2
100
AcDbEntity
  8
DIM
 62
7
100
AcDbMText
 10
28063.91853721445
 20
-1515.6443667853162
 30
0.0
 40
3.5
 71
5
  1
3.2
  7
SimSun
  0
POINT
  5
5DD
330
5D2
100
AcDbEntity
  8
Defpoints
100
AcDbPoint
 10
28062.328137214452
 20
-1520.3943667853162
 30
0.0
  0
POINT
  5
5DE
330
5D2
100
AcDbEntity
  8
Defpoints
100
AcDbPoint
 10
28062.328137214452
 20
-1503.2975667853161
 30
0.0
  0
POINT
  5
5DF
330
5D2
100
AcDbEntity
  8
Defpoints
100
AcDbPoint
 10
28065.50893721445
 20
-1503.2975667853161
 30
0.0
  0
ENDBLK
  5
5D4
330
5D2
100
AcDbEntity
  8
0
100
AcDbBlockEnd
  0
BLOCK
  5
5E2
330
5E1
100
AcDbEntity
  8
0
100
AcDbBlockBegin
  2
*D20
 70
1
 10
0.0
 20
0.0
 30
0.0
  3
*D20
  1

  0
LINE
  5
5E4
330
5E1
100
AcDbEntity
  8
0
 62
2
100
AcDbLine
 10
28065.50893721445
 20
-1504.2975667853161
 30
0.0
 11
28065.50893721445
 21
-1522.3943667853162
 31
0.0
  0
LINE
  5
5E5
330
5E1
100
AcDbEntity
  8
0
 62
2
100
AcDbLine
 10
28070.08133721445
 20
-1504.2975667853161
 30
0.0
 11
28070.08133721445
 21
-1522.3943667853162
 31
0.0
  0
INSERT
  5
5E6
330
5E1
100
AcDbEntity
  8
DIM
 62
2
100
AcDbBlockReference
  2
_ARCHTICK
 10
28065.50893721445
 20
-1520.3943667853162
 30
0.0
 41
2.5
 42
2.5
  0
INSERT
  5
5E8
330
5E1
100
AcDbEntity
  8
DIM
 62
2
100
AcDbBlockReference
  2
_ARCHTICK
 10
28070.08133721445
 20
-1520.3943667853162
 30
0.0
 41
2.5
 42
2.5
 50
180.0
  0
LINE
  5
5EA
330
5E1
100
AcDbEntity
  8
0
 62
2
100
AcDbLine
 10
28065.50893721445
 20
-1520.3943667853162
 30
0.0
 11
28070.08133721445
 21
-1520.3943667853162
 31
0.0
  0
MTEXT
  5
5EB
330
5E1
100
AcDbEntity
  8
DIM
 62
7
100
AcDbMText
 10
28067.795137214453
 20
-1515.6443667853162
 30
0.0
 40
3.5
 71
5
  1
4.6
  7
SimSun
  0
POINT
  5
5EC
330
5E1
100
AcDbEntity
  8
Defpoints
100
AcDbPoint
 10
28065.50893721445
 20
-1520.3943667853162
 30
0.0
  0
POINT
  5
5ED
330
5E1
100
AcDbEntity
  8
Defpoints
100
AcDbPoint
 10
28065.50893721445
 20
-1503.2975667853161
 30
0.0
  0
POINT
  5
5EE
330
5E1
100
AcDbEntity
  8
Defpoints
100
AcDbPoint
 10
28070.08133721445
 20
-1503.2975667853161
 30
0.0
  0
ENDBLK
  5
5E3
330
5E1
100
AcDbEntity
  8
0
100
AcDbBlockEnd
  0
BLOCK
  5
5F1
330
5F0
100
AcDbEntity
  8
0
100
AcDbBlockBegin
  2
*D21
 70
1
 10
0.0
 20
0.0
 30
0.0
  3
*D21
  1

  0
LINE
  5
5F3
330
5F0
100
AcDbEntity
  8
0
 62
2
100
AcDbLine
 10
28070.08133721445
 20
-1504.2975667853161
 30
0.0
 11
28070.08133721445
 21
-1522.3943667853162
 31
0.0
  0
LINE
  5
5F4
330
5F0
100
AcDbEntity
  8
0
 62
2
100
AcDbLine
 10
28077.83453721445
 20
-1504.2975667853161
 30
0.0
 11
28077.83453721445
 21
-1522.3943667853162
 31
0.0
  0
INSERT
  5
5F5
330
5F0
100
AcDbEntity
  8
DIM
 62
2
100
AcDbBlockReference
  2
_ARCHTICK
 10
28070.08133721445
 20
-1520.3943667853162
 30
0.0
 41
2.5
 42
2.5
 50
180.0
  0
INSERT
  5
5F7
330
5F0
100
AcDbEntity
  8
DIM
 62
2
100
AcDbBlockReference
  2
_ARCHTICK
 10
28077.83453721445
 20
-1520.3943667853162
 30
0.0
 41
2.5
 42
2.5
  0
LINE
  5
5F9
330
5F0
100
AcDbEntity
  8
0
 62
2
100
AcDbLine
 10
28070.08133721445
 20
-1520.3943667853162
 30
0.0
 11
28077.83453721445
 21
-1520.3943667853162
 31
0.0
  0
MTEXT
  5
5FA
330
5F0
100
AcDbEntity
  8
DIM
 62
7
100
AcDbMText
 10
28073.95793721445
 20
-1515.6443667853162
 30
0.0
 40
3.5
 71
5
  1
7.8
  7
SimSun
  0
POINT
  5
5FB
330
5F0
100
AcDbEntity
  8
Defpoints
100
AcDbPoint
 10
28070.08133721445
 20
-1520.3943667853162
 30
0.0
  0
POINT
  5
5FC
330
5F0
100
AcDbEntity
  8
Defpoints
100
AcDbPoint
 10
28070.08133721445
 20
-1503.2975667853161
 30
0.0
  0
POINT
  5
5FD
330
5F0
100
AcDbEntity
  8
Defpoints
100
AcDbPoint
 10
28077.83453721445
 20
-1503.2975667853161
 30
0.0
  0
ENDBLK
  5
5F2
330
5F0
100
AcDbEntity
  8
0
100
AcDbBlockEnd
  0
BLOCK
  5
600
330
5FF
100
AcDbEntity
  8
0
100
AcDbBlockBegin
  2
*D22
 70
1
 10
0.0
 20
0.0
 30
0.0
  3
*D22
  1

  0
LINE
  5
602
330
5FF
100
AcDbEntity
  8
0
 62
2
100
AcDbLine
 10
28077.83453721445
 20
-1504.2975667853161
 30
0.0
 11
28077.83453721445
 21
-1522.3943667853162
 31
0.0
  0
LINE
  5
603
330
5FF
100
AcDbEntity
  8
0
 62
2
100
AcDbLine
 10
28081.01533721445
 20
-1504.2975667853161
 30
0.0
 11
28081.01533721445
 21
-1522.3943667853162
 31
0.0
  0
INSERT
  5
604
330
5FF
100
AcDbEntity
  8
DIM
 62
2
100
AcDbBlockReference
  2
_ARCHTICK
 10
28077.83453721445
 20
-1520.3943667853162
 30
0.0
 41
2.5
 42
2.5
  0
INSERT
  5
606
330
5FF
100
AcDbEntity
  8
DIM
 62
2
100
AcDbBlockReference
  2
_ARCHTICK
 10
28081.01533721445
 20
-1520.3943667853162
 30
0.0
 41
2.5
 42
2.5
 50
180.0
  0
LINE
  5
608
330
5FF
100
AcDbEntity
  8
0
 62
2
100
AcDbLine
 10
28077.83453721445
 20
-1520.3943667853162
 30
0.0
 11
28081.01533721445
 21
-1520.3943667853162
 31
0.0
  0
MTEXT
  5
609
330
5FF
100
AcDbEntity
  8
DIM
 62
7
100
AcDbMText
 10
28079.424937214448
 20
-1515.6443667853162
 30
0.0
 40
3.5
 71
5
  1
3.2
  7
SimSun
  0
POINT
  5
60A
330
5FF
100
AcDbEntity
  8
Defpoints
100
AcDbPoint
 10
28077.83453721445
 20
-1520.3943667853162
 30
0.0
  0
POINT
  5
60B
330
5FF
100
AcDbEntity
  8
Defpoints
100
AcDbPoint
 10
28077.83453721445
 20
-1503.2975667853161
 30
0.0
  0
POINT
  5
60C
330
5FF
100
AcDbEntity
  8
Defpoints
100
AcDbPoint
 10
28081.01533721445
 20
-1503.2975667853161
 30
0.0
  0
ENDBLK
  5
601
330
5FF
100
AcDbEntity
  8
0
100
AcDbBlockEnd
  0
BLOCK
  5
60F
330
60E
100
AcDbEntity
  8
0
100
AcDbBlockBegin
  2
*D23
 70
1
 10
0.0
 20
0.0
 30
0.0
  3
*D23
  1

  0
LINE
  5
611
330
60E
100
AcDbEntity
  8
0
 62
2
100
AcDbLine
 10
28081.01533721445
 20
-1504.2975667853161
 30
0.0
 11
28081.01533721445
 21
-1522.3943667853162
 31
0.0
  0
LINE
  5
612
330
60E
100
AcDbEntity
  8
0
 62
2
100
AcDbLine
 10
28084.19613721445
 20
-1504.2975667853161
 30
0.0
 11
28084.19613721445
 21
-1522.3943667853162
 31
0.0
  0
INSERT
  5
613
330
60E
100
AcDbEntity
  8
DIM
 62
2
100
AcDbBlockReference
  2
_ARCHTICK
 10
28081.01533721445
 20
-1520.3943667853162
 30
0.0
 41
2.5
 42
2.5
  0
INSERT
  5
615
330
60E
100
AcDbEntity
  8
DIM
 62
2
100
AcDbBlockReference
  2
_ARCHTICK
 10
28084.19613721445
 20
-1520.3943667853162
 30
0.0
 41
2.5
 42
2.5
 50
180.0
  0
LINE
  5
617
330
60E
100
AcDbEntity
  8
0
 62
2
100
AcDbLine
 10
28081.01533721445
 20
-1520.3943667853162
 30
0.0
 11
28084.19613721445
 21
-1520.3943667853162
 31
0.0
  0
MTEXT
  5
618
330
60E
100
AcDbEntity
  8
DIM
 62
7
100
AcDbMText
 10
28082.60573721445
 20
-1515.6443667853162
 30
0.0
 40
3.5
 71
5
  1
3.2
  7
SimSun
  0
POINT
  5
619
330
60E
100
AcDbEntity
  8
Defpoints
100
AcDbPoint
 10
28081.01533721445
 20
-1520.3943667853162
 30
0.0
  0
POINT
  5
61A
330
60E
100
AcDbEntity
  8
Defpoints
100
AcDbPoint
 10
28081.01533721445
 20
-1503.2975667853161
 30
0.0
  0
POINT
  5
61B
330
60E
100
AcDbEntity
  8
Defpoints
100
AcDbPoint
 10
28084.19613721445
 20
-1503.2975667853161
 30
0.0
  0
ENDBLK
  5
610
330
60E
100
AcDbEntity
  8
0
100
AcDbBlockEnd
  0
BLOCK
  5
61E
330
61D
100
AcDbEntity
  8
0
100
AcDbBlockBegin
  2
*D24
 70
1
 10
0.0
 20
0.0
 30
0.0
  3
*D24
  1

  0
LINE
  5
620
330
61D
100
AcDbEntity
  8
0
 62
2
100
AcDbLine
 10
28084.19613721445
 20
-1504.2975667853161
 30
0.0
 11
28084.19613721445
 21
-1522.3943667853162
 31
0.0
  0
LINE
  5
621
330
61D
100
AcDbEntity
  8
0
 62
2
100
AcDbLine
 10
28086.97933721445
 20
-1504.2975667853161
 30
0.0
 11
28086.97933721445
 21
-1522.3943667853162
 31
0.0
  0
INSERT
  5
622
330
61D
100
AcDbEntity
  8
DIM
 62
2
100
AcDbBlockReference
  2
_ARCHTICK
 10
28084.19613721445
 20
-1520.3943667853162
 30
0.0
 41
2.5
 42
2.5
  0
INSERT
  5
624
330
61D
100
AcDbEntity
  8
DIM
 62
2
100
AcDbBlockReference
  2
_ARCHTICK
 10
28086.97933721445
 20
-1520.3943667853162
 30
0.0
 41
2.5
 42
2.5
 50
180.0
  0
LINE
  5
626
330
61D
100
AcDbEntity
  8
0
 62
2
100
AcDbLine
 10
28084.19613721445
 20
-1520.3943667853162
 30
0.0
 11
28086.97933721445
 21
-1520.3943667853162
 31
0.0
  0
MTEXT
  5
627
330
61D
100
AcDbEntity
  8
DIM
 62
7
100
AcDbMText
 10
28085.58773721445
 20
-1515.6443667853162
 30
0.0
 40
3.5
 71
5
  1
2.8
  7
SimSun
  0
POINT
  5
628
330
61D
100
AcDbEntity
  8
Defpoints
100
AcDbPoint
 10
28084.19613721445
 20
-1520.3943667853162
 30
0.0
  0
POINT
  5
629
330
61D
100
AcDbEntity
  8
Defpoints
100
AcDbPoint
 10
28084.19613721445
 20
-1503.2975667853161
 30
0.0
  0
POINT
  5
62A
330
61D
100
AcDbEntity
  8
Defpoints
100
AcDbPoint
 10
28086.97933721445
 20
-1503.2975667853161
 30
0.0
  0
ENDBLK
  5
61F
330
61D
100
AcDbEntity
  8
0
100
AcDbBlockEnd
  0
BLOCK
  5
62D
330
62C
100
AcDbEntity
  8
0
100
AcDbBlockBegin
  2
*D25
 70
1
 10
0.0
 20
0.0
 30
0.0
  3
*D25
  1

  0
LINE
  5
62F
330
62C
100
AcDbEntity
  8
0
 62
2
100
AcDbLine
 10
28086.97933721445
 20
-1504.2975667853161
 30
0.0
 11
28086.97933721445
 21
-1522.3943667853162
 31
0.0
  0
LINE
  5
630
330
62C
100
AcDbEntity
  8
0
 62
2
100
AcDbLine
 10
28089.96133721445
 20
-1504.2975667853161
 30
0.0
 11
28089.96133721445
 21
-1522.3943667853162
 31
0.0
  0
INSERT
  5
631
330
62C
100
AcDbEntity
  8
DIM
 62
2
100
AcDbBlockReference
  2
_ARCHTICK
 10
28086.97933721445
 20
-1520.3943667853162
 30
0.0
 41
2.5
 42
2.5
  0
INSERT
  5
633
330
62C
100
AcDbEntity
  8
DIM
 62
2
100
AcDbBlockReference
  2
_ARCHTICK
 10
28089.96133721445
 20
-1520.3943667853162
 30
0.0
 41
2.5
 42
2.5
 50
180.0
  0
LINE
  5
635
330
62C
100
AcDbEntity
  8
0
 62
2
100
AcDbLine
 10
28086.97933721445
 20
-1520.3943667853162
 30
0.0
 11
28089.96133721445
 21
-1520.3943667853162
 31
0.0
  0
MTEXT
  5
636
330
62C
100
AcDbEntity
  8
DIM
 62
7
100
AcDbMText
 10
28088.47033721445
 20
-1515.6443667853162
 30
0.0
 40
3.5
 71
5
  1
3
  7
SimSun
  0
POINT
  5
637
330
62C
100
AcDbEntity
  8
Defpoints
100
AcDbPoint
 10
28086.97933721445
 20
-1520.3943667853162
 30
0.0
  0
POINT
  5
638
330
62C
100
AcDbEntity
  8
Defpoints
100
AcDbPoint
 10
28086.97933721445
 20
-1503.2975667853161
 30
0.0
  0
POINT
  5
639
330
62C
100
AcDbEntity
  8
Defpoints
100
AcDbPoint
 10
28089.96133721445
 20
-1503.2975667853161
 30
0.0
  0
ENDBLK
  5
62E
330
62C
100
AcDbEntity
  8
0
100
AcDbBlockEnd
  0
BLOCK
  5
63C
330
63B
100
AcDbEntity
  8
0
100
AcDbBlockBegin
  2
*D26
 70
1
 10
0.0
 20
0.0
 30
0.0
  3
*D26
  1

  0
LINE
  5
63E
330
63B
100
AcDbEntity
  8
0
 62
2
100
AcDbLine
 10
28089.96133721445
 20
-1504.2975667853161
 30
0.0
 11
28089.96133721445
 21
-1522.3943667853162
 31
0.0
  0
LINE
  5
63F
330
63B
100
AcDbEntity
  8
0
 62
2
100
AcDbLine
 10
28091.94933721445
 20
-1504.2975667853161
 30
0.0
 11
28091.94933721445
 21
-1522.3943667853162
 31
0.0
  0
INSERT
  5
640
330
63B
100
AcDbEntity
  8
DIM
 62
2
100
AcDbBlockReference
  2
_ARCHTICK
 10
28089.96133721445
 20
-1520.3943667853162
 30
0.0
 41
2.5
 42
2.5
  0
INSERT
  5
642
330
63B
100
AcDbEntity
  8
DIM
 62
2
100
AcDbBlockReference
  2
_ARCHTICK
 10
28091.94933721445
 20
-1520.3943667853162
 30
0.0
 41
2.5
 42
2.5
 50
180.0
  0
LINE
  5
644
330
63B
100
AcDbEntity
  8
0
 62
2
100
AcDbLine
 10
28089.96133721445
 20
-1520.3943667853162
 30
0.0
 11
28091.94933721445
 21
-1520.3943667853162
 31
0.0
  0
MTEXT
  5
645
330
63B
100
AcDbEntity
  8
DIM
 62
7
100
AcDbMText
 10
28090.95533721445
 20
-1515.6443667853162
 30
0.0
 40
3.5
 71
5
  1
2
  7
SimSun
  0
POINT
  5
646
330
63B
100
AcDbEntity
  8
Defpoints
100
AcDbPoint
 10
28089.96133721445
 20
-1520.3943667853162
 30
0.0
  0
POINT
  5
647
330
63B
100
AcDbEntity
  8
Defpoints
100
AcDbPoint
 10
28089.96133721445
 20
-1503.2975667853161
 30
0.0
  0
POINT
  5
648
330
63B
100
AcDbEntity
  8
Defpoints
100
AcDbPoint
 10
28091.94933721445
 20
-1503.2975667853161
 30
0.0
  0
ENDBLK
  5
63D
330
63B
100
AcDbEntity
  8
0
100
AcDbBlockEnd
  0
BLOCK
  5
64B
330
64A
100
AcDbEntity
  8
0
100
AcDbBlockBegin
  2
*D27
 70
1
 10
0.0
 20
0.0
 30
0.0
  3
*D27
  1

  0
LINE
  5
64D
330
64A
100
AcDbEntity
  8
0
 62
2
100
AcDbLine
 10
27994.73013721445
 20
-1503.2975667853161
 30
0.0
 11
27976.63333721445
 21
-1503.2975667853161
 31
0.0
  0
LINE
  5
64E
330
64A
100
AcDbEntity
  8
0
 62
2
100
AcDbLine
 10
27994.73013721445
 20
-1501.3095667853163
 30
0.0
 11
27976.63333721445
 21
-1501.3095667853163
 31
0.0
  0
INSERT
  5
64F
330
64A
100
AcDbEntity
  8
DIM
 62
2
100
AcDbBlockReference
  2
_ARCHTICK
 10
27978.63333721445
 20
-1503.2975667853161
 30
0.0
 41
2.5
 42
2.5
 50
90.0
  0
INSERT
  5
651
330
64A
100
AcDbEntity
  8
DIM
 62
2
100
AcDbBlockReference
  2
_ARCHTICK
 10
27978.63333721445
 20
-1501.3095667853163
 30
0.0
 41
2.5
 42
2.5
 50
270.0
  0
LINE
  5
653
330
64A
100
AcDbEntity
  8
0
 62
2
100
AcDbLine
 10
27978.63333721445
 20
-1503.2975667853161
 30
0.0
 11
27978.63333721445
 21
-1501.3095667853163
 31
0.0
  0
MTEXT
  5
654
330
64A
100
AcDbEntity
  8
DIM
 62
7
100
AcDbMText
 10
27973.88333721445
 20
-1502.3035667853162
 30
0.0
 40
3.5
 71
5
  1
2
  7
SimSun
 50
90.0
  0
POINT
  5
655
330
64A
100
AcDbEntity
  8
Defpoints
100
AcDbPoint
 10
27978.63333721445
 20
-1503.2975667853161
 30
0.0
  0
POINT
  5
656
330
64A
100
AcDbEntity
  8
Defpoints
100
AcDbPoint
 10
27995.73013721445
 20
-1503.2975667853161
 30
0.0
  0
POINT
  5
657
330
64A
100
AcDbEntity
  8
Defpoints
100
AcDbPoint
 10
27995.73013721445
 20
-1501.3095667853163
 30
0.0
  0
ENDBLK
  5
64C
330
64A
100
AcDbEntity
  8
0
100
AcDbBlockEnd
  0
BLOCK
  5
65A
330
659
100
AcDbEntity
  8
0
100
AcDbBlockBegin
  2
*D28
 70
1
 10
0.0
 20
0.0
 30
0.0
  3
*D28
  1

  0
LINE
  5
65C
330
659
100
AcDbEntity
  8
0
 62
2
100
AcDbLine
 10
27994.73013721445
 20
-1501.3095667853163
 30
0.0
 11
27976.63333721445
 21
-1501.3095667853163
 31
0.0
  0
LINE
  5
65D
330
659
100
AcDbEntity
  8
0
 62
2
100
AcDbLine
 10
27994.73013721445
 20
-1500.4746067853162
 30
0.0
 11
27976.63333721445
 21
-1500.4746067853162
 31
0.0
  0
INSERT
  5
65E
330
659
100
AcDbEntity
  8
DIM
 62
2
100
AcDbBlockReference
  2
_ARCHTICK
 10
27978.63333721445
 20
-1501.3095667853163
 30
0.0
 41
2.5
 42
2.5
 50
90.0
  0
INSERT
  5
660
330
659
100
AcDbEntity
  8
DIM
 62
2
100
AcDbBlockReference
  2
_ARCHTICK
 10
27978.63333721445
 20
-1500.4746067853162
 30
0.0
 41
2.5
 42
2.5
 50
270.0
  0
LINE
  5
662
330
659
100
AcDbEntity
  8
0
 62
2
100
AcDbLine
 10
27978.63333721445
 20
-1501.3095667853163
 30
0.0
 11
27978.63333721445
 21
-1500.4746067853162
 31
0.0
  0
MTEXT
  5
663
330
659
100
AcDbEntity
  8
DIM
 62
7
100
AcDbMText
 10
27973.88333721445
 20
-1500.8920867853162
 30
0.0
 40
3.5
 71
5
  1
.8
  7
SimSun
 50
90.0
  0
POINT
  5
664
330
659
100
AcDbEntity
  8
Defpoints
100
AcDbPoint
 10
27978.63333721445
 20
-1501.3095667853163
 30
0.0
  0
POINT
  5
665
330
659
100
AcDbEntity
  8
Defpoints
100
AcDbPoint
 10
27995.73013721445
 20
-1501.3095667853163
 30
0.0
  0
POINT
  5
666
330
659
100
AcDbEntity
  8
Defpoints
100
AcDbPoint
 10
27995.73013721445
 20
-1500.4746067853162
 30
0.0
  0
ENDBLK
  5
65B
330
659
100
AcDbEntity
  8
0
100
AcDbBlockEnd
  0
BLOCK
  5
669
330
668
100
AcDbEntity
  8
0
100
AcDbBlockBegin
  2
*D29
 70
1
 10
0.0
 20
0.0
 30
0.0
  3
*D29
  1

  0
LINE
  5
66B
330
668
100
AcDbEntity
  8
0
 62
2
100
AcDbLine
 10
27994.73013721445
 20
-1500.4746067853162
 30
0.0
 11
27976.63333721445
 21
-1500.4746067853162
 31
0.0
  0
LINE
  5
66C
330
668
100
AcDbEntity
  8
0
 62
2
100
AcDbLine
 10
27994.73013721445
 20
-1496.4190867853163
 30
0.0
 11
27976.63333721445
 21
-1496.4190867853163
 31
0.0
  0
INSERT
  5
66D
330
668
100
AcDbEntity
  8
DIM
 62
2
100
AcDbBlockReference
  2
_ARCHTICK
 10
27978.63333721445
 20
-1500.4746067853162
 30
0.0
 41
2.5
 42
2.5
 50
90.0
  0
INSERT
  5
66F
330
668
100
AcDbEntity
  8
DIM
 62
2
100
AcDbBlockReference
  2
_ARCHTICK
 10
27978.63333721445
 20
-1496.4190867853163
 30
0.0
 41
2.5
 42
2.5
 50
270.0
  0
LINE
  5
671
330
668
100
AcDbEntity
  8
0
 62
2
100
AcDbLine
 10
27978.63333721445
 20
-1500.4746067853162
 30
0.0
 11
27978.63333721445
 21
-1496.4190867853163
 31
0.0
  0
MTEXT
  5
672
330
668
100
AcDbEntity
  8
DIM
 62
7
100
AcDbMText
 10
27973.88333721445
 20
-1498.4468467853162
 30
0.0
 40
3.5
 71
5
  1
4.1
  7
SimSun
 50
90.0
  0
POINT
  5
673
330
668
100
AcDbEntity
  8
Defpoints
100
AcDbPoint
 10
27978.63333721445
 20
-1500.4746067853162
 30
0.0
  0
POINT
  5
674
330
668
100
AcDbEntity
  8
Defpoints
100
AcDbPoint
 10
27995.73013721445
 20
-1500.4746067853162
 30
0.0
  0
POINT
  5
675
330
668
100
AcDbEntity
  8
Defpoints
100
AcDbPoint
 10
27995.73013721445
 20
-1496.4190867853163
 30
0.0
  0
ENDBLK
  5
66A
330
668
100
AcDbEntity
  8
0
100
AcDbBlockEnd
  0
BLOCK
  5
678
330
677
100
AcDbEntity
  8
0
100
AcDbBlockBegin
  2
*D30
 70
1
 10
0.0
 20
0.0
 30
0.0
  3
*D30
  1

  0
LINE
  5
67A
330
677
100
AcDbEntity
  8
0
 62
2
100
AcDbLine
 10
27994.73013721445
 20
-1496.4190867853163
 30
0.0
 11
27976.63333721445
 21
-1496.4190867853163
 31
0.0
  0
LINE
  5
67B
330
677
100
AcDbEntity
  8
0
 62
2
100
AcDbLine
 10
27994.73013721445
 20
-1496.1407667853161
 30
0.0
 11
27976.63333721445
 21
-1496.1407667853161
 31
0.0
  0
INSERT
  5
67C
330
677
100
AcDbEntity
  8
DIM
 62
2
100
AcDbBlockReference
  2
_ARCHTICK
 10
27978.63333721445
 20
-1496.4190867853163
 30
0.0
 41
2.5
 42
2.5
 50
90.0
  0
INSERT
  5
67E
330
677
100
AcDbEntity
  8
DIM
 62
2
100
AcDbBlockReference
  2
_ARCHTICK
 10
27978.63333721445
 20
-1496.1407667853161
 30
0.0
 41
2.5
 42
2.5
 50
270.0
  0
LINE
  5
680
330
677
100
AcDbEntity
  8
0
 62
2
100
AcDbLine
 10
27978.63333721445
 20
-1496.4190867853163
 30
0.0
 11
27978.63333721445
 21
-1496.1407667853161
 31
0.0
  0
MTEXT
  5
681
330
677
100
AcDbEntity
  8
DIM
 62
7
100
AcDbMText
 10
27973.88333721445
 20
-1496.279926785316
 30
0.0
 40
3.5
 71
5
  1
.3
  7
SimSun
 50
90.0
  0
POINT
  5
682
330
677
100
AcDbEntity
  8
Defpoints
100
AcDbPoint
 10
27978.63333721445
 20
-1496.4190867853163
 30
0.0
  0
POINT
  5
683
330
677
100
AcDbEntity
  8
Defpoints
100
AcDbPoint
 10
27995.73013721445
 20
-1496.4190867853163
 30
0.0
  0
POINT
  5
684
330
677
100
AcDbEntity
  8
Defpoints
100
AcDbPoint
 10
27995.73013721445
 20
-1496.1407667853161
 30
0.0
  0
ENDBLK
  5
679
330
677
100
AcDbEntity
  8
0
100
AcDbBlockEnd
  0
BLOCK
  5
687
330
686
100
AcDbEntity
  8
0
100
AcDbBlockBegin
  2
*D31
 70
1
 10
0.0
 20
0.0
 30
0.0
  3
*D31
  1

  0
LINE
  5
689
330
686
100
AcDbEntity
  8
0
 62
2
100
AcDbLine
 10
27994.73013721445
 20
-1496.1407667853161
 30
0.0
 11
27976.63333721445
 21
-1496.1407667853161
 31
0.0
  0
LINE
  5
68A
330
686
100
AcDbEntity
  8
0
 62
2
100
AcDbLine
 10
27994.73013721445
 20
-1495.3058067853162
 30
0.0
 11
27976.63333721445
 21
-1495.3058067853162
 31
0.0
  0
INSERT
  5
68B
330
686
100
AcDbEntity
  8
DIM
 62
2
100
AcDbBlockReference
  2
_ARCHTICK
 10
27978.63333721445
 20
-1496.1407667853161
 30
0.0
 41
2.5
 42
2.5
 50
90.0
  0
INSERT
  5
68D
330
686
100
AcDbEntity
  8
DIM
 62
2
100
AcDbBlockReference
  2
_ARCHTICK
 10
27978.63333721445
 20
-1495.3058067853162
 30
0.0
 41
2.5
 42
2.5
 50
270.0
  0
LINE
  5
68F
330
686
100
AcDbEntity
  8
0
 62
2
100
AcDbLine
 10
27978.63333721445
 20
-1496.1407667853161
 30
0.0
 11
27978.63333721445
 21
-1495.3058067853162
 31
0.0
  0
MTEXT
  5
690
330
686
100
AcDbEntity
  8
DIM
 62
7
100
AcDbMText
 10
27973.88333721445
 20
-1495.7232867853163
 30
0.0
 40
3.5
 71
5
  1
.8
  7
SimSun
 50
90.0
  0
POINT
  5
691
330
686
100
AcDbEntity
  8
Defpoints
100
AcDbPoint
 10
27978.63333721445
 20
-1496.1407667853161
 30
0.0
  0
POINT
  5
692
330
686
100
AcDbEntity
  8
Defpoints
100
AcDbPoint
 10
27995.73013721445
 20
-1496.1407667853161
 30
0.0
  0
POINT
  5
693
330
686
100
AcDbEntity
  8
Defpoints
100
AcDbPoint
 10
27995.73013721445
 20
-1495.3058067853162
 30
0.0
  0
ENDBLK
  5
688
330
686
100
AcDbEntity
  8
0
100
AcDbBlockEnd
  0
BLOCK
  5
696
330
695
100
AcDbEntity
  8
0
100
AcDbBlockBegin
  2
*D32
 70
1
 10
0.0
 20
0.0
 30
0.0
  3
*D32
  1

  0
LINE
  5
698
330
695
100
AcDbEntity
  8
0
 62
2
100
AcDbLine
 10
27994.73013721445
 20
-1495.3058067853162
 30
0.0
 11
27976.63333721445
 21
-1495.3058067853162
 31
0.0
  0
LINE
  5
699
330
695
100
AcDbEntity
  8
0
 62
2
100
AcDbLine
 10
27994.73013721445
 20
-1490.0972467853162
 30
0.0
 11
27976.63333721445
 21
-1490.0972467853162
 31
0.0
  0
INSERT
  5
69A
330
695
100
AcDbEntity
  8
DIM
 62
2
100
AcDbBlockReference
  2
_ARCHTICK
 10
27978.63333721445
 20
-1495.3058067853162
 30
0.0
 41
2.5
 42
2.5
 50
90.0
  0
INSERT
  5
69C
330
695
100
AcDbEntity
  8
DIM
 62
2
100
AcDbBlockReference
  2
_ARCHTICK
 10
27978.63333721445
 20
-1490.0972467853162
 30
0.0
 41
2.5
 42
2.5
 50
270.0
  0
LINE
  5
69E
330
695
100
AcDbEntity
  8
0
 62
2
100
AcDbLine
 10
27978.63333721445
 20
-1495.3058067853162
 30
0.0
 11
27978.63333721445
 21
-1490.0972467853162
 31
0.0
  0
MTEXT
  5
69F
330
695
100
AcDbEntity
  8
DIM
 62
7
100
AcDbMText
 10
27973.88333721445
 20
-1492.7015267853162
 30
0.0
 40
3.5
 71
5
  1
5.2
  7
SimSun
 50
90.0
  0
POINT
  5
6A0
330
695
100
AcDbEntity
  8
Defpoints
100
AcDbPoint
 10
27978.63333721445
 20
-1495.3058067853162
 30
0.0
  0
POINT
  5
6A1
330
695
100
AcDbEntity
  8
Defpoints
100
AcDbPoint
 10
27995.73013721445
 20
-1495.3058067853162
 30
0.0
  0
POINT
  5
6A2
330
695
100
AcDbEntity
  8
Defpoints
100
AcDbPoint
 10
27995.73013721445
 20
-1490.0972467853162
 30
0.0
  0
ENDBLK
  5
697
330
695
100
AcDbEntity
  8
0
100
AcDbBlockEnd
  0
BLOCK
  5
6A5
330
6A4
100
AcDbEntity
  8
0
100
AcDbBlockBegin
  2
*D33
 70
1
 10
0.0
 20
0.0
 30
0.0
  3
*D33
  1

  0
LINE
  5
6A7
330
6A4
100
AcDbEntity
  8
0
 62
2
100
AcDbLine
 10
27994.73013721445
 20
-1490.0972467853162
 30
0.0
 11
27976.63333721445
 21
-1490.0972467853162
 31
0.0
  0
LINE
  5
6A8
330
6A4
100
AcDbEntity
  8
0
 62
2
100
AcDbLine
 10
27994.73013721445
 20
-1470.0979667853162
 30
0.0
 11
27976.63333721445
 21
-1470.0979667853162
 31
0.0
  0
INSERT
  5
6A9
330
6A4
100
AcDbEntity
  8
DIM
 62
2
100
AcDbBlockReference
  2
_ARCHTICK
 10
27978.63333721445
 20
-1490.0972467853162
 30
0.0
 41
2.5
 42
2.5
 50
270.0
  0
INSERT
  5
6AB
330
6A4
100
AcDbEntity
  8
DIM
 62
2
100
AcDbBlockReference
  2
_ARCHTICK
 10
27978.63333721445
 20
-1470.0979667853162
 30
0.0
 41
2.5
 42
2.5
 50
90.0
  0
LINE
  5
6AD
330
6A4
100
AcDbEntity
  8
0
 62
2
100
AcDbLine
 10
27978.63333721445
 20
-1490.0972467853162
 30
0.0
 11
27978.63333721445
 21
-1470.0979667853162
 31
0.0
  0
MTEXT
  5
6AE
330
6A4
100
AcDbEntity
  8
DIM
 62
7
100
AcDbMText
 10
27975.88333721445
 20
-1480.0976067853162
 30
0.0
 40
3.5
 71
5
  1
20
  7
SimSun
 50
90.0
  0
POINT
  5
6AF
330
6A4
100
AcDbEntity
  8
Defpoints
100
AcDbPoint
 10
27978.63333721445
 20
-1490.0972467853162
 30
0.0
  0
POINT
  5
6B0
330
6A4
100
AcDbEntity
  8
Defpoints
100
AcDbPoint
 10
27995.73013721445
 20
-1490.0972467853162
 30
0.0
  0
POINT
  5
6B1
330
6A4
100
AcDbEntity
  8
Defpoints
100
AcDbPoint
 10
27995.73013721445
 20
-1470.0979667853162
 30
0.0
  0
ENDBLK
  5
6A6
330
6A4
100
AcDbEntity
  8
0
100
AcDbBlockEnd
  0
BLOCK
  5
6B4
330
6B3
100
AcDbEntity
  8
0
100
AcDbBlockBegin
  2
*D34
 70
1
 10
0.0
 20
0.0
 30
0.0
  3
*D34
  1

  0
LINE
  5
6B6
330
6B3
100
AcDbEntity
  8
0
 62
2
100
AcDbLine
 10
27994.73013721445
 20
-1470.0979667853162
 30
0.0
 11
27976.63333721445
 21
-1470.0979667853162
 31
0.0
  0
LINE
  5
6B7
330
6B3
100
AcDbEntity
  8
0
 62
2
100
AcDbLine
 10
27994.73013721445
 20
-1467.1159667853162
 30
0.0
 11
27976.63333721445
 21
-1467.1159667853162
 31
0.0
  0
INSERT
  5
6B8
330
6B3
100
AcDbEntity
  8
DIM
 62
2
100
AcDbBlockReference
  2
_ARCHTICK
 10
27978.63333721445
 20
-1470.0979667853162
 30
0.0
 41
2.5
 42
2.5
 50
90.0
  0
INSERT
  5
6BA
330
6B3
100
AcDbEntity
  8
DIM
 62
2
100
AcDbBlockReference
  2
_ARCHTICK
 10
27978.63333721445
 20
-1467.1159667853162
 30
0.0
 41
2.5
 42
2.5
 50
270.0
  0
LINE
  5
6BC
330
6B3
100
AcDbEntity
  8
0
 62
2
100
AcDbLine
 10
27978.63333721445
 20
-1470.0979667853162
 30
0.0
 11
27978.63333721445
 21
-1467.1159667853162
 31
0.0
  0
MTEXT
  5
6BD
330
6B3
100
AcDbEntity
  8
DIM
 62
7
100
AcDbMText
 10
27973.88333721445
 20
-1468.6069667853162
 30
0.0
 40
3.5
 71
5
  1
3
  7
SimSun
 50
90.0
  0
POINT
  5
6BE
330
6B3
100
AcDbEntity
  8
Defpoints
100
AcDbPoint
 10
27978.63333721445
 20
-1470.0979667853162
 30
0.0
  0
POINT
  5
6BF
330
6B3
100
AcDbEntity
  8
Defpoints
100
AcDbPoint
 10
27995.73013721445
 20
-1470.0979667853162
 30
0.0
  0
POINT
  5
6C0
330
6B3
100
AcDbEntity
  8
Defpoints
100
AcDbPoint
 10
27995.73013721445
 20
-1467.1159667853162
 30
0.0
  0
ENDBLK
  5
6B5
330
6B3
100
AcDbEntity
  8
0
100
AcDbBlockEnd
  0
BLOCK
  5
6C3
330
6C2
100
AcDbEntity
  8
0
100
AcDbBlockBegin
  2
*D35
 70
1
 10
0.0
 20
0.0
 30
0.0
  3
*D35
  1

  0
LINE
  5
6C5
330
6C2
100
AcDbEntity
  8
0
 62
2
100
AcDbLine
 10
27994.73013721445
 20
-1467.1159667853162
 30
0.0
 11
27976.63333721445
 21
-1467.1159667853162
 31
0.0
  0
LINE
  5
6C6
330
6C2
100
AcDbEntity
  8
0
 62
2
100
AcDbLine
 10
27994.73013721445
 20
-1452.7228467853163
 30
0.0
 11
27976.63333721445
 21
-1452.7228467853163
 31
0.0
  0
INSERT
  5
6C7
330
6C2
100
AcDbEntity
  8
DIM
 62
2
100
AcDbBlockReference
  2
_ARCHTICK
 10
27978.63333721445
 20
-1467.1159667853162
 30
0.0
 41
2.5
 42
2.5
 50
270.0
  0
INSERT
  5
6C9
330
6C2
100
AcDbEntity
  8
DIM
 62
2
100
AcDbBlockReference
  2
_ARCHTICK
 10
27978.63333721445
 20
-1452.7228467853163
 30
0.0
 41
2.5
 42
2.5
 50
90.0
  0
LINE
  5
6CB
330
6C2
100
AcDbEntity
  8
0
 62
2
100
AcDbLine
 10
27978.63333721445
 20
-1467.1159667853162
 30
0.0
 11
27978.63333721445
 21
-1452.7228467853163
 31
0.0
  0
MTEXT
  5
6CC
330
6C2
100
AcDbEntity
  8
DIM
 62
7
100
AcDbMText
 10
27975.88333721445
 20
-1459.9194067853164
 30
0.0
 40
3.5
 71
5
  1
14.4
  7
SimSun
 50
90.0
  0
POINT
  5
6CD
330
6C2
100
AcDbEntity
  8
Defpoints
100
AcDbPoint
 10
27978.63333721445
 20
-1467.1159667853162
 30
0.0
  0
POINT
  5
6CE
330
6C2
100
AcDbEntity
  8
Defpoints
100
AcDbPoint
 10
27995.73013721445
 20
-1467.1159667853162
 30
0.0
  0
POINT
  5
6CF
330
6C2
100
AcDbEntity
  8
Defpoints
100
AcDbPoint
 10
27995.73013721445
 20
-1452.7228467853163
 30
0.0
  0
ENDBLK
  5
6C4
330
6C2
100
AcDbEntity
  8
0
100
AcDbBlockEnd
  0
BLOCK
  5
6D2
330
6D1
100
AcDbEntity
  8
0
100
AcDbBlockBegin
  2
*D36
 70
1
 10
0.0
 20
0.0
 30
0.0
  3
*D36
  1

  0
LINE
  5
6D4
330
6D1
100
AcDbEntity
  8
0
 62
2
100
AcDbLine
 10
27994.73013721445
 20
-1452.7228467853163
 30
0.0
 11
27976.63333721445
 21
-1452.7228467853163
 31
0.0
  0
LINE
  5
6D5
330
6D1
100
AcDbEntity
  8
0
 62
2
100
AcDbLine
 10
27994.73013721445
 20
-1451.3312467853161
 30
0.0
 11
27976.63333721445
 21
-1451.3312467853161
 31
0.0
  0
INSERT
  5
6D6
330
6D1
100
AcDbEntity
  8
DIM
 62
2
100
AcDbBlockReference
  2
_ARCHTICK
 10
27978.63333721445
 20
-1452.7228467853163
 30
0.0
 41
2.5
 42
2.5
 50
90.0
  0
INSERT
  5
6D8
330
6D1
100
AcDbEntity
  8
DIM
 62
2
100
AcDbBlockReference
  2
_ARCHTICK
 10
27978.63333721445
 20
-1451.3312467853161
 30
0.0
 41
2.5
 42
2.5
 50
270.0
  0
LINE
  5
6DA
330
6D1
100
AcDbEntity
  8
0
 62
2
100
AcDbLine
 10
27978.63333721445
 20
-1452.7228467853163
 30
0.0
 11
27978.63333721445
 21
-1451.3312467853161
 31
0.0
  0
MTEXT
  5
6DB
330
6D1
100
AcDbEntity
  8
DIM
 62
7
100
AcDbMText
 10
27973.88333721445
 20
-1452.027046785316
 30
0.0
 40
3.5
 71
5
  1
1.4
  7
SimSun
 50
90.0
  0
POINT
  5
6DC
330
6D1
100
AcDbEntity
  8
Defpoints
100
AcDbPoint
 10
27978.63333721445
 20
-1452.7228467853163
 30
0.0
  0
POINT
  5
6DD
330
6D1
100
AcDbEntity
  8
Defpoints
100
AcDbPoint
 10
27995.73013721445
 20
-1452.7228467853163
 30
0.0
  0
POINT
  5
6DE
330
6D1
100
AcDbEntity
  8
Defpoints
100
AcDbPoint
 10
27995.73013721445
 20
-1451.3312467853161
 30
0.0
  0
ENDBLK
  5
6D3
330
6D1
100
AcDbEntity
  8
0
100
AcDbBlockEnd
  0
BLOCK
  5
6E1
330
6E0
100
AcDbEntity
  8
0
100
AcDbBlockBegin
  2
*D37
 70
1
 10
0.0
 20
0.0
 30
0.0
  3
*D37
  1

  0
LINE
  5
6E3
330
6E0
100
AcDbEntity
  8
0
 62
2
100
AcDbLine
 10
27994.73013721445
 20
-1451.3312467853161
 30
0.0
 11
27976.63333721445
 21
-1451.3312467853161
 31
0.0
  0
LINE
  5
6E4
330
6E0
100
AcDbEntity
  8
0
 62
2
100
AcDbLine
 10
27994.73013721445
 20
-1451.1324467853162
 30
0.0
 11
27976.63333721445
 21
-1451.1324467853162
 31
0.0
  0
INSERT
  5
6E5
330
6E0
100
AcDbEntity
  8
DIM
 62
2
100
AcDbBlockReference
  2
_ARCHTICK
 10
27978.63333721445
 20
-1451.3312467853161
 30
0.0
 41
2.5
 42
2.5
 50
90.0
  0
INSERT
  5
6E7
330
6E0
100
AcDbEntity
  8
DIM
 62
2
100
AcDbBlockReference
  2
_ARCHTICK
 10
27978.63333721445
 20
-1451.1324467853162
 30
0.0
 41
2.5
 42
2.5
 50
270.0
  0
LINE
  5
6E9
330
6E0
100
AcDbEntity
  8
0
 62
2
100
AcDbLine
 10
27978.63333721445
 20
-1451.3312467853161
 30
0.0
 11
27978.63333721445
 21
-1451.1324467853162
 31
0.0
  0
MTEXT
  5
6EA
330
6E0
100
AcDbEntity
  8
DIM
 62
7
100
AcDbMText
 10
27973.88333721445
 20
-1451.231846785316
 30
0.0
 40
3.5
 71
5
  1
.2
  7
SimSun
 50
90.0
  0
POINT
  5
6EB
330
6E0
100
AcDbEntity
  8
Defpoints
100
AcDbPoint
 10
27978.63333721445
 20
-1451.3312467853161
 30
0.0
  0
POINT
  5
6EC
330
6E0
100
AcDbEntity
  8
Defpoints
100
AcDbPoint
 10
27995.73013721445
 20
-1451.3312467853161
 30
0.0
  0
POINT
  5
6ED
330
6E0
100
AcDbEntity
  8
Defpoints
100
AcDbPoint
 10
27995.73013721445
 20
-1451.1324467853162
 30
0.0
  0
ENDBLK
  5
6E2
330
6E0
100
AcDbEntity
  8
0
100
AcDbBlockEnd
  0
BLOCK
  5
6F0
330
6EF
100
AcDbEntity
  8
0
100
AcDbBlockBegin
  2
*D38
 70
1
 10
0.0
 20
0.0
 30
0.0
  3
*D38
  1

  0
LINE
  5
6F2
330
6EF
100
AcDbEntity
  8
0
 62
2
100
AcDbLine
 10
27994.73013721445
 20
-1451.1324467853162
 30
0.0
 11
27976.63333721445
 21
-1451.1324467853162
 31
0.0
  0
LINE
  5
6F3
330
6EF
100
AcDbEntity
  8
0
 62
2
100
AcDbLine
 10
27994.73013721445
 20
-1449.9396467853162
 30
0.0
 11
27976.63333721445
 21
-1449.9396467853162
 31
0.0
  0
INSERT
  5
6F4
330
6EF
100
AcDbEntity
  8
DIM
 62
2
100
AcDbBlockReference
  2
_ARCHTICK
 10
27978.63333721445
 20
-1451.1324467853162
 30
0.0
 41
2.5
 42
2.5
 50
90.0
  0
INSERT
  5
6F6
330
6EF
100
AcDbEntity
  8
DIM
 62
2
100
AcDbBlockReference
  2
_ARCHTICK
 10
27978.63333721445
 20
-1449.9396467853162
 30
0.0
 41
2.5
 42
2.5
 50
270.0
  0
LINE
  5
6F8
330
6EF
100
AcDbEntity
  8
0
 62
2
100
AcDbLine
 10
27978.63333721445
 20
-1451.1324467853162
 30
0.0
 11
27978.63333721445
 21
-1449.9396467853162
 31
0.0
  0
MTEXT
  5
6F9
330
6EF
100
AcDbEntity
  8
DIM
 62
7
100
AcDbMText
 10
27973.88333721445
 20
-1450.536046785316
 30
0.0
 40
3.5
 71
5
  1
1.2
  7
SimSun
 50
90.0
  0
POINT
  5
6FA
330
6EF
100
AcDbEntity
  8
Defpoints
100
AcDbPoint
 10
27978.63333721445
 20
-1451.1324467853162
 30
0.0
  0
POINT
  5
6FB
330
6EF
100
AcDbEntity
  8
Defpoints
100
AcDbPoint
 10
27995.73013721445
 20
-1451.1324467853162
 30
0.0
  0
POINT
  5
6FC
330
6EF
100
AcDbEntity
  8
Defpoints
100
AcDbPoint
 10
27995.73013721445
 20
-1449.9396467853162
 30
0.0
  0
ENDBLK
  5
6F1
330
6EF
100
AcDbEntity
  8
0
100
AcDbBlockEnd
  0
BLOCK
  5
6FF
330
6FE
100
AcDbEntity
  8
0
100
AcDbBlockBegin
  2
*D39
 70
1
 10
0.0
 20
0.0
 30
0.0
  3
*D39
  1

  0
LINE
  5
701
330
6FE
100
AcDbEntity
  8
0
 62
2
100
AcDbLine
 10
27994.73013721445
 20
-1449.9396467853162
 30
0.0
 11
27976.63333721445
 21
-1449.9396467853162
 31
0.0
  0
LINE
  5
702
330
6FE
100
AcDbEntity
  8
0
 62
2
100
AcDbLine
 10
27994.73013721445
 20
-1447.9516467853161
 30
0.0
 11
27976.63333721445
 21
-1447.9516467853161
 31
0.0
  0
INSERT
  5
703
330
6FE
100
AcDbEntity
  8
DIM
 62
2
100
AcDbBlockReference
  2
_ARCHTICK
 10
27978.63333721445
 20
-1449.9396467853162
 30
0.0
 41
2.5
 42
2.5
 50
90.0
  0
INSERT
  5
705
330
6FE
100
AcDbEntity
  8
DIM
 62
2
100
AcDbBlockReference
  2
_ARCHTICK
 10
27978.63333721445
 20
-1447.9516467853161
 30
0.0
 41
2.5
 42
2.5
 50
270.0
  0
LINE
  5
707
330
6FE
100
AcDbEntity
  8
0
 62
2
100
AcDbLine
 10
27978.63333721445
 20
-1449.9396467853162
 30
0.0
 11
27978.63333721445
 21
-1447.9516467853161
 31
0.0
  0
MTEXT
  5
708
330
6FE
100
AcDbEntity
  8
DIM
 62
7
100
AcDbMText
 10
27973.88333721445
 20
-1448.945646785316
 30
0.0
 40
3.5
 71
5
  1
2
  7
SimSun
 50
90.0
  0
POINT
  5
709
330
6FE
100
AcDbEntity
  8
Defpoints
100
AcDbPoint
 10
27978.63333721445
 20
-1449.9396467853162
 30
0.0
  0
POINT
  5
70A
330
6FE
100
AcDbEntity
  8
Defpoints
100
AcDbPoint
 10
27995.73013721445
 20
-1449.9396467853162
 30
0.0
  0
POINT
  5
70B
330
6FE
100
AcDbEntity
  8
Defpoints
100
AcDbPoint
 10
27995.73013721445
 20
-1447.9516467853161
 30
0.0
  0
ENDBLK
  5
700
330
6FE
100
AcDbEntity
  8
0
100
AcDbBlockEnd
  0
BLOCK
  5
70E
330
70D
100
AcDbEntity
  8
0
100
AcDbBlockBegin
  2
*D40
 70
1
 10
0.0
 20
0.0
 30
0.0
  3
*D40
  1

  0
LINE
  5
710
330
70D
100
AcDbEntity
  8
0
 62
2
100
AcDbLine
 10
28089.96133721445
 20
-1446.9516467853161
 30
0.0
 11
28089.96133721445
 21
-1436.011646785316
 31
0.0
  0
LINE
  5
711
330
70D
100
AcDbEntity
  8
0
 62
2
100
AcDbLine
 10
28091.94933721445
 20
-1446.9516467853161
 30
0.0
 11
28091.94933721445
 21
-1436.011646785316
 31
0.0
  0
INSERT
  5
712
330
70D
100
AcDbEntity
  8
DIM
 62
2
100
AcDbBlockReference
  2
_ARCHTICK
 10
28089.96133721445
 20
-1438.011646785316
 30
0.0
 41
2.5
 42
2.5
  0
INSERT
  5
714
330
70D
100
AcDbEntity
  8
DIM
 62
2
100
AcDbBlockReference
  2
_ARCHTICK
 10
28091.94933721445
 20
-1438.011646785316
 30
0.0
 41
2.5
 42
2.5
 50
180.0
  0
LINE
  5
716
330
70D
100
AcDbEntity
  8
0
 62
2
100
AcDbLine
 10
28089.96133721445
 20
-1438.011646785316
 30
0.0
 11
28091.94933721445
 21
-1438.011646785316
 31
0.0
  0
MTEXT
  5
717
330
70D
100
AcDbEntity
  8
DIM
 62
7
100
AcDbMText
 10
28090.95533721445
 20
-1433.261646785316
 30
0.0
 40
3.5
 71
5
  1
2
  7
SimSun
  0
POINT
  5
718
330
70D
100
AcDbEntity
  8
Defpoints
100
AcDbPoint
 10
28089.96133721445
 20
-1438.011646785316
 30
0.0
  0
POINT
  5
719
330
70D
100
AcDbEntity
  8
Defpoints
100
AcDbPoint
 10
28089.96133721445
 20
-1447.9516467853161
 30
0.0
  0
POINT
  5
71A
330
70D
100
AcDbEntity
  8
Defpoints
100
AcDbPoint
 10
28091.94933721445
 20
-1447.9516467853161
 30
0.0
  0
ENDBLK
  5
70F
330
70D
100
AcDbEntity
  8
0
100
AcDbBlockEnd
  0
BLOCK
  5
71D
330
71C
100
AcDbEntity
  8
0
100
AcDbBlockBegin
  2
*D41
 70
1
 10
0.0
 20
0.0
 30
0.0
  3
*D41
  1

  0
LINE
  5
71F
330
71C
100
AcDbEntity
  8
0
 62
2
100
AcDbLine
 10
28092.94933721445
 20
-1501.3095667853163
 30
0.0
 11
28103.88933721445
 21
-1501.3095667853163
 31
0.0
  0
LINE
  5
720
330
71C
100
AcDbEntity
  8
0
 62
2
100
AcDbLine
 10
28092.94933721445
 20
-1447.9516467853161
 30
0.0
 11
28103.88933721445
 21
-1447.9516467853161
 31
0.0
  0
INSERT
  5
721
330
71C
100
AcDbEntity
  8
DIM
 62
2
100
AcDbBlockReference
  2
_ARCHTICK
 10
28101.88933721445
 20
-1501.3095667853163
 30
0.0
 41
2.5
 42
2.5
 50
270.0
  0
INSERT
  5
723
330
71C
100
AcDbEntity
  8
DIM
 62
2
100
AcDbBlockReference
  2
_ARCHTICK
 10
28101.88933721445
 20
-1447.9516467853161
 30
0.0
 41
2.5
 42
2.5
 50
90.0
  0
LINE
  5
725
330
71C
100
AcDbEntity
  8
0
 62
2
100
AcDbLine
 10
28101.88933721445
 20
-1501.3095667853163
 30
0.0
 11
28101.88933721445
 21
-1447.9516467853161
 31
0.0
  0
MTEXT
  5
726
330
71C
100
AcDbEntity
  8
DIM
 62
7
100
AcDbMText
 10
28099.13933721445
 20
-1474.630606785316
 30
0.0
 40
3.5
 71
5
  1
53.4
  7
SimSun
 50
90.0
  0
POINT
  5
727
330
71C
100
AcDbEntity
  8
Defpoints
100
AcDbPoint
 10
28101.88933721445
 20
-1501.3095667853163
 30
0.0
  0
POINT
  5
728
330
71C
100
AcDbEntity
  8
Defpoints
100
AcDbPoint
 10
28091.94933721445
 20
-1501.3095667853163
 30
0.0
  0
POINT
  5
729
330
71C
100
AcDbEntity
  8
Defpoints
100
AcDbPoint
 10
28091.94933721445
 20
-1447.9516467853161
 30
0.0
  0
ENDBLK
  5
71E
330
71C
100
AcDbEntity
  8
0
100
AcDbBlockEnd
  0
BLOCK
  5
72C
330
72B
100
AcDbEntity
  8
0
100
AcDbBlockBegin
  2
*D42
 70
1
 10
0.0
 20
0.0
 30
0.0
  3
*D42
  1

  0
LINE
  5
72E
330
72B
100
AcDbEntity
  8
0
 62
2
100
AcDbLine
 10
28089.96133721445
 20
-1446.9516467853161
 30
0.0
 11
28089.96133721445
 21
-1428.854846785316
 31
0.0
  0
LINE
  5
72F
330
72B
100
AcDbEntity
  8
0
 62
2
100
AcDbLine
 10
28091.94933721445
 20
-1446.9516467853161
 30
0.0
 11
28091.94933721445
 21
-1428.854846785316
 31
0.0
  0
INSERT
  5
730
330
72B
100
AcDbEntity
  8
DIM
 62
2
100
AcDbBlockReference
  2
_ARCHTICK
 10
28089.96133721445
 20
-1430.854846785316
 30
0.0
 41
2.5
 42
2.5
  0
INSERT
  5
732
330
72B
100
AcDbEntity
  8
DIM
 62
2
100
AcDbBlockReference
  2
_ARCHTICK
 10
28091.94933721445
 20
-1430.854846785316
 30
0.0
 41
2.5
 42
2.5
 50
180.0
  0
LINE
  5
734
330
72B
100
AcDbEntity
  8
0
 62
2
100
AcDbLine
 10
28089.96133721445
 20
-1430.854846785316
 30
0.0
 11
28091.94933721445
 21
-1430.854846785316
 31
0.0
  0
MTEXT
  5
735
330
72B
100
AcDbEntity
  8
DIM
 62
7
100
AcDbMText
 10
28090.95533721445
 20
-1426.104846785316
 30
0.0
 40
3.5
 71
5
  1
2
  7
SimSun
  0
POINT
  5
736
330
72B
100
AcDbEntity
  8
Defpoints
100
AcDbPoint
 10
28089.96133721445
 20
-1430.854846785316
 30
0.0
  0
POINT
  5
737
330
72B
100
AcDbEntity
  8
Defpoints
100
AcDbPoint
 10
28089.96133721445
 20
-1447.9516467853161
 30
0.0
  0
POINT
  5
738
330
72B
100
AcDbEntity
  8
Defpoints
100
AcDbPoint
 10
28091.94933721445
 20
-1447.9516467853161
 30
0.0
  0
ENDBLK
  5
72D
330
72B
100
AcDbEntity
  8
0
100
AcDbBlockEnd
  0
BLOCK
  5
73B
330
73A
100
AcDbEntity
  8
0
100
AcDbBlockBegin
  2
*D43
 70
1
 10
0.0
 20
0.0
 30
0.0
  3
*D43
  1

  0
LINE
  5
73D
330
73A
100
AcDbEntity
  8
0
 62
2
100
AcDbLine
 10
28092.94933721445
 20
-1449.9396467853162
 30
0.0
 11
28111.04613721445
 21
-1449.9396467853162
 31
0.0
  0
LINE
  5
73E
330
73A
100
AcDbEntity
  8
0
 62
2
100
AcDbLine
 10
28092.94933721445
 20
-1447.9516467853161
 30
0.0
 11
28111.04613721445
 21
-1447.9516467853161
 31
0.0
  0
INSERT
  5
73F
330
73A
100
AcDbEntity
  8
DIM
 62
2
100
AcDbBlockReference
  2
_ARCHTICK
 10
28109.04613721445
 20
-1449.9396467853162
 30
0.0
 41
2.5
 42
2.5
 50
90.0
  0
INSERT
  5
741
330
73A
100
AcDbEntity
  8
DIM
 62
2
100
AcDbBlockReference
  2
_ARCHTICK
 10
28109.04613721445
 20
-1447.9516467853161
 30
0.0
 41
2.5
 42
2.5
 50
270.0
  0
LINE
  5
743
330
73A
100
AcDbEntity
  8
0
 62
2
100
AcDbLine
 10
28109.04613721445
 20
-1449.9396467853162
 30
0.0
 11
28109.04613721445
 21
-1447.9516467853161
 31
0.0
  0
MTEXT
  5
744
330
73A
100
AcDbEntity
  8
DIM
 62
7
100
AcDbMText
 10
28104.29613721445
 20
-1448.945646785316
 30
0.0
 40
3.5
 71
5
  1
2
  7
SimSun
 50
90.0
  0
POINT
  5
745
330
73A
100
AcDbEntity
  8
Defpoints
100
AcDbPoint
 10
28109.04613721445
 20
-1449.9396467853162
 30
0.0
  0
POINT
  5
746
330
73A
100
AcDbEntity
  8
Defpoints
100
AcDbPoint
 10
28091.94933721445
 20
-1449.9396467853162
 30
0.0
  0
POINT
  5
747
330
73A
100
AcDbEntity
  8
Defpoints
100
AcDbPoint
 10
28091.94933721445
 20
-1447.9516467853161
 30
0.0
  0
ENDBLK
  5
73C
330
73A
100
AcDbEntity
  8
0
100
AcDbBlockEnd
  0
BLOCK
  5
74A
330
749
100
AcDbEntity
  8
0
100
AcDbBlockBegin
  2
*D44
 70
1
 10
0.0
 20
0.0
 30
0.0
  3
*D44
  1

  0
LINE
  5
74C
330
749
100
AcDbEntity
  8
0
 62
2
100
AcDbLine
 10
28003.70161961445
 20
-1446.9516467853161
 30
0.0
 11
28003.70161961445
 21
-1421.6980467853161
 31
0.0
  0
LINE
  5
74D
330
749
100
AcDbEntity
  8
0
 62
2
100
AcDbLine
 10
28091.94933721445
 20
-1446.9516467853161
 30
0.0
 11
28091.94933721445
 21
-1421.6980467853161
 31
0.0
  0
INSERT
  5
74E
330
749
100
AcDbEntity
  8
DIM
 62
2
100
AcDbBlockReference
  2
_ARCHTICK
 10
28003.70161961445
 20
-1423.6980467853161
 30
0.0
 41
2.5
 42
2.5
 50
180.0
  0
INSERT
  5
750
330
749
100
AcDbEntity
  8
DIM
 62
2
100
AcDbBlockReference
  2
_ARCHTICK
 10
28091.94933721445
 20
-1423.6980467853161
 30
0.0
 41
2.5
 42
2.5
  0
LINE
  5
752
330
749
100
AcDbEntity
  8
0
 62
2
100
AcDbLine
 10
28003.70161961445
 20
-1423.6980467853161
 30
0.0
 11
28091.94933721445
 21
-1423.6980467853161
 31
0.0
  0
MTEXT
  5
753
330
749
100
AcDbEntity
  8
DIM
 62
7
100
AcDbMText
 10
28047.825478414452
 20
-1420.9480467853161
 30
0.0
 40
3.5
 71
5
  1
88.2
  7
SimSun
  0
POINT
  5
754
330
749
100
AcDbEntity
  8
Defpoints
100
AcDbPoint
 10
28003.70161961445
 20
-1423.6980467853161
 30
0.0
  0
POINT
  5
755
330
749
100
AcDbEntity
  8
Defpoints
100
AcDbPoint
 10
28003.70161961445
 20
-1447.9516467853161
 30
0.0
  0
POINT
  5
756
330
749
100
AcDbEntity
  8
Defpoints
100
AcDbPoint
 10
28091.94933721445
 20
-1447.9516467853161
 30
0.0
  0
ENDBLK
  5
74B
330
749
100
AcDbEntity
  8
0
100
AcDbBlockEnd
  0
BLOCK
  5
759
330
758
100
AcDbEntity
  8
0
100
AcDbBlockBegin
  2
*D45
 70
1
 10
0.0
 20
0.0
 30
0.0
  3
*D45
  1

  0
LINE
  5
75B
330
758
100
AcDbEntity
  8
0
 62
2
100
AcDbLine
 10
28092.94933721445
 20
-1501.3095667853163
 30
0.0
 11
28118.20293721445
 21
-1501.3095667853163
 31
0.0
  0
LINE
  5
75C
330
758
100
AcDbEntity
  8
0
 62
2
100
AcDbLine
 10
28092.94933721445
 20
-1447.9516467853161
 30
0.0
 11
28118.20293721445
 21
-1447.9516467853161
 31
0.0
  0
INSERT
  5
75D
330
758
100
AcDbEntity
  8
DIM
 62
2
100
AcDbBlockReference
  2
_ARCHTICK
 10
28116.20293721445
 20
-1501.3095667853163
 30
0.0
 41
2.5
 42
2.5
 50
270.0
  0
INSERT
  5
75F
330
758
100
AcDbEntity
  8
DIM
 62
2
100
AcDbBlockReference
  2
_ARCHTICK
 10
28116.20293721445
 20
-1447.9516467853161
 30
0.0
 41
2.5
 42
2.5
 50
90.0
  0
LINE
  5
761
330
758
100
AcDbEntity
  8
0
 62
2
100
AcDbLine
 10
28116.20293721445
 20
-1501.3095667853163
 30
0.0
 11
28116.20293721445
 21
-1447.9516467853161
 31
0.0
  0
MTEXT
  5
762
330
758
100
AcDbEntity
  8
DIM
 62
7
100
AcDbMText
 10
28113.45293721445
 20
-1474.630606785316
 30
0.0
 40
3.5
 71
5
  1
53.4
  7
SimSun
 50
90.0
  0
POINT
  5
763
330
758
100
AcDbEntity
  8
Defpoints
100
AcDbPoint
 10
28116.20293721445
 20
-1501.3095667853163
 30
0.0
  0
POINT
  5
764
330
758
100
AcDbEntity
  8
Defpoints
100
AcDbPoint
 10
28091.94933721445
 20
-1501.3095667853163
 30
0.0
  0
POINT
  5
765
330
758
100
AcDbEntity
  8
Defpoints
100
AcDbPoint
 10
28091.94933721445
 20
-1447.9516467853161
 30
0.0
  0
ENDBLK
  5
75A
330
758
100
AcDbEntity
  8
0
100
AcDbBlockEnd
  0
BLOCK
  5
768
330
767
100
AcDbEntity
  8
0
100
AcDbBlockBegin
  2
*D46
 70
1
 10
0.0
 20
0.0
 30
0.0
  3
*D46
  1

  0
LINE
  5
76A
330
767
100
AcDbEntity
  8
0
 62
2
100
AcDbLine
 10
27997.71813721445
 20
-1446.9516467853161
 30
0.0
 11
27997.71813721445
 21
-1414.5412467853162
 31
0.0
  0
LINE
  5
76B
330
767
100
AcDbEntity
  8
0
 62
2
100
AcDbLine
 10
28091.94933721445
 20
-1446.9516467853161
 30
0.0
 11
28091.94933721445
 21
-1414.5412467853162
 31
0.0
  0
INSERT
  5
76C
330
767
100
AcDbEntity
  8
DIM
 62
2
100
AcDbBlockReference
  2
_ARCHTICK
 10
27997.71813721445
 20
-1416.5412467853162
 30
0.0
 41
2.5
 42
2.5
 50
180.0
  0
INSERT
  5
76E
330
767
100
AcDbEntity
  8
DIM
 62
2
100
AcDbBlockReference
  2
_ARCHTICK
 10
28091.94933721445
 20
-1416.5412467853162
 30
0.0
 41
2.5
 42
2.5
  0
LINE
  5
770
330
767
100
AcDbEntity
  8
0
 62
2
100
AcDbLine
 10
27997.71813721445
 20
-1416.5412467853162
 30
0.0
 11
28091.94933721445
 21
-1416.5412467853162
 31
0.0
  0
MTEXT
  5
771
330
767
100
AcDbEntity
  8
DIM
 62
7
100
AcDbMText
 10
28044.833737214452
 20
-1413.7912467853162
 30
0.0
 40
3.5
 71
5
  1
94.2
  7
SimSun
  0
POINT
  5
772
330
767
100
AcDbEntity
  8
Defpoints
100
AcDbPoint
 10
27997.71813721445
 20
-1416.5412467853162
 30
0.0
  0
POINT
  5
773
330
767
100
AcDbEntity
  8
Defpoints
100
AcDbPoint
 10
27997.71813721445
 20
-1447.9516467853161
 30
0.0
  0
POINT
  5
774
330
767
100
AcDbEntity
  8
Defpoints
100
AcDbPoint
 10
28091.94933721445
 20
-1447.9516467853161
 30
0.0
  0
ENDBLK
  5
769
330
767
100
AcDbEntity
  8
0
100
AcDbBlockEnd
  0
BLOCK
  5
777
330
776
100
AcDbEntity
  8
0
100
AcDbBlockBegin
  2
*D47
 70
1
 10
0.0
 20
0.0
 30
0.0
  3
*D47
  1

  0
LINE
  5
779
330
776
100
AcDbEntity
  8
0
 62
2
100
AcDbLine
 10
28092.94933721445
 20
-1495.3256867853163
 30
0.0
 11
28125.35973721445
 21
-1495.3256867853163
 31
0.0
  0
LINE
  5
77A
330
776
100
AcDbEntity
  8
0
 62
2
100
AcDbLine
 10
28092.94933721445
 20
-1447.9516467853161
 30
0.0
 11
28125.35973721445
 21
-1447.9516467853161
 31
0.0
  0
INSERT
  5
77B
330
776
100
AcDbEntity
  8
DIM
 62
2
100
AcDbBlockReference
  2
_ARCHTICK
 10
28123.35973721445
 20
-1495.3256867853163
 30
0.0
 41
2.5
 42
2.5
 50
270.0
  0
INSERT
  5
77D
330
776
100
AcDbEntity
  8
DIM
 62
2
100
AcDbBlockReference
  2
_ARCHTICK
 10
28123.35973721445
 20
-1447.9516467853161
 30
0.0
 41
2.5
 42
2.5
 50
90.0
  0
LINE
  5
77F
330
776
100
AcDbEntity
  8
0
 62
2
100
AcDbLine
 10
28123.35973721445
 20
-1495.3256867853163
 30
0.0
 11
28123.35973721445
 21
-1447.9516467853161
 31
0.0
  0
MTEXT
  5
780
330
776
100
AcDbEntity
  8
DIM
 62
7
100
AcDbMText
 10
28120.60973721445
 20
-1471.6386667853162
 30
0.0
 40
3.5
 71
5
  1
47.4
  7
SimSun
 50
90.0
  0
POINT
  5
781
330
776
100
AcDbEntity
  8
Defpoints
100
AcDbPoint
 10
28123.35973721445
 20
-1495.3256867853163
 30
0.0
  0
POINT
  5
782
330
776
100
AcDbEntity
  8
Defpoints
100
AcDbPoint
 10
28091.94933721445
 20
-1495.3256867853163
 30
0.0
  0
POINT
  5
783
330
776
100
AcDbEntity
  8
Defpoints
100
AcDbPoint
 10
28091.94933721445
 20
-1447.9516467853161
 30
0.0
  0
ENDBLK
  5
778
330
776
100
AcDbEntity
  8
0
100
AcDbBlockEnd
  0
BLOCK
  5
786
330
785
100
AcDbEntity
  8
0
100
AcDbBlockBegin
  2
*D48
 70
1
 10
0.0
 20
0.0
 30
0.0
  3
*D48
  1

  0
INSERT
  5
788
330
785
100
AcDbEntity
  8
DIM
 62
2
100
AcDbBlockReference
  2
_ARCHTICK
 10
28070.50305569875
 20
-1450.9095283010165
 30
0.0
 41
2.5
 42
2.5
 50
224.9999999999691
  0
LINE
  5
78A
330
785
100
AcDbEntity
  8
0
 62
2
100
AcDbLine
 10
28070.08133721445
 20
-1451.3312467853161
 30
0.0
 11
28070.50305569875
 21
-1450.9095283010165
 31
0.0
  0
LINE
  5
78B
330
785
100
AcDbEntity
  8
0
 62
2
100
AcDbLine
 10
28070.50305569875
 20
-1450.9095283010165
 30
0.0
 11
28078.634783682402
 21
-1442.7778003173755
 31
0.0
  0
MTEXT
  5
78C
330
785
100
AcDbEntity
  8
DIM
 62
7
100
AcDbMText
 10
28074.74569638588
 20
-1442.7778003173735
 30
0.0
 40
3.5
 71
5
  1
R.6
  7
SimSun
 50
44.99999999996911
  0
POINT
  5
78D
330
785
100
AcDbEntity
  8
Defpoints
100
AcDbPoint
 10
28070.08133721445
 20
-1451.3312467853161
 30
0.0
  0
POINT
  5
78E
330
785
100
AcDbEntity
  8
Defpoints
100
AcDbPoint
 10
28070.50305569875
 20
-1450.9095283010165
 30
0.0
  0
ENDBLK
  5
787
330
785
100
AcDbEntity
  8
0
100
AcDbBlockEnd
  0
BLOCK
  5
791
330
790
100
AcDbEntity
  8
0
100
AcDbBlockBegin
  2
*D49
 70
1
 10
0.0
 20
0.0
 30
0.0
  3
*D49
  1

  0
INSERT
  5
793
330
790
100
AcDbEntity
  8
DIM
 62
2
100
AcDbBlockReference
  2
_ARCHTICK
 10
28001.46122852685
 20
-1495.5784754729166
 30
0.0
 41
2.5
 42
2.5
 50
225.00000000003476
  0
LINE
  5
795
330
790
100
AcDbEntity
  8
0
 62
2
100
AcDbLine
 10
28000.89893721445
 20
-1496.1407667853161
 30
0.0
 11
28001.46122852685
 21
-1495.5784754729166
 31
0.0
  0
LINE
  5
796
330
790
100
AcDbEntity
  8
0
 62
2
100
AcDbLine
 10
28001.46122852685
 20
-1495.5784754729166
 30
0.0
 11
28009.59295651049
 21
-1487.4467474892663
 31
0.0
  0
MTEXT
  5
797
330
790
100
AcDbEntity
  8
DIM
 62
7
100
AcDbMText
 10
28005.703869213965
 20
-1487.4467474892688
 30
0.0
 40
3.5
 71
5
  1
R.8
  7
SimSun
 50
45.00000000003476
  0
POINT
  5
798
330
790
100
AcDbEntity
  8
Defpoints
100
AcDbPoint
 10
28000.89893721445
 20
-1496.1407667853161
 30
0.0
  0
POINT
  5
799
330
790
100
AcDbEntity
  8
Defpoints
100
AcDbPoint
 10
28001.46122852685
 20
-1495.5784754729166
 30
0.0
  0
ENDBLK
  5
792
330
790
100
AcDbEntity
  8
0
100
AcDbBlockEnd
  0
BLOCK
  5
79C
330
79B
100
AcDbEntity
  8
0
100
AcDbBlockBegin
  2
*D50
 70
1
 10
0.0
 20
0.0
 30
0.0
  3
*D50
  1

  0
INSERT
  5
79E
330
79B
100
AcDbEntity
  8
DIM
 62
2
100
AcDbBlockReference
  2
_ARCHTICK
 10
27998.42100135495
 20
-1494.6228226448168
 30
0.0
 41
2.5
 42
2.5
 50
225.00000000007415
  0
LINE
  5
7A0
330
79B
100
AcDbEntity
  8
0
 62
2
100
AcDbLine
 10
27997.71813721445
 20
-1495.3256867853163
 30
0.0
 11
27998.42100135495
 21
-1494.6228226448168
 31
0.0
  0
LINE
  5
7A1
330
79B
100
AcDbEntity
  8
0
 62
2
100
AcDbLine
 10
27998.42100135495
 20
-1494.6228226448168
 30
0.0
 11
28004.077855604435
 21
-1488.965968395317
 31
0.0
  0
MTEXT
  5
7A2
330
79B
100
AcDbEntity
  8
DIM
 62
7
100
AcDbMText
 10
28001.426205174987
 20
-1487.7285315282443
 30
0.0
 40
3.5
 71
5
  1
R1
  7
SimSun
 50
45.000000000074145
  0
POINT
  5
7A3
330
79B
100
AcDbEntity
  8
Defpoints
100
AcDbPoint
 10
27997.71813721445
 20
-1495.3256867853163
 30
0.0
  0
POINT
  5
7A4
330
79B
100
AcDbEntity
  8
Defpoints
100
AcDbPoint
 10
27998.42100135495
 20
-1494.6228226448168
 30
0.0
  0
ENDBLK
  5
79D
330
79B
100
AcDbEntity
  8
0
100
AcDbBlockEnd
  0
BLOCK
  5
7A7
330
7A6
100
AcDbEntity
  8
0
100
AcDbBlockBegin
  2
*D51
 70
1
 10
0.0
 20
0.0
 30
0.0
  3
*D51
  1

  0
INSERT
  5
7A9
330
7A6
100
AcDbEntity
  8
DIM
 62
2
100
AcDbBlockReference
  2
_ARCHTICK
 10
28063.171574183052
 20
-1451.879409816717
 30
0.0
 41
2.5
 42
2.5
 50
224.9999999999691
  0
LINE
  5
7AB
330
7A6
100
AcDbEntity
  8
0
 62
2
100
AcDbLine
 10
28062.328137214452
 20
-1452.7228467853163
 30
0.0
 11
28063.171574183052
 21
-1451.879409816717
 31
0.0
  0
LINE
  5
7AC
330
7A6
100
AcDbEntity
  8
0
 62
2
100
AcDbLine
 10
28063.171574183052
 20
-1451.879409816717
 30
0.0
 11
28073.778175900858
 21
-1441.2728080989245
 31
0.0
  0
MTEXT
  5
7AD
330
7A6
100
AcDbEntity
  8
DIM
 62
7
100
AcDbMText
 10
28068.651651737255
 20
-1442.5102449659983
 30
0.0
 40
3.5
 71
5
  1
R1.2
  7
SimSun
 50
44.99999999996911
  0
POINT
  5
7AE
330
7A6
100
AcDbEntity
  8
Defpoints
100
AcDbPoint
 10
28062.328137214452
 20
-1452.7228467853163
 30
0.0
  0
POINT
  5
7AF
330
7A6
100
AcDbEntity
  8
Defpoints
100
AcDbPoint
 10
28063.171574183052
 20
-1451.879409816717
 30
0.0
  0
ENDBLK
  5
7A8
330
7A6
100
AcDbEntity
  8
0
100
AcDbBlockEnd
  0
ENDSEC
  0
SECTION
  2
ENTITIES
  0
MTEXT
  5
9A
330
17
100
AcDbEntity
  8
注释
100
AcDbMText
 10
5503.255477708279
 20
122.3924342672972
 30
0.0
 40
2.5
 41
0.0
 71
9
  1

  7
汉字专用
  0
LINE
  5
9B
330
17
100
AcDbEntity
  8
图框
 62
7
370
9
100
AcDbLine
 10
28159.81778716661
 20
-2120.342448428944
 30
0.0
 11
28156.54866290478
 21
-2126.880696952583
 31
0.0
  0
LINE
  5
9C
330
17
100
AcDbEntity
  8
图框
 62
7
370
9
100
AcDbLine
 10
28153.27953864299
 20
-2120.342448428944
 30
0.0
 11
28159.81778716661
 21
-2120.342448428944
 31
0.0
  0
LINE
  5
9D
330
17
100
AcDbEntity
  8
图框
 62
7
370
9
100
AcDbLine
 10
28091.16617766839
 20
-2130.149821214402
 30
0.0
 11
28221.93114814117
 21
-2130.149821214402
 31
0.0
  0
LINE
  5
9E
330
17
100
AcDbEntity
  8
图框
 62
7
370
9
100
AcDbLine
 10
28679.60854479589
 20
-1399.173636271631
 30
0.0
 11
27632.181131309
 21
-1399.173636271631
 31
0.0
  0
LINE
  5
9F
330
17
100
AcDbEntity
  8
图框
 62
7
370
9
100
AcDbLine
 10
27632.181131309
 20
-2123.611572690763
 30
0.0
 11
28679.60854479589
 21
-2123.611572690763
 31
0.0
  0
LINE
  5
A0
330
17
100
AcDbEntity
  8
图框
 62
7
370
9
100
AcDbLine
 10
27635.45025557082
 20
-1764.661728743017
 30
0.0
 11
27628.91200704716
 21
-1761.392604481196
 31
0.0
  0
LINE
  5
A1
330
17
100
AcDbEntity
  8
图框
 62
7
370
9
100
AcDbLine
 10
27635.45025557082
 20
-1758.123480219378
 30
0.0
 11
27635.45025557082
 21
-1764.661728743017
 31
0.0
  0
LINE
  5
A2
330
17
100
AcDbEntity
  8
图框
 62
7
370
9
100
AcDbLine
 10
27632.181131309
 20
-1399.173636271631
 30
0.0
 11
27632.181131309
 21
-2123.611572690763
 31
0.0
  0
LINE
  5
A3
330
17
100
AcDbEntity
  8
图框
 62
7
370
9
100
AcDbLine
 10
27606.02813721445
 20
-2149.764566785316
 30
0.0
 11
27619.10463426172
 21
-2149.764566785316
 31
0.0
  0
LINE
  5
A4
330
17
100
AcDbEntity
  8
图框
 62
7
370
9
100
AcDbLine
 10
27606.02813721445
 20
-2149.764566785316
 30
0.0
 11
27606.02813721445
 21
-2136.68806973804
 31
0.0
  0
TEXT
  5
A5
330
17
100
AcDbEntity
  8
图框
 62
7
370
9
100
AcDbText
 10
27626.27538726209
 20
-2080.949501074022
 30
0.0
 40
5.230598818910699
  1
H
  7
ISO Proportional
 72
4
 11
27628.91200704716
 21
-2078.334201664567
 31
0.0
100
AcDbText
  0
LINE
  5
A6
330
17
100
AcDbEntity
  8
图框
 62
7
370
9
100
AcDbLine
 10
27625.64288278536
 20
-2033.056830638372
 30
0.0
 11
27632.181131309
 21
-2033.056830638372
 31
0.0
  0
TEXT
  5
A7
330
17
100
AcDbEntity
  8
图框
 62
7
370
9
100
AcDbText
 10
27664.17590832358
 20
-2129.552850697026
 30
0.0
 40
5.230598818910699
  1
1
  7
ISO Proportional
 72
4
 11
27666.18002363191
 21
-2126.880696952583
 31
0.0
100
AcDbText
  0
LINE
  5
A8
330
17
100
AcDbEntity
  8
图框
 62
7
370
9
100
AcDbLine
 10
27698.87126625011
 20
-2130.149821214402
 30
0.0
 11
27698.87126625011
 21
-2123.611572690763
 31
0.0
  0
TEXT
  5
A9
330
17
100
AcDbEntity
  8
图框
 62
7
370
9
100
AcDbText
 10
27729.55839355997
 20
-2129.538637113279
 30
0.0
 40
5.230598818910699
  1
2
  7
ISO Proportional
 72
4
 11
27731.5625088683
 21
-2126.880696952583
 31
0.0
100
AcDbText
  0
LINE
  5
AA
330
17
100
AcDbEntity
  8
图框
 62
7
370
9
100
AcDbLine
 10
27764.2537514865
 20
-2130.149821214402
 30
0.0
 11
27764.2537514865
 21
-2123.611572690763
 31
0.0
  0
TEXT
  5
AB
330
17
100
AcDbEntity
  8
图框
 62
7
370
9
100
AcDbText
 10
27794.94087879636
 20
-2129.49421966407
 30
0.0
 40
5.230598818910699
  1
3
  7
ISO Proportional
 72
4
 11
27796.94499410469
 21
-2126.880696952583
 31
0.0
100
AcDbText
  0
TEXT
  5
AC
330
17
100
AcDbEntity
  8
图框
 62
7
370
9
100
AcDbText
 10
27626.3588920666
 20
-1990.392982323661
 30
0.0
 40
5.230598818910699
  1
G
  7
ISO Proportional
 72
4
 11
27628.91200704716
 21
-1987.779459612175
 31
0.0
100
AcDbText
  0
LINE
  5
AD
330
17
100
AcDbEntity
  8
图框
 62
7
370
9
100
AcDbLine
 10
27625.64288278536
 20
-1942.50208858598
 30
0.0
 11
27632.181131309
 21
-1942.50208858598
 31
0.0
  0
TEXT
  5
AE
330
17
100
AcDbEntity
  8
图框
 62
7
370
9
100
AcDbText
 10
27627.09799842145
 20
-1899.840016969241
 30
0.0
 40
5.230598818910699
  1
F
  7
ISO Proportional
 72
4
 11
27628.91200704716
 21
-1897.224717559786
 31
0.0
100
AcDbText
  0
LINE
  5
AF
330
17
100
AcDbEntity
  8
图框
 62
7
370
9
100
AcDbLine
 10
27625.64288278536
 20
-1851.947346533588
 30
0.0
 11
27632.181131309
 21
-1851.947346533588
 31
0.0
  0
TEXT
  5
B0
330
17
100
AcDbEntity
  8
图框
 62
7
370
9
100
AcDbText
 10
27627.03048389865
 20
-1809.285274916848
 30
0.0
 40
5.230598818910699
  1
E
  7
ISO Proportional
 72
4
 11
27628.91200704716
 21
-1806.669975507393
 31
0.0
100
AcDbText
  0
LINE
  5
B1
330
17
100
AcDbEntity
  8
图框
 62
7
370
9
100
AcDbLine
 10
27829.63623672289
 20
-2130.149821214402
 30
0.0
 11
27829.63623672289
 21
-2123.611572690763
 31
0.0
  0
TEXT
  5
B2
330
17
100
AcDbEntity
  8
图框
 62
7
370
9
100
AcDbText
 10
27860.32336403275
 20
-2129.495996362038
 30
0.0
 40
5.230598818910699
  1
4
  7
ISO Proportional
 72
4
 11
27862.32747934108
 21
-2126.880696952583
 31
0.0
100
AcDbText
  0
LINE
  5
B3
330
17
100
AcDbEntity
  8
图框
 62
7
370
9
100
AcDbLine
 10
27895.01872195928
 20
-2130.149821214402
 30
0.0
 11
27895.01872195928
 21
-2123.611572690763
 31
0.0
  0
TEXT
  5
B4
330
17
100
AcDbEntity
  8
图框
 62
7
370
9
100
AcDbText
 10
27925.70584926914
 20
-2129.451578912829
 30
0.0
 40
5.230598818910699
  1
5
  7
ISO Proportional
 72
4
 11
27927.70996457747
 21
-2126.880696952583
 31
0.0
100
AcDbText
  0
LINE
  5
B5
330
17
100
AcDbEntity
  8
图框
 62
7
370
9
100
AcDbLine
 10
27960.40120719563
 20
-2130.149821214402
 30
0.0
 11
27960.40120719563
 21
-2123.611572690763
 31
0.0
  0
TEXT
  5
B6
330
17
100
AcDbEntity
  8
图框
 62
7
370
9
100
AcDbText
 10
27991.08833450549
 20
-2129.49421966407
 30
0.0
 40
5.230598818910699
  1
6
  7
ISO Proportional
 72
4
 11
27993.09244981383
 21
-2126.880696952583
 31
0.0
100
AcDbText
  0
LINE
  5
B7
330
17
100
AcDbEntity
  8
图框
 62
7
370
9
100
AcDbLine
 10
28025.78369243202
 20
-2130.149821214402
 30
0.0
 11
28025.78369243202
 21
-2123.611572690763
 31
0.0
  0
TEXT
  5
B8
330
17
100
AcDbEntity
  8
图框
 62
7
370
9
100
AcDbText
 10
28056.47081974188
 20
-2129.495996362038
 30
0.0
 40
5.230598818910699
  1
7
  7
ISO Proportional
 72
4
 11
28058.47493505022
 21
-2126.880696952583
 31
0.0
100
AcDbText
  0
LINE
  5
B9
330
17
100
AcDbEntity
  8
图框
 62
7
370
9
100
AcDbLine
 10
28091.16617766839
 20
-2130.149821214402
 30
0.0
 11
28091.16617766839
 21
-2123.611572690763
 31
0.0
  0
LINE
  5
BA
330
17
100
AcDbEntity
  8
图框
 62
7
370
9
100
AcDbLine
 10
28104.24267471569
 20
-2130.149821214402
 30
0.0
 11
28104.24267471569
 21
-2123.611572690763
 31
0.0
  0
LINE
  5
BB
330
17
100
AcDbEntity
  8
图框
 62
7
370
9
100
AcDbLine
 10
28130.39566881023
 20
-2130.149821214402
 30
0.0
 11
28130.39566881023
 21
-2123.611572690763
 31
0.0
  0
LINE
  5
BC
330
17
100
AcDbEntity
  8
图框
 62
7
370
9
100
AcDbLine
 10
28117.31917176297
 20
-2130.149821214402
 30
0.0
 11
28117.31917176297
 21
-2123.611572690763
 31
0.0
  0
LINE
  5
BD
330
17
100
AcDbEntity
  8
图框
 62
7
370
9
100
AcDbLine
 10
28156.54866290478
 20
-2126.880696952583
 30
0.0
 11
28153.27953864299
 21
-2120.342448428944
 31
0.0
  0
LINE
  5
BE
330
17
100
AcDbEntity
  8
图框
 62
7
370
9
100
AcDbLine
 10
28156.54866290478
 20
-2123.611572690763
 30
0.0
 11
28156.54866290478
 21
-2117.073324167125
 31
0.0
  0
LINE
  5
BF
330
17
100
AcDbEntity
  8
图框
 62
7
370
9
100
AcDbLine
 10
28143.47216585752
 20
-2130.149821214402
 30
0.0
 11
28143.47216585752
 21
-2123.611572690763
 31
0.0
  0
LINE
  5
C0
330
17
100
AcDbEntity
  8
图框
 62
7
370
9
100
AcDbLine
 10
28156.54866290478
 20
-2123.611572690763
 30
0.0
 11
28156.54866290478
 21
-2130.149821214402
 31
0.0
  0
LINE
  5
C1
330
17
100
AcDbEntity
  8
图框
 62
7
370
9
100
AcDbLine
 10
27628.91200704716
 20
-1761.392604481196
 30
0.0
 11
27635.45025557082
 21
-1758.123480219378
 31
0.0
  0
LINE
  5
C2
330
17
100
AcDbEntity
  8
图框
 62
7
370
9
100
AcDbLine
 10
27625.64288278536
 20
-1761.392604481196
 30
0.0
 11
27638.71937983264
 21
-1761.392604481196
 31
0.0
  0
TEXT
  5
C3
330
17
100
AcDbEntity
  8
图框
 62
7
370
9
100
AcDbText
 10
27626.30203773161
 20
-1718.730532864457
 30
0.0
 40
5.230598818910699
  1
D
  7
ISO Proportional
 72
4
 11
27628.91200704716
 21
-1716.115233455002
 31
0.0
100
AcDbText
  0
LINE
  5
C4
330
17
100
AcDbEntity
  8
图框
 62
7
370
9
100
AcDbLine
 10
27625.64288278536
 20
-1670.837862428805
 30
0.0
 11
27632.181131309
 21
-1670.837862428805
 31
0.0
  0
TEXT
  5
C5
330
17
100
AcDbEntity
  8
图框
 62
7
370
9
100
AcDbText
 10
27626.60229968827
 20
-1628.174014114097
 30
0.0
 40
5.230598818910699
  1
C
  7
ISO Proportional
 72
4
 11
27628.91200704716
 21
-1625.560491402611
 31
0.0
100
AcDbText
  0
LINE
  5
C6
330
17
100
AcDbEntity
  8
图框
 62
7
370
9
100
AcDbLine
 10
27625.64288278536
 20
-1580.283120376413
 30
0.0
 11
27632.181131309
 21
-1580.283120376413
 31
0.0
  0
TEXT
  5
C7
330
17
100
AcDbEntity
  8
图框
 62
7
370
9
100
AcDbText
 10
27626.78885297495
 20
-1537.621048759674
 30
0.0
 40
5.230598818910699
  1
B
  7
ISO Proportional
 72
4
 11
27628.91200704716
 21
-1535.005749350219
 31
0.0
100
AcDbText
  0
LINE
  5
C8
330
17
100
AcDbEntity
  8
图框
 62
7
370
9
100
AcDbLine
 10
27625.64288278536
 20
-1489.728378324021
 30
0.0
 11
27632.181131309
 21
-1489.728378324021
 31
0.0
  0
TEXT
  5
C9
330
17
100
AcDbEntity
  8
图框
 62
7
370
9
100
AcDbText
 10
27626.51701818579
 20
-1447.066306707282
 30
0.0
 40
5.230598818910699
  1
A
  7
ISO Proportional
 72
4
 11
27628.91200704716
 21
-1444.451007297826
 31
0.0
100
AcDbText
  0
LINE
  5
CA
330
17
100
AcDbEntity
  8
图框
 62
7
370
9
100
AcDbLine
 10
27619.10463426172
 20
-1373.020642177077
 30
0.0
 11
27606.02813721445
 21
-1373.020642177077
 31
0.0
  0
LINE
  5
CB
330
17
100
AcDbEntity
  8
图框
 62
7
370
9
100
AcDbLine
 10
27606.02813721445
 20
-1373.020642177077
 30
0.0
 11
27606.02813721445
 21
-1386.097139224354
 31
0.0
  0
TEXT
  5
CC
330
17
100
AcDbEntity
  8
图框
 62
7
370
9
100
AcDbText
 10
27794.94087879636
 20
-1398.518034721299
 30
0.0
 40
5.230598818910699
  1
3
  7
ISO Proportional
 72
4
 11
27796.94499410469
 21
-1395.904512009812
 31
0.0
100
AcDbText
  0
TEXT
  5
CD
330
17
100
AcDbEntity
  8
图框
 62
7
370
9
100
AcDbText
 10
27664.17590832358
 20
-1398.576665754255
 30
0.0
 40
5.230598818910699
  1
1
  7
ISO Proportional
 72
4
 11
27666.18002363191
 21
-1395.904512009812
 31
0.0
100
AcDbText
  0
TEXT
  5
CE
330
17
100
AcDbEntity
  8
图框
 62
7
370
9
100
AcDbText
 10
27729.55839355997
 20
-1398.562452170508
 30
0.0
 40
5.230598818910699
  1
2
  7
ISO Proportional
 72
4
 11
27731.5625088683
 21
-1395.904512009812
 31
0.0
100
AcDbText
  0
LINE
  5
CF
330
17
100
AcDbEntity
  8
图框
 62
7
370
9
100
AcDbLine
 10
27698.87126625011
 20
-1399.173636271631
 30
0.0
 11
27698.87126625011
 21
-1392.635387747992
 31
0.0
  0
LINE
  5
D0
330
17
100
AcDbEntity
  8
图框
 62
7
370
9
100
AcDbLine
 10
27764.2537514865
 20
-1399.173636271631
 30
0.0
 11
27764.2537514865
 21
-1392.635387747992
 31
0.0
  0
TEXT
  5
D1
330
17
100
AcDbEntity
  8
图框
 62
7
370
9
100
AcDbText
 10
27925.70584926914
 20
-1398.475393970057
 30
0.0
 40
5.230598818910699
  1
5
  7
ISO Proportional
 72
4
 11
27927.70996457747
 21
-1395.904512009812
 31
0.0
100
AcDbText
  0
TEXT
  5
D2
330
17
100
AcDbEntity
  8
图框
 62
7
370
9
100
AcDbText
 10
27860.32336403275
 20
-1398.519811419267
 30
0.0
 40
5.230598818910699
  1
4
  7
ISO Proportional
 72
4
 11
27862.32747934108
 21
-1395.904512009812
 31
0.0
100
AcDbText
  0
LINE
  5
D3
330
17
100
AcDbEntity
  8
图框
 62
7
370
9
100
AcDbLine
 10
27829.63623672289
 20
-1399.173636271631
 30
0.0
 11
27829.63623672289
 21
-1392.635387747992
 31
0.0
  0
LINE
  5
D4
330
17
100
AcDbEntity
  8
图框
 62
7
370
9
100
AcDbLine
 10
27960.40120719563
 20
-1399.173636271631
 30
0.0
 11
27960.40120719563
 21
-1392.635387747992
 31
0.0
  0
LINE
  5
D5
330
17
100
AcDbEntity
  8
图框
 62
7
370
9
100
AcDbLine
 10
27895.01872195928
 20
-1399.173636271631
 30
0.0
 11
27895.01872195928
 21
-1392.635387747992
 31
0.0
  0
TEXT
  5
D6
330
17
100
AcDbEntity
  8
图框
 62
7
370
9
100
AcDbText
 10
28121.85330497828
 20
-1398.518034721299
 30
0.0
 40
5.230598818910699
  1
8
  7
ISO Proportional
 72
4
 11
28123.85742028661
 21
-1395.904512009812
 31
0.0
100
AcDbText
  0
TEXT
  5
D7
330
17
100
AcDbEntity
  8
图框
 62
7
370
9
100
AcDbText
 10
28056.47081974188
 20
-1398.519811419267
 30
0.0
 40
5.230598818910699
  1
7
  7
ISO Proportional
 72
4
 11
28058.47493505022
 21
-1395.904512009812
 31
0.0
100
AcDbText
  0
TEXT
  5
D8
330
17
100
AcDbEntity
  8
图框
 62
7
370
9
100
AcDbText
 10
27991.08833450549
 20
-1398.518034721299
 30
0.0
 40
5.230598818910699
  1
6
  7
ISO Proportional
 72
4
 11
27993.09244981383
 21
-1395.904512009812
 31
0.0
100
AcDbText
  0
LINE
  5
D9
330
17
100
AcDbEntity
  8
图框
 62
7
370
9
100
AcDbLine
 10
28091.16617766839
 20
-1399.173636271631
 30
0.0
 11
28091.16617766839
 21
-1392.635387747992
 31
0.0
  0
LINE
  5
DA
330
17
100
AcDbEntity
  8
图框
 62
7
370
9
100
AcDbLine
 10
28025.78369243202
 20
-1399.173636271631
 30
0.0
 11
28025.78369243202
 21
-1392.635387747992
 31
0.0
  0
LINE
  5
DB
330
17
100
AcDbEntity
  8
图框
 62
7
370
9
100
AcDbLine
 10
28156.54866290478
 20
-1405.711884795269
 30
0.0
 11
28156.54866290478
 21
-1392.635387747992
 31
0.0
  0
LINE
  5
DC
330
17
100
AcDbEntity
  8
图框
 62
7
370
9
100
AcDbLine
 10
28679.60854479589
 20
-2123.611572690763
 30
0.0
 11
28679.60854479589
 21
-1399.173636271631
 31
0.0
  0
LINE
  5
DD
330
17
100
AcDbEntity
  8
图框
 62
7
370
9
100
AcDbLine
 10
28169.62515995206
 20
-2130.149821214402
 30
0.0
 11
28169.62515995206
 21
-2123.611572690763
 31
0.0
  0
LINE
  5
DE
330
17
100
AcDbEntity
  8
图框
 62
7
370
9
100
AcDbLine
 10
28195.77815404662
 20
-2130.149821214402
 30
0.0
 11
28195.77815404662
 21
-2123.611572690763
 31
0.0
  0
LINE
  5
DF
330
17
100
AcDbEntity
  8
图框
 62
7
370
9
100
AcDbLine
 10
28182.70165699934
 20
-2130.149821214402
 30
0.0
 11
28182.70165699934
 21
-2123.611572690763
 31
0.0
  0
LINE
  5
E0
330
17
100
AcDbEntity
  8
图框
 62
7
370
9
100
AcDbLine
 10
28208.8546510939
 20
-2130.149821214402
 30
0.0
 11
28208.8546510939
 21
-2123.611572690763
 31
0.0
  0
LINE
  5
E1
330
17
100
AcDbEntity
  8
图框
 62
7
370
9
100
AcDbLine
 10
28221.93114814117
 20
-2130.149821214402
 30
0.0
 11
28221.93114814117
 21
-2123.611572690763
 31
0.0
  0
TEXT
  5
E2
330
17
100
AcDbEntity
  8
图框
 62
7
370
9
100
AcDbText
 10
28250.6141601427
 20
-2129.508433247817
 30
0.0
 40
5.230598818910699
  1
10
  7
ISO Proportional
 72
4
 11
28254.62239075937
 21
-2126.880696952583
 31
0.0
100
AcDbText
  0
LINE
  5
E3
330
17
100
AcDbEntity
  8
图框
 62
7
370
9
100
AcDbLine
 10
28287.31363337756
 20
-2130.149821214402
 30
0.0
 11
28287.31363337756
 21
-2123.611572690763
 31
0.0
  0
TEXT
  5
E4
330
17
100
AcDbEntity
  8
图框
 62
7
370
9
100
AcDbText
 10
28315.99664537909
 20
-2129.552850697026
 30
0.0
 40
5.230598818910699
  1
11
  7
ISO Proportional
 72
4
 11
28320.00487599576
 21
-2126.880696952583
 31
0.0
100
AcDbText
  0
LINE
  5
E5
330
17
100
AcDbEntity
  8
图框
 62
7
370
9
100
AcDbLine
 10
28352.69611861395
 20
-2130.149821214402
 30
0.0
 11
28352.69611861395
 21
-2123.611572690763
 31
0.0
  0
TEXT
  5
E6
330
17
100
AcDbEntity
  8
图框
 62
7
370
9
100
AcDbText
 10
28381.37913061548
 20
-2129.552850697026
 30
0.0
 40
5.230598818910699
  1
12
  7
ISO Proportional
 72
4
 11
28385.38736123215
 21
-2126.880696952583
 31
0.0
100
AcDbText
  0
LINE
  5
E7
330
17
100
AcDbEntity
  8
图框
 62
7
370
9
100
AcDbLine
 10
28418.07860385033
 20
-2130.149821214402
 30
0.0
 11
28418.07860385033
 21
-2123.611572690763
 31
0.0
  0
TEXT
  5
E8
330
17
100
AcDbEntity
  8
图框
 62
7
370
9
100
AcDbText
 10
28446.76161585186
 20
-2129.508433247817
 30
0.0
 40
5.230598818910699
  1
13
  7
ISO Proportional
 72
4
 11
28450.76984646853
 21
-2126.880696952583
 31
0.0
100
AcDbText
  0
LINE
  5
E9
330
17
100
AcDbEntity
  8
图框
 62
7
370
9
100
AcDbLine
 10
28483.46108908672
 20
-2130.149821214402
 30
0.0
 11
28483.46108908672
 21
-2123.611572690763
 31
0.0
  0
TEXT
  5
EA
330
17
100
AcDbEntity
  8
图框
 62
7
370
9
100
AcDbText
 10
28512.14410108825
 20
-2129.552850697026
 30
0.0
 40
5.230598818910699
  1
14
  7
ISO Proportional
 72
4
 11
28516.15233170491
 21
-2126.880696952583
 31
0.0
100
AcDbText
  0
LINE
  5
EB
330
17
100
AcDbEntity
  8
图框
 62
7
370
9
100
AcDbLine
 10
28548.84357432311
 20
-2130.149821214402
 30
0.0
 11
28548.84357432311
 21
-2123.611572690763
 31
0.0
  0
TEXT
  5
EC
330
17
100
AcDbEntity
  8
图框
 62
7
370
9
100
AcDbText
 10
28577.5265863246
 20
-2129.508433247817
 30
0.0
 40
5.230598818910699
  1
15
  7
ISO Proportional
 72
4
 11
28581.53481694127
 21
-2126.880696952583
 31
0.0
100
AcDbText
  0
LINE
  5
ED
330
17
100
AcDbEntity
  8
图框
 62
7
370
9
100
AcDbLine
 10
28614.2260595595
 20
-2130.149821214402
 30
0.0
 11
28614.2260595595
 21
-2123.611572690763
 31
0.0
  0
TEXT
  5
EE
330
17
100
AcDbEntity
  8
图框
 62
7
370
9
100
AcDbText
 10
28642.90907156103
 20
-2129.508433247817
 30
0.0
 40
5.230598818910699
  1
16
  7
ISO Proportional
 72
4
 11
28646.91730217769
 21
-2126.880696952583
 31
0.0
100
AcDbText
  0
LINE
  5
EF
330
17
100
AcDbEntity
  8
图框
 62
7
370
9
100
AcDbLine
 10
28705.76153889041
 20
-2149.764566785316
 30
0.0
 11
28692.68504184313
 21
-2149.764566785316
 31
0.0
  0
LINE
  5
F0
330
17
100
AcDbEntity
  8
图框
 62
7
370
9
100
AcDbLine
 10
28705.76153889041
 20
-2149.764566785316
 30
0.0
 11
28705.76153889041
 21
-2136.68806973804
 31
0.0
  0
TEXT
  5
F1
330
17
100
AcDbEntity
  8
图框
 62
7
370
9
100
AcDbText
 10
28680.24104927263
 20
-2080.949501074022
 30
0.0
 40
5.230598818910699
  1
H
  7
ISO Proportional
 72
4
 11
28682.87766905771
 21
-2078.334201664567
 31
0.0
100
AcDbText
  0
LINE
  5
F2
330
17
100
AcDbEntity
  8
图框
 62
7
370
9
100
AcDbLine
 10
28679.60854479589
 20
-2033.056830638372
 30
0.0
 11
28686.14679331949
 21
-2033.056830638372
 31
0.0
  0
TEXT
  5
F3
330
17
100
AcDbEntity
  8
图框
 62
7
370
9
100
AcDbText
 10
28680.32455407714
 20
-1990.392982323661
 30
0.0
 40
5.230598818910699
  1
G
  7
ISO Proportional
 72
4
 11
28682.87766905771
 21
-1987.779459612175
 31
0.0
100
AcDbText
  0
LINE
  5
F4
330
17
100
AcDbEntity
  8
图框
 62
7
370
9
100
AcDbLine
 10
28679.60854479589
 20
-1942.50208858598
 30
0.0
 11
28686.14679331949
 21
-1942.50208858598
 31
0.0
  0
TEXT
  5
F5
330
17
100
AcDbEntity
  8
图框
 62
7
370
9
100
AcDbText
 10
28681.06366043199
 20
-1899.840016969241
 30
0.0
 40
5.230598818910699
  1
F
  7
ISO Proportional
 72
4
 11
28682.87766905771
 21
-1897.224717559786
 31
0.0
100
AcDbText
  0
LINE
  5
F6
330
17
100
AcDbEntity
  8
图框
 62
7
370
9
100
AcDbLine
 10
28679.60854479589
 20
-1851.947346533588
 30
0.0
 11
28686.14679331949
 21
-1851.947346533588
 31
0.0
  0
TEXT
  5
F7
330
17
100
AcDbEntity
  8
图框
 62
7
370
9
100
AcDbText
 10
28680.99614590919
 20
-1809.285274916848
 30
0.0
 40
5.230598818910699
  1
E
  7
ISO Proportional
 72
4
 11
28682.87766905771
 21
-1806.669975507393
 31
0.0
100
AcDbText
  0
TEXT
  5
F8
330
17
100
AcDbEntity
  8
图框
 62
7
370
9
100
AcDbText
 10
28315.99664537909
 20
-1398.576665754255
 30
0.0
 40
5.230598818910699
  1
11
  7
ISO Proportional
 72
4
 11
28320.00487599576
 21
-1395.904512009812
 31
0.0
100
AcDbText
  0
TEXT
  5
F9
330
17
100
AcDbEntity
  8
图框
 62
7
370
9
100
AcDbText
 10
28250.6141601427
 20
-1398.532248305045
 30
0.0
 40
5.230598818910699
  1
10
  7
ISO Proportional
 72
4
 11
28254.62239075937
 21
-1395.904512009812
 31
0.0
100
AcDbText
  0
TEXT
  5
FA
330
17
100
AcDbEntity
  8
图框
 62
7
370
9
100
AcDbText
 10
28187.23579021464
 20
-1398.518034721299
 30
0.0
 40
5.230598818910699
  1
9
  7
ISO Proportional
 72
4
 11
28189.23990552298
 21
-1395.904512009812
 31
0.0
100
AcDbText
  0
LINE
  5
FB
330
17
100
AcDbEntity
  8
图框
 62
7
370
9
100
AcDbLine
 10
28287.31363337756
 20
-1399.173636271631
 30
0.0
 11
28287.31363337756
 21
-1392.635387747992
 31
0.0
  0
LINE
  5
FC
330
17
100
AcDbEntity
  8
图框
 62
7
370
9
100
AcDbLine
 10
28221.93114814117
 20
-1399.173636271631
 30
0.0
 11
28221.93114814117
 21
-1392.635387747992
 31
0.0
  0
TEXT
  5
FD
330
17
100
AcDbEntity
  8
图框
 62
7
370
9
100
AcDbText
 10
28446.76161585186
 20
-1398.532248305045
 30
0.0
 40
5.230598818910699
  1
13
  7
ISO Proportional
 72
4
 11
28450.76984646853
 21
-1395.904512009812
 31
0.0
100
AcDbText
  0
TEXT
  5
FE
330
17
100
AcDbEntity
  8
图框
 62
7
370
9
100
AcDbText
 10
28381.37913061548
 20
-1398.576665754255
 30
0.0
 40
5.230598818910699
  1
12
  7
ISO Proportional
 72
4
 11
28385.38736123215
 21
-1395.904512009812
 31
0.0
100
AcDbText
  0
LINE
  5
FF
330
17
100
AcDbEntity
  8
图框
 62
7
370
9
100
AcDbLine
 10
28418.07860385033
 20
-1399.173636271631
 30
0.0
 11
28418.07860385033
 21
-1392.635387747992
 31
0.0
  0
LINE
  5
100
330
17
100
AcDbEntity
  8
图框
 62
7
370
9
100
AcDbLine
 10
28483.46108908672
 20
-1399.173636271631
 30
0.0
 11
28483.46108908672
 21
-1392.635387747992
 31
0.0
  0
LINE
  5
101
330
17
100
AcDbEntity
  8
图框
 62
7
370
9
100
AcDbLine
 10
28352.69611861395
 20
-1399.173636271631
 30
0.0
 11
28352.69611861395
 21
-1392.635387747992
 31
0.0
  0
LINE
  5
102
330
17
100
AcDbEntity
  8
图框
 62
7
370
9
100
AcDbLine
 10
28673.07029627221
 20
-1761.392604481196
 30
0.0
 11
28686.14679331949
 21
-1761.392604481196
 31
0.0
  0
TEXT
  5
103
330
17
100
AcDbEntity
  8
图框
 62
7
370
9
100
AcDbText
 10
28680.26769974215
 20
-1718.730532864457
 30
0.0
 40
5.230598818910699
  1
D
  7
ISO Proportional
 72
4
 11
28682.87766905771
 21
-1716.115233455002
 31
0.0
100
AcDbText
  0
LINE
  5
104
330
17
100
AcDbEntity
  8
图框
 62
7
370
9
100
AcDbLine
 10
28679.60854479589
 20
-1670.837862428805
 30
0.0
 11
28686.14679331949
 21
-1670.837862428805
 31
0.0
  0
TEXT
  5
105
330
17
100
AcDbEntity
  8
图框
 62
7
370
9
100
AcDbText
 10
28680.56796169881
 20
-1628.174014114097
 30
0.0
 40
5.230598818910699
  1
C
  7
ISO Proportional
 72
4
 11
28682.87766905771
 21
-1625.560491402611
 31
0.0
100
AcDbText
  0
LINE
  5
106
330
17
100
AcDbEntity
  8
图框
 62
7
370
9
100
AcDbLine
 10
28679.60854479589
 20
-1580.283120376413
 30
0.0
 11
28686.14679331949
 21
-1580.283120376413
 31
0.0
  0
TEXT
  5
107
330
17
100
AcDbEntity
  8
图框
 62
7
370
9
100
AcDbText
 10
28680.75451498549
 20
-1537.621048759674
 30
0.0
 40
5.230598818910699
  1
B
  7
ISO Proportional
 72
4
 11
28682.87766905771
 21
-1535.005749350219
 31
0.0
100
AcDbText
  0
TEXT
  5
108
330
17
100
AcDbEntity
  8
图框
 62
7
370
9
100
AcDbText
 10
28577.5265863246
 20
-1398.532248305045
 30
0.0
 40
5.230598818910699
  1
15
  7
ISO Proportional
 72
4
 11
28581.53481694127
 21
-1395.904512009812
 31
0.0
100
AcDbText
  0
TEXT
  5
109
330
17
100
AcDbEntity
  8
图框
 62
7
370
9
100
AcDbText
 10
28642.90907156103
 20
-1398.532248305045
 30
0.0
 40
5.230598818910699
  1
16
  7
ISO Proportional
 72
4
 11
28646.91730217769
 21
-1395.904512009812
 31
0.0
100
AcDbText
  0
TEXT
  5
10A
330
17
100
AcDbEntity
  8
图框
 62
7
370
9
100
AcDbText
 10
28512.14410108825
 20
-1398.576665754255
 30
0.0
 40
5.230598818910699
  1
14
  7
ISO Proportional
 72
4
 11
28516.15233170491
 21
-1395.904512009812
 31
0.0
100
AcDbText
  0
LINE
  5
10B
330
17
100
AcDbEntity
  8
图框
 62
7
370
9
100
AcDbLine
 10
28548.84357432311
 20
-1399.173636271631
 30
0.0
 11
28548.84357432311
 21
-1392.635387747992
 31
0.0
  0
LINE
  5
10C
330
17
100
AcDbEntity
  8
图框
 62
7
370
9
100
AcDbLine
 10
28614.2260595595
 20
-1399.173636271631
 30
0.0
 11
28614.2260595595
 21
-1392.635387747992
 31
0.0
  0
LINE
  5
10D
330
17
100
AcDbEntity
  8
图框
 62
7
370
9
100
AcDbLine
 10
28679.60854479589
 20
-1489.728378324021
 30
0.0
 11
28686.14679331949
 21
-1489.728378324021
 31
0.0
  0
TEXT
  5
10E
330
17
100
AcDbEntity
  8
图框
 62
7
370
9
100
AcDbText
 10
28680.48268019633
 20
-1447.066306707282
 30
0.0
 40
5.230598818910699
  1
A
  7
ISO Proportional
 72
4
 11
28682.87766905771
 21
-1444.451007297826
 31
0.0
100
AcDbText
  0
LINE
  5
10F
330
17
100
AcDbEntity
  8
图框
 62
7
370
9
100
AcDbLine
 10
28705.76153889041
 20
-1373.020642177077
 30
0.0
 11
28692.68504184313
 21
-1373.020642177077
 31
0.0
  0
LINE
  5
110
330
17
100
AcDbEntity
  8
图框
 62
7
370
9
100
AcDbLine
 10
28705.76153889041
 20
-1386.097139224354
 30
0.0
 11
28705.76153889041
 21
-1373.020642177077
 31
0.0
  0
LINE
  5
111
330
17
100
AcDbEntity
  8
图框
 62
7
370
9
100
AcDbLine
 10
28679.60854479589
 20
-2018.999596312551
 30
0.0
 11
28679.60854479589
 21
-2123.611572690763
 31
0.0
  0
LINE
  5
112
330
17
100
AcDbEntity
  8
图框
 62
7
370
9
100
AcDbLine
 10
28418.07860385033
 20
-2123.611572690766
 30
0.0
 11
28679.60854479589
 21
-2123.611572690766
 31
0.0
  0
LINE
  5
113
330
17
100
AcDbEntity
  8
图框
 62
7
370
9
100
AcDbLine
 10
28679.60854479589
 20
-2018.999596312551
 30
0.0
 11
28679.60854479589
 21
-2123.611572690763
 31
0.0
  0
LINE
  5
114
330
17
100
AcDbEntity
  8
图框
 62
7
370
9
100
AcDbLine
 10
28418.07860385033
 20
-2123.611572690766
 30
0.0
 11
28679.60854479589
 21
-2123.611572690766
 31
0.0
  0
LINE
  5
115
330
17
100
AcDbEntity
  8
明细栏
100
AcDbLine
 10
28306.92837894849
 20
-2123.611572690762
 30
0.0
 11
28679.60854479589
 21
-2123.611572690762
 31
0.0
  0
LINE
  5
116
330
17
100
AcDbEntity
  8
明细栏
100
AcDbLine
 10
28679.60854479589
 20
-2045.1525904071
 30
0.0
 11
28679.60854479589
 21
-2123.611572690762
 31
0.0
  0
LINE
  5
117
330
17
100
AcDbEntity
  8
明细栏
370
9
100
AcDbLine
 10
28679.60854479589
 20
-1414.865432728364
 30
0.0
 11
28469.298746098
 21
-1414.865432728364
 31
0.0
  0
LINE
  5
118
330
17
100
AcDbEntity
  8
明细栏
370
9
100
AcDbLine
 10
28679.60854479589
 20
-1430.557229185096
 30
0.0
 11
28469.298746098
 21
-1430.557229185096
 31
0.0
  0
LINE
  5
119
330
17
100
AcDbEntity
  8
明细栏
370
9
100
AcDbLine
 10
28679.60854479589
 20
-1446.249025641827
 30
0.0
 11
28469.298746098
 21
-1446.249025641827
 31
0.0
  0
LINE
  5
11A
330
17
100
AcDbEntity
  8
明细栏
370
9
100
AcDbLine
 10
28510.42485208385
 20
-1414.865432728364
 30
0.0
 11
28510.42485208385
 21
-1446.249025641827
 31
0.0
  0
LINE
  5
11B
330
17
100
AcDbEntity
  8
明细栏
370
9
100
AcDbLine
 10
28469.298746098
 20
-1399.173636271631
 30
0.0
 11
28469.298746098
 21
-1446.249025641827
 31
0.0
  0
MTEXT
  5
11C
330
17
100
AcDbEntity
  8
注释
100
AcDbMText
 10
28650.18642643947
 20
-1407.019534499996
 30
0.0
 40
4.903686392728785
 41
19.61474557091514
 71
5
 72
5
  1
签名
  7
汉字专用
  0
LINE
  5
11D
330
17
100
AcDbEntity
  8
明细栏
100
AcDbLine
 10
28659.99379922493
 20
-1446.249025641827
 30
0.0
 11
28659.99379922493
 21
-1399.173636271631
 31
0.0
  0
LINE
  5
11E
330
17
100
AcDbEntity
  8
明细栏
100
AcDbLine
 10
28640.37905365402
 20
-1446.249025641827
 30
0.0
 11
28640.37905365402
 21
-1399.173636271631
 31
0.0
  0
MTEXT
  5
11F
330
17
100
AcDbEntity
  8
注释
100
AcDbMText
 10
28669.80117201039
 20
-1407.019534499996
 30
0.0
 40
4.903686392728785
 41
19.61474557091514
 71
5
 72
5
  1
日期
  7
汉字专用
  0
MTEXT
  5
120
330
17
100
AcDbEntity
  8
注释
100
AcDbMText
 10
28554.83889987599
 20
-1407.019534499996
 30
0.0
 40
4.903686392728785
 41
171.0803075560307
 71
5
 72
5
  1
版本变更说明
  7
汉字专用
  0
LINE
  5
121
330
17
100
AcDbEntity
  8
图框
 62
7
370
9
100
AcDbLine
 10
28116.66534691062
 20
-2123.611572690759
 30
0.0
 11
28116.66534691062
 21
-2113.804199905301
 31
0.0
  0
INSERT
  5
122
330
17
100
AcDbEntity
  8
注释
100
AcDbBlockReference
  2
A$C7B1938C3
 10
26568.57540237489
 20
-2793.260460326814
 30
0.0
 41
2.353769468516475
 42
2.353769468509597
 43
2.353769468509459
  0
LINE
  5
124
330
17
100
AcDbEntity
  8
明细栏
370
9
100
AcDbLine
 10
28473.65371630126
 20
-2005.923099265268
 30
0.0
 11
28473.65371630126
 21
-2035.345217621639
 31
0.0
  0
LINE
  5
125
330
17
100
AcDbEntity
  8
明细栏
370
9
100
AcDbLine
 10
28306.92837894849
 20
-2005.923099265268
 30
0.0
 11
28679.60854479589
 21
-2005.923099265268
 31
0.0
  0
LINE
  5
126
330
17
100
AcDbEntity
  8
明细栏
370
9
100
AcDbLine
 10
28120.58829602477
 20
-2020.634158443454
 30
0.0
 11
28679.60854479589
 21
-2020.634158443454
 31
0.0
  0
LINE
  5
127
330
17
100
AcDbEntity
  8
明细栏
370
9
100
AcDbLine
 10
28267.69888780665
 20
-2079.4783951562
 30
0.0
 11
28473.65371630126
 21
-2079.4783951562
 31
0.0
  0
LINE
  5
128
330
17
100
AcDbEntity
  8
明细栏
370
9
100
AcDbLine
 10
28473.65371630126
 20
-2064.767335978013
 30
0.0
 11
28679.60854479585
 21
-2064.767335978013
 31
0.0
  0
LINE
  5
129
330
17
100
AcDbEntity
  8
明细栏
370
9
100
AcDbLine
 10
28473.65371630126
 20
-2035.345217621639
 30
0.0
 11
28473.65371630126
 21
-2123.611572690759
 31
0.0
  0
MTEXT
  5
12A
330
17
100
AcDbEntity
  8
注释
370
-3
100
AcDbMText
 10
28474.88651668529
 20
-2043.77347136736
 30
0.0
 40
8.82663550691181
 41
55.17565190809639
 71
1
 72
5
  1
{\fSimSun|b0|i0|c134|p54;料号：}
  7
汉字专用
  0
LINE
  5
12B
330
17
100
AcDbEntity
  8
明细栏
370
9
100
AcDbLine
 10
28267.69888780665
 20
-2035.345217621639
 30
0.0
 11
28679.60854479589
 21
-2035.345217621639
 31
0.0
  0
MTEXT
  5
12C
330
17
100
AcDbEntity
  8
注释
370
-3
100
AcDbMText
 10
28503.23956220499
 20
-2022.835870456463
 30
0.0
 40
7.355529589093174
 41
150.4086112491022
 71
1
 72
5
  1
{\fSimSun|b0|i0|c134|p54;第   1   页}
  7
汉字专用
  0
MTEXT
  5
12D
330
17
100
AcDbEntity
  8
注释
370
-3
100
AcDbMText
 10
28584.63281591474
 20
-2022.371852134958
 30
0.0
 40
7.355529589093174
 41
150.4086112491022
 71
1
 72
5
  1
{\fSimSun|b0|i0|c134|p54;总共:  1   页}
  7
汉字专用
  0
MTEXT
  5
12E
330
17
100
AcDbEntity
  8
注释
370
-3
100
AcDbMText
 10
28319.13812467809
 20
-2040.32503735115
 30
0.0
 40
8.82663550691181
 41
75.82583793476596
 71
1
 72
5
  1
品名：
  7
汉字专用
  0
MTEXT
  5
12F
330
17
100
AcDbEntity
  8
注释
370
-3
100
AcDbMText
 10
28370.86428392974
 20
-2060.662548043793
 30
0.0
 40
7.208418997311312
 41
116.7130931956533
 71
1
 72
5
  1
后壳
  7
字母和汉字
  0
MTEXT
  5
130
330
17
100
AcDbEntity
  8
注释
370
-3
100
AcDbMText
 10
28311.60413159412
 20
-2007.789218229535
 30
0.0
 40
7.355529589093174
 41
150.4086112491022
 71
1
 72
5
  1
数量：   1PCS/套
  7
汉字专用
  0
MTEXT
  5
131
330
17
100
AcDbEntity
  8
注释
370
-3
100
AcDbMText
 10
28404.8401476433
 20
-2022.920696408396
 30
0.0
 40
7.355529589093174
 41
150.4086112491022
 71
1
 72
5
  1
单位:MM
  7
汉字专用
  0
MTEXT
  5
132
330
17
100
AcDbEntity
  8
注释
370
-3
100
AcDbMText
 10
28401.47327506022
 20
-2007.562293156683
 30
0.0
 40
7.355529589093174
 41
150.4086112491022
 71
1
 72
5
  1
{\C256;表面处理}
  7
汉字专用
  0
MTEXT
  5
133
330
17
100
AcDbEntity
  8
注释
370
-3
100
AcDbMText
 10
28313.12770559217
 20
-2022.383739825391
 30
0.0
 40
7.355529589093174
 41
150.4086112491022
 71
1
 72
5
  1
比例
  7
汉字专用
  0
MTEXT
  5
134
330
17
100
AcDbEntity
  8
注释
370
-3
100
AcDbMText
 10
28353.63299697664
 20
-2023.151280868836
 30
0.0
 40
7.355529589093174
 41
150.4086112491022
 71
1
 72
5
  1
1:2
  7
汉字专用
  0
LINE
  5
135
330
17
100
AcDbEntity
  8
明细栏
370
9
100
AcDbLine
 10
28120.58829602477
 20
-2108.900513512574
 30
0.0
 11
28306.92837894849
 21
-2108.900513512574
 31
0.0
  0
LINE
  5
136
330
17
100
AcDbEntity
  8
明细栏
370
9
100
AcDbLine
 10
28120.58829602477
 20
-2094.189454334386
 30
0.0
 11
28306.92837894849
 21
-2094.189454334386
 31
0.0
  0
LINE
  5
137
330
17
100
AcDbEntity
  8
明细栏
370
9
100
AcDbLine
 10
28267.69888780665
 20
-2079.4783951562
 30
0.0
 11
28267.69888780665
 21
-2123.611572690759
 31
0.0
  0
MTEXT
  5
138
330
17
100
AcDbEntity
  8
注释
370
-3
100
AcDbMText
 10
28321.00173827674
 20
-2092.318364274877
 30
0.0
 40
8.82663550691181
 41
41.5777069697381
 71
1
 72
5
  1
材料：
  7
汉字专用
  0
MTEXT
  5
139
330
17
100
AcDbEntity
  8
注释
370
-3
100
AcDbMText
 10
28367.35085593257
 20
-2097.399322584934
 30
0.0
 40
8.82663550691181
 41
121.9375722796196
 71
1
 72
5
  1
AL5052
  7
字母和汉字
  0
MTEXT
  5
13A
330
17
100
AcDbEntity
  8
注释
100
AcDbMText
 10
28138.97711999749
 20
-2086.833924745294
 30
0.0
 40
7.355529589093174
 41
36.77764794546521
 71
5
 72
5
  1
设  计
  7
汉字专用
  0
MTEXT
  5
13B
330
17
100
AcDbEntity
  8
注释
100
AcDbMText
 10
28138.97711999749
 20
-2101.544983923478
 30
0.0
 40
7.355529589093174
 41
36.77764794546521
 71
5
 72
5
  1
标准化
  7
汉字专用
  0
MTEXT
  5
13C
330
17
100
AcDbEntity
  8
注释
100
AcDbMText
 10
28138.97711999749
 20
-2116.256043101666
 30
0.0
 40
7.355529589093174
 41
36.77764794546521
 71
5
 72
5
  1
批  准
  7
汉字专用
  0
MTEXT
  5
13D
330
17
100
AcDbEntity
  8
注释
100
AcDbMText
 10
28212.53241588843
 20
-2116.256043101663
 30
0.0
 40
7.355529589093174
 41
36.77764794546521
 71
5
 72
5
  1
日 期
  7
汉字专用
  0
MTEXT
  5
13E
330
17
100
AcDbEntity
  8
注释
100
AcDbMText
 10
28212.53241588843
 20
-2101.544983923478
 30
0.0
 40
7.355529589093174
 41
36.77764794546521
 71
5
 72
5
  1
日 期
  7
汉字专用
  0
MTEXT
  5
13F
330
17
100
AcDbEntity
  8
注释
100
AcDbMText
 10
28212.53241588843
 20
-2086.833924745294
 30
0.0
 40
7.355529589093174
 41
36.77764794546521
 71
5
 72
5
  1
日 期
  7
汉字专用
  0
LINE
  5
140
330
17
100
AcDbEntity
  8
明细栏
370
9
100
AcDbLine
 10
28230.92123986118
 20
-2123.611572690755
 30
0.0
 11
28230.92123986118
 21
-2079.4783951562
 31
0.0
  0
LINE
  5
141
330
17
100
AcDbEntity
  8
明细栏
370
9
100
AcDbLine
 10
28194.14359191571
 20
-2123.611572690755
 30
0.0
 11
28194.14359191571
 21
-2079.4783951562
 31
0.0
  0
LINE
  5
142
330
17
100
AcDbEntity
  8
明细栏
370
9
100
AcDbLine
 10
28157.36594397024
 20
-2123.611572690755
 30
0.0
 11
28157.36594397024
 21
-2079.4783951562
 31
0.0
  0
LINE
  5
143
330
17
100
AcDbEntity
  8
明细栏
370
9
100
AcDbLine
 10
28120.58829602477
 20
-2079.4783951562
 30
0.0
 11
28267.69888780665
 21
-2079.4783951562
 31
0.0
  0
LINE
  5
144
330
17
100
AcDbEntity
  8
明细栏
370
9
100
AcDbLine
 10
28179.43253273752
 20
-2020.634158443454
 30
0.0
 11
28179.43253273752
 21
-2079.4783951562
 31
0.0
  0
LINE
  5
145
330
17
100
AcDbEntity
  8
明细栏
370
9
100
AcDbLine
 10
28120.58829602477
 20
-2035.345217621642
 30
0.0
 11
28267.69888780665
 21
-2035.345217621642
 31
0.0
  0
MTEXT
  5
146
330
17
100
AcDbEntity
  8
注释
370
9
100
AcDbMText
 10
28137.48123048488
 20
-2066.270564113537
 30
0.0
 40
7.355529589093174
 41
75.82583793476596
 71
1
 72
5
  1
版 本
  7
汉字专用
  0
LINE
  5
147
330
17
100
AcDbEntity
  8
明细栏
370
9
100
AcDbLine
 10
28120.58829602477
 20
-2064.767335978013
 30
0.0
 11
28306.92837894849
 21
-2064.767335978013
 31
0.0
  0
LINE
  5
148
330
17
100
AcDbEntity
  8
明细栏
370
9
100
AcDbLine
 10
28120.58829602477
 20
-2050.056276799827
 30
0.0
 11
28179.43253273752
 21
-2050.056276799827
 31
0.0
  0
MTEXT
  5
149
330
17
100
AcDbEntity
  8
注释
370
-3
100
AcDbMText
 10
28133.99096637016
 20
-2053.003051001796
 30
0.0
 40
7.355529589093174
 41
58.95451638806271
 71
1
 72
5
  1
第一视角
  7
汉字专用
  0
LINE
  5
14A
330
17
100
AcDbEntity
  8
注释
370
-3
100
AcDbLine
 10
28265.37527476509
 20
-2045.376082057362
 30
0.0
 11
28265.37527476509
 21
-2054.403631946611
 31
0.0
  0
LINE
  5
14B
330
17
100
AcDbEntity
  8
注释
370
-3
100
AcDbLine
 10
28270.83944755458
 20
-2049.889857001989
 30
0.0
 11
28249.27164131457
 21
-2049.889857001989
 31
0.0
  0
LINE
  5
14C
330
17
100
AcDbEntity
  8
注释
370
-3
100
AcDbLine
 10
28265.37527476509
 20
-2054.403631946611
 30
0.0
 11
28254.81047065424
 21
-2058.005942237616
 31
0.0
  0
LINE
  5
14D
330
17
100
AcDbEntity
  8
注释
370
-3
100
AcDbLine
 10
28254.81047065424
 20
-2041.773771766358
 30
0.0
 11
28254.81047065424
 21
-2058.005942237616
 31
0.0
  0
LINE
  5
14E
330
17
100
AcDbEntity
  8
注释
370
-3
100
AcDbLine
 10
28265.37527476509
 20
-2045.376082057362
 30
0.0
 11
28254.81047065424
 21
-2041.773771766358
 31
0.0
  0
CIRCLE
  5
14F
330
17
100
AcDbEntity
  8
注释
370
-3
100
AcDbCircle
 10
28221.53806637618
 20
-2049.889857001989
 30
0.0
 40
4.513774944623595
  0
LINE
  5
150
330
17
100
AcDbEntity
  8
注释
370
-3
100
AcDbLine
 10
28221.53806637618
 20
-2039.95665098619
 30
0.0
 11
28221.53806637618
 21
-2059.371315227739
 31
0.0
  0
CIRCLE
  5
151
330
17
100
AcDbEntity
  8
注释
370
-3
100
AcDbCircle
 10
28221.53806637618
 20
-2049.889857001989
 30
0.0
 40
8.116085235629168
  0
CIRCLE
  5
152
330
17
100
AcDbEntity
  8
注释
370
-3
100
AcDbCircle
 10
28221.53806637618
 20
-2049.889857001989
 30
0.0
 40
8.116085235629168
  0
LINE
  5
153
330
17
100
AcDbEntity
  8
注释
370
-3
100
AcDbLine
 10
28208.71670216405
 20
-2049.889857001989
 30
0.0
 11
28235.1806526399
 21
-2049.889857001989
 31
0.0
  0
MTEXT
  5
154
330
17
100
AcDbEntity
  8
注释
100
AcDbMText
 10
28150.01041438115
 20
-2027.989688032548
 30
0.0
 40
7.355529589093174
 41
58.84423671274539
 71
5
 72
5
  1
图号
  7
汉字专用
  0
MTEXT
  5
155
330
17
100
AcDbEntity
  8
注释
100
AcDbMText
 10
28150.01041438115
 20
-2042.700747210734
 30
0.0
 40
7.355529589093174
 41
58.84423671274574
 71
5
 72
5
  1
视角
  7
汉字专用
  0
LINE
  5
156
330
17
100
AcDbEntity
  8
明细栏
370
9
100
AcDbLine
 10
28120.58829602479
 20
-2020.634158443454
 30
0.0
 11
28120.58829602479
 21
-2123.611572690759
 31
0.0
  0
MTEXT
  5
157
330
17
100
AcDbEntity
  8
注释
100
AcDbMText
 10
27665.52091382299
 20
-1983.6602456748
 30
0.0
 40
4.049236692066959
 41
39.43901707170015
 71
1
 72
5
  1
未注公差\P{\H0.5813x;（中等\fArial|b0|i0|c0|p32;\H0.9723x;M\fSimSun|b0|i0|c134|p2;\H1.028x;级 ）}
  7
汉字专用
  0
MTEXT
  5
158
330
17
100
AcDbEntity
  8
注释
100
AcDbMText
 10
27847.32091152285
 20
-1986.355757796205
 30
0.0
 40
4.049236692066959
 41
26.5230102636422
 71
1
 72
5
  1
%%p1.2
  7
汉字专用
  0
MTEXT
  5
159
330
17
100
AcDbEntity
  8
注释
100
AcDbMText
 10
27808.35124557454
 20
-1986.526026512951
 30
0.0
 40
4.049236692066959
 41
26.5230102636422
 71
1
 72
5
  1
%%p0.8
  7
汉字专用
  0
MTEXT
  5
15A
330
17
100
AcDbEntity
  8
注释
100
AcDbMText
 10
27766.25034290103
 20
-1986.53222165701
 30
0.0
 40
4.049236692066959
 41
26.5230102636422
 71
1
 72
5
  1
%%p0.5
  7
汉字专用
  0
MTEXT
  5
15B
330
17
100
AcDbEntity
  8
注释
100
AcDbMText
 10
27730.73716180479
 20
-1986.478616347844
 30
0.0
 40
4.049236692066959
 41
26.5230102636422
 71
1
 72
5
  1
%%p0.30
  7
汉字专用
  0
MTEXT
  5
15C
330
17
100
AcDbEntity
  8
注释
100
AcDbMText
 10
27698.79156117808
 20
-1986.478616347844
 30
0.0
 40
4.049236692066959
 41
26.5230102636422
 71
1
 72
5
  1
%%p0.1
  7
汉字专用
  0
LINE
  5
15D
330
17
100
AcDbEntity
  8
明细栏
370
9
100
AcDbLine
 10
27660.66760217878
 20
-1982.828337898137
 30
0.0
 11
27875.53168222871
 21
-1982.812323585133
 31
0.0
  0
LINE
  5
15E
330
17
100
AcDbEntity
  8
明细栏
370
9
100
AcDbLine
 10
27875.3604367754
 20
-1996.679456903615
 30
0.0
 11
27660.65971549563
 21
-1996.651317844913
 31
0.0
  0
LINE
  5
15F
330
17
100
AcDbEntity
  8
明细栏
370
9
100
AcDbLine
 10
27660.67922382228
 20
-1954.788284114109
 30
0.0
 11
27875.5590548767
 21
-1954.776499100988
 31
0.0
  0
LINE
  5
160
330
17
100
AcDbEntity
  8
明细栏
370
9
100
AcDbLine
 10
27875.38780942336
 20
-1982.812334308304
 30
0.0
 11
27660.68708814357
 21
-1982.7841952496
 31
0.0
  0
LINE
  5
161
330
17
100
AcDbEntity
  8
明细栏
370
9
100
AcDbLine
 10
27660.69497482671
 20
-1968.961215302826
 30
0.0
 11
27875.5590548767
 21
-1968.94520098982
 31
0.0
  0
LINE
  5
162
330
17
100
AcDbEntity
  8
明细栏
370
9
100
AcDbLine
 10
27792.09925027343
 20
-1954.776499100988
 30
0.0
 11
27792.04439851558
 21
-1996.668537355337
 31
0.0
  0
LINE
  5
163
330
17
100
AcDbEntity
  8
明细栏
370
9
100
AcDbLine
 10
27755.39240179753
 20
-1954.776499100988
 30
0.0
 11
27755.39240179753
 21
-1996.663733679406
 31
0.0
  0
LINE
  5
164
330
17
100
AcDbEntity
  8
明细栏
370
9
100
AcDbLine
 10
27722.30278829501
 20
-1954.776499100988
 30
0.0
 11
27722.28348576526
 21
-1996.659394365937
 31
0.0
  0
LINE
  5
165
330
17
100
AcDbEntity
  8
明细栏
370
9
100
AcDbLine
 10
27694.66097727078
 20
-1954.776499100988
 30
0.0
 11
27694.66097727078
 21
-1996.655774110804
 31
0.0
  0
LINE
  5
166
330
17
100
AcDbEntity
  8
明细栏
370
9
100
AcDbLine
 10
27660.69535193087
 20
-1954.769009812473
 30
0.0
 11
27660.65971549563
 21
-1996.651317844913
 31
0.0
  0
LINE
  5
167
330
17
100
AcDbEntity
  8
明细栏
370
9
100
AcDbLine
 10
27875.41353912435
 20
-1954.816926715525
 30
0.0
 11
27875.3604367754
 21
-1996.679456903615
 31
0.0
  0
MTEXT
  5
168
330
17
100
AcDbEntity
  8
注释
100
AcDbMText
 10
27665.39982658699
 20
-1958.755400961365
 30
0.0
 40
4.049236692066959
 41
26.5230102636422
 71
1
 72
5
  1
尺寸分段
  7
汉字专用
  0
MTEXT
  5
169
330
17
100
AcDbEntity
  8
注释
100
AcDbMText
 10
27665.54828647093
 20
-1969.793123079487
 30
0.0
 40
4.049236692066959
 41
39.43901707170015
 71
1
 72
5
  1
配合公差\P{\H0.5813x;（精密\fArial|b0|i0|c0|p32;F\fSimSun|b0|i0|c134|p2;级 ）}
  7
汉字专用
  0
MTEXT
  5
16A
330
17
100
AcDbEntity
  8
注释
100
AcDbMText
 10
27697.88657954948
 20
-1959.955825934896
 30
0.0
 40
4.049236692066959
 41
50.90863103524423
 71
1
 72
5
  1
{\fSimSun|b0|i0|c134|p6;\H1x;＞\fSimSun|b0|i0|c134|p2;0\fSimSun|b0|i0|c134|p6;\C1;   \fSimSun|b0|i0|c134|p2;\C256;30}
  7
汉字专用
  0
SPLINE
  5
16B
330
17
100
AcDbEntity
  8
注释
100
AcDbSpline
 70
1064
 71
3
 72
10
 73
6
 74
4
 40
0.0
 40
0.0
 40
0.0
 40
0.0
 40
1.692373490403505
 40
3.954686483035759
 40
6.21640965681354
 40
6.21640965681354
 40
6.21640965681354
 40
6.21640965681354
 10
27706.20200374082
 20
-1962.749991967817
 30
0.0
 10
27706.57381243269
 20
-1962.162658970297
 30
0.0
 10
27707.44264358393
 20
-1960.790197229727
 30
0.0
 10
27709.39253331003
 20
-1963.372986913087
 30
0.0
 10
27710.74429916513
 20
-1962.222795913897
 30
0.0
 10
27711.42009397481
 20
-1961.647775392079
 30
0.0
 11
27706.20200374082
 21
-1962.749991967817
 31
0.0
 11
27707.3854874419
 21
-1961.540242258038
 31
0.0
 11
27709.37589387968
 21
-1962.615575829103
 31
0.0
 11
27711.42009397481
 21
-1961.647775392079
 31
0.0
  0
MTEXT
  5
16C
330
17
100
AcDbEntity
  8
注释
100
AcDbMText
 10
27727.26778764462
 20
-1960.161418866417
 30
0.0
 40
4.049236692066959
 41
50.90863103524423
 71
1
 72
5
  1
{\fSimSun|b0|i0|c134|p6;＞}30   120
  7
汉字专用
  0
MTEXT
  5
16D
330
17
100
AcDbEntity
  8
注释
100
AcDbMText
 10
27762.53549895377
 20
-1960.215367621226
 30
0.0
 40
4.049236692066959
 41
50.90863103524423
 71
1
 72
5
  1
{\fSimSun|b0|i0|c134|p6;＞}120   400
  7
汉字专用
  0
SPLINE
  5
16E
330
17
100
AcDbEntity
  8
注释
100
AcDbSpline
 70
1064
 71
3
 72
10
 73
6
 74
4
 40
0.0
 40
0.0
 40
0.0
 40
0.0
 40
1.692373490386291
 40
3.954686483036453
 40
6.21640965681404
 40
6.21640965681404
 40
6.21640965681404
 40
6.21640965681404
 10
27774.25698858052
 20
-1963.009533654147
 30
0.0
 10
27774.62879727238
 20
-1962.422200656631
 30
0.0
 10
27775.49762842359
 20
-1961.049738916057
 30
0.0
 10
27777.44751814974
 20
-1963.632528599417
 30
0.0
 10
27778.79928400484
 20
-1962.482337600227
 30
0.0
 10
27779.4750788145
 20
-1961.907317078409
 30
0.0
 11
27774.25698858052
 21
-1963.009533654147
 31
0.0
 11
27775.44047228158
 21
-1961.799783944371
 31
0.0
 11
27777.43087871938
 21
-1962.875117515433
 31
0.0
 11
27779.4750788145
 21
-1961.907317078409
 31
0.0
  0
MTEXT
  5
16F
330
17
100
AcDbEntity
  8
注释
100
AcDbMText
 10
27799.79267547216
 20
-1960.139740394973
 30
0.0
 40
4.049236692066959
 41
50.90863103524423
 71
1
 72
5
  1
{\fSimSun|b0|i0|c134|p6;＞}400   1000
  7
汉字专用
  0
SPLINE
  5
170
330
17
100
AcDbEntity
  8
注释
100
AcDbSpline
 70
1064
 71
3
 72
10
 73
6
 74
4
 40
0.0
 40
0.0
 40
0.0
 40
0.0
 40
1.692373490428946
 40
3.954686483022792
 40
6.216409656808123
 40
6.216409656808123
 40
6.216409656808123
 40
6.216409656808123
 10
27814.19638448634
 20
-1962.59055836766
 30
0.0
 10
27814.56819317822
 20
-1962.003225370134
 30
0.0
 10
27815.43702432946
 20
-1960.630763629577
 30
0.0
 10
27817.38691405557
 20
-1963.213553312928
 30
0.0
 10
27818.73867991065
 20
-1962.063362313743
 30
0.0
 10
27819.41447472032
 20
-1961.48834179192
 30
0.0
 11
27814.19638448634
 21
-1962.59055836766
 31
0.0
 11
27815.37986818745
 21
-1961.380808657881
 31
0.0
 11
27817.37027462519
 21
-1962.456142228947
 31
0.0
 11
27819.41447472032
 21
-1961.48834179192
 31
0.0
  0
SPLINE
  5
171
330
17
100
AcDbEntity
  8
注释
100
AcDbSpline
 70
1064
 71
3
 72
10
 73
6
 74
4
 40
0.0
 40
0.0
 40
0.0
 40
0.0
 40
1.692373490402855
 40
3.954686483034677
 40
6.216409656813043
 40
6.216409656813043
 40
6.216409656813043
 40
6.216409656813043
 10
27736.78738828738
 20
-1962.810144790394
 30
0.0
 10
27737.15919697924
 20
-1962.222811792874
 30
0.0
 10
27738.02802813047
 20
-1960.850350052306
 30
0.0
 10
27739.9779178566
 20
-1963.433139735664
 30
0.0
 10
27741.3296837117
 20
-1962.282948736474
 30
0.0
 10
27742.00547852136
 20
-1961.707928214655
 30
0.0
 11
27736.78738828738
 21
-1962.810144790394
 31
0.0
 11
27737.97087198845
 21
-1961.600395080616
 31
0.0
 11
27739.96127842623
 21
-1962.67572865168
 31
0.0
 11
27742.00547852136
 21
-1961.707928214655
 31
0.0
  0
MTEXT
  5
172
330
17
100
AcDbEntity
  8
注释
100
AcDbMText
 10
27698.81893382603
 20
-1972.611493752531
 30
0.0
 40
4.049236692066959
 41
26.5230102636422
 71
1
 72
5
  1
%%p0.1
  7
汉字专用
  0
MTEXT
  5
173
330
17
100
AcDbEntity
  8
注释
100
AcDbMText
 10
27730.76453445276
 20
-1972.611493752531
 30
0.0
 40
4.049236692066959
 41
26.5230102636422
 71
1
 72
5
  1
%%p0.15
  7
汉字专用
  0
MTEXT
  5
174
330
17
100
AcDbEntity
  8
注释
100
AcDbMText
 10
27766.27771554901
 20
-1972.665099061698
 30
0.0
 40
4.049236692066959
 41
26.5230102636422
 71
1
 72
5
  1
%%p0.2
  7
汉字专用
  0
MTEXT
  5
175
330
17
100
AcDbEntity
  8
注释
100
AcDbMText
 10
27808.37861822247
 20
-1972.658903917639
 30
0.0
 40
4.049236692066959
 41
26.5230102636422
 71
1
 72
5
  1
%%p0.3
  7
汉字专用
  0
LINE
  5
176
330
17
100
AcDbEntity
  8
明细栏
370
9
100
AcDbLine
 10
27836.46387140062
 20
-1954.946901147877
 30
0.0
 11
27836.40923514705
 21
-1996.674351889797
 31
0.0
  0
MTEXT
  5
177
330
17
100
AcDbEntity
  8
注释
100
AcDbMText
 10
27841.52485341161
 20
-1959.334103146417
 30
0.0
 40
4.049236692066959
 41
50.90863103524423
 71
1
 72
5
  1
{\fSimSun|b0|i0|c134|p6;＞}1000   2000
  7
汉字专用
  0
SPLINE
  5
178
330
17
100
AcDbEntity
  8
注释
100
AcDbSpline
 70
1064
 71
3
 72
10
 73
6
 74
4
 40
0.0
 40
0.0
 40
0.0
 40
0.0
 40
1.692373490387591
 40
3.954686483031567
 40
6.216409656815925
 40
6.216409656815925
 40
6.216409656815925
 40
6.216409656815925
 10
27856.73135411931
 20
-1962.128269179338
 30
0.0
 10
27857.10316281116
 20
-1961.540936181821
 30
0.0
 10
27857.97199396239
 20
-1960.168474441248
 30
0.0
 10
27859.92188368852
 20
-1962.751264124608
 30
0.0
 10
27861.27364954363
 20
-1961.601073125419
 30
0.0
 10
27861.94944435329
 20
-1961.0260526036
 30
0.0
 11
27856.73135411931
 21
-1962.128269179338
 31
0.0
 11
27857.91483782036
 21
-1960.918519469561
 31
0.0
 11
27859.90524425816
 21
-1961.993853040624
 31
0.0
 11
27861.94944435329
 21
-1961.0260526036
 31
0.0
  0
MTEXT
  5
179
330
17
100
AcDbEntity
  8
注释
100
AcDbMText
 10
27847.34828417083
 20
-1972.488635200894
 30
0.0
 40
4.049236692066959
 41
26.5230102636422
 71
1
 72
5
  1
%%p0.5
  7
汉字专用
  0
MTEXT
  5
17A
330
17
100
AcDbEntity
  8
注释
370
-3
100
AcDbMText
 10
27658.23040230532
 20
-1856.136899125191
 30
0.0
 40
5.884423671274536
 41
229.8328834805372
 71
1
 72
5
  3
    技术要求\P1、未注折弯内圆角不超过R0.6\P2、未注倒角为2x45%%D\P3、去毛刺，不允许切边位置留有毛刺刮手；\P4、去油污，不得划碰伤工件表面，具体外观检验标准参照巨烽五金件检验要求：《PG.D0036-五金件通用检验规范》\P5、未特别标明的所有配合部位的孔位、柱位等配合公差均依照下表(GB/T 1804-2000)精密F级公差要求。非配合部位的未注公差依照如下中等M级精度公差要求。角度公差为%%P0.5%%D\P\P\P\P\P\P6、标识"    " 为：轮廓尺寸，客户
  1
安装尺寸，易产生问题的尺寸等需要重点控制的尺寸。\P7、紧固件说明：Y1:9-S-M3-1 Y2: 5-BSO-3.5M3-8  Y3: 1-M4x15螺杆\P8、切口需做防锈（喷漆）处理。\P9、零件必须符合RoHS。\P10、盐雾测试48H，符合GB/T10125-1997要求。
  7
汉字专用
  0
LWPOLYLINE
  5
17B
330
17
100
AcDbEntity
  8
注释
100
AcDbPolyline
 90
4
 70
1
 10
27686.05555001263
 20
-2005.219487983243
 10
27696.90000296539
 20
-2005.219487983243
 10
27696.90000296539
 20
-2010.635033588305
 10
27686.05555001263
 20
-2010.635033588305
  0
LINE
  5
17C
330
17
100
AcDbEntity
  8
明细栏
370
9
100
AcDbLine
 10
28306.92837894849
 20
-2005.923099265268
 30
0.0
 11
28306.92837894849
 21
-2123.611572690759
 31
0.0
  0
LINE
  5
17D
330
17
100
AcDbEntity
  8
明细栏
370
9
100
AcDbLine
 10
28390.29104762486
 20
-2005.923099265269
 30
0.0
 11
28390.29104762486
 21
-2035.345217621639
 31
0.0
  0
LINE
  5
17E
330
17
100
AcDbEntity
  8
明细栏
370
9
100
AcDbLine
 10
28336.35049730485
 20
-2005.923099265268
 30
0.0
 11
28336.35049730485
 21
-2035.345217621639
 31
0.0
  0
MTEXT
  5
17F
330
17
100
AcDbEntity
  8
注释
100
AcDbMText
 10
28175.75476794298
 20
-2086.833924745294
 30
0.0
 40
7.355529589093174
 41
36.77764794546521
 71
5
 72
5
  1
杨阳
  7
汉字专用
  0
MTEXT
  5
180
330
17
100
AcDbEntity
  8
注释
100
AcDbMText
 10
28248.8911731299
 20
-2086.231532614422
 30
0.0
 40
5.884423671274536
 41
29.42211835637217
 71
5
 72
5
  1
2020-01-16
  7
汉字专用
  0
MTEXT
  5
181
330
17
100
AcDbEntity
  8
注释
370
-3
100
AcDbMText
 10
28511.81951524846
 20
-2007.562293156683
 30
0.0
 40
7.355529589093174
 41
150.4086112491022
 71
1
 72
5
  1
无
  7
汉字专用
  0
LINE
  5
182
330
17
100
AcDbEntity
  8
0
  6
Continuous
 62
7
100
AcDbLine
 10
27695.33825738721
 20
-1435.819019909422
 30
0.0
 11
27632.181131309
 21
-1435.819019909422
 31
0.0
  0
LINE
  5
183
330
17
100
AcDbEntity
  8
0
  6
Continuous
 62
7
100
AcDbLine
 10
27695.33825738721
 20
-1435.819019909422
 30
0.0
 11
27695.33825738721
 21
-1399.17363627163
 31
0.0
  0
MTEXT
  5
184
330
17
100
AcDbEntity
  8
注释
 62
0
370
-3
100
AcDbMText
 10
27642.7000089813
 20
-1404.496363164036
 30
0.0
 40
9.731365646370271
 41
134.4361734382806
 71
1
 72
5
  1
{\fSimSun|b0|i0|c134|p2; 归档图纸}
  7
字母和汉字
  0
MTEXT
  5
185
330
17
100
AcDbEntity
  8
注释
 62
0
370
-3
100
AcDbMText
 10
27631.28795019513
 20
-1420.419771552099
 30
0.0
 40
9.731365646370271
 41
134.4361734382806
 71
1
 72
5
  1
{\fSimSun|b0|i0|c134|p2;   打样图纸}
  7
字母和汉字
  0
LINE
  5
186
330
17
100
AcDbEntity
  8
DIM
 62
0
100
AcDbLine
 10
27636.36793883802
 20
-1406.470144603549
 30
0.0
 11
27645.76184450203
 21
-1406.470144603549
 31
0.0
  0
LINE
  5
187
330
17
100
AcDbEntity
  8
DIM
 62
0
100
AcDbLine
 10
27645.76184450203
 20
-1406.470144603549
 30
0.0
 11
27645.76184450203
 21
-1415.86405026755
 31
0.0
  0
LINE
  5
188
330
17
100
AcDbEntity
  8
DIM
 62
0
100
AcDbLine
 10
27645.76184450203
 20
-1415.86405026755
 30
0.0
 11
27636.36793883802
 21
-1415.86405026755
 31
0.0
  0
LINE
  5
189
330
17
100
AcDbEntity
  8
DIM
 62
0
100
AcDbLine
 10
27636.36793883802
 20
-1415.86405026755
 30
0.0
 11
27636.36793883802
 21
-1406.470144603549
 31
0.0
  0
HATCH
  5
18A
330
17
100
AcDbEntity
  8
注释
 62
0
100
AcDbHatch
 10
0.0
 20
0.0
 30
0.0
210
0.0
220
0.0
230
1.0
  2
SOLID
 70
1
 71
0
 91
1
 92
1
 93
4
 72
1
 10
27636.36793883802
 20
-1422.61742947455
 11
27645.76184450203
 21
-1422.61742947455
 72
1
 10
27645.76184450203
 20
-1422.61742947455
 11
27645.76184450203
 21
-1432.011335138551
 72
1
 10
27645.76184450203
 20
-1432.011335138551
 11
27636.36793883802
 21
-1432.011335138551
 72
1
 10
27636.36793883802
 20
-1432.011335138551
 11
27636.36793883802
 21
-1422.61742947455
 97
4
330
2CA70
330
2CA71
330
2CA72
330
2CA73
 75
0
 76
1
 98
1
 10
-33775.59325505706
 20
-98.6913057685066
  0
LINE
  5
18B
330
17
100
AcDbEntity
  8
DIM
 62
0
100
AcDbLine
 10
27636.36793883802
 20
-1422.61742947455
 30
0.0
 11
27645.76184450203
 21
-1422.61742947455
 31
0.0
  0
LINE
  5
18C
330
17
100
AcDbEntity
  8
DIM
 62
0
100
AcDbLine
 10
27645.76184450203
 20
-1422.61742947455
 30
0.0
 11
27645.76184450203
 21
-1432.011335138551
 31
0.0
  0
LINE
  5
18D
330
17
100
AcDbEntity
  8
DIM
 62
0
100
AcDbLine
 10
27645.76184450203
 20
-1432.011335138551
 30
0.0
 11
27636.36793883802
 21
-1432.011335138551
 31
0.0
  0
LINE
  5
18E
330
17
100
AcDbEntity
  8
DIM
 62
0
100
AcDbLine
 10
27636.36793883802
 20
-1432.011335138551
 30
0.0
 11
27636.36793883802
 21
-1422.61742947455
 31
0.0
  0
LINE
  5
18F
330
17
100
AcDbEntity
  8
0
  6
Continuous
 62
7
100
AcDbLine
 10
27874.42351161636
 20
-1478.31495473116
 30
0.0
 11
27874.42351161636
 21
-1477.11495473086
 31
0.0
  0
LINE
  5
190
330
17
100
AcDbEntity
  8
0
  6
Continuous
 62
7
100
AcDbLine
 10
27876.42351161686
 20
-1478.31495473116
 30
0.0
 11
27876.42351161686
 21
-1477.11495473086
 31
0.0
  0
LINE
  5
191
330
17
100
AcDbEntity
  8
0
  6
Continuous
 62
7
100
AcDbLine
 10
27882.52351161648
 20
-1478.51495472994
 30
0.0
 11
27882.52351161648
 21
-1489.11495473132
 31
0.0
  0
LINE
  5
192
330
17
100
AcDbEntity
  8
0
  6
Continuous
 62
7
100
AcDbLine
 10
27883.72351161678
 20
-1478.51495472994
 30
0.0
 11
27883.72351161678
 21
-1489.11495473132
 31
0.0
  0
LINE
  5
193
330
17
100
AcDbEntity
  8
0
  6
Continuous
 62
7
100
AcDbLine
 10
27911.05351161504
 20
-1489.11495473132
 30
0.0
 11
27911.05351161504
 21
-1477.11495473086
 31
0.0
  0
LINE
  5
194
330
17
100
AcDbEntity
  8
0
  6
Continuous
 62
7
100
AcDbLine
 10
27911.5535116158
 20
-1478.31495473116
 30
0.0
 11
27911.5535116158
 21
-1477.11495473086
 31
0.0
  0
LINE
  5
195
330
17
100
AcDbEntity
  8
0
  6
Continuous
 62
7
100
AcDbLine
 10
27913.5535116163
 20
-1478.31495473116
 30
0.0
 11
27913.5535116163
 21
-1477.11495473086
 31
0.0
  0
LINE
  5
196
330
17
100
AcDbEntity
  8
0
  6
Continuous
 62
7
100
AcDbLine
 10
27922.55351161474
 20
-1478.31495473116
 30
0.0
 11
27922.55351161474
 21
-1477.11495473086
 31
0.0
  0
LINE
  5
197
330
17
100
AcDbEntity
  8
0
  6
Continuous
 62
7
100
AcDbLine
 10
27924.55351161524
 20
-1478.31495473116
 30
0.0
 11
27924.55351161524
 21
-1477.11495473086
 31
0.0
  0
LINE
  5
198
330
17
100
AcDbEntity
  8
0
  6
Continuous
 62
7
100
AcDbLine
 10
27925.053511616
 20
-1489.11495473132
 30
0.0
 11
27925.053511616
 21
-1477.11495473086
 31
0.0
  0
LINE
  5
199
330
17
100
AcDbEntity
  8
0
  6
Continuous
 62
7
100
AcDbLine
 10
27950.12247747492
 20
-1470.3149547317
 30
0.0
 11
27950.12247747492
 21
-1477.11495473086
 31
0.0
  0
LINE
  5
19A
330
17
100
AcDbEntity
  8
0
  6
Continuous
 62
7
100
AcDbLine
 10
27955.22351161624
 20
-1477.11495473086
 30
0.0
 11
27955.22351161624
 21
-1474.31495473016
 31
0.0
  0
LINE
  5
19B
330
17
100
AcDbEntity
  8
0
  6
Continuous
 62
7
100
AcDbLine
 10
27955.522477475
 20
-1470.3149547317
 30
0.0
 11
27955.522477475
 21
-1474.31495473016
 31
0.0
  0
LINE
  5
19C
330
17
100
AcDbEntity
  8
0
  6
Continuous
 62
7
100
AcDbLine
 10
27958.22351161572
 20
-1477.11495473086
 30
0.0
 11
27958.22351161572
 21
-1474.31495473016
 31
0.0
  0
LINE
  5
19D
330
17
100
AcDbEntity
  8
0
  6
Continuous
 62
7
100
AcDbLine
 10
27986.46478801342
 20
-1475.51495473046
 30
0.0
 11
27986.46478801342
 21
-1474.31495473016
 31
0.0
  0
LINE
  5
19E
330
17
100
AcDbEntity
  8
0
  6
Continuous
 62
7
100
AcDbLine
 10
27992.58223521716
 20
-1475.51495473046
 30
0.0
 11
27992.58223521716
 21
-1474.31495473016
 31
0.0
  0
LINE
  5
19F
330
17
100
AcDbEntity
  8
0
  6
Continuous
 62
7
100
AcDbLine
 10
27983.41435573482
 20
-1475.6279384669
 30
0.0
 11
27982.53956333658
 21
-1476.55224741584
 31
0.0
  0
LINE
  5
1A0
330
17
100
AcDbEntity
  8
0
  6
Continuous
 62
7
100
AcDbLine
 10
27984.28590781442
 20
-1476.45280025634
 30
0.0
 11
27983.6592259004
 21
-1477.11495473086
 31
0.0
  0
LINE
  5
1A1
330
17
100
AcDbEntity
  8
0
  6
Continuous
 62
7
100
AcDbLine
 10
27983.1341220103
 20
-1477.11495473086
 30
0.0
 11
27982.53956333658
 21
-1476.55224741584
 31
0.0
  0
LINE
  5
1A2
330
17
100
AcDbEntity
  8
0
  6
Continuous
 62
7
100
AcDbLine
 10
28002.02351161524
 20
-1477.11495473086
 30
0.0
 11
28002.02351161524
 21
-1474.31495473016
 31
0.0
  0
LINE
  5
1A3
330
17
100
AcDbEntity
  8
0
  6
Continuous
 62
7
100
AcDbLine
 10
28005.02351161472
 20
-1477.11495473086
 30
0.0
 11
28005.02351161472
 21
-1474.31495473016
 31
0.0
  0
LINE
  5
1A4
330
17
100
AcDbEntity
  8
0
  6
Continuous
 62
7
100
AcDbLine
 10
27994.76111541616
 20
-1476.45280025634
 30
0.0
 11
27995.63266749576
 21
-1475.6279384669
 31
0.0
  0
LINE
  5
1A5
330
17
100
AcDbEntity
  8
0
  6
Continuous
 62
7
100
AcDbLine
 10
27995.91290122282
 20
-1477.11495473086
 30
0.0
 11
27996.507459894
 21
-1476.55224741584
 31
0.0
  0
LINE
  5
1A6
330
17
100
AcDbEntity
  8
0
  6
Continuous
 62
7
100
AcDbLine
 10
27984.28590781442
 20
-1476.45280025634
 30
0.0
 11
27983.41435573482
 21
-1475.6279384669
 31
0.0
  0
LINE
  5
1A7
330
17
100
AcDbEntity
  8
0
  6
Continuous
 62
7
100
AcDbLine
 10
27995.38779733018
 20
-1477.11495473086
 30
0.0
 11
27994.76111541616
 21
-1476.45280025634
 31
0.0
  0
LINE
  5
1A8
330
17
100
AcDbEntity
  8
0
  6
Continuous
 62
7
100
AcDbLine
 10
27996.507459894
 20
-1476.55224741584
 30
0.0
 11
27995.63266749576
 21
-1475.6279384669
 31
0.0
  0
LINE
  5
1A9
330
17
100
AcDbEntity
  8
0
  6
Continuous
 62
7
100
AcDbLine
 10
28011.46478801332
 20
-1475.51495473046
 30
0.0
 11
28011.46478801332
 21
-1474.31495473016
 31
0.0
  0
LINE
  5
1AA
330
17
100
AcDbEntity
  8
0
  6
Continuous
 62
7
100
AcDbLine
 10
28007.53956333648
 20
-1476.55224741584
 30
0.0
 11
28008.41435573472
 21
-1475.6279384669
 31
0.0
  0
LINE
  5
1AB
330
17
100
AcDbEntity
  8
0
  6
Continuous
 62
7
100
AcDbLine
 10
28008.6592259003
 20
-1477.11495473086
 30
0.0
 11
28009.28590781432
 21
-1476.45280025634
 31
0.0
  0
LINE
  5
1AC
330
17
100
AcDbEntity
  8
0
  6
Continuous
 62
7
100
AcDbLine
 10
27883.72351161678
 20
-1489.11495473132
 30
0.0
 11
27911.05351161504
 21
-1489.11495473132
 31
0.0
  0
LINE
  5
1AD
330
17
100
AcDbEntity
  8
0
  6
Continuous
 62
7
100
AcDbLine
 10
27883.72351161678
 20
-1489.11495473132
 30
0.0
 11
27882.52351161648
 21
-1489.11495473132
 31
0.0
  0
LINE
  5
1AE
330
17
100
AcDbEntity
  8
0
  6
Continuous
 62
7
100
AcDbLine
 10
27925.053511616
 20
-1489.11495473132
 30
0.0
 11
28029.82247747516
 21
-1489.11495473132
 31
0.0
  0
LINE
  5
1AF
330
17
100
AcDbEntity
  8
0
  6
Continuous
 62
7
100
AcDbLine
 10
28044.8224774751
 20
-1489.11495473132
 30
0.0
 11
28130.59144333332
 21
-1489.11495473132
 31
0.0
  0
LINE
  5
1B0
330
17
100
AcDbEntity
  8
0
  6
Continuous
 62
7
100
AcDbLine
 10
28130.59144333332
 20
-1489.11495473132
 30
0.0
 11
28137.82247747422
 21
-1489.11495473132
 31
0.0
  0
LINE
  5
1B1
330
17
100
AcDbEntity
  8
0
  6
Continuous
 62
7
100
AcDbLine
 10
28151.32247747442
 20
-1489.11495473132
 30
0.0
 11
28164.9214433346
 21
-1489.11495473132
 31
0.0
  0
LINE
  5
1B2
330
17
100
AcDbEntity
  8
0
  6
Continuous
 62
7
100
AcDbLine
 10
28164.9214433346
 20
-1489.11495473132
 30
0.0
 11
28166.1214433349
 21
-1489.11495473132
 31
0.0
  0
LINE
  5
1B3
330
17
100
AcDbEntity
  8
0
  6
Continuous
 62
7
100
AcDbLine
 10
28008.1341220102
 20
-1477.11495473086
 30
0.0
 11
28007.53956333648
 21
-1476.55224741584
 31
0.0
  0
LINE
  5
1B4
330
17
100
AcDbEntity
  8
0
  6
Continuous
 62
7
100
AcDbLine
 10
28009.28590781432
 20
-1476.45280025634
 30
0.0
 11
28008.41435573472
 21
-1475.6279384669
 31
0.0
  0
LINE
  5
1B5
330
17
100
AcDbEntity
  8
0
  6
Continuous
 62
7
100
AcDbLine
 10
28017.58223521706
 20
-1475.51495473046
 30
0.0
 11
28017.58223521706
 21
-1474.31495473016
 31
0.0
  0
LINE
  5
1B6
330
17
100
AcDbEntity
  8
0
  6
Continuous
 62
7
100
AcDbLine
 10
28023.82351161688
 20
-1477.11495473086
 30
0.0
 11
28023.82351161688
 21
-1474.31495473016
 31
0.0
  0
LINE
  5
1B7
330
17
100
AcDbEntity
  8
0
  6
Continuous
 62
7
100
AcDbLine
 10
28019.76111541606
 20
-1476.45280025634
 30
0.0
 11
28020.63266749566
 21
-1475.6279384669
 31
0.0
  0
LINE
  5
1B8
330
17
100
AcDbEntity
  8
0
  6
Continuous
 62
7
100
AcDbLine
 10
28020.91290122272
 20
-1477.11495473086
 30
0.0
 11
28021.5074598939
 21
-1476.55224741584
 31
0.0
  0
LINE
  5
1B9
330
17
100
AcDbEntity
  8
0
  6
Continuous
 62
7
100
AcDbLine
 10
28039.02247747492
 20
-1479.51495473146
 30
0.0
 11
28029.82247747516
 21
-1479.51495473146
 31
0.0
  0
LINE
  5
1BA
330
17
100
AcDbEntity
  8
0
  6
Continuous
 62
7
100
AcDbLine
 10
27883.72351161678
 20
-1478.51495472994
 30
0.0
 11
27911.05351161504
 21
-1478.51495472994
 31
0.0
  0
LINE
  5
1BB
330
17
100
AcDbEntity
  8
0
  6
Continuous
 62
7
100
AcDbLine
 10
27883.72351161678
 20
-1478.51495472994
 30
0.0
 11
27882.52351161648
 21
-1478.51495472994
 31
0.0
  0
LINE
  5
1BC
330
17
100
AcDbEntity
  8
0
  6
Continuous
 62
7
100
AcDbLine
 10
27925.053511616
 20
-1478.51495472994
 30
0.0
 11
28029.82247747516
 21
-1478.51495472994
 31
0.0
  0
LINE
  5
1BD
330
17
100
AcDbEntity
  8
0
  6
Continuous
 62
7
100
AcDbLine
 10
28044.8224774751
 20
-1478.51495472994
 30
0.0
 11
28130.59144333332
 21
-1478.51495472994
 31
0.0
  0
LINE
  5
1BE
330
17
100
AcDbEntity
  8
0
  6
Continuous
 62
7
100
AcDbLine
 10
28130.59144333332
 20
-1478.51495472994
 30
0.0
 11
28137.82247747422
 21
-1478.51495472994
 31
0.0
  0
LINE
  5
1BF
330
17
100
AcDbEntity
  8
0
  6
Continuous
 62
7
100
AcDbLine
 10
28151.32247747442
 20
-1478.51495472994
 30
0.0
 11
28164.9214433346
 21
-1478.51495472994
 31
0.0
  0
LINE
  5
1C0
330
17
100
AcDbEntity
  8
0
  6
Continuous
 62
7
100
AcDbLine
 10
28164.9214433346
 20
-1478.51495472994
 30
0.0
 11
28166.1214433349
 21
-1478.51495472994
 31
0.0
  0
LINE
  5
1C1
330
17
100
AcDbEntity
  8
0
  6
Continuous
 62
7
100
AcDbLine
 10
28151.32247747442
 20
-1478.31495473116
 30
0.0
 11
28130.59144333332
 21
-1478.31495473116
 31
0.0
  0
LINE
  5
1C2
330
17
100
AcDbEntity
  8
0
  6
Continuous
 62
7
100
AcDbLine
 10
28044.8224774751
 20
-1478.31495473116
 30
0.0
 11
28029.82247747516
 21
-1478.31495473116
 31
0.0
  0
LINE
  5
1C3
330
17
100
AcDbEntity
  8
0
  6
Continuous
 62
7
100
AcDbLine
 10
27925.053511616
 20
-1478.31495473116
 30
0.0
 11
27911.05351161504
 21
-1478.31495473116
 31
0.0
  0
LINE
  5
1C4
330
17
100
AcDbEntity
  8
0
  6
Continuous
 62
7
100
AcDbLine
 10
27882.52351161648
 20
-1478.31495473116
 30
0.0
 11
27874.42351161636
 21
-1478.31495473116
 31
0.0
  0
LINE
  5
1C5
330
17
100
AcDbEntity
  8
0
  6
Continuous
 62
7
100
AcDbLine
 10
28166.1214433349
 20
-1478.31495473116
 30
0.0
 11
28174.22144333502
 21
-1478.31495473116
 31
0.0
  0
LINE
  5
1C6
330
17
100
AcDbEntity
  8
0
  6
Continuous
 62
7
100
AcDbLine
 10
27874.42351161636
 20
-1477.11495473086
 30
0.0
 11
28174.22144333502
 21
-1477.11495473086
 31
0.0
  0
LINE
  5
1C7
330
17
100
AcDbEntity
  8
0
  6
Continuous
 62
7
100
AcDbLine
 10
28026.82351161636
 20
-1476.55224741584
 30
0.0
 11
28023.82351161688
 21
-1476.55224741584
 31
0.0
  0
LINE
  5
1C8
330
17
100
AcDbEntity
  8
0
  6
Continuous
 62
7
100
AcDbLine
 10
28005.02351161472
 20
-1476.55224741584
 30
0.0
 11
28002.02351161524
 21
-1476.55224741584
 31
0.0
  0
LINE
  5
1C9
330
17
100
AcDbEntity
  8
0
  6
Continuous
 62
7
100
AcDbLine
 10
27958.22351161572
 20
-1476.55224741584
 30
0.0
 11
27955.22351161624
 21
-1476.55224741584
 31
0.0
  0
LINE
  5
1CA
330
17
100
AcDbEntity
  8
0
  6
Continuous
 62
7
100
AcDbLine
 10
27955.22351161624
 20
-1475.6279384669
 30
0.0
 11
27958.22351161572
 21
-1475.6279384669
 31
0.0
  0
LINE
  5
1CB
330
17
100
AcDbEntity
  8
0
  6
Continuous
 62
7
100
AcDbLine
 10
28002.02351161524
 20
-1475.6279384669
 30
0.0
 11
28005.02351161472
 21
-1475.6279384669
 31
0.0
  0
LINE
  5
1CC
330
17
100
AcDbEntity
  8
0
  6
Continuous
 62
7
100
AcDbLine
 10
28023.82351161688
 20
-1475.6279384669
 30
0.0
 11
28026.82351161636
 21
-1475.6279384669
 31
0.0
  0
LINE
  5
1CD
330
17
100
AcDbEntity
  8
0
  6
Continuous
 62
7
100
AcDbLine
 10
28042.58223521696
 20
-1475.51495473046
 30
0.0
 11
28036.46478801322
 21
-1475.51495473046
 31
0.0
  0
LINE
  5
1CE
330
17
100
AcDbEntity
  8
0
  6
Continuous
 62
7
100
AcDbLine
 10
27992.58223521716
 20
-1475.51495473046
 30
0.0
 11
27986.46478801342
 21
-1475.51495473046
 31
0.0
  0
LINE
  5
1CF
330
17
100
AcDbEntity
  8
0
  6
Continuous
 62
7
100
AcDbLine
 10
28011.46478801332
 20
-1475.51495473046
 30
0.0
 11
28017.58223521706
 21
-1475.51495473046
 31
0.0
  0
LINE
  5
1D0
330
17
100
AcDbEntity
  8
0
  6
Continuous
 62
7
100
AcDbLine
 10
28019.76111541606
 20
-1476.45280025634
 30
0.0
 11
28020.38779733008
 21
-1477.11495473086
 31
0.0
  0
LINE
  5
1D1
330
17
100
AcDbEntity
  8
0
  6
Continuous
 62
7
100
AcDbLine
 10
28020.63266749566
 20
-1475.6279384669
 30
0.0
 11
28021.5074598939
 21
-1476.55224741584
 31
0.0
  0
LINE
  5
1D2
330
17
100
AcDbEntity
  8
0
  6
Continuous
 62
7
100
AcDbLine
 10
28026.82351161636
 20
-1477.11495473086
 30
0.0
 11
28026.82351161636
 21
-1474.31495473016
 31
0.0
  0
LINE
  5
1D3
330
17
100
AcDbEntity
  8
0
  6
Continuous
 62
7
100
AcDbLine
 10
28029.82247747516
 20
-1489.11495473132
 30
0.0
 11
28029.82247747516
 21
-1477.11495473086
 31
0.0
  0
LINE
  5
1D4
330
17
100
AcDbEntity
  8
0
  6
Continuous
 62
7
100
AcDbLine
 10
28030.32247747592
 20
-1478.31495473116
 30
0.0
 11
28030.32247747592
 21
-1477.11495473086
 31
0.0
  0
LINE
  5
1D5
330
17
100
AcDbEntity
  8
0
  6
Continuous
 62
7
100
AcDbLine
 10
28032.32247747388
 20
-1478.31495473116
 30
0.0
 11
28032.32247747388
 21
-1477.11495473086
 31
0.0
  0
LINE
  5
1D6
330
17
100
AcDbEntity
  8
0
  6
Continuous
 62
7
100
AcDbLine
 10
28033.41435573462
 20
-1475.6279384669
 30
0.0
 11
28032.53956333638
 21
-1476.55224741584
 31
0.0
  0
LINE
  5
1D7
330
17
100
AcDbEntity
  8
0
  6
Continuous
 62
7
100
AcDbLine
 10
28034.28590781422
 20
-1476.45280025634
 30
0.0
 11
28033.65922590274
 21
-1477.11495473086
 31
0.0
  0
LINE
  5
1D8
330
17
100
AcDbEntity
  8
0
  6
Continuous
 62
7
100
AcDbLine
 10
28039.52247747568
 20
-1463.31495473122
 30
0.0
 11
28039.32247747436
 21
-1463.51495473
 31
0.0
  0
LINE
  5
1D9
330
17
100
AcDbEntity
  8
0
  6
Continuous
 62
7
100
AcDbLine
 10
28042.58223521696
 20
-1474.31495473016
 30
0.0
 11
28036.46478801322
 21
-1474.31495473016
 31
0.0
  0
LINE
  5
1DA
330
17
100
AcDbEntity
  8
0
  6
Continuous
 62
7
100
AcDbLine
 10
27992.58223521716
 20
-1474.31495473016
 30
0.0
 11
27986.46478801342
 21
-1474.31495473016
 31
0.0
  0
LINE
  5
1DB
330
17
100
AcDbEntity
  8
0
  6
Continuous
 62
7
100
AcDbLine
 10
27955.22351161624
 20
-1474.31495473016
 30
0.0
 11
27958.22351161572
 21
-1474.31495473016
 31
0.0
  0
LINE
  5
1DC
330
17
100
AcDbEntity
  8
0
  6
Continuous
 62
7
100
AcDbLine
 10
28002.02351161524
 20
-1474.31495473016
 30
0.0
 11
28005.02351161472
 21
-1474.31495473016
 31
0.0
  0
LINE
  5
1DD
330
17
100
AcDbEntity
  8
0
  6
Continuous
 62
7
100
AcDbLine
 10
28011.46478801332
 20
-1474.31495473016
 30
0.0
 11
28017.58223521706
 21
-1474.31495473016
 31
0.0
  0
LINE
  5
1DE
330
17
100
AcDbEntity
  8
0
  6
Continuous
 62
7
100
AcDbLine
 10
28023.82351161688
 20
-1474.31495473016
 30
0.0
 11
28026.82351161636
 21
-1474.31495473016
 31
0.0
  0
LINE
  5
1DF
330
17
100
AcDbEntity
  8
0
  6
Continuous
 62
7
100
AcDbLine
 10
28093.52247747394
 20
-1470.3149547317
 30
0.0
 11
28088.12247747386
 21
-1470.3149547317
 31
0.0
  0
LINE
  5
1E0
330
17
100
AcDbEntity
  8
0
  6
Continuous
 62
7
100
AcDbLine
 10
28043.52247747414
 20
-1470.3149547317
 30
0.0
 11
28043.32247747536
 21
-1470.3149547317
 31
0.0
  0
LINE
  5
1E1
330
17
100
AcDbEntity
  8
0
  6
Continuous
 62
7
100
AcDbLine
 10
28039.32247747436
 20
-1470.3149547317
 30
0.0
 11
28038.12247747406
 21
-1470.3149547317
 31
0.0
  0
LINE
  5
1E2
330
17
100
AcDbEntity
  8
0
  6
Continuous
 62
7
100
AcDbLine
 10
27955.522477475
 20
-1470.3149547317
 30
0.0
 11
27950.12247747492
 21
-1470.3149547317
 31
0.0
  0
LINE
  5
1E3
330
17
100
AcDbEntity
  8
0
  6
Continuous
 62
7
100
AcDbLine
 10
28033.1341220101
 20
-1477.11495473086
 30
0.0
 11
28032.53956333638
 21
-1476.55224741584
 31
0.0
  0
LINE
  5
1E4
330
17
100
AcDbEntity
  8
0
  6
Continuous
 62
7
100
AcDbLine
 10
28034.28590781422
 20
-1476.45280025634
 30
0.0
 11
28033.41435573462
 21
-1475.6279384669
 31
0.0
  0
LINE
  5
1E5
330
17
100
AcDbEntity
  8
0
  6
Continuous
 62
7
100
AcDbLine
 10
28036.46478801322
 20
-1475.51495473046
 30
0.0
 11
28036.46478801322
 21
-1474.31495473016
 31
0.0
  0
LINE
  5
1E6
330
17
100
AcDbEntity
  8
0
  6
Continuous
 62
7
100
AcDbLine
 10
28038.12247747406
 20
-1470.3149547317
 30
0.0
 11
28038.12247747406
 21
-1474.31495473016
 31
0.0
  0
LINE
  5
1E7
330
17
100
AcDbEntity
  8
0
  6
Continuous
 62
7
100
AcDbLine
 10
28038.12247747406
 20
-1475.51495473046
 30
0.0
 11
28038.12247747406
 21
-1477.11495473086
 31
0.0
  0
LINE
  5
1E8
330
17
100
AcDbEntity
  8
0
  6
Continuous
 62
7
100
AcDbLine
 10
28039.02247747492
 20
-1479.51495473146
 30
0.0
 11
28039.02247747492
 21
-1478.31495473116
 31
0.0
  0
LINE
  5
1E9
330
17
100
AcDbEntity
  8
0
  6
Continuous
 62
7
100
AcDbLine
 10
28039.32247747436
 20
-1477.11495473086
 30
0.0
 11
28039.32247747436
 21
-1475.51495473046
 31
0.0
  0
LINE
  5
1EA
330
17
100
AcDbEntity
  8
0
  6
Continuous
 62
7
100
AcDbLine
 10
28039.32247747436
 20
-1474.31495473016
 30
0.0
 11
28039.32247747436
 21
-1463.51495473
 31
0.0
  0
LINE
  5
1EB
330
17
100
AcDbEntity
  8
0
  6
Continuous
 62
7
100
AcDbLine
 10
28042.32247747384
 20
-1478.31495473116
 30
0.0
 11
28042.32247747384
 21
-1477.11495473086
 31
0.0
  0
LINE
  5
1EC
330
17
100
AcDbEntity
  8
0
  6
Continuous
 62
7
100
AcDbLine
 10
28042.58223521696
 20
-1475.51495473046
 30
0.0
 11
28042.58223521696
 21
-1474.31495473016
 31
0.0
  0
LINE
  5
1ED
330
17
100
AcDbEntity
  8
0
  6
Continuous
 62
7
100
AcDbLine
 10
28043.32247747536
 20
-1477.11495473086
 30
0.0
 11
28043.32247747536
 21
-1475.61594441418
 31
0.0
  0
LINE
  5
1EE
330
17
100
AcDbEntity
  8
0
  6
Continuous
 62
7
100
AcDbLine
 10
28043.32247747536
 20
-1474.41594441388
 30
0.0
 11
28043.32247747536
 21
-1463.51495473
 31
0.0
  0
LINE
  5
1EF
330
17
100
AcDbEntity
  8
0
  6
Continuous
 62
7
100
AcDbLine
 10
28043.52247747414
 20
-1470.3149547317
 30
0.0
 11
28043.52247747414
 21
-1474.44322998796
 31
0.0
  0
LINE
  5
1F0
330
17
100
AcDbEntity
  8
0
  6
Continuous
 62
7
100
AcDbLine
 10
28043.52247747414
 20
-1475.683399532
 30
0.0
 11
28043.52247747414
 21
-1477.11495473086
 31
0.0
  0
LINE
  5
1F1
330
17
100
AcDbEntity
  8
0
  6
Continuous
 62
7
100
AcDbLine
 10
28044.32247747434
 20
-1478.31495473116
 30
0.0
 11
28044.32247747434
 21
-1477.11495473086
 31
0.0
  0
LINE
  5
1F2
330
17
100
AcDbEntity
  8
0
  6
Continuous
 62
7
100
AcDbLine
 10
28044.8224774751
 20
-1489.11495473132
 30
0.0
 11
28044.8224774751
 21
-1477.11495473086
 31
0.0
  0
LINE
  5
1F3
330
17
100
AcDbEntity
  8
0
  6
Continuous
 62
7
100
AcDbLine
 10
28044.76111541596
 20
-1476.45280025634
 30
0.0
 11
28045.63266749556
 21
-1475.6279384669
 31
0.0
  0
LINE
  5
1F4
330
17
100
AcDbEntity
  8
0
  6
Continuous
 62
7
100
AcDbLine
 10
28045.91290122262
 20
-1477.11495473086
 30
0.0
 11
28046.5074598938
 21
-1476.55224741584
 31
0.0
  0
LINE
  5
1F5
330
17
100
AcDbEntity
  8
0
  6
Continuous
 62
7
100
AcDbLine
 10
28043.32247747536
 20
-1463.51495473
 30
0.0
 11
28039.32247747436
 21
-1463.51495473
 31
0.0
  0
LINE
  5
1F6
330
17
100
AcDbEntity
  8
0
  6
Continuous
 62
7
100
AcDbLine
 10
28043.12247747404
 20
-1463.31495473122
 30
0.0
 11
28039.52247747568
 21
-1463.31495473122
 31
0.0
  0
LINE
  5
1F7
330
17
100
AcDbEntity
  8
0
  6
Continuous
 62
7
100
AcDbLine
 10
28045.38779732998
 20
-1477.11495473086
 30
0.0
 11
28044.76111541596
 21
-1476.45280025634
 31
0.0
  0
LINE
  5
1F8
330
17
100
AcDbEntity
  8
0
  6
Continuous
 62
7
100
AcDbLine
 10
28046.5074598938
 20
-1476.55224741584
 30
0.0
 11
28045.63266749556
 21
-1475.6279384669
 31
0.0
  0
LINE
  5
1F9
330
17
100
AcDbEntity
  8
0
  6
Continuous
 62
7
100
AcDbLine
 10
28043.12247747404
 20
-1463.31495473122
 30
0.0
 11
28043.32247747536
 21
-1463.51495473
 31
0.0
  0
LINE
  5
1FA
330
17
100
AcDbEntity
  8
0
  6
Continuous
 62
7
100
AcDbLine
 10
28088.12247747386
 20
-1470.3149547317
 30
0.0
 11
28088.12247747386
 21
-1477.11495473086
 31
0.0
  0
LINE
  5
1FB
330
17
100
AcDbEntity
  8
0
  6
Continuous
 62
7
100
AcDbLine
 10
28093.52247747394
 20
-1470.3149547317
 30
0.0
 11
28093.52247747394
 21
-1477.11495473086
 31
0.0
  0
LINE
  5
1FC
330
17
100
AcDbEntity
  8
0
  6
Continuous
 62
7
100
AcDbLine
 10
28130.59144333332
 20
-1489.11495473132
 30
0.0
 11
28130.59144333332
 21
-1477.11495473086
 31
0.0
  0
LINE
  5
1FD
330
17
100
AcDbEntity
  8
0
  6
Continuous
 62
7
100
AcDbLine
 10
28131.09144333408
 20
-1478.31495473116
 30
0.0
 11
28131.09144333408
 21
-1477.11495473086
 31
0.0
  0
LINE
  5
1FE
330
17
100
AcDbEntity
  8
0
  6
Continuous
 62
7
100
AcDbLine
 10
28133.09144333458
 20
-1478.31495473116
 30
0.0
 11
28133.09144333458
 21
-1477.11495473086
 31
0.0
  0
LINE
  5
1FF
330
17
100
AcDbEntity
  8
0
  6
Continuous
 62
7
100
AcDbLine
 10
28137.82247747422
 20
-1489.11495473132
 30
0.0
 11
28137.82247747422
 21
-1478.31495473116
 31
0.0
  0
LINE
  5
200
330
17
100
AcDbEntity
  8
0
  6
Continuous
 62
7
100
AcDbLine
 10
28148.8224774757
 20
-1478.31495473116
 30
0.0
 11
28148.8224774757
 21
-1477.11495473086
 31
0.0
  0
LINE
  5
201
330
17
100
AcDbEntity
  8
0
  6
Continuous
 62
7
100
AcDbLine
 10
28150.82247747366
 20
-1478.31495473116
 30
0.0
 11
28150.82247747366
 21
-1477.11495473086
 31
0.0
  0
LINE
  5
202
330
17
100
AcDbEntity
  8
0
  6
Continuous
 62
7
100
AcDbLine
 10
28151.32247747442
 20
-1489.11495473132
 30
0.0
 11
28151.32247747442
 21
-1477.11495473086
 31
0.0
  0
LINE
  5
203
330
17
100
AcDbEntity
  8
0
  6
Continuous
 62
7
100
AcDbLine
 10
28164.9214433346
 20
-1478.51495472994
 30
0.0
 11
28164.9214433346
 21
-1489.11495473132
 31
0.0
  0
LINE
  5
204
330
17
100
AcDbEntity
  8
0
  6
Continuous
 62
7
100
AcDbLine
 10
28166.1214433349
 20
-1478.51495472994
 30
0.0
 11
28166.1214433349
 21
-1489.11495473132
 31
0.0
  0
LINE
  5
205
330
17
100
AcDbEntity
  8
0
  6
Continuous
 62
7
100
AcDbLine
 10
28172.22144333452
 20
-1478.31495473116
 30
0.0
 11
28172.22144333452
 21
-1477.11495473086
 31
0.0
  0
LINE
  5
206
330
17
100
AcDbEntity
  8
0
  6
Continuous
 62
7
100
AcDbLine
 10
28174.22144333502
 20
-1478.31495473116
 30
0.0
 11
28174.22144333502
 21
-1477.11495473086
 31
0.0
  0
LINE
  5
207
330
17
100
AcDbEntity
  8
0
  6
Continuous
 62
7
100
AcDbLine
 10
28565.6588475296
 20
-1814.857259539317
 30
0.0
 11
28574.65884752804
 21
-1814.857259539317
 31
0.0
  0
LINE
  5
208
330
17
100
AcDbEntity
  8
0
  6
Continuous
 62
7
100
AcDbLine
 10
28604.48884752756
 20
-1806.757259539197
 30
0.0
 11
28577.1588475293
 21
-1806.757259539197
 31
0.0
  0
LINE
  5
209
330
17
100
AcDbEntity
  8
0
  6
Continuous
 62
7
100
AcDbLine
 10
28577.1588475293
 20
-1805.557259538898
 30
0.0
 11
28605.68884752786
 21
-1805.557259538898
 31
0.0
  0
LINE
  5
20A
330
17
100
AcDbEntity
  8
0
  6
Continuous
 62
7
100
AcDbLine
 10
28576.65884752854
 20
-1805.357259540117
 30
0.0
 11
28604.28884752879
 21
-1805.357259540117
 31
0.0
  0
LINE
  5
20B
330
17
100
AcDbEntity
  8
0
  6
Continuous
 62
7
100
AcDbLine
 10
28595.8898816699
 20
-1781.507259538917
 30
0.0
 11
28598.88988166939
 21
-1781.507259538917
 31
0.0
  0
LINE
  5
20C
330
17
100
AcDbEntity
  8
0
  6
Continuous
 62
7
100
AcDbLine
 10
28598.88988166939
 20
-1777.507259540457
 30
0.0
 11
28595.8898816699
 21
-1777.507259540457
 31
0.0
  0
LINE
  5
20D
330
17
100
AcDbEntity
  8
0
  6
Continuous
 62
7
100
AcDbLine
 10
28605.68884752786
 20
-1773.257259539077
 30
0.0
 11
28604.28884752879
 21
-1773.257259539077
 31
0.0
  0
LINE
  5
20E
330
17
100
AcDbEntity
  8
0
  6
Continuous
 62
7
100
AcDbLine
 10
28604.28884752879
 20
-1761.757259539377
 30
0.0
 11
28611.78884752748
 21
-1761.757259539377
 31
0.0
  0
LINE
  5
20F
330
17
100
AcDbEntity
  8
0
  6
Continuous
 62
7
100
AcDbLine
 10
28604.28884752879
 20
-1747.757259540957
 30
0.0
 11
28611.78884752748
 21
-1747.757259540957
 31
0.0
  0
LINE
  5
210
330
17
100
AcDbEntity
  8
0
  6
Continuous
 62
7
100
AcDbLine
 10
28605.68884752786
 20
-1747.257259540197
 30
0.0
 11
28604.48884752756
 21
-1747.257259540197
 31
0.0
  0
LINE
  5
211
330
17
100
AcDbEntity
  8
0
  6
Continuous
 62
7
100
AcDbLine
 10
28602.63988167
 20
-1722.007259539917
 30
0.0
 11
28604.48884752756
 21
-1722.007259539917
 31
0.0
  0
LINE
  5
212
330
17
100
AcDbEntity
  8
0
  6
Continuous
 62
7
100
AcDbLine
 10
28604.48884752756
 20
-1703.507259539738
 30
0.0
 11
28602.63988167
 21
-1703.507259539738
 31
0.0
  0
LINE
  5
213
330
17
100
AcDbEntity
  8
0
  6
Continuous
 62
7
100
AcDbLine
 10
28605.68884752786
 20
-1675.257259539977
 30
0.0
 11
28604.48884752756
 21
-1675.257259539977
 31
0.0
  0
LINE
  5
214
330
17
100
AcDbEntity
  8
0
  6
Continuous
 62
7
100
AcDbLine
 10
28604.28884752879
 20
-1674.757259539217
 30
0.0
 11
28611.78884752748
 21
-1674.757259539217
 31
0.0
  0
LINE
  5
215
330
17
100
AcDbEntity
  8
0
  6
Continuous
 62
7
100
AcDbLine
 10
28604.28884752879
 20
-1662.757259541297
 30
0.0
 11
28611.78884752748
 21
-1662.757259541297
 31
0.0
  0
LINE
  5
216
330
17
100
AcDbEntity
  8
0
  6
Continuous
 62
7
100
AcDbLine
 10
28605.68884752786
 20
-1651.257259539057
 30
0.0
 11
28604.28884752879
 21
-1651.257259539057
 31
0.0
  0
LINE
  5
217
330
17
100
AcDbEntity
  8
0
  6
Continuous
 62
7
100
AcDbLine
 10
28595.8898816699
 20
-1648.007259539198
 30
0.0
 11
28598.88988166939
 21
-1648.007259539198
 31
0.0
  0
LINE
  5
218
330
17
100
AcDbEntity
  8
0
  6
Continuous
 62
7
100
AcDbLine
 10
28598.88988166939
 20
-1644.007259540737
 30
0.0
 11
28595.8898816699
 21
-1644.007259540737
 31
0.0
  0
LINE
  5
219
330
17
100
AcDbEntity
  8
0
  6
Continuous
 62
7
100
AcDbLine
 10
28604.28884752879
 20
-1620.157259539537
 30
0.0
 11
28577.65884752753
 21
-1620.157259539537
 31
0.0
  0
LINE
  5
21A
330
17
100
AcDbEntity
  8
0
  6
Continuous
 62
7
100
AcDbLine
 10
28578.15884752828
 20
-1619.957259540758
 30
0.0
 11
28605.68884752786
 21
-1619.957259540758
 31
0.0
  0
LINE
  5
21B
330
17
100
AcDbEntity
  8
0
  6
Continuous
 62
7
100
AcDbLine
 10
28578.15884752828
 20
-1618.757259540457
 30
0.0
 11
28604.48884752756
 21
-1618.757259540457
 31
0.0
  0
LINE
  5
21C
330
17
100
AcDbEntity
  8
0
  6
Continuous
 62
7
100
AcDbLine
 10
28575.65884752956
 20
-1611.157259541097
 30
0.0
 11
28560.65884752963
 21
-1611.157259541097
 31
0.0
  0
LINE
  5
21D
330
17
100
AcDbEntity
  8
0
  6
Continuous
 62
7
100
AcDbLine
 10
28576.65884752854
 20
-1805.357259540117
 30
0.0
 11
28576.65884752854
 21
-1812.857259541357
 31
0.0
  0
LINE
  5
21E
330
17
100
AcDbEntity
  8
0
  6
Continuous
 62
7
100
AcDbLine
 10
28577.1588475293
 20
-1806.757259539197
 30
0.0
 11
28577.1588475293
 21
-1805.557259538898
 31
0.0
  0
LINE
  5
21F
330
17
100
AcDbEntity
  8
0
  6
Continuous
 62
7
100
AcDbLine
 10
28577.65884752753
 20
-1613.157259539057
 30
0.0
 11
28577.65884752753
 21
-1620.157259539537
 31
0.0
  0
LINE
  5
220
330
17
100
AcDbEntity
  8
0
  6
Continuous
 62
7
100
AcDbLine
 10
28578.15884752828
 20
-1618.757259540457
 30
0.0
 11
28578.15884752828
 21
-1619.957259540758
 31
0.0
  0
LINE
  5
221
330
17
100
AcDbEntity
  8
0
  6
Continuous
 62
7
100
AcDbLine
 10
28602.63988167
 20
-1703.507259539738
 30
0.0
 11
28602.63988167
 21
-1722.007259539917
 31
0.0
  0
LINE
  5
222
330
17
100
AcDbEntity
  8
0
  6
Continuous
 62
7
100
AcDbLine
 10
28604.28884752879
 20
-1805.357259540117
 30
0.0
 11
28604.28884752879
 21
-1761.757259539377
 31
0.0
  0
LINE
  5
223
330
17
100
AcDbEntity
  8
0
  6
Continuous
 62
7
100
AcDbLine
 10
28604.28884752879
 20
-1747.757259540957
 30
0.0
 11
28604.28884752879
 21
-1722.007259539917
 31
0.0
  0
LINE
  5
224
330
17
100
AcDbEntity
  8
0
  6
Continuous
 62
7
100
AcDbLine
 10
28604.28884752879
 20
-1703.507259539738
 30
0.0
 11
28604.28884752879
 21
-1674.757259539217
 31
0.0
  0
LINE
  5
225
330
17
100
AcDbEntity
  8
0
  6
Continuous
 62
7
100
AcDbLine
 10
28604.28884752879
 20
-1662.757259541297
 30
0.0
 11
28604.28884752879
 21
-1620.157259539537
 31
0.0
  0
LINE
  5
226
330
17
100
AcDbEntity
  8
0
  6
Continuous
 62
7
100
AcDbLine
 10
28604.48884752756
 20
-1806.757259539197
 30
0.0
 11
28604.48884752756
 21
-1773.257259539077
 31
0.0
  0
LINE
  5
227
330
17
100
AcDbEntity
  8
0
  6
Continuous
 62
7
100
AcDbLine
 10
28604.48884752756
 20
-1747.257259540197
 30
0.0
 11
28604.48884752756
 21
-1675.257259539977
 31
0.0
  0
LINE
  5
228
330
17
100
AcDbEntity
  8
0
  6
Continuous
 62
7
100
AcDbLine
 10
28604.48884752756
 20
-1651.257259539057
 30
0.0
 11
28604.48884752756
 21
-1618.757259540457
 31
0.0
  0
LINE
  5
229
330
17
100
AcDbEntity
  8
0
  6
Continuous
 62
7
100
AcDbLine
 10
28605.68884752786
 20
-1619.957259540758
 30
0.0
 11
28605.68884752786
 21
-1651.257259539057
 31
0.0
  0
LINE
  5
22A
330
17
100
AcDbEntity
  8
0
  6
Continuous
 62
7
100
AcDbLine
 10
28605.68884752786
 20
-1675.257259539977
 30
0.0
 11
28605.68884752786
 21
-1747.257259540197
 31
0.0
  0
LINE
  5
22B
330
17
100
AcDbEntity
  8
0
  6
Continuous
 62
7
100
AcDbLine
 10
28605.68884752786
 20
-1773.257259539077
 30
0.0
 11
28605.68884752786
 21
-1805.557259538898
 31
0.0
  0
LINE
  5
22C
330
17
100
AcDbEntity
  8
0
  6
Continuous
 62
7
100
AcDbLine
 10
28613.78884752798
 20
-1759.757259541418
 30
0.0
 11
28613.78884752798
 21
-1749.757259538917
 31
0.0
  0
LINE
  5
22D
330
17
100
AcDbEntity
  8
0
  6
Continuous
 62
7
100
AcDbLine
 10
28613.78884752798
 20
-1672.757259541257
 30
0.0
 11
28613.78884752798
 21
-1664.757259539257
 31
0.0
  0
CIRCLE
  5
22E
330
17
100
AcDbEntity
  8
0
  6
Continuous
 62
7
100
AcDbCircle
 10
28610.38988166908
 20
-1754.757259538897
 30
0.0
 40
2.0000000005
  0
CIRCLE
  5
22F
330
17
100
AcDbEntity
  8
0
  6
Continuous
 62
7
100
AcDbCircle
 10
28571.88988166898
 20
-1811.257259540957
 30
0.0
 40
2.0000000005
  0
CIRCLE
  5
230
330
17
100
AcDbEntity
  8
0
  6
Continuous
 62
7
100
AcDbCircle
 10
28610.38988166908
 20
-1668.757259540257
 30
0.0
 40
2.0000000005
  0
CIRCLE
  5
231
330
17
100
AcDbEntity
  8
0
  6
Continuous
 62
7
100
AcDbCircle
 10
28572.8898816705
 20
-1614.257259541237
 30
0.0
 40
2.0000000005
  0
LINE
  5
232
330
17
100
AcDbEntity
  8
0
  6
Continuous
 62
7
100
AcDbLine
 10
28164.9214433346
 20
-1478.51495472994
 30
0.0
 11
28164.871443333
 21
-1477.9791979249
 31
0.0
  0
LINE
  5
233
330
17
100
AcDbEntity
  8
0
  6
Continuous
 62
7
100
AcDbLine
 10
27883.72351161678
 20
-1478.51495472994
 30
0.0
 11
27883.77351161584
 21
-1477.9791979249
 31
0.0
  0
MTEXT
  5
234
330
17
100
AcDbEntity
  8
注释
370
-3
100
AcDbMText
 10
27946.38377328098
 20
-1634.86577542032
 30
0.0
 40
5.045893298117918
 41
81.69916523695734
 71
1
 72
5
  1
{\fSimSun|b0|i0|c134|p2;Y1}
  7
字母和汉字
  0
MTEXT
  5
235
330
17
100
AcDbEntity
  8
注释
370
-3
100
AcDbMText
 10
28006.48815796428
 20
-1634.111480514317
 30
0.0
 40
5.045893298117918
 41
81.69916523695734
 71
1
 72
5
  1
{\fSimSun|b0|i0|c134|p2;Y1}
  7
字母和汉字
  0
MTEXT
  5
236
330
17
100
AcDbEntity
  8
注释
370
-3
100
AcDbMText
 10
28064.78506523321
 20
-1626.035744416465
 30
0.0
 40
5.045893298117918
 41
81.69916523695734
 71
1
 72
5
  1
{\fSimSun|b0|i0|c134|p2;Y1}
  7
字母和汉字
  0
MTEXT
  5
237
330
17
100
AcDbEntity
  8
注释
370
-3
100
AcDbMText
 10
28122.15517349421
 20
-1650.662137158968
 30
0.0
 40
5.045893298117918
 41
81.69916523695734
 71
1
 72
5
  1
{\fSimSun|b0|i0|c134|p2;Y1}
  7
字母和汉字
  0
MTEXT
  5
238
330
17
100
AcDbEntity
  8
注释
370
-3
100
AcDbMText
 10
28123.61655793382
 20
-1694.766514776125
 30
0.0
 40
5.045893298117918
 41
81.69916523695734
 71
1
 72
5
  1
{\fSimSun|b0|i0|c134|p2;Y1}
  7
字母和汉字
  0
MTEXT
  5
239
330
17
100
AcDbEntity
  8
注释
370
-3
100
AcDbMText
 10
28122.97246199062
 20
-1742.103277911467
 30
0.0
 40
5.045893298117918
 41
81.69916523695734
 71
1
 72
5
  1
{\fSimSun|b0|i0|c134|p2;Y1}
  7
字母和汉字
  0
MTEXT
  5
23A
330
17
100
AcDbEntity
  8
注释
370
-3
100
AcDbMText
 10
27931.66843988643
 20
-1650.157844408649
 30
0.0
 40
5.045893298117918
 41
81.69916523695734
 71
1
 72
5
  1
{\fSimSun|b0|i0|c134|p2;Y1}
  7
字母和汉字
  0
MTEXT
  5
23B
330
17
100
AcDbEntity
  8
注释
370
-3
100
AcDbMText
 10
27921.09584793343
 20
-1695.64524865942
 30
0.0
 40
5.045893298117918
 41
81.69916523695734
 71
1
 72
5
  1
{\fSimSun|b0|i0|c134|p2;Y1}
  7
字母和汉字
  0
MTEXT
  5
23C
330
17
100
AcDbEntity
  8
注释
370
-3
100
AcDbMText
 10
27921.4609677035
 20
-1740.160833026705
 30
0.0
 40
5.045893298117918
 41
81.69916523695734
 71
1
 72
5
  1
{\fSimSun|b0|i0|c134|p2;Y1}
  7
字母和汉字
  0
MTEXT
  5
23D
330
17
100
AcDbEntity
  8
注释
370
-3
100
AcDbMText
 10
27954.70500835324
 20
-1678.80646733575
 30
0.0
 40
5.045893298117918
 41
81.69916523695734
 71
1
 72
5
  1
{\fSimSun|b0|i0|c134|p2;\C6;Y2}
  7
字母和汉字
  0
MTEXT
  5
23E
330
17
100
AcDbEntity
  8
注释
370
-3
100
AcDbMText
 10
27954.06677630494
 20
-1734.534524012424
 30
0.0
 40
5.045893298117918
 41
81.69916523695734
 71
1
 72
5
  1
{\fSimSun|b0|i0|c134|p2;\C6;Y2}
  7
字母和汉字
  0
MTEXT
  5
23F
330
17
100
AcDbEntity
  8
注释
370
-3
100
AcDbMText
 10
28042.99326197415
 20
-1720.985926903268
 30
0.0
 40
5.045893298117918
 41
81.69916523695734
 71
1
 72
5
  1
{\fSimSun|b0|i0|c134|p2;\C6;Y2}
  7
字母和汉字
  0
MTEXT
  5
240
330
17
100
AcDbEntity
  8
注释
370
-3
100
AcDbMText
 10
28083.77204448998
 20
-1729.20415641409
 30
0.0
 40
5.045893298117918
 41
81.69916523695734
 71
1
 72
5
  1
{\fSimSun|b0|i0|c134|p2;\C6;Y2}
  7
字母和汉字
  0
MTEXT
  5
241
330
17
100
AcDbEntity
  8
注释
370
-3
100
AcDbMText
 10
28084.19629653285
 20
-1678.797657738952
 30
0.0
 40
5.045893298117918
 41
81.69916523695734
 71
1
 72
5
  1
{\fSimSun|b0|i0|c134|p2;\C6;Y2}
  7
字母和汉字
  0
MTEXT
  5
242
330
17
100
AcDbEntity
  8
注释
370
-3
100
AcDbMText
 10
28045.17469158252
 20
-1764.552620840824
 30
0.0
 40
5.045893298117918
 41
81.69916523695734
 71
1
 72
5
  1
{\fSimSun|b0|i0|c134|p2;\C2;Y3}
  7
字母和汉字
  0
LINE
  5
243
330
17
100
AcDbEntity
  8
DIM
100
AcDbLine
 10
28191.84235713199
 20
-1474.611037669235
 30
0.0
 11
28200.46296433208
 21
-1474.611037669235
 31
0.0
  0
LINE
  5
244
330
17
100
AcDbEntity
  8
DIM
100
AcDbLine
 10
28189.68720622896
 20
-1478.919754992618
 30
0.0
 11
28198.30781342905
 21
-1478.919754992618
 31
0.0
  0
LINE
  5
245
330
17
100
AcDbEntity
  8
DIM
100
AcDbLine
 10
28198.30781342905
 20
-1478.919754992618
 30
0.0
 11
28200.46296433208
 21
-1474.611037669235
 31
0.0
  0
LINE
  5
246
330
17
100
AcDbEntity
  8
DIM
100
AcDbLine
 10
28191.84235713199
 20
-1474.611037669235
 30
0.0
 11
28189.68720622896
 21
-1478.919754992618
 31
0.0
  0
TEXT
  5
247
330
17
100
AcDbEntity
  8
DIM
100
AcDbText
 10
28204.11220462835
 20
-1478.650782072484
 30
0.0
 40
4.0
  1
1.2mm
  7
字母和汉字
 41
0.8
100
AcDbText
  0
LINE
  5
248
330
17
100
AcDbEntity
  8
DIM
100
AcDbLine
 10
28187.55672087641
 20
-1473.084698963883
 30
0.0
 11
28221.11674617385
 21
-1473.084698963883
 31
0.0
  0
LINE
  5
249
330
17
100
AcDbEntity
  8
DIM
100
AcDbLine
 10
28221.11674617385
 20
-1473.084698963883
 30
0.0
 11
28221.11674617385
 21
-1481.124446056793
 31
0.0
  0
LINE
  5
24A
330
17
100
AcDbEntity
  8
DIM
100
AcDbLine
 10
28221.11674617385
 20
-1481.124446056793
 30
0.0
 11
28187.55672087641
 21
-1481.124446056793
 31
0.0
  0
LINE
  5
24B
330
17
100
AcDbEntity
  8
DIM
100
AcDbLine
 10
28187.55672087641
 20
-1481.124446056793
 30
0.0
 11
28187.55672087641
 21
-1473.084698963883
 31
0.0
  0
LINE
  5
24C
330
17
100
AcDbEntity
  8
DIM
100
AcDbLine
 10
28202.61852067655
 20
-1481.124446056793
 30
0.0
 11
28202.61852067655
 21
-1473.084698963883
 31
0.0
  0
MTEXT
  5
24D
330
17
100
AcDbEntity
  8
注释
370
-3
100
AcDbMText
 10
28222.14308439522
 20
-1552.386044968321
 30
0.0
 40
8.82663550691181
 41
121.9375722796196
 71
1
 72
5
  1
{\fSimSun|b0|i0|c134|p2;\C1;修改位置}
  7
字母和汉字
  0
LINE
  5
26A
330
17
100
AcDbEntity
  8
OUTLINE
100
AcDbLine
 10
27997.01518041445
 20
-1564.2966435853161
 30
0.0
 11
28002.99906041445
 21
-1570.280125985316
 31
0.0
  0
LINE
  5
26B
330
17
100
AcDbEntity
  8
OUTLINE
100
AcDbLine
 10
27996.73407721445
 20
-1564.577746785316
 30
0.0
 11
28002.71795721445
 21
-1570.561229185316
 31
0.0
  0
LINE
  5
26C
330
17
100
AcDbEntity
  8
OUTLINE
100
AcDbLine
 10
28044.43613721445
 20
-1570.5715667853162
 30
0.0
 11
28044.43613721445
 21
-1517.213646785316
 31
0.0
  0
LINE
  5
26D
330
17
100
AcDbEntity
  8
OUTLINE
100
AcDbLine
 10
28003.70161961445
 20
-1570.5715667853162
 30
0.0
 11
28049.00853721445
 21
-1570.5715667853162
 31
0.0
  0
LINE
  5
26E
330
17
100
AcDbEntity
  8
OUTLINE
100
AcDbLine
 10
28049.00853721445
 20
-1570.9691667853162
 30
0.0
 11
28049.00853721445
 21
-1570.5715667853162
 31
0.0
  0
LINE
  5
26F
330
17
100
AcDbEntity
  8
OUTLINE
100
AcDbLine
 10
28003.70161961445
 20
-1570.9691667853162
 30
0.0
 11
28049.00853721445
 21
-1570.9691667853162
 31
0.0
  0
LINE
  5
270
330
17
100
AcDbEntity
  8
OUTLINE
100
AcDbLine
 10
28049.00853721445
 20
-1566.8734891853162
 30
0.0
 11
28049.00853721445
 21
-1570.5715667853162
 31
0.0
  0
LINE
  5
271
330
17
100
AcDbEntity
  8
OUTLINE
100
AcDbLine
 10
28049.00853721445
 20
-1571.5655667853162
 30
0.0
 11
28049.00853721445
 21
-1570.9691667853162
 31
0.0
  0
LINE
  5
272
330
17
100
AcDbEntity
  8
OUTLINE
100
AcDbLine
 10
28082.00933721445
 20
-1566.8734891853162
 30
0.0
 11
28082.00933721445
 21
-1570.5715667853162
 31
0.0
  0
LINE
  5
273
330
17
100
AcDbEntity
  8
OUTLINE
100
AcDbLine
 10
28082.00933721445
 20
-1566.8734891853162
 30
0.0
 11
28049.00853721445
 21
-1566.8734891853162
 31
0.0
  0
LINE
  5
274
330
17
100
AcDbEntity
  8
OUTLINE
100
AcDbLine
 10
28064.71373721445
 20
-1517.213646785316
 30
0.0
 11
28064.71373721445
 21
-1518.008846785316
 31
0.0
  0
LINE
  5
275
330
17
100
AcDbEntity
  8
OUTLINE
100
AcDbLine
 10
28066.30413721445
 20
-1518.008846785316
 30
0.0
 11
28064.71373721445
 21
-1518.008846785316
 31
0.0
  0
LINE
  5
276
330
17
100
AcDbEntity
  8
OUTLINE
100
AcDbLine
 10
28066.30413721445
 20
-1517.213646785316
 30
0.0
 11
28066.30413721445
 21
-1518.008846785316
 31
0.0
  0
LINE
  5
277
330
17
100
AcDbEntity
  8
OUTLINE
100
AcDbLine
 10
28073.85853721445
 20
-1517.213646785316
 30
0.0
 11
28073.85853721445
 21
-1518.008846785316
 31
0.0
  0
LINE
  5
278
330
17
100
AcDbEntity
  8
OUTLINE
100
AcDbLine
 10
28075.44893721445
 20
-1518.008846785316
 30
0.0
 11
28073.85853721445
 21
-1518.008846785316
 31
0.0
  0
LINE
  5
279
330
17
100
AcDbEntity
  8
OUTLINE
100
AcDbLine
 10
28075.44893721445
 20
-1517.213646785316
 30
0.0
 11
28075.44893721445
 21
-1518.008846785316
 31
0.0
  0
LINE
  5
27A
330
17
100
AcDbEntity
  8
OUTLINE
100
AcDbLine
 10
28089.96133721445
 20
-1517.213646785316
 30
0.0
 11
28014.41733721445
 21
-1517.213646785316
 31
0.0
  0
LINE
  5
27B
330
17
100
AcDbEntity
  8
OUTLINE
100
AcDbLine
 10
28014.41733721445
 20
-1516.2196467853162
 30
0.0
 11
28089.96133721445
 21
-1516.2196467853162
 31
0.0
  0
LINE
  5
27C
330
17
100
AcDbEntity
  8
OUTLINE
100
AcDbLine
 10
28003.70161961445
 20
-1571.5655667853162
 30
0.0
 11
28049.00853721445
 21
-1571.5655667853162
 31
0.0
  0
LINE
  5
27D
330
17
100
AcDbEntity
  8
OUTLINE
100
AcDbLine
 10
28002.29610361445
 20
-1570.9830827853161
 30
0.0
 11
27996.31222361445
 21
-1564.9996003853162
 31
0.0
  0
LINE
  5
27E
330
17
100
AcDbEntity
  8
OUTLINE
100
AcDbLine
 10
27995.73013721445
 20
-1563.593686785316
 30
0.0
 11
27995.73013721445
 21
-1538.3659667853162
 31
0.0
  0
LINE
  5
27F
330
17
100
AcDbEntity
  8
OUTLINE
100
AcDbLine
 10
27997.71813721445
 20
-1536.3779667853162
 30
0.0
 11
28011.43533721445
 21
-1536.3779667853162
 31
0.0
  0
LINE
  5
280
330
17
100
AcDbEntity
  8
OUTLINE
100
AcDbLine
 10
28012.42933721445
 20
-1535.3839667853163
 30
0.0
 11
28012.42933721445
 21
-1518.2076467853162
 31
0.0
  0
LINE
  5
281
330
17
100
AcDbEntity
  8
OUTLINE
100
AcDbLine
 10
28091.94933721445
 20
-1569.577566785316
 30
0.0
 11
28091.94933721445
 21
-1518.2076467853162
 31
0.0
  0
LINE
  5
282
330
17
100
AcDbEntity
  8
OUTLINE
100
AcDbLine
 10
28082.00933721445
 20
-1571.5655667853162
 30
0.0
 11
28089.96133721445
 21
-1571.5655667853162
 31
0.0
  0
LINE
  5
283
330
17
100
AcDbEntity
  8
OUTLINE
100
AcDbLine
 10
28082.00933721445
 20
-1570.9691667853162
 30
0.0
 11
28082.00933721445
 21
-1571.5655667853162
 31
0.0
  0
LINE
  5
284
330
17
100
AcDbEntity
  8
OUTLINE
100
AcDbLine
 10
28082.00933721445
 20
-1570.9691667853162
 30
0.0
 11
28089.96133721445
 21
-1570.9691667853162
 31
0.0
  0
LINE
  5
285
330
17
100
AcDbEntity
  8
OUTLINE
100
AcDbLine
 10
28091.35293721445
 20
-1569.577566785316
 30
0.0
 11
28091.35293721445
 21
-1518.2076467853162
 31
0.0
  0
LINE
  5
286
330
17
100
AcDbEntity
  8
OUTLINE
100
AcDbLine
 10
28089.96133721445
 20
-1516.816046785316
 30
0.0
 11
28014.41733721445
 21
-1516.816046785316
 31
0.0
  0
LINE
  5
287
330
17
100
AcDbEntity
  8
OUTLINE
100
AcDbLine
 10
28013.02573721445
 20
-1518.2076467853162
 30
0.0
 11
28013.02573721445
 21
-1535.3839667853163
 31
0.0
  0
LINE
  5
288
330
17
100
AcDbEntity
  8
OUTLINE
100
AcDbLine
 10
28011.43533721445
 20
-1536.974366785316
 30
0.0
 11
27997.71813721445
 21
-1536.974366785316
 31
0.0
  0
LINE
  5
289
330
17
100
AcDbEntity
  8
OUTLINE
100
AcDbLine
 10
27996.32653721445
 20
-1538.3659667853162
 30
0.0
 11
27996.32653721445
 21
-1563.593686785316
 31
0.0
  0
LINE
  5
28A
330
17
100
AcDbEntity
  8
OUTLINE
100
AcDbLine
 10
27996.72413721445
 20
-1538.3659667853162
 30
0.0
 11
27996.72413721445
 21
-1563.593686785316
 31
0.0
  0
LINE
  5
28B
330
17
100
AcDbEntity
  8
OUTLINE
100
AcDbLine
 10
28011.43533721445
 20
-1537.371966785316
 30
0.0
 11
27997.71813721445
 21
-1537.371966785316
 31
0.0
  0
LINE
  5
28C
330
17
100
AcDbEntity
  8
OUTLINE
100
AcDbLine
 10
28013.42333721445
 20
-1518.2076467853162
 30
0.0
 11
28013.42333721445
 21
-1535.3839667853163
 31
0.0
  0
LINE
  5
28D
330
17
100
AcDbEntity
  8
OUTLINE
100
AcDbLine
 10
28090.95533721445
 20
-1569.577566785316
 30
0.0
 11
28090.95533721445
 21
-1518.2076467853162
 31
0.0
  0
LINE
  5
28E
330
17
100
AcDbEntity
  8
OUTLINE
100
AcDbLine
 10
28082.00933721445
 20
-1570.5715667853162
 30
0.0
 11
28089.96133721445
 21
-1570.5715667853162
 31
0.0
  0
LINE
  5
28F
330
17
100
AcDbEntity
  8
OUTLINE
100
AcDbLine
 10
28082.00933721445
 20
-1570.5715667853162
 30
0.0
 11
28082.00933721445
 21
-1570.9691667853162
 31
0.0
  0
LINE
  5
290
330
17
100
AcDbEntity
  8
OUTLINE
100
AcDbLine
 10
28002.71795721445
 20
-1570.561229185316
 30
0.0
 11
28002.99906041445
 21
-1570.280125985316
 31
0.0
  0
LINE
  5
291
330
17
100
AcDbEntity
  8
OUTLINE
100
AcDbLine
 10
27997.01518041445
 20
-1564.2966435853161
 30
0.0
 11
27996.73407721445
 21
-1564.577746785316
 31
0.0
  0
LINE
  5
292
330
17
100
AcDbEntity
  8
OUTLINE
100
AcDbLine
 10
28003.70161961445
 20
-1570.5715667853162
 30
0.0
 11
28003.70161961445
 21
-1570.9691667853162
 31
0.0
  0
LINE
  5
293
330
17
100
AcDbEntity
  8
OUTLINE
100
AcDbLine
 10
27996.32653721445
 20
-1563.593686785316
 30
0.0
 11
27996.72413721445
 21
-1563.593686785316
 31
0.0
  0
LINE
  5
294
330
17
100
AcDbEntity
  8
OUTLINE
100
AcDbLine
 10
27996.72413721445
 20
-1538.3659667853162
 30
0.0
 11
27996.32653721445
 21
-1538.3659667853162
 31
0.0
  0
LINE
  5
295
330
17
100
AcDbEntity
  8
OUTLINE
100
AcDbLine
 10
27997.71813721445
 20
-1536.974366785316
 30
0.0
 11
27997.71813721445
 21
-1537.371966785316
 31
0.0
  0
LINE
  5
296
330
17
100
AcDbEntity
  8
OUTLINE
100
AcDbLine
 10
28011.43533721445
 20
-1537.371966785316
 30
0.0
 11
28011.43533721445
 21
-1536.974366785316
 31
0.0
  0
LINE
  5
297
330
17
100
AcDbEntity
  8
OUTLINE
100
AcDbLine
 10
28013.02573721445
 20
-1535.3839667853163
 30
0.0
 11
28013.42333721445
 21
-1535.3839667853163
 31
0.0
  0
LINE
  5
298
330
17
100
AcDbEntity
  8
OUTLINE
100
AcDbLine
 10
28013.42333721445
 20
-1518.2076467853162
 30
0.0
 11
28013.02573721445
 21
-1518.2076467853162
 31
0.0
  0
LINE
  5
299
330
17
100
AcDbEntity
  8
OUTLINE
100
AcDbLine
 10
28014.41733721445
 20
-1516.816046785316
 30
0.0
 11
28014.41733721445
 21
-1517.213646785316
 31
0.0
  0
LINE
  5
29A
330
17
100
AcDbEntity
  8
OUTLINE
100
AcDbLine
 10
28089.96133721445
 20
-1517.213646785316
 30
0.0
 11
28089.96133721445
 21
-1516.816046785316
 31
0.0
  0
LINE
  5
29B
330
17
100
AcDbEntity
  8
OUTLINE
100
AcDbLine
 10
28091.35293721445
 20
-1518.2076467853162
 30
0.0
 11
28090.95533721445
 21
-1518.2076467853162
 31
0.0
  0
LINE
  5
29C
330
17
100
AcDbEntity
  8
OUTLINE
100
AcDbLine
 10
28090.95533721445
 20
-1569.577566785316
 30
0.0
 11
28091.35293721445
 21
-1569.577566785316
 31
0.0
  0
LINE
  5
29D
330
17
100
AcDbEntity
  8
OUTLINE
100
AcDbLine
 10
28089.96133721445
 20
-1570.9691667853162
 30
0.0
 11
28089.96133721445
 21
-1570.5715667853162
 31
0.0
  0
CIRCLE
  5
29E
330
17
100
AcDbEntity
  8
0
100
AcDbCircle
 10
28003.70161961445
 20
-1569.577566785316
 30
0.0
 40
0.994
  0
ARC
  5
29F
330
17
100
AcDbEntity
  8
0
100
AcDbCircle
 10
28003.70161961445
 20
-1569.577566785316
 30
0.0
 40
1.1431
100
AcDbArc
 50
150.0
 51
60.0
  0
LINE
  5
2A0
330
17
100
AcDbEntity
  8
中心线
100
AcDbLine
 10
28001.91241961445
 20
-1569.577566785316
 30
0.0
 11
28005.49081961445
 21
-1569.577566785316
 31
0.0
  0
LINE
  5
2A1
330
17
100
AcDbEntity
  8
中心线
100
AcDbLine
 10
28003.70161961445
 20
-1571.366766785316
 30
0.0
 11
28003.70161961445
 21
-1567.7883667853162
 31
0.0
  0
ARC
  5
2A2
330
17
100
AcDbEntity
  8
OUTLINE
100
AcDbCircle
 10
28003.70161961445
 20
-1569.577566785316
 30
0.0
 40
1.3916
100
AcDbArc
 50
-134.99974273092943
 51
-90.00021045914971
  0
ARC
  5
2A3
330
17
100
AcDbEntity
  8
OUTLINE
100
AcDbCircle
 10
28089.96133721445
 20
-1518.2076467853162
 30
0.0
 40
1.988
100
AcDbArc
 50
0.0
 51
90.00021045914971
  0
ARC
  5
2A4
330
17
100
AcDbEntity
  8
OUTLINE
100
AcDbCircle
 10
28003.70161961445
 20
-1569.577566785316
 30
0.0
 40
1.988
100
AcDbArc
 50
-134.99974273092943
 51
-90.00021045914971
  0
ARC
  5
2A5
330
17
100
AcDbEntity
  8
OUTLINE
100
AcDbCircle
 10
27997.71813721445
 20
-1563.593686785316
 30
0.0
 40
1.988
100
AcDbArc
 50
179.9998479605043
 51
224.99995319007914
  0
ARC
  5
2A6
330
17
100
AcDbEntity
  8
OUTLINE
100
AcDbCircle
 10
27997.71813721445
 20
-1538.3659667853162
 30
0.0
 40
1.988
100
AcDbArc
 50
90.00021045914971
 51
179.9998479605043
  0
CIRCLE
  5
2A7
330
17
100
AcDbEntity
  8
0
100
AcDbCircle
 10
28011.43533721445
 20
-1535.3839667853163
 30
0.0
 40
0.994
  0
ARC
  5
2A8
330
17
100
AcDbEntity
  8
0
100
AcDbCircle
 10
28011.43533721445
 20
-1535.3839667853163
 30
0.0
 40
1.1431
100
AcDbArc
 50
150.0
 51
60.0
  0
LINE
  5
2A9
330
17
100
AcDbEntity
  8
中心线
100
AcDbLine
 10
28009.64613721445
 20
-1535.3839667853163
 30
0.0
 11
28013.22453721445
 21
-1535.3839667853163
 31
0.0
  0
LINE
  5
2AA
330
17
100
AcDbEntity
  8
中心线
100
AcDbLine
 10
28011.43533721445
 20
-1537.1731667853162
 30
0.0
 11
28011.43533721445
 21
-1533.5947667853163
 31
0.0
  0
ARC
  5
2AB
330
17
100
AcDbEntity
  8
OUTLINE
100
AcDbCircle
 10
28014.41733721445
 20
-1518.2076467853162
 30
0.0
 40
1.988
100
AcDbArc
 50
90.00021045914971
 51
179.9998479605043
  0
ARC
  5
2AC
330
17
100
AcDbEntity
  8
OUTLINE
100
AcDbCircle
 10
28089.96133721445
 20
-1569.577566785316
 30
0.0
 40
1.988
100
AcDbArc
 50
-90.00021045914971
 51
0.0
  0
ARC
  5
2AD
330
17
100
AcDbEntity
  8
OUTLINE
100
AcDbCircle
 10
28089.96133721445
 20
-1569.577566785316
 30
0.0
 40
1.3916
100
AcDbArc
 50
-90.00021045914971
 51
-0.0
  0
ARC
  5
2AE
330
17
100
AcDbEntity
  8
OUTLINE
100
AcDbCircle
 10
28089.96133721445
 20
-1518.2076467853162
 30
0.0
 40
1.3916
100
AcDbArc
 50
0.0
 51
90.00021045914971
  0
ARC
  5
2AF
330
17
100
AcDbEntity
  8
OUTLINE
100
AcDbCircle
 10
28014.41733721445
 20
-1518.2076467853162
 30
0.0
 40
1.3916
100
AcDbArc
 50
90.00021045914971
 51
179.9998479605043
  0
ARC
  5
2B0
330
17
100
AcDbEntity
  8
OUTLINE
100
AcDbCircle
 10
28011.43533721445
 20
-1535.3839667853163
 30
0.0
 40
1.5904
100
AcDbArc
 50
-90.00021045914971
 51
-0.0
  0
ARC
  5
2B1
330
17
100
AcDbEntity
  8
OUTLINE
100
AcDbCircle
 10
27997.71813721445
 20
-1538.3659667853162
 30
0.0
 40
1.3916
100
AcDbArc
 50
90.00021045914971
 51
179.9998479605043
  0
ARC
  5
2B2
330
17
100
AcDbEntity
  8
OUTLINE
100
AcDbCircle
 10
27997.71813721445
 20
-1563.593686785316
 30
0.0
 40
1.3916
100
AcDbArc
 50
-179.9998479605043
 51
-134.99974273092943
  0
CIRCLE
  5
2B3
330
17
100
AcDbEntity
  8
0
100
AcDbCircle
 10
27997.71813721445
 20
-1563.593686785316
 30
0.0
 40
0.994
  0
ARC
  5
2B4
330
17
100
AcDbEntity
  8
0
100
AcDbCircle
 10
27997.71813721445
 20
-1563.593686785316
 30
0.0
 40
1.1431
100
AcDbArc
 50
150.0
 51
60.0
  0
LINE
  5
2B5
330
17
100
AcDbEntity
  8
中心线
100
AcDbLine
 10
27995.928937214452
 20
-1563.593686785316
 30
0.0
 11
27999.50733721445
 21
-1563.593686785316
 31
0.0
  0
LINE
  5
2B6
330
17
100
AcDbEntity
  8
中心线
100
AcDbLine
 10
27997.71813721445
 20
-1565.382886785316
 30
0.0
 11
27997.71813721445
 21
-1561.8044867853162
 31
0.0
  0
CIRCLE
  5
2B7
330
17
100
AcDbEntity
  8
0
100
AcDbCircle
 10
27997.71813721445
 20
-1538.3659667853162
 30
0.0
 40
0.994
  0
ARC
  5
2B8
330
17
100
AcDbEntity
  8
0
100
AcDbCircle
 10
27997.71813721445
 20
-1538.3659667853162
 30
0.0
 40
1.1431
100
AcDbArc
 50
150.0
 51
60.0
  0
LINE
  5
2B9
330
17
100
AcDbEntity
  8
中心线
100
AcDbLine
 10
27995.928937214452
 20
-1538.3659667853162
 30
0.0
 11
27999.50733721445
 21
-1538.3659667853162
 31
0.0
  0
LINE
  5
2BA
330
17
100
AcDbEntity
  8
中心线
100
AcDbLine
 10
27997.71813721445
 20
-1540.1551667853162
 30
0.0
 11
27997.71813721445
 21
-1536.5767667853163
 31
0.0
  0
ARC
  5
2BB
330
17
100
AcDbEntity
  8
OUTLINE
100
AcDbCircle
 10
28011.43533721445
 20
-1535.3839667853163
 30
0.0
 40
1.988
100
AcDbArc
 50
-90.00021045914971
 51
0.0
  0
CIRCLE
  5
2BC
330
17
100
AcDbEntity
  8
0
100
AcDbCircle
 10
28014.41733721445
 20
-1518.2076467853162
 30
0.0
 40
0.994
  0
ARC
  5
2BD
330
17
100
AcDbEntity
  8
0
100
AcDbCircle
 10
28014.41733721445
 20
-1518.2076467853162
 30
0.0
 40
1.1431
100
AcDbArc
 50
150.0
 51
60.0
  0
LINE
  5
2BE
330
17
100
AcDbEntity
  8
中心线
100
AcDbLine
 10
28012.62813721445
 20
-1518.2076467853162
 30
0.0
 11
28016.20653721445
 21
-1518.2076467853162
 31
0.0
  0
LINE
  5
2BF
330
17
100
AcDbEntity
  8
中心线
100
AcDbLine
 10
28014.41733721445
 20
-1519.9968467853162
 30
0.0
 11
28014.41733721445
 21
-1516.4184467853163
 31
0.0
  0
CIRCLE
  5
2C0
330
17
100
AcDbEntity
  8
0
100
AcDbCircle
 10
28089.96133721445
 20
-1518.2076467853162
 30
0.0
 40
0.994
  0
ARC
  5
2C1
330
17
100
AcDbEntity
  8
0
100
AcDbCircle
 10
28089.96133721445
 20
-1518.2076467853162
 30
0.0
 40
1.1431
100
AcDbArc
 50
150.0
 51
60.0
  0
LINE
  5
2C2
330
17
100
AcDbEntity
  8
中心线
100
AcDbLine
 10
28088.17213721445
 20
-1518.2076467853162
 30
0.0
 11
28091.750537214448
 21
-1518.2076467853162
 31
0.0
  0
LINE
  5
2C3
330
17
100
AcDbEntity
  8
中心线
100
AcDbLine
 10
28089.96133721445
 20
-1519.9968467853162
 30
0.0
 11
28089.96133721445
 21
-1516.4184467853163
 31
0.0
  0
CIRCLE
  5
2C4
330
17
100
AcDbEntity
  8
0
100
AcDbCircle
 10
28089.96133721445
 20
-1569.577566785316
 30
0.0
 40
0.994
  0
ARC
  5
2C5
330
17
100
AcDbEntity
  8
0
100
AcDbCircle
 10
28089.96133721445
 20
-1569.577566785316
 30
0.0
 40
1.1431
100
AcDbArc
 50
150.0
 51
60.0
  0
LINE
  5
2C6
330
17
100
AcDbEntity
  8
中心线
100
AcDbLine
 10
28088.17213721445
 20
-1569.577566785316
 30
0.0
 11
28091.750537214448
 21
-1569.577566785316
 31
0.0
  0
LINE
  5
2C7
330
17
100
AcDbEntity
  8
中心线
100
AcDbLine
 10
28089.96133721445
 20
-1571.366766785316
 30
0.0
 11
28089.96133721445
 21
-1567.7883667853162
 31
0.0
  0
CIRCLE
  5
2C8
330
17
100
AcDbEntity
  8
0
100
AcDbCircle
 10
28046.82173721445
 20
-1568.7426067853162
 30
0.0
 40
0.7952
  0
ARC
  5
2C9
330
17
100
AcDbEntity
  8
0
100
AcDbCircle
 10
28046.82173721445
 20
-1568.7426067853162
 30
0.0
 40
0.91448
100
AcDbArc
 50
150.0
 51
60.0
  0
CIRCLE
  5
2CA
330
17
100
AcDbEntity
  8
0
100
AcDbCircle
 10
28046.82173721445
 20
-1568.7426067853162
 30
0.0
 40
1.1928
  0
LINE
  5
2CB
330
17
100
AcDbEntity
  8
中心线
100
AcDbLine
 10
28045.23133721445
 20
-1568.7426067853162
 30
0.0
 11
28048.41213721445
 21
-1568.7426067853162
 31
0.0
  0
LINE
  5
2CC
330
17
100
AcDbEntity
  8
中心线
100
AcDbLine
 10
28046.82173721445
 20
-1570.3330067853162
 30
0.0
 11
28046.82173721445
 21
-1567.1522067853161
 31
0.0
  0
CIRCLE
  5
2CD
330
17
100
AcDbEntity
  8
0
100
AcDbCircle
 10
28065.50893721445
 20
-1564.706569185316
 30
0.0
 40
0.7952
  0
ARC
  5
2CE
330
17
100
AcDbEntity
  8
0
100
AcDbCircle
 10
28065.50893721445
 20
-1564.706569185316
 30
0.0
 40
0.91448
100
AcDbArc
 50
150.0
 51
60.0
  0
CIRCLE
  5
2CF
330
17
100
AcDbEntity
  8
0
100
AcDbCircle
 10
28065.50893721445
 20
-1564.706569185316
 30
0.0
 40
1.1928
  0
LINE
  5
2D0
330
17
100
AcDbEntity
  8
中心线
100
AcDbLine
 10
28063.91853721445
 20
-1564.706569185316
 30
0.0
 11
28067.09933721445
 21
-1564.706569185316
 31
0.0
  0
LINE
  5
2D1
330
17
100
AcDbEntity
  8
中心线
100
AcDbLine
 10
28065.50893721445
 20
-1566.2969691853161
 30
0.0
 11
28065.50893721445
 21
-1563.116169185316
 31
0.0
  0
CIRCLE
  5
2D2
330
17
100
AcDbEntity
  8
0
100
AcDbCircle
 10
28084.19613721445
 20
-1568.7426067853162
 30
0.0
 40
0.7952
  0
ARC
  5
2D3
330
17
100
AcDbEntity
  8
0
100
AcDbCircle
 10
28084.19613721445
 20
-1568.7426067853162
 30
0.0
 40
0.91448
100
AcDbArc
 50
150.0
 51
60.0
  0
CIRCLE
  5
2D4
330
17
100
AcDbEntity
  8
0
100
AcDbCircle
 10
28084.19613721445
 20
-1568.7426067853162
 30
0.0
 40
1.1928
  0
LINE
  5
2D5
330
17
100
AcDbEntity
  8
中心线
100
AcDbLine
 10
28082.60573721445
 20
-1568.7426067853162
 30
0.0
 11
28085.78653721445
 21
-1568.7426067853162
 31
0.0
  0
LINE
  5
2D6
330
17
100
AcDbEntity
  8
中心线
100
AcDbLine
 10
28084.19613721445
 20
-1570.3330067853162
 30
0.0
 11
28084.19613721445
 21
-1567.1522067853161
 31
0.0
  0
CIRCLE
  5
2D7
330
17
100
AcDbEntity
  8
HOLE
100
AcDbCircle
 10
28051.19533721445
 20
-1519.4004467853163
 30
0.0
 40
1.1928
  0
CIRCLE
  5
2D8
330
17
100
AcDbEntity
  8
HOLE
100
AcDbCircle
 10
28051.19533721445
 20
-1519.4004467853163
 30
0.0
 40
0.994
  0
CIRCLE
  5
2D9
330
17
100
AcDbEntity
  8
0
100
AcDbCircle
 10
28051.19533721445
 20
-1519.4004467853163
 30
0.0
 40
0.7952
  0
ARC
  5
2DA
330
17
100
AcDbEntity
  8
0
100
AcDbCircle
 10
28051.19533721445
 20
-1519.4004467853163
 30
0.0
 40
0.91448
100
AcDbArc
 50
150.0
 51
60.0
  0
LINE
  5
2DB
330
17
100
AcDbEntity
  8
中心线
100
AcDbLine
 10
28049.76397721445
 20
-1519.4004467853163
 30
0.0
 11
28052.626697214448
 21
-1519.4004467853163
 31
0.0
  0
LINE
  5
2DC
330
17
100
AcDbEntity
  8
中心线
100
AcDbLine
 10
28051.19533721445
 20
-1520.8318067853163
 30
0.0
 11
28051.19533721445
 21
-1517.9690867853162
 31
0.0
  0
CIRCLE
  5
2DD
330
17
100
AcDbEntity
  8
HOLE
100
AcDbCircle
 10
28081.01533721445
 20
-1519.4004467853163
 30
0.0
 40
1.1928
  0
CIRCLE
  5
2DE
330
17
100
AcDbEntity
  8
HOLE
100
AcDbCircle
 10
28081.01533721445
 20
-1519.4004467853163
 30
0.0
 40
0.994
  0
CIRCLE
  5
2DF
330
17
100
AcDbEntity
  8
0
100
AcDbCircle
 10
28081.01533721445
 20
-1519.4004467853163
 30
0.0
 40
0.7952
  0
ARC
  5
2E0
330
17
100
AcDbEntity
  8
0
100
AcDbCircle
 10
28081.01533721445
 20
-1519.4004467853163
 30
0.0
 40
0.91448
100
AcDbArc
 50
150.0
 51
60.0
  0
LINE
  5
2E1
330
17
100
AcDbEntity
  8
中心线
100
AcDbLine
 10
28079.58397721445
 20
-1519.4004467853163
 30
0.0
 11
28082.446697214447
 21
-1519.4004467853163
 31
0.0
  0
LINE
  5
2E2
330
17
100
AcDbEntity
  8
中心线
100
AcDbLine
 10
28081.01533721445
 20
-1520.8318067853163
 30
0.0
 11
28081.01533721445
 21
-1517.9690867853162
 31
0.0
  0
CIRCLE
  5
2E3
330
17
100
AcDbEntity
  8
HOLE
100
AcDbCircle
 10
28081.01533721445
 20
-1558.3652467853162
 30
0.0
 40
1.1928
  0
CIRCLE
  5
2E4
330
17
100
AcDbEntity
  8
HOLE
100
AcDbCircle
 10
28081.01533721445
 20
-1558.3652467853162
 30
0.0
 40
0.994
  0
CIRCLE
  5
2E5
330
17
100
AcDbEntity
  8
0
100
AcDbCircle
 10
28081.01533721445
 20
-1558.3652467853162
 30
0.0
 40
0.7952
  0
ARC
  5
2E6
330
17
100
AcDbEntity
  8
0
100
AcDbCircle
 10
28081.01533721445
 20
-1558.3652467853162
 30
0.0
 40
0.91448
100
AcDbArc
 50
150.0
 51
60.0
  0
LINE
  5
2E7
330
17
100
AcDbEntity
  8
中心线
100
AcDbLine
 10
28079.58397721445
 20
-1558.3652467853162
 30
0.0
 11
28082.446697214447
 21
-1558.3652467853162
 31
0.0
  0
LINE
  5
2E8
330
17
100
AcDbEntity
  8
中心线
100
AcDbLine
 10
28081.01533721445
 20
-1559.7966067853163
 30
0.0
 11
28081.01533721445
 21
-1556.9338867853162
 31
0.0
  0
CIRCLE
  5
2E9
330
17
100
AcDbEntity
  8
HOLE
100
AcDbCircle
 10
28051.19533721445
 20
-1558.3652467853162
 30
0.0
 40
1.1928
  0
CIRCLE
  5
2EA
330
17
100
AcDbEntity
  8
HOLE
100
AcDbCircle
 10
28051.19533721445
 20
-1558.3652467853162
 30
0.0
 40
0.994
  0
CIRCLE
  5
2EB
330
17
100
AcDbEntity
  8
0
100
AcDbCircle
 10
28051.19533721445
 20
-1558.3652467853162
 30
0.0
 40
0.7952
  0
ARC
  5
2EC
330
17
100
AcDbEntity
  8
0
100
AcDbCircle
 10
28051.19533721445
 20
-1558.3652467853162
 30
0.0
 40
0.91448
100
AcDbArc
 50
150.0
 51
60.0
  0
LINE
  5
2ED
330
17
100
AcDbEntity
  8
中心线
100
AcDbLine
 10
28049.76397721445
 20
-1558.3652467853162
 30
0.0
 11
28052.626697214448
 21
-1558.3652467853162
 31
0.0
  0
LINE
  5
2EE
330
17
100
AcDbEntity
  8
中心线
100
AcDbLine
 10
28051.19533721445
 20
-1559.7966067853163
 30
0.0
 11
28051.19533721445
 21
-1556.9338867853162
 31
0.0
  0
CIRCLE
  5
2EF
330
17
100
AcDbEntity
  8
OUTLINE
100
AcDbCircle
 10
28086.97933721445
 20
-1558.3652467853162
 30
0.0
 40
1.5904
  0
CIRCLE
  5
2F0
330
17
100
AcDbEntity
  8
0
100
AcDbCircle
 10
28086.97933721445
 20
-1558.3652467853162
 30
0.0
 40
0.7952
  0
ARC
  5
2F1
330
17
100
AcDbEntity
  8
0
100
AcDbCircle
 10
28086.97933721445
 20
-1558.3652467853162
 30
0.0
 40
0.87472
100
AcDbArc
 50
150.0
 51
60.0
  0
LINE
  5
2F2
330
17
100
AcDbEntity
  8
中心线
100
AcDbLine
 10
28085.388937214448
 20
-1558.3652467853162
 30
0.0
 11
28088.56973721445
 21
-1558.3652467853162
 31
0.0
  0
LINE
  5
2F3
330
17
100
AcDbEntity
  8
中心线
100
AcDbLine
 10
28086.97933721445
 20
-1559.9556467853163
 30
0.0
 11
28086.97933721445
 21
-1556.7748467853162
 31
0.0
  0
CIRCLE
  5
2F4
330
17
100
AcDbEntity
  8
OUTLINE
100
AcDbCircle
 10
28070.08133721445
 20
-1519.5992467853162
 30
0.0
 40
1.1331600000000002
  0
CIRCLE
  5
2F5
330
17
100
AcDbEntity
  8
0
100
AcDbCircle
 10
28070.08133721445
 20
-1519.5992467853162
 30
0.0
 40
0.5964
  0
ARC
  5
2F6
330
17
100
AcDbEntity
  8
0
100
AcDbCircle
 10
28070.08133721445
 20
-1519.5992467853162
 30
0.0
 40
0.68586
100
AcDbArc
 50
150.0
 51
60.0
  0
CIRCLE
  5
2F7
330
17
100
AcDbEntity
  8
0
100
AcDbCircle
 10
28070.08133721445
 20
-1519.5992467853162
 30
0.0
 40
0.8946000000000001
  0
LINE
  5
2F8
330
17
100
AcDbEntity
  8
中心线
100
AcDbLine
 10
28068.88853721445
 20
-1519.5992467853162
 30
0.0
 11
28071.274137214452
 21
-1519.5992467853162
 31
0.0
  0
LINE
  5
2F9
330
17
100
AcDbEntity
  8
中心线
100
AcDbLine
 10
28070.08133721445
 20
-1520.7920467853162
 30
0.0
 11
28070.08133721445
 21
-1518.4064467853161
 31
0.0
  0
CIRCLE
  5
2FA
330
17
100
AcDbEntity
  8
OUTLINE
100
AcDbCircle
 10
28070.08133721445
 20
-1519.5992467853162
 30
0.0
 40
1.25244
  0
CIRCLE
  5
2FB
330
17
100
AcDbEntity
  8
OUTLINE
100
AcDbCircle
 10
28000.89893721445
 20
-1564.4087667853162
 30
0.0
 40
1.5904
  0
CIRCLE
  5
2FC
330
17
100
AcDbEntity
  8
0
100
AcDbCircle
 10
28000.89893721445
 20
-1564.4087667853162
 30
0.0
 40
0.7952
  0
ARC
  5
2FD
330
17
100
AcDbEntity
  8
0
100
AcDbCircle
 10
28000.89893721445
 20
-1564.4087667853162
 30
0.0
 40
0.87472
100
AcDbArc
 50
150.0
 51
60.0
  0
LINE
  5
2FE
330
17
100
AcDbEntity
  8
中心线
100
AcDbLine
 10
27999.30853721445
 20
-1564.4087667853162
 30
0.0
 11
28002.48933721445
 21
-1564.4087667853162
 31
0.0
  0
LINE
  5
2FF
330
17
100
AcDbEntity
  8
中心线
100
AcDbLine
 10
28000.89893721445
 20
-1565.9991667853162
 30
0.0
 11
28000.89893721445
 21
-1562.8183667853161
 31
0.0
  0
LINE
  5
300
330
17
100
AcDbEntity
  8
OUTLINE
100
AcDbLine
 10
28183.35693721445
 20
-1566.8734891853162
 30
0.0
 11
28183.35693721445
 21
-1571.5655667853162
 31
0.0
  0
LINE
  5
301
330
17
100
AcDbEntity
  8
OUTLINE
100
AcDbLine
 10
28153.338137214447
 20
-1516.2196467853162
 30
0.0
 11
28153.338137214447
 21
-1520.990846785316
 31
0.0
  0
LINE
  5
302
330
17
100
AcDbEntity
  8
OUTLINE
100
AcDbLine
 10
28154.530937214447
 20
-1522.1836467853161
 30
0.0
 11
28170.03733721445
 21
-1522.1836467853161
 31
0.0
  0
LINE
  5
303
330
17
100
AcDbEntity
  8
OUTLINE
100
AcDbLine
 10
28171.230137214447
 20
-1516.2196467853162
 30
0.0
 11
28171.230137214447
 21
-1520.990846785316
 31
0.0
  0
LINE
  5
304
330
17
100
AcDbEntity
  8
OUTLINE
100
AcDbLine
 10
28171.230137214447
 20
-1516.2196467853162
 30
0.0
 11
28188.923337214448
 21
-1516.2196467853162
 31
0.0
  0
LINE
  5
305
330
17
100
AcDbEntity
  8
OUTLINE
100
AcDbLine
 10
28188.923337214448
 20
-1571.5655667853162
 30
0.0
 11
28188.923337214448
 21
-1516.2196467853162
 31
0.0
  0
LINE
  5
306
330
17
100
AcDbEntity
  8
OUTLINE
100
AcDbLine
 10
28188.923337214448
 20
-1571.5655667853162
 30
0.0
 11
28183.35693721445
 21
-1571.5655667853162
 31
0.0
  0
LINE
  5
307
330
17
100
AcDbEntity
  8
OUTLINE
100
AcDbLine
 10
28150.356137214447
 20
-1566.8734891853162
 30
0.0
 11
28183.35693721445
 21
-1566.8734891853162
 31
0.0
  0
LINE
  5
308
330
17
100
AcDbEntity
  8
OUTLINE
100
AcDbLine
 10
28150.356137214447
 20
-1566.8734891853162
 30
0.0
 11
28150.356137214447
 21
-1571.5655667853162
 31
0.0
  0
LINE
  5
309
330
17
100
AcDbEntity
  8
OUTLINE
100
AcDbLine
 10
28150.356137214447
 20
-1571.5655667853162
 30
0.0
 11
28142.40413721445
 21
-1571.5655667853162
 31
0.0
  0
LINE
  5
30A
330
17
100
AcDbEntity
  8
OUTLINE
100
AcDbLine
 10
28140.416137214448
 20
-1518.2076467853162
 30
0.0
 11
28140.416137214448
 21
-1569.577566785316
 31
0.0
  0
LINE
  5
30B
330
17
100
AcDbEntity
  8
OUTLINE
100
AcDbLine
 10
28142.40413721445
 20
-1516.2196467853162
 30
0.0
 11
28153.338137214447
 21
-1516.2196467853162
 31
0.0
  0
LINE
  5
30C
330
17
100
AcDbEntity
  8
OUTLINE
100
AcDbLine
 10
28156.91653721445
 20
-1516.2196467853162
 30
0.0
 11
28156.91653721445
 21
-1518.008846785316
 31
0.0
  0
LINE
  5
30D
330
17
100
AcDbEntity
  8
OUTLINE
100
AcDbLine
 10
28156.91653721445
 20
-1518.008846785316
 30
0.0
 11
28158.50693721445
 21
-1518.008846785316
 31
0.0
  0
LINE
  5
30E
330
17
100
AcDbEntity
  8
OUTLINE
100
AcDbLine
 10
28158.50693721445
 20
-1516.2196467853162
 30
0.0
 11
28158.50693721445
 21
-1518.008846785316
 31
0.0
  0
LINE
  5
30F
330
17
100
AcDbEntity
  8
OUTLINE
100
AcDbLine
 10
28166.061337214447
 20
-1516.2196467853162
 30
0.0
 11
28158.50693721445
 21
-1516.2196467853162
 31
0.0
  0
LINE
  5
310
330
17
100
AcDbEntity
  8
OUTLINE
100
AcDbLine
 10
28166.061337214447
 20
-1516.2196467853162
 30
0.0
 11
28166.061337214447
 21
-1518.008846785316
 31
0.0
  0
LINE
  5
311
330
17
100
AcDbEntity
  8
OUTLINE
100
AcDbLine
 10
28166.061337214447
 20
-1518.008846785316
 30
0.0
 11
28167.651737214448
 21
-1518.008846785316
 31
0.0
  0
LINE
  5
312
330
17
100
AcDbEntity
  8
OUTLINE
100
AcDbLine
 10
28167.651737214448
 20
-1516.2196467853162
 30
0.0
 11
28167.651737214448
 21
-1518.008846785316
 31
0.0
  0
LINE
  5
313
330
17
100
AcDbEntity
  8
OUTLINE
100
AcDbLine
 10
28171.230137214447
 20
-1516.2196467853162
 30
0.0
 11
28167.651737214448
 21
-1516.2196467853162
 31
0.0
  0
LINE
  5
314
330
17
100
AcDbEntity
  8
OUTLINE
100
AcDbLine
 10
28156.91653721445
 20
-1516.2196467853162
 30
0.0
 11
28153.338137214447
 21
-1516.2196467853162
 31
0.0
  0
LINE
  5
315
330
17
100
AcDbEntity
  8
OUTLINE
100
AcDbLine
 10
28217.948137214447
 20
-1516.2196467853162
 30
0.0
 11
28188.923337214448
 21
-1516.2196467853162
 31
0.0
  0
LINE
  5
316
330
17
100
AcDbEntity
  8
OUTLINE
100
AcDbLine
 10
28188.923337214448
 20
-1571.5655667853162
 30
0.0
 11
28228.663854814447
 21
-1571.5655667853162
 31
0.0
  0
LINE
  5
317
330
17
100
AcDbEntity
  8
OUTLINE
100
AcDbLine
 10
28219.93613721445
 20
-1535.3839667853163
 30
0.0
 11
28219.93613721445
 21
-1518.2076467853162
 31
0.0
  0
LINE
  5
318
330
17
100
AcDbEntity
  8
OUTLINE
100
AcDbLine
 10
28234.647337214446
 20
-1536.3779667853162
 30
0.0
 11
28220.930137214447
 21
-1536.3779667853162
 31
0.0
  0
LINE
  5
319
330
17
100
AcDbEntity
  8
OUTLINE
100
AcDbLine
 10
28236.635337214448
 20
-1563.593686785316
 30
0.0
 11
28236.635337214448
 21
-1538.3659667853162
 31
0.0
  0
LINE
  5
31A
330
17
100
AcDbEntity
  8
OUTLINE
100
AcDbLine
 10
28236.05325081445
 20
-1564.9996003853162
 30
0.0
 11
28230.069370814446
 21
-1570.9830827853161
 31
0.0
  0
LINE
  5
31B
330
17
100
AcDbEntity
  8
OUTLINE
100
AcDbLine
 10
28180.36738281445
 20
-1518.008846785316
 30
0.0
 11
28179.56423081445
 21
-1519.4004467853163
 31
0.0
  0
LINE
  5
31C
330
17
100
AcDbEntity
  8
OUTLINE
100
AcDbLine
 10
28181.972494014448
 20
-1518.008846785316
 30
0.0
 11
28180.36738281445
 21
-1518.008846785316
 31
0.0
  0
LINE
  5
31D
330
17
100
AcDbEntity
  8
OUTLINE
100
AcDbLine
 10
28182.779224414448
 20
-1519.4004467853163
 30
0.0
 11
28181.972494014448
 21
-1518.008846785316
 31
0.0
  0
LINE
  5
31E
330
17
100
AcDbEntity
  8
OUTLINE
100
AcDbLine
 10
28181.972494014448
 20
-1520.7920467853162
 30
0.0
 11
28182.779224414448
 21
-1519.4004467853163
 31
0.0
  0
LINE
  5
31F
330
17
100
AcDbEntity
  8
OUTLINE
100
AcDbLine
 10
28180.36738281445
 20
-1520.7920467853162
 30
0.0
 11
28181.972494014448
 21
-1520.7920467853162
 31
0.0
  0
LINE
  5
320
330
17
100
AcDbEntity
  8
OUTLINE
100
AcDbLine
 10
28179.56423081445
 20
-1519.4004467853163
 30
0.0
 11
28180.36738281445
 21
-1520.7920467853162
 31
0.0
  0
LINE
  5
321
330
17
100
AcDbEntity
  8
OUTLINE
100
AcDbLine
 10
28150.54738281445
 20
-1518.008846785316
 30
0.0
 11
28149.74423081445
 21
-1519.4004467853163
 31
0.0
  0
LINE
  5
322
330
17
100
AcDbEntity
  8
OUTLINE
100
AcDbLine
 10
28152.152494014448
 20
-1518.008846785316
 30
0.0
 11
28150.54738281445
 21
-1518.008846785316
 31
0.0
  0
LINE
  5
323
330
17
100
AcDbEntity
  8
OUTLINE
100
AcDbLine
 10
28152.959224414448
 20
-1519.4004467853163
 30
0.0
 11
28152.152494014448
 21
-1518.008846785316
 31
0.0
  0
LINE
  5
324
330
17
100
AcDbEntity
  8
OUTLINE
100
AcDbLine
 10
28152.152494014448
 20
-1520.7920467853162
 30
0.0
 11
28152.959224414448
 21
-1519.4004467853163
 31
0.0
  0
LINE
  5
325
330
17
100
AcDbEntity
  8
OUTLINE
100
AcDbLine
 10
28150.54738281445
 20
-1520.7920467853162
 30
0.0
 11
28152.152494014448
 21
-1520.7920467853162
 31
0.0
  0
LINE
  5
326
330
17
100
AcDbEntity
  8
OUTLINE
100
AcDbLine
 10
28149.74423081445
 20
-1519.4004467853163
 30
0.0
 11
28150.54738281445
 21
-1520.7920467853162
 31
0.0
  0
LINE
  5
327
330
17
100
AcDbEntity
  8
OUTLINE
100
AcDbLine
 10
28150.54738281445
 20
-1556.973646785316
 30
0.0
 11
28149.74423081445
 21
-1558.3652467853162
 31
0.0
  0
LINE
  5
328
330
17
100
AcDbEntity
  8
OUTLINE
100
AcDbLine
 10
28152.152494014448
 20
-1556.973646785316
 30
0.0
 11
28150.54738281445
 21
-1556.973646785316
 31
0.0
  0
LINE
  5
329
330
17
100
AcDbEntity
  8
OUTLINE
100
AcDbLine
 10
28152.959224414448
 20
-1558.3652467853162
 30
0.0
 11
28152.152494014448
 21
-1556.973646785316
 31
0.0
  0
LINE
  5
32A
330
17
100
AcDbEntity
  8
OUTLINE
100
AcDbLine
 10
28152.152494014448
 20
-1559.7568467853162
 30
0.0
 11
28152.959224414448
 21
-1558.3652467853162
 31
0.0
  0
LINE
  5
32B
330
17
100
AcDbEntity
  8
OUTLINE
100
AcDbLine
 10
28150.54738281445
 20
-1559.7568467853162
 30
0.0
 11
28152.152494014448
 21
-1559.7568467853162
 31
0.0
  0
LINE
  5
32C
330
17
100
AcDbEntity
  8
OUTLINE
100
AcDbLine
 10
28149.74423081445
 20
-1558.3652467853162
 30
0.0
 11
28150.54738281445
 21
-1559.7568467853162
 31
0.0
  0
LINE
  5
32D
330
17
100
AcDbEntity
  8
OUTLINE
100
AcDbLine
 10
28180.36738281445
 20
-1556.973646785316
 30
0.0
 11
28179.56423081445
 21
-1558.3652467853162
 31
0.0
  0
LINE
  5
32E
330
17
100
AcDbEntity
  8
OUTLINE
100
AcDbLine
 10
28181.972494014448
 20
-1556.973646785316
 30
0.0
 11
28180.36738281445
 21
-1556.973646785316
 31
0.0
  0
LINE
  5
32F
330
17
100
AcDbEntity
  8
OUTLINE
100
AcDbLine
 10
28182.779224414448
 20
-1558.3652467853162
 30
0.0
 11
28181.972494014448
 21
-1556.973646785316
 31
0.0
  0
LINE
  5
330
330
17
100
AcDbEntity
  8
OUTLINE
100
AcDbLine
 10
28181.972494014448
 20
-1559.7568467853162
 30
0.0
 11
28182.779224414448
 21
-1558.3652467853162
 31
0.0
  0
LINE
  5
331
330
17
100
AcDbEntity
  8
OUTLINE
100
AcDbLine
 10
28180.36738281445
 20
-1559.7568467853162
 30
0.0
 11
28181.972494014448
 21
-1559.7568467853162
 31
0.0
  0
LINE
  5
332
330
17
100
AcDbEntity
  8
OUTLINE
100
AcDbLine
 10
28179.56423081445
 20
-1558.3652467853162
 30
0.0
 11
28180.36738281445
 21
-1559.7568467853162
 31
0.0
  0
CIRCLE
  5
333
330
17
100
AcDbEntity
  8
0
100
AcDbCircle
 10
28154.530937214447
 20
-1520.990846785316
 30
0.0
 40
1.1928
  0
CIRCLE
  5
334
330
17
100
AcDbEntity
  8
0
100
AcDbCircle
 10
28170.03733721445
 20
-1520.990846785316
 30
0.0
 40
1.1928
  0
ARC
  5
335
330
17
100
AcDbEntity
  8
OUTLINE
100
AcDbCircle
 10
28142.40413721445
 20
-1569.577566785316
 30
0.0
 40
1.988
100
AcDbArc
 50
179.9998479605043
 51
270.000058419654
  0
ARC
  5
336
330
17
100
AcDbEntity
  8
OUTLINE
100
AcDbCircle
 10
28142.40413721445
 20
-1518.2076467853162
 30
0.0
 40
1.988
100
AcDbArc
 50
90.00021045914971
 51
179.9998479605043
  0
ARC
  5
337
330
17
100
AcDbEntity
  8
OUTLINE
100
AcDbCircle
 10
28217.948137214447
 20
-1518.2076467853162
 30
0.0
 40
1.988
100
AcDbArc
 50
0.0
 51
90.00021045914971
  0
CIRCLE
  5
338
330
17
100
AcDbEntity
  8
0
100
AcDbCircle
 10
28220.930137214447
 20
-1535.3839667853163
 30
0.0
 40
0.994
  0
ARC
  5
339
330
17
100
AcDbEntity
  8
0
100
AcDbCircle
 10
28220.930137214447
 20
-1535.3839667853163
 30
0.0
 40
1.1431
100
AcDbArc
 50
150.0
 51
60.0
  0
CIRCLE
  5
33A
330
17
100
AcDbEntity
  8
0
100
AcDbCircle
 10
28220.930137214447
 20
-1535.3839667853163
 30
0.0
 40
1.491
  0
LINE
  5
33B
330
17
100
AcDbEntity
  8
中心线
100
AcDbLine
 10
28218.942137214446
 20
-1535.3839667853163
 30
0.0
 11
28222.91813721445
 21
-1535.3839667853163
 31
0.0
  0
LINE
  5
33C
330
17
100
AcDbEntity
  8
中心线
100
AcDbLine
 10
28220.930137214447
 20
-1537.3719667853163
 30
0.0
 11
28220.930137214447
 21
-1533.3959667853162
 31
0.0
  0
ARC
  5
33D
330
17
100
AcDbEntity
  8
OUTLINE
100
AcDbCircle
 10
28234.647337214446
 20
-1538.3659667853162
 30
0.0
 40
1.988
100
AcDbArc
 50
0.0
 51
90.00021045914971
  0
ARC
  5
33E
330
17
100
AcDbEntity
  8
OUTLINE
100
AcDbCircle
 10
28234.647337214446
 20
-1563.593686785316
 30
0.0
 40
1.988
100
AcDbArc
 50
-45.00010522957486
 51
0.0
  0
ARC
  5
33F
330
17
100
AcDbEntity
  8
OUTLINE
100
AcDbCircle
 10
28228.663854814447
 20
-1569.577566785316
 30
0.0
 40
1.988
100
AcDbArc
 50
-90.00021045914971
 51
-45.00010522957486
  0
SPLINE
  5
340
330
17
100
AcDbEntity
  8
OUTLINE
100
AcDbSpline
 70
0
 71
3
 72
0
 73
0
 74
25
 11
28158.50693721445
 21
-1517.213646785316
 31
0.0
 11
28158.495406814447
 21
-1517.213646785316
 31
0.0
 11
28158.477117214446
 21
-1517.213646785316
 31
0.0
 11
28158.44292361445
 21
-1517.213646785316
 31
0.0
 11
28158.39680201445
 21
-1517.213646785316
 31
0.0
 11
28158.341535614447
 21
-1517.213646785316
 31
0.0
 11
28158.27036521445
 21
-1517.213646785316
 31
0.0
 11
28158.19482121445
 21
-1517.213646785316
 31
0.0
 11
28158.10695161445
 21
-1517.213646785316
 31
0.0
 11
28158.01470841445
 21
-1517.213646785316
 31
0.0
 11
28157.916501214448
 21
-1517.213646785316
 31
0.0
 11
28157.81511321445
 21
-1517.213646785316
 31
0.0
 11
28157.71173721445
 21
-1517.213646785316
 31
0.0
 11
28157.608361214447
 21
-1517.213646785316
 31
0.0
 11
28157.506973214447
 21
-1517.213646785316
 31
0.0
 11
28157.408766014447
 21
-1517.213646785316
 31
0.0
 11
28157.31652281445
 21
-1517.213646785316
 31
0.0
 11
28157.22865321445
 21
-1517.213646785316
 31
0.0
 11
28157.153109214447
 21
-1517.213646785316
 31
0.0
 11
28157.08193881445
 21
-1517.213646785316
 31
0.0
 11
28157.02667241445
 21
-1517.213646785316
 31
0.0
 11
28156.98055081445
 21
-1517.213646785316
 31
0.0
 11
28156.94635721445
 21
-1517.213646785316
 31
0.0
 11
28156.928067614448
 21
-1517.213646785316
 31
0.0
 11
28156.91653721445
 21
-1517.213646785316
 31
0.0
  0
SPLINE
  5
341
330
17
100
AcDbEntity
  8
OUTLINE
100
AcDbSpline
 70
0
 71
3
 72
0
 73
0
 74
25
 11
28167.651737214448
 21
-1517.213646785316
 31
0.0
 11
28167.64020681445
 21
-1517.213646785316
 31
0.0
 11
28167.62191721445
 21
-1517.213646785316
 31
0.0
 11
28167.587723614448
 21
-1517.213646785316
 31
0.0
 11
28167.541602014448
 21
-1517.213646785316
 31
0.0
 11
28167.48633561445
 21
-1517.213646785316
 31
0.0
 11
28167.415165214446
 21
-1517.213646785316
 31
0.0
 11
28167.339621214447
 21
-1517.213646785316
 31
0.0
 11
28167.251751614447
 21
-1517.213646785316
 31
0.0
 11
28167.159508414446
 21
-1517.213646785316
 31
0.0
 11
28167.06130121445
 21
-1517.213646785316
 31
0.0
 11
28166.959913214447
 21
-1517.213646785316
 31
0.0
 11
28166.856537214448
 21
-1517.213646785316
 31
0.0
 11
28166.75316121445
 21
-1517.213646785316
 31
0.0
 11
28166.65177321445
 21
-1517.213646785316
 31
0.0
 11
28166.55356601445
 21
-1517.213646785316
 31
0.0
 11
28166.461322814448
 21
-1517.213646785316
 31
0.0
 11
28166.373453214448
 21
-1517.213646785316
 31
0.0
 11
28166.29790921445
 21
-1517.213646785316
 31
0.0
 11
28166.226738814446
 21
-1517.213646785316
 31
0.0
 11
28166.171472414448
 21
-1517.213646785316
 31
0.0
 11
28166.125350814447
 21
-1517.213646785316
 31
0.0
 11
28166.091157214447
 21
-1517.213646785316
 31
0.0
 11
28166.072867614446
 21
-1517.213646785316
 31
0.0
 11
28166.061337214447
 21
-1517.213646785316
 31
0.0
  0
SPLINE
  5
342
330
17
100
AcDbEntity
  8
OUTLINE
100
AcDbSpline
 70
0
 71
3
 72
0
 73
0
 74
25
 11
28158.50693721445
 21
-1516.2196467853162
 31
0.0
 11
28158.495406814447
 21
-1516.2196467853162
 31
0.0
 11
28158.477117214446
 21
-1516.2196467853162
 31
0.0
 11
28158.44292361445
 21
-1516.2196467853162
 31
0.0
 11
28158.39680201445
 21
-1516.2196467853162
 31
0.0
 11
28158.341535614447
 21
-1516.2196467853162
 31
0.0
 11
28158.27036521445
 21
-1516.2196467853162
 31
0.0
 11
28158.19482121445
 21
-1516.2196467853162
 31
0.0
 11
28158.10695161445
 21
-1516.2196467853162
 31
0.0
 11
28158.01470841445
 21
-1516.2196467853162
 31
0.0
 11
28157.916501214448
 21
-1516.2196467853162
 31
0.0
 11
28157.81511321445
 21
-1516.2196467853162
 31
0.0
 11
28157.71173721445
 21
-1516.2196467853162
 31
0.0
 11
28157.608361214447
 21
-1516.2196467853162
 31
0.0
 11
28157.506973214447
 21
-1516.2196467853162
 31
0.0
 11
28157.408766014447
 21
-1516.2196467853162
 31
0.0
 11
28157.31652281445
 21
-1516.2196467853162
 31
0.0
 11
28157.22865321445
 21
-1516.2196467853162
 31
0.0
 11
28157.153109214447
 21
-1516.2196467853162
 31
0.0
 11
28157.08193881445
 21
-1516.2196467853162
 31
0.0
 11
28157.02667241445
 21
-1516.2196467853162
 31
0.0
 11
28156.98055081445
 21
-1516.2196467853162
 31
0.0
 11
28156.94635721445
 21
-1516.2196467853162
 31
0.0
 11
28156.928067614448
 21
-1516.2196467853162
 31
0.0
 11
28156.91653721445
 21
-1516.2196467853162
 31
0.0
  0
SPLINE
  5
343
330
17
100
AcDbEntity
  8
OUTLINE
100
AcDbSpline
 70
0
 71
3
 72
0
 73
0
 74
25
 11
28167.651737214448
 21
-1516.2196467853162
 31
0.0
 11
28167.64020681445
 21
-1516.2196467853162
 31
0.0
 11
28167.62191721445
 21
-1516.2196467853162
 31
0.0
 11
28167.587723614448
 21
-1516.2196467853162
 31
0.0
 11
28167.541602014448
 21
-1516.2196467853162
 31
0.0
 11
28167.48633561445
 21
-1516.2196467853162
 31
0.0
 11
28167.415165214446
 21
-1516.2196467853162
 31
0.0
 11
28167.339621214447
 21
-1516.2196467853162
 31
0.0
 11
28167.251751614447
 21
-1516.2196467853162
 31
0.0
 11
28167.159508414446
 21
-1516.2196467853162
 31
0.0
 11
28167.06130121445
 21
-1516.2196467853162
 31
0.0
 11
28166.959913214447
 21
-1516.2196467853162
 31
0.0
 11
28166.856537214448
 21
-1516.2196467853162
 31
0.0
 11
28166.75316121445
 21
-1516.2196467853162
 31
0.0
 11
28166.65177321445
 21
-1516.2196467853162
 31
0.0
 11
28166.55356601445
 21
-1516.2196467853162
 31
0.0
 11
28166.461322814448
 21
-1516.2196467853162
 31
0.0
 11
28166.373453214448
 21
-1516.2196467853162
 31
0.0
 11
28166.29790921445
 21
-1516.2196467853162
 31
0.0
 11
28166.226738814446
 21
-1516.2196467853162
 31
0.0
 11
28166.171472414448
 21
-1516.2196467853162
 31
0.0
 11
28166.125350814447
 21
-1516.2196467853162
 31
0.0
 11
28166.091157214447
 21
-1516.2196467853162
 31
0.0
 11
28166.072867614446
 21
-1516.2196467853162
 31
0.0
 11
28166.061337214447
 21
-1516.2196467853162
 31
0.0
  0
CIRCLE
  5
344
330
17
100
AcDbEntity
  8
HOLE
100
AcDbCircle
 10
28151.35013721445
 20
-1558.3652467853162
 30
0.0
 40
0.994
  0
CIRCLE
  5
345
330
17
100
AcDbEntity
  8
HOLE
100
AcDbCircle
 10
28151.35013721445
 20
-1519.4004467853163
 30
0.0
 40
0.994
  0
CIRCLE
  5
346
330
17
100
AcDbEntity
  8
HOLE
100
AcDbCircle
 10
28181.17013721445
 20
-1519.4004467853163
 30
0.0
 40
0.994
  0
CIRCLE
  5
347
330
17
100
AcDbEntity
  8
OUTLINE
100
AcDbCircle
 10
28166.856537214448
 20
-1564.706569185316
 30
0.0
 40
1.393588
  0
CIRCLE
  5
348
330
17
100
AcDbEntity
  8
OUTLINE
100
AcDbCircle
 10
28148.169337214447
 20
-1568.7426067853162
 30
0.0
 40
1.393588
  0
CIRCLE
  5
349
330
17
100
AcDbEntity
  8
OUTLINE
100
AcDbCircle
 10
28185.543737214448
 20
-1568.7426067853162
 30
0.0
 40
1.393588
  0
CIRCLE
  5
34A
330
17
100
AcDbEntity
  8
HOLE
100
AcDbCircle
 10
28181.17013721445
 20
-1558.3652467853162
 30
0.0
 40
0.994
  0
CIRCLE
  5
34B
330
17
100
AcDbEntity
  8
HOLE
100
AcDbCircle
 10
28145.38613721445
 20
-1558.3652467853162
 30
0.0
 40
0.994
  0
CIRCLE
  5
34C
330
17
100
AcDbEntity
  8
HOLE
100
AcDbCircle
 10
28162.284137214447
 20
-1519.5992467853162
 30
0.0
 40
0.7952
  0
CIRCLE
  5
34D
330
17
100
AcDbEntity
  8
HOLE
100
AcDbCircle
 10
28231.466537214448
 20
-1564.4087667853162
 30
0.0
 40
0.994
  0
CIRCLE
  5
34E
330
17
100
AcDbEntity
  8
0
100
AcDbCircle
 10
28166.856537214448
 20
-1564.706569185316
 30
0.0
 40
0.7952
  0
ARC
  5
34F
330
17
100
AcDbEntity
  8
0
100
AcDbCircle
 10
28166.856537214448
 20
-1564.706569185316
 30
0.0
 40
0.91448
100
AcDbArc
 50
150.0
 51
60.0
  0
LINE
  5
350
330
17
100
AcDbEntity
  8
中心线
100
AcDbLine
 10
28165.42517721445
 20
-1564.706569185316
 30
0.0
 11
28168.287897214446
 21
-1564.706569185316
 31
0.0
  0
LINE
  5
351
330
17
100
AcDbEntity
  8
中心线
100
AcDbLine
 10
28166.856537214448
 20
-1566.1379291853161
 30
0.0
 11
28166.856537214448
 21
-1563.275209185316
 31
0.0
  0
CIRCLE
  5
352
330
17
100
AcDbEntity
  8
0
100
AcDbCircle
 10
28148.169337214447
 20
-1568.7426067853162
 30
0.0
 40
0.7952
  0
ARC
  5
353
330
17
100
AcDbEntity
  8
0
100
AcDbCircle
 10
28148.169337214447
 20
-1568.7426067853162
 30
0.0
 40
0.91448
100
AcDbArc
 50
150.0
 51
60.0
  0
LINE
  5
354
330
17
100
AcDbEntity
  8
中心线
100
AcDbLine
 10
28146.73797721445
 20
-1568.7426067853162
 30
0.0
 11
28149.600697214446
 21
-1568.7426067853162
 31
0.0
  0
LINE
  5
355
330
17
100
AcDbEntity
  8
中心线
100
AcDbLine
 10
28148.169337214447
 20
-1570.1739667853162
 30
0.0
 11
28148.169337214447
 21
-1567.3112467853161
 31
0.0
  0
CIRCLE
  5
356
330
17
100
AcDbEntity
  8
0
100
AcDbCircle
 10
28185.543737214448
 20
-1568.7426067853162
 30
0.0
 40
0.7952
  0
ARC
  5
357
330
17
100
AcDbEntity
  8
0
100
AcDbCircle
 10
28185.543737214448
 20
-1568.7426067853162
 30
0.0
 40
0.91448
100
AcDbArc
 50
150.0
 51
60.0
  0
LINE
  5
358
330
17
100
AcDbEntity
  8
中心线
100
AcDbLine
 10
28184.11237721445
 20
-1568.7426067853162
 30
0.0
 11
28186.975097214447
 21
-1568.7426067853162
 31
0.0
  0
LINE
  5
359
330
17
100
AcDbEntity
  8
中心线
100
AcDbLine
 10
28185.543737214448
 20
-1570.1739667853162
 30
0.0
 11
28185.543737214448
 21
-1567.3112467853161
 31
0.0
  0
CIRCLE
  5
35A
330
17
100
AcDbEntity
  8
OUTLINE
100
AcDbCircle
 10
28145.38613721445
 20
-1558.3652467853162
 30
0.0
 40
1.07352
  0
CIRCLE
  5
35B
330
17
100
AcDbEntity
  8
OUTLINE
100
AcDbCircle
 10
28162.284137214447
 20
-1519.5992467853162
 30
0.0
 40
0.838936
  0
CIRCLE
  5
35C
330
17
100
AcDbEntity
  8
0
100
AcDbCircle
 10
28162.284137214447
 20
-1519.5992467853162
 30
0.0
 40
0.5964
  0
ARC
  5
35D
330
17
100
AcDbEntity
  8
0
100
AcDbCircle
 10
28162.284137214447
 20
-1519.5992467853162
 30
0.0
 40
0.68586
100
AcDbArc
 50
150.0
 51
60.0
  0
LINE
  5
35E
330
17
100
AcDbEntity
  8
中心线
100
AcDbLine
 10
28161.210617214445
 20
-1519.5992467853162
 30
0.0
 11
28163.35765721445
 21
-1519.5992467853162
 31
0.0
  0
LINE
  5
35F
330
17
100
AcDbEntity
  8
中心线
100
AcDbLine
 10
28162.284137214447
 20
-1520.672766785316
 30
0.0
 11
28162.284137214447
 21
-1518.5257267853162
 31
0.0
  0
CIRCLE
  5
360
330
17
100
AcDbEntity
  8
OUTLINE
100
AcDbCircle
 10
28231.466537214448
 20
-1564.4087667853162
 30
0.0
 40
1.07352
  0
LINE
  5
361
330
17
100
AcDbEntity
  8
OUTLINE
100
AcDbLine
 10
28049.00853721445
 20
-1491.3695667853162
 30
0.0
 11
28049.00853721445
 21
-1478.6861267853162
 31
0.0
  0
LINE
  5
362
330
17
100
AcDbEntity
  8
OUTLINE
100
AcDbLine
 10
28082.00933721445
 20
-1490.3755667853163
 30
0.0
 11
28049.00853721445
 21
-1490.3755667853163
 31
0.0
  0
LINE
  5
363
330
17
100
AcDbEntity
  8
OUTLINE
100
AcDbLine
 10
28043.44213721445
 20
-1491.3695667853162
 30
0.0
 11
28049.00853721445
 21
-1491.3695667853162
 31
0.0
  0
LINE
  5
364
330
17
100
AcDbEntity
  8
OUTLINE
100
AcDbLine
 10
28082.00933721445
 20
-1491.3695667853162
 30
0.0
 11
28049.00853721445
 21
-1491.3695667853162
 31
0.0
  0
LINE
  5
365
330
17
100
AcDbEntity
  8
OUTLINE
100
AcDbLine
 10
28082.00933721445
 20
-1491.3695667853162
 30
0.0
 11
28089.96133721445
 21
-1491.3695667853162
 31
0.0
  0
LINE
  5
366
330
17
100
AcDbEntity
  8
OUTLINE
100
AcDbLine
 10
28075.44893721445
 20
-1488.3080467853163
 30
0.0
 11
28075.44893721445
 21
-1490.3755667853163
 31
0.0
  0
LINE
  5
367
330
17
100
AcDbEntity
  8
OUTLINE
100
AcDbLine
 10
28073.85853721445
 20
-1490.3755667853163
 30
0.0
 11
28073.85853721445
 21
-1488.3080467853163
 31
0.0
  0
LINE
  5
368
330
17
100
AcDbEntity
  8
OUTLINE
100
AcDbLine
 10
28066.30413721445
 20
-1488.3080467853163
 30
0.0
 11
28066.30413721445
 21
-1490.3755667853163
 31
0.0
  0
LINE
  5
369
330
17
100
AcDbEntity
  8
OUTLINE
100
AcDbLine
 10
28064.71373721445
 20
-1490.3755667853163
 30
0.0
 11
28064.71373721445
 21
-1488.3080467853163
 31
0.0
  0
LINE
  5
36A
330
17
100
AcDbEntity
  8
OUTLINE
100
AcDbLine
 10
28082.00933721445
 20
-1479.0837267853162
 30
0.0
 11
28049.00853721445
 21
-1479.0837267853162
 31
0.0
  0
LINE
  5
36B
330
17
100
AcDbEntity
  8
OUTLINE
100
AcDbLine
 10
28049.00853721445
 20
-1485.2067667853162
 30
0.0
 11
28049.40613721445
 21
-1485.2067667853162
 31
0.0
  0
LINE
  5
36C
330
17
100
AcDbEntity
  8
OUTLINE
100
AcDbLine
 10
28049.40613721445
 20
-1485.2067667853162
 30
0.0
 11
28049.40613721445
 21
-1483.2187667853163
 31
0.0
  0
LINE
  5
36D
330
17
100
AcDbEntity
  8
OUTLINE
100
AcDbLine
 10
28049.40613721445
 20
-1483.2187667853163
 30
0.0
 11
28049.00853721445
 21
-1483.2187667853163
 31
0.0
  0
LINE
  5
36E
330
17
100
AcDbEntity
  8
OUTLINE
100
AcDbLine
 10
28054.37613721445
 20
-1487.9502067853161
 30
0.0
 11
28054.37613721445
 21
-1483.1790067853162
 31
0.0
  0
LINE
  5
36F
330
17
100
AcDbEntity
  8
OUTLINE
100
AcDbLine
 10
28059.54493721445
 20
-1487.9502067853161
 30
0.0
 11
28054.37613721445
 21
-1487.9502067853161
 31
0.0
  0
LINE
  5
370
330
17
100
AcDbEntity
  8
OUTLINE
100
AcDbLine
 10
28059.54493721445
 20
-1483.1790067853162
 30
0.0
 11
28059.54493721445
 21
-1487.9502067853161
 31
0.0
  0
LINE
  5
371
330
17
100
AcDbEntity
  8
OUTLINE
100
AcDbLine
 10
28054.37613721445
 20
-1483.1790067853162
 30
0.0
 11
28059.54493721445
 21
-1483.1790067853162
 31
0.0
  0
LINE
  5
372
330
17
100
AcDbEntity
  8
OUTLINE
100
AcDbLine
 10
28088.96733721445
 20
-1485.2067667853162
 30
0.0
 11
28085.38893721445
 21
-1485.2067667853162
 31
0.0
  0
LINE
  5
373
330
17
100
AcDbEntity
  8
OUTLINE
100
AcDbLine
 10
28088.96733721445
 20
-1483.2187667853163
 30
0.0
 11
28088.96733721445
 21
-1485.2067667853162
 31
0.0
  0
LINE
  5
374
330
17
100
AcDbEntity
  8
OUTLINE
100
AcDbLine
 10
28088.96733721445
 20
-1483.2187667853163
 30
0.0
 11
28085.38893721445
 21
-1483.2187667853163
 31
0.0
  0
LINE
  5
375
330
17
100
AcDbEntity
  8
OUTLINE
100
AcDbLine
 10
28085.38893721445
 20
-1485.2067667853162
 30
0.0
 11
28085.38893721445
 21
-1483.2187667853163
 31
0.0
  0
LINE
  5
376
330
17
100
AcDbEntity
  8
OUTLINE
100
AcDbLine
 10
28068.729497214452
 20
-1486.2405267853162
 30
0.0
 11
28062.28837721445
 21
-1486.2405267853162
 31
0.0
  0
LINE
  5
377
330
17
100
AcDbEntity
  8
OUTLINE
100
AcDbLine
 10
28068.729497214452
 20
-1483.4255187853162
 30
0.0
 11
28068.729497214452
 21
-1486.2405267853162
 31
0.0
  0
LINE
  5
378
330
17
100
AcDbEntity
  8
OUTLINE
100
AcDbLine
 10
28062.28837721445
 20
-1483.4255187853162
 30
0.0
 11
28068.729497214452
 21
-1483.4255187853162
 31
0.0
  0
LINE
  5
379
330
17
100
AcDbEntity
  8
OUTLINE
100
AcDbLine
 10
28062.28837721445
 20
-1486.2405267853162
 30
0.0
 11
28062.28837721445
 21
-1483.4255187853162
 31
0.0
  0
LINE
  5
37A
330
17
100
AcDbEntity
  8
OUTLINE
100
AcDbLine
 10
28077.87429721445
 20
-1486.2405267853162
 30
0.0
 11
28071.43317721445
 21
-1486.2405267853162
 31
0.0
  0
LINE
  5
37B
330
17
100
AcDbEntity
  8
OUTLINE
100
AcDbLine
 10
28077.87429721445
 20
-1483.4255187853162
 30
0.0
 11
28077.87429721445
 21
-1486.2405267853162
 31
0.0
  0
LINE
  5
37C
330
17
100
AcDbEntity
  8
OUTLINE
100
AcDbLine
 10
28071.43317721445
 20
-1483.4255187853162
 30
0.0
 11
28077.87429721445
 21
-1483.4255187853162
 31
0.0
  0
LINE
  5
37D
330
17
100
AcDbEntity
  8
OUTLINE
100
AcDbLine
 10
28071.43317721445
 20
-1486.2405267853162
 30
0.0
 11
28071.43317721445
 21
-1483.4255187853162
 31
0.0
  0
LINE
  5
37E
330
17
100
AcDbEntity
  8
OUTLINE
100
AcDbLine
 10
28003.70161961445
 20
-1478.6861267853162
 30
0.0
 11
28049.00853721445
 21
-1478.6861267853162
 31
0.0
  0
LINE
  5
37F
330
17
100
AcDbEntity
  8
OUTLINE
100
AcDbLine
 10
28002.29610361445
 20
-1478.6861267853162
 30
0.0
 11
27996.31222361445
 21
-1478.6861267853162
 31
0.0
  0
LINE
  5
380
330
17
100
AcDbEntity
  8
OUTLINE
100
AcDbLine
 10
28082.00933721445
 20
-1478.6861267853162
 30
0.0
 11
28089.96133721445
 21
-1478.6861267853162
 31
0.0
  0
LINE
  5
381
330
17
100
AcDbEntity
  8
OUTLINE
100
AcDbLine
 10
28082.00933721445
 20
-1478.6861267853162
 30
0.0
 11
28014.41733721445
 21
-1478.6861267853162
 31
0.0
  0
LINE
  5
382
330
17
100
AcDbEntity
  8
OUTLINE
100
AcDbLine
 10
28043.44213721445
 20
-1491.3695667853162
 30
0.0
 11
28043.44213721445
 21
-1486.5983667853163
 31
0.0
  0
LINE
  5
383
330
17
100
AcDbEntity
  8
OUTLINE
100
AcDbLine
 10
28043.44213721445
 20
-1486.5983667853163
 30
0.0
 11
28003.70161961445
 21
-1486.5983667853163
 31
0.0
  0
LINE
  5
384
330
17
100
AcDbEntity
  8
OUTLINE
100
AcDbLine
 10
28008.85093721445
 20
-1483.2187667853163
 30
0.0
 11
28008.85093721445
 21
-1485.2067667853162
 31
0.0
  0
LINE
  5
385
330
17
100
AcDbEntity
  8
OUTLINE
100
AcDbLine
 10
28008.85093721445
 20
-1485.2067667853162
 30
0.0
 11
28012.42933721445
 21
-1485.2067667853162
 31
0.0
  0
LINE
  5
386
330
17
100
AcDbEntity
  8
OUTLINE
100
AcDbLine
 10
28012.42933721445
 20
-1485.2067667853162
 30
0.0
 11
28012.42933721445
 21
-1483.2187667853163
 31
0.0
  0
LINE
  5
387
330
17
100
AcDbEntity
  8
OUTLINE
100
AcDbLine
 10
28012.42933721445
 20
-1483.2187667853163
 30
0.0
 11
28008.85093721445
 21
-1483.2187667853163
 31
0.0
  0
LINE
  5
388
330
17
100
AcDbEntity
  8
OUTLINE
100
AcDbLine
 10
27996.31222361445
 20
-1486.5983667853163
 30
0.0
 11
28002.29610361445
 21
-1486.5983667853163
 31
0.0
  0
LINE
  5
389
330
17
100
AcDbEntity
  8
OUTLINE
100
AcDbLine
 10
27995.73013721445
 20
-1486.5983667853163
 30
0.0
 11
27995.73013721445
 21
-1478.6861267853162
 31
0.0
  0
LINE
  5
38A
330
17
100
AcDbEntity
  8
OUTLINE
100
AcDbLine
 10
28082.00933721445
 20
-1491.3695667853162
 30
0.0
 11
28082.00933721445
 21
-1478.6861267853162
 31
0.0
  0
LINE
  5
38B
330
17
100
AcDbEntity
  8
OUTLINE
100
AcDbLine
 10
28091.94933721445
 20
-1478.6861267853162
 30
0.0
 11
28091.94933721445
 21
-1491.3695667853162
 31
0.0
  0
LINE
  5
38C
330
17
100
AcDbEntity
  8
OUTLINE
100
AcDbLine
 10
28003.70161961445
 20
-1478.6861267853162
 30
0.0
 11
28003.70161961445
 21
-1486.5983667853163
 31
0.0
  0
LINE
  5
38D
330
17
100
AcDbEntity
  8
OUTLINE
100
AcDbLine
 10
27996.31222361445
 20
-1478.6861267853162
 30
0.0
 11
27996.31222361445
 21
-1486.5983667853163
 31
0.0
  0
LINE
  5
38E
330
17
100
AcDbEntity
  8
OUTLINE
100
AcDbLine
 10
28002.29610361445
 20
-1486.5983667853163
 30
0.0
 11
28002.29610361445
 21
-1478.6861267853162
 31
0.0
  0
LINE
  5
38F
330
17
100
AcDbEntity
  8
OUTLINE
100
AcDbLine
 10
28011.43533721445
 20
-1485.2067667853162
 30
0.0
 11
28011.43533721445
 21
-1483.2187667853163
 31
0.0
  0
LINE
  5
390
330
17
100
AcDbEntity
  8
OUTLINE
100
AcDbLine
 10
28089.96133721445
 20
-1491.3695667853162
 30
0.0
 11
28089.96133721445
 21
-1478.6861267853162
 31
0.0
  0
LINE
  5
391
330
17
100
AcDbEntity
  8
OUTLINE
100
AcDbLine
 10
28079.82253721445
 20
-1490.3755667853163
 30
0.0
 11
28079.82253721445
 21
-1483.4175667853162
 31
0.0
  0
LINE
  5
392
330
17
100
AcDbEntity
  8
OUTLINE
100
AcDbLine
 10
28050.002537214452
 20
-1490.3755667853163
 30
0.0
 11
28050.002537214452
 21
-1483.4175667853162
 31
0.0
  0
LINE
  5
393
330
17
100
AcDbEntity
  8
OUTLINE
100
AcDbLine
 10
28052.38813721445
 20
-1490.3755667853163
 30
0.0
 11
28052.38813721445
 21
-1483.4175667853162
 31
0.0
  0
LINE
  5
394
330
17
100
AcDbEntity
  8
OUTLINE
100
AcDbLine
 10
28068.82889721445
 20
-1490.3755667853163
 30
0.0
 11
28068.82889721445
 21
-1490.0972467853162
 31
0.0
  0
LINE
  5
395
330
17
100
AcDbEntity
  8
OUTLINE
100
AcDbLine
 10
28071.33377721445
 20
-1490.3755667853163
 30
0.0
 11
28071.33377721445
 21
-1490.0972467853162
 31
0.0
  0
SPLINE
  5
396
330
17
100
AcDbEntity
  8
OUTLINE
100
AcDbSpline
 70
0
 71
3
 72
0
 73
0
 74
25
 11
28089.96133721445
 21
-1491.3695667853162
 31
0.0
 11
28090.09135241445
 21
-1491.3695667853162
 31
0.0
 11
28090.22057241445
 21
-1491.3695667853162
 31
0.0
 11
28090.34859961445
 21
-1491.3695667853162
 31
0.0
 11
28090.47503641445
 21
-1491.3695667853162
 31
0.0
 11
28090.59988281445
 21
-1491.3695667853162
 31
0.0
 11
28090.72075321445
 21
-1491.3695667853162
 31
0.0
 11
28090.840033214452
 21
-1491.3695667853162
 31
0.0
 11
28090.95414441445
 21
-1491.3695667853162
 31
0.0
 11
28091.06427961445
 21
-1491.3695667853162
 31
0.0
 11
28091.17043881445
 21
-1491.3695667853162
 31
0.0
 11
28091.27023641445
 21
-1491.3695667853162
 31
0.0
 11
28091.367250814452
 21
-1491.3695667853162
 31
0.0
 11
28091.45353001445
 21
-1491.3695667853162
 31
0.0
 11
28091.537026014452
 21
-1491.3695667853162
 31
0.0
 11
28091.61257001445
 21
-1491.3695667853162
 31
0.0
 11
28091.68055961445
 21
-1491.3695667853162
 31
0.0
 11
28091.74338041445
 21
-1491.3695667853162
 31
0.0
 11
28091.79506841445
 21
-1491.3695667853162
 31
0.0
 11
28091.84278041445
 21
-1491.3695667853162
 31
0.0
 11
28091.87896201445
 21
-1491.3695667853162
 31
0.0
 11
28091.90878201445
 21
-1491.3695667853162
 31
0.0
 11
28091.93065001445
 21
-1491.3695667853162
 31
0.0
 11
28091.94218041445
 21
-1491.3695667853162
 31
0.0
 11
28091.94933721445
 21
-1491.3695667853162
 31
0.0
  0
SPLINE
  5
397
330
17
100
AcDbEntity
  8
OUTLINE
100
AcDbSpline
 70
0
 71
3
 72
0
 73
0
 74
25
 11
28003.70161961445
 21
-1478.6861267853162
 31
0.0
 11
28003.63681081445
 21
-1478.6861267853162
 31
0.0
 11
28003.57200201445
 21
-1478.6861267853162
 31
0.0
 11
28003.50719321445
 21
-1478.6861267853162
 31
0.0
 11
28003.44238441445
 21
-1478.6861267853162
 31
0.0
 11
28003.37797321445
 21
-1478.6861267853162
 31
0.0
 11
28003.31395961445
 21
-1478.6861267853162
 31
0.0
 11
28003.25034361445
 21
-1478.6861267853162
 31
0.0
 11
28003.18752281445
 21
-1478.6861267853162
 31
0.0
 11
28003.12509961445
 21
-1478.6861267853162
 31
0.0
 11
28003.06307401445
 21
-1478.6861267853162
 31
0.0
 11
28003.00184361445
 21
-1478.6861267853162
 31
0.0
 11
28002.94101081445
 21
-1478.6861267853162
 31
0.0
 11
28002.88176841445
 21
-1478.6861267853162
 31
0.0
 11
28002.82292361445
 21
-1478.6861267853162
 31
0.0
 11
28002.76487401445
 21
-1478.6861267853162
 31
0.0
 11
28002.70801721445
 21
-1478.6861267853162
 31
0.0
 11
28002.65195561445
 21
-1478.6861267853162
 31
0.0
 11
28002.597882014452
 21
-1478.6861267853162
 31
0.0
 11
28002.54380841445
 21
-1478.6861267853162
 31
0.0
 11
28002.49212041445
 21
-1478.6861267853162
 31
0.0
 11
28002.44083001445
 21
-1478.6861267853162
 31
0.0
 11
28002.39113001445
 21
-1478.6861267853162
 31
0.0
 11
28002.34341801445
 21
-1478.6861267853162
 31
0.0
 11
28002.29610361445
 21
-1478.6861267853162
 31
0.0
  0
SPLINE
  5
398
330
17
100
AcDbEntity
  8
OUTLINE
100
AcDbSpline
 70
0
 71
3
 72
0
 73
0
 74
25
 11
27996.31222361445
 21
-1478.6861267853162
 31
0.0
 11
27996.26769241445
 21
-1478.6861267853162
 31
0.0
 11
27996.22395641445
 21
-1478.6861267853162
 31
0.0
 11
27996.18181081445
 21
-1478.6861267853162
 31
0.0
 11
27996.14165321445
 21
-1478.6861267853162
 31
0.0
 11
27996.10229081445
 21
-1478.6861267853162
 31
0.0
 11
27996.06571161445
 21
-1478.6861267853162
 31
0.0
 11
27996.03032521445
 21
-1478.6861267853162
 31
0.0
 11
27995.99692681445
 21
-1478.6861267853162
 31
0.0
 11
27995.96551641445
 21
-1478.6861267853162
 31
0.0
 11
27995.93569641445
 21
-1478.6861267853162
 31
0.0
 11
27995.90786441445
 21
-1478.6861267853162
 31
0.0
 11
27995.88162281445
 21
-1478.6861267853162
 31
0.0
 11
27995.85816441445
 21
-1478.6861267853162
 31
0.0
 11
27995.83589881445
 21
-1478.6861267853162
 31
0.0
 11
27995.81641641445
 21
-1478.6861267853162
 31
0.0
 11
27995.79852441445
 21
-1478.6861267853162
 31
0.0
 11
27995.78222281445
 21
-1478.6861267853162
 31
0.0
 11
27995.76910201445
 21
-1478.6861267853162
 31
0.0
 11
27995.75677641445
 21
-1478.6861267853162
 31
0.0
 11
27995.74802921445
 21
-1478.6861267853162
 31
0.0
 11
27995.74047481445
 21
-1478.6861267853162
 31
0.0
 11
27995.73490841445
 21
-1478.6861267853162
 31
0.0
 11
27995.73212521445
 21
-1478.6861267853162
 31
0.0
 11
27995.73013721445
 21
-1478.6861267853162
 31
0.0
  0
SPLINE
  5
399
330
17
100
AcDbEntity
  8
OUTLINE
100
AcDbSpline
 70
0
 71
3
 72
0
 73
0
 74
25
 11
28091.94933721445
 21
-1478.6861267853162
 31
0.0
 11
28091.94218041445
 21
-1478.6861267853162
 31
0.0
 11
28091.93065001445
 21
-1478.6861267853162
 31
0.0
 11
28091.90878201445
 21
-1478.6861267853162
 31
0.0
 11
28091.87896201445
 21
-1478.6861267853162
 31
0.0
 11
28091.84278041445
 21
-1478.6861267853162
 31
0.0
 11
28091.79506841445
 21
-1478.6861267853162
 31
0.0
 11
28091.74338041445
 21
-1478.6861267853162
 31
0.0
 11
28091.68055961445
 21
-1478.6861267853162
 31
0.0
 11
28091.61257001445
 21
-1478.6861267853162
 31
0.0
 11
28091.537026014452
 21
-1478.6861267853162
 31
0.0
 11
28091.45353001445
 21
-1478.6861267853162
 31
0.0
 11
28091.367250814452
 21
-1478.6861267853162
 31
0.0
 11
28091.27023641445
 21
-1478.6861267853162
 31
0.0
 11
28091.17043881445
 21
-1478.6861267853162
 31
0.0
 11
28091.06427961445
 21
-1478.6861267853162
 31
0.0
 11
28090.95414441445
 21
-1478.6861267853162
 31
0.0
 11
28090.840033214452
 21
-1478.6861267853162
 31
0.0
 11
28090.72075321445
 21
-1478.6861267853162
 31
0.0
 11
28090.59988281445
 21
-1478.6861267853162
 31
0.0
 11
28090.47503641445
 21
-1478.6861267853162
 31
0.0
 11
28090.34859961445
 21
-1478.6861267853162
 31
0.0
 11
28090.22057241445
 21
-1478.6861267853162
 31
0.0
 11
28090.09135241445
 21
-1478.6861267853162
 31
0.0
 11
28089.96133721445
 21
-1478.6861267853162
 31
0.0
  0
SPLINE
  5
39A
330
17
100
AcDbEntity
  8
OUTLINE
100
AcDbSpline
 70
0
 71
3
 72
0
 73
0
 74
25
 11
27995.73013721445
 21
-1486.5983667853163
 31
0.0
 11
27995.73212521445
 21
-1486.5983667853163
 31
0.0
 11
27995.73490841445
 21
-1486.5983667853163
 31
0.0
 11
27995.74047481445
 21
-1486.5983667853163
 31
0.0
 11
27995.74802921445
 21
-1486.5983667853163
 31
0.0
 11
27995.75677641445
 21
-1486.5983667853163
 31
0.0
 11
27995.76910201445
 21
-1486.5983667853163
 31
0.0
 11
27995.78222281445
 21
-1486.5983667853163
 31
0.0
 11
27995.79852441445
 21
-1486.5983667853163
 31
0.0
 11
27995.81641641445
 21
-1486.5983667853163
 31
0.0
 11
27995.83589881445
 21
-1486.5983667853163
 31
0.0
 11
27995.85816441445
 21
-1486.5983667853163
 31
0.0
 11
27995.88162281445
 21
-1486.5983667853163
 31
0.0
 11
27995.90786441445
 21
-1486.5983667853163
 31
0.0
 11
27995.93569641445
 21
-1486.5983667853163
 31
0.0
 11
27995.96551641445
 21
-1486.5983667853163
 31
0.0
 11
27995.99692681445
 21
-1486.5983667853163
 31
0.0
 11
27996.03032521445
 21
-1486.5983667853163
 31
0.0
 11
27996.06571161445
 21
-1486.5983667853163
 31
0.0
 11
27996.10229081445
 21
-1486.5983667853163
 31
0.0
 11
27996.14165321445
 21
-1486.5983667853163
 31
0.0
 11
27996.18181081445
 21
-1486.5983667853163
 31
0.0
 11
27996.22395641445
 21
-1486.5983667853163
 31
0.0
 11
27996.26769241445
 21
-1486.5983667853163
 31
0.0
 11
27996.31222361445
 21
-1486.5983667853163
 31
0.0
  0
SPLINE
  5
39B
330
17
100
AcDbEntity
  8
OUTLINE
100
AcDbSpline
 70
0
 71
3
 72
0
 73
0
 74
25
 11
28002.29610361445
 21
-1486.5983667853163
 31
0.0
 11
28002.34341801445
 21
-1486.5983667853163
 31
0.0
 11
28002.39113001445
 21
-1486.5983667853163
 31
0.0
 11
28002.44083001445
 21
-1486.5983667853163
 31
0.0
 11
28002.49212041445
 21
-1486.5983667853163
 31
0.0
 11
28002.54380841445
 21
-1486.5983667853163
 31
0.0
 11
28002.597882014452
 21
-1486.5983667853163
 31
0.0
 11
28002.65195561445
 21
-1486.5983667853163
 31
0.0
 11
28002.70801721445
 21
-1486.5983667853163
 31
0.0
 11
28002.76487401445
 21
-1486.5983667853163
 31
0.0
 11
28002.82292361445
 21
-1486.5983667853163
 31
0.0
 11
28002.88176841445
 21
-1486.5983667853163
 31
0.0
 11
28002.94101081445
 21
-1486.5983667853163
 31
0.0
 11
28003.00184361445
 21
-1486.5983667853163
 31
0.0
 11
28003.06307401445
 21
-1486.5983667853163
 31
0.0
 11
28003.12509961445
 21
-1486.5983667853163
 31
0.0
 11
28003.18752281445
 21
-1486.5983667853163
 31
0.0
 11
28003.25034361445
 21
-1486.5983667853163
 31
0.0
 11
28003.31395961445
 21
-1486.5983667853163
 31
0.0
 11
28003.37797321445
 21
-1486.5983667853163
 31
0.0
 11
28003.44238441445
 21
-1486.5983667853163
 31
0.0
 11
28003.50719321445
 21
-1486.5983667853163
 31
0.0
 11
28003.57200201445
 21
-1486.5983667853163
 31
0.0
 11
28003.63681081445
 21
-1486.5983667853163
 31
0.0
 11
28003.70161961445
 21
-1486.5983667853163
 31
0.0
  0
SPLINE
  5
39C
330
17
100
AcDbEntity
  8
OUTLINE
100
AcDbSpline
 70
0
 71
3
 72
0
 73
0
 74
25
 11
28081.01533721445
 21
-1483.4175667853162
 31
0.0
 11
28080.93740761445
 21
-1483.4175667853162
 31
0.0
 11
28080.85987561445
 21
-1483.4175667853162
 31
0.0
 11
28080.78274121445
 21
-1483.4175667853162
 31
0.0
 11
28080.70719721445
 21
-1483.4175667853162
 31
0.0
 11
28080.63205081445
 21
-1483.4175667853162
 31
0.0
 11
28080.559687614452
 21
-1483.4175667853162
 31
0.0
 11
28080.48811961445
 21
-1483.4175667853162
 31
0.0
 11
28080.41973241445
 21
-1483.4175667853162
 31
0.0
 11
28080.35333321445
 21
-1483.4175667853162
 31
0.0
 11
28080.28971721445
 21
-1483.4175667853162
 31
0.0
 11
28080.23007721445
 21
-1483.4175667853162
 31
0.0
 11
28080.17202761445
 21
-1483.4175667853162
 31
0.0
 11
28080.11994201445
 21
-1483.4175667853162
 31
0.0
 11
28080.06984441445
 21
-1483.4175667853162
 31
0.0
 11
28080.02451801445
 21
-1483.4175667853162
 31
0.0
 11
28079.98396281445
 21
-1483.4175667853162
 31
0.0
 11
28079.94619081445
 21
-1483.4175667853162
 31
0.0
 11
28079.91517801445
 21
-1483.4175667853162
 31
0.0
 11
28079.88655081445
 21
-1483.4175667853162
 31
0.0
 11
28079.864682814452
 21
-1483.4175667853162
 31
0.0
 11
28079.84679081445
 21
-1483.4175667853162
 31
0.0
 11
28079.83367001445
 21
-1483.4175667853162
 31
0.0
 11
28079.82691081445
 21
-1483.4175667853162
 31
0.0
 11
28079.82253721445
 21
-1483.4175667853162
 31
0.0
  0
SPLINE
  5
39D
330
17
100
AcDbEntity
  8
OUTLINE
100
AcDbSpline
 70
0
 71
3
 72
0
 73
0
 74
25
 11
28082.00933721445
 21
-1483.4175667853162
 31
0.0
 11
28081.98071001445
 21
-1483.4175667853162
 31
0.0
 11
28081.95168521445
 21
-1483.4175667853162
 31
0.0
 11
28081.92027481445
 21
-1483.4175667853162
 31
0.0
 11
28081.88767161445
 21
-1483.4175667853162
 31
0.0
 11
28081.85387561445
 21
-1483.4175667853162
 31
0.0
 11
28081.818091614452
 21
-1483.4175667853162
 31
0.0
 11
28081.78151241445
 21
-1483.4175667853162
 31
0.0
 11
28081.74334281445
 21
-1483.4175667853162
 31
0.0
 11
28081.70398041445
 21
-1483.4175667853162
 31
0.0
 11
28081.66342521445
 21
-1483.4175667853162
 31
0.0
 11
28081.62167721445
 21
-1483.4175667853162
 31
0.0
 11
28081.57953161445
 21
-1483.4175667853162
 31
0.0
 11
28081.53539801445
 21
-1483.4175667853162
 31
0.0
 11
28081.49126441445
 21
-1483.4175667853162
 31
0.0
 11
28081.44593801445
 21
-1483.4175667853162
 31
0.0
 11
28081.39981641445
 21
-1483.4175667853162
 31
0.0
 11
28081.35329721445
 21
-1483.4175667853162
 31
0.0
 11
28081.30598281445
 21
-1483.4175667853162
 31
0.0
 11
28081.25827081445
 21
-1483.4175667853162
 31
0.0
 11
28081.21016121445
 21
-1483.4175667853162
 31
0.0
 11
28081.16165401445
 21
-1483.4175667853162
 31
0.0
 11
28081.11314681445
 21
-1483.4175667853162
 31
0.0
 11
28081.06424201445
 21
-1483.4175667853162
 31
0.0
 11
28081.01533721445
 21
-1483.4175667853162
 31
0.0
  0
SPLINE
  5
39E
330
17
100
AcDbEntity
  8
OUTLINE
100
AcDbSpline
 70
0
 71
3
 72
0
 73
0
 74
25
 11
28051.19533721445
 21
-1483.4175667853162
 31
0.0
 11
28051.11740761445
 21
-1483.4175667853162
 31
0.0
 11
28051.03987561445
 21
-1483.4175667853162
 31
0.0
 11
28050.96274121445
 21
-1483.4175667853162
 31
0.0
 11
28050.88719721445
 21
-1483.4175667853162
 31
0.0
 11
28050.81205081445
 21
-1483.4175667853162
 31
0.0
 11
28050.73968761445
 21
-1483.4175667853162
 31
0.0
 11
28050.66811961445
 21
-1483.4175667853162
 31
0.0
 11
28050.599732414452
 21
-1483.4175667853162
 31
0.0
 11
28050.53333321445
 21
-1483.4175667853162
 31
0.0
 11
28050.46971721445
 21
-1483.4175667853162
 31
0.0
 11
28050.410077214452
 21
-1483.4175667853162
 31
0.0
 11
28050.35202761445
 21
-1483.4175667853162
 31
0.0
 11
28050.29994201445
 21
-1483.4175667853162
 31
0.0
 11
28050.24984441445
 21
-1483.4175667853162
 31
0.0
 11
28050.20451801445
 21
-1483.4175667853162
 31
0.0
 11
28050.16396281445
 21
-1483.4175667853162
 31
0.0
 11
28050.12619081445
 21
-1483.4175667853162
 31
0.0
 11
28050.09517801445
 21
-1483.4175667853162
 31
0.0
 11
28050.06655081445
 21
-1483.4175667853162
 31
0.0
 11
28050.04468281445
 21
-1483.4175667853162
 31
0.0
 11
28050.02679081445
 21
-1483.4175667853162
 31
0.0
 11
28050.01367001445
 21
-1483.4175667853162
 31
0.0
 11
28050.00691081445
 21
-1483.4175667853162
 31
0.0
 11
28050.002537214452
 21
-1483.4175667853162
 31
0.0
  0
SPLINE
  5
39F
330
17
100
AcDbEntity
  8
OUTLINE
100
AcDbSpline
 70
0
 71
3
 72
0
 73
0
 74
25
 11
28052.38813721445
 21
-1483.4175667853162
 31
0.0
 11
28052.38376361445
 21
-1483.4175667853162
 31
0.0
 11
28052.37700441445
 21
-1483.4175667853162
 31
0.0
 11
28052.36388361445
 21
-1483.4175667853162
 31
0.0
 11
28052.34599161445
 21
-1483.4175667853162
 31
0.0
 11
28052.32412361445
 21
-1483.4175667853162
 31
0.0
 11
28052.295496414452
 21
-1483.4175667853162
 31
0.0
 11
28052.26448361445
 21
-1483.4175667853162
 31
0.0
 11
28052.22671161445
 21
-1483.4175667853162
 31
0.0
 11
28052.18615641445
 21
-1483.4175667853162
 31
0.0
 11
28052.14083001445
 21
-1483.4175667853162
 31
0.0
 11
28052.09073241445
 21
-1483.4175667853162
 31
0.0
 11
28052.03864681445
 21
-1483.4175667853162
 31
0.0
 11
28051.98059721445
 21
-1483.4175667853162
 31
0.0
 11
28051.92095721445
 21
-1483.4175667853162
 31
0.0
 11
28051.85734121445
 21
-1483.4175667853162
 31
0.0
 11
28051.79094201445
 21
-1483.4175667853162
 31
0.0
 11
28051.72255481445
 21
-1483.4175667853162
 31
0.0
 11
28051.65098681445
 21
-1483.4175667853162
 31
0.0
 11
28051.57862361445
 21
-1483.4175667853162
 31
0.0
 11
28051.50347721445
 21
-1483.4175667853162
 31
0.0
 11
28051.42793321445
 21
-1483.4175667853162
 31
0.0
 11
28051.350798814452
 21
-1483.4175667853162
 31
0.0
 11
28051.27326681445
 21
-1483.4175667853162
 31
0.0
 11
28051.19533721445
 21
-1483.4175667853162
 31
0.0
  0
SPLINE
  5
3A0
330
17
100
AcDbEntity
  8
OUTLINE
100
AcDbSpline
 70
0
 71
3
 72
0
 73
0
 74
25
 11
28070.08133721445
 21
-1489.9779667853163
 31
0.0
 11
28070.00738361445
 21
-1489.9779667853163
 31
0.0
 11
28069.93343001445
 21
-1489.9779667853163
 31
0.0
 11
28069.86066921445
 21
-1489.9779667853163
 31
0.0
 11
28069.78830601445
 21
-1489.9779667853163
 31
0.0
 11
28069.71713561445
 21
-1489.9779667853163
 31
0.0
 11
28069.648350814452
 21
-1489.9779667853163
 31
0.0
 11
28069.580361214452
 21
-1489.9779667853163
 31
0.0
 11
28069.51555241445
 21
-1489.9779667853163
 31
0.0
 11
28069.45273161445
 21
-1489.9779667853163
 31
0.0
 11
28069.39189881445
 21
-1489.9779667853163
 31
0.0
 11
28069.33543961445
 21
-1489.9779667853163
 31
0.0
 11
28069.28017321445
 21
-1489.9779667853163
 31
0.0
 11
28069.230870814452
 21
-1489.9779667853163
 31
0.0
 11
28069.18315881445
 21
-1489.9779667853163
 31
0.0
 11
28069.14021801445
 21
-1489.9779667853163
 31
0.0
 11
28069.10125321445
 21
-1489.9779667853163
 31
0.0
 11
28069.06546921445
 21
-1489.9779667853163
 31
0.0
 11
28069.03604681445
 21
-1489.9779667853163
 31
0.0
 11
28069.00901001445
 21
-1489.9779667853163
 31
0.0
 11
28068.98833481445
 21
-1489.9779667853163
 31
0.0
 11
28068.971238014452
 21
-1489.9779667853163
 31
0.0
 11
28068.95891241445
 21
-1489.9779667853163
 31
0.0
 11
28068.95215321445
 21
-1489.9779667853163
 31
0.0
 11
28068.94817721445
 21
-1489.9779667853163
 31
0.0
  0
SPLINE
  5
3A1
330
17
100
AcDbEntity
  8
OUTLINE
100
AcDbSpline
 70
0
 71
3
 72
0
 73
0
 74
25
 11
28071.21449721445
 21
-1489.9779667853163
 31
0.0
 11
28071.21052121445
 21
-1489.9779667853163
 31
0.0
 11
28071.20376201445
 21
-1489.9779667853163
 31
0.0
 11
28071.19143641445
 21
-1489.9779667853163
 31
0.0
 11
28071.174339614452
 21
-1489.9779667853163
 31
0.0
 11
28071.15366441445
 21
-1489.9779667853163
 31
0.0
 11
28071.12662761445
 21
-1489.9779667853163
 31
0.0
 11
28071.09720521445
 21
-1489.9779667853163
 31
0.0
 11
28071.06142121445
 21
-1489.9779667853163
 31
0.0
 11
28071.022456414452
 21
-1489.9779667853163
 31
0.0
 11
28070.97951561445
 21
-1489.9779667853163
 31
0.0
 11
28070.93180361445
 21
-1489.9779667853163
 31
0.0
 11
28070.88250121445
 21
-1489.9779667853163
 31
0.0
 11
28070.82723481445
 21
-1489.9779667853163
 31
0.0
 11
28070.770775614452
 21
-1489.9779667853163
 31
0.0
 11
28070.70994281445
 21
-1489.9779667853163
 31
0.0
 11
28070.64712201445
 21
-1489.9779667853163
 31
0.0
 11
28070.58231321445
 21
-1489.9779667853163
 31
0.0
 11
28070.51432361445
 21
-1489.9779667853163
 31
0.0
 11
28070.44553881445
 21
-1489.9779667853163
 31
0.0
 11
28070.37436841445
 21
-1489.9779667853163
 31
0.0
 11
28070.30200521445
 21
-1489.9779667853163
 31
0.0
 11
28070.22924441445
 21
-1489.9779667853163
 31
0.0
 11
28070.15529081445
 21
-1489.9779667853163
 31
0.0
 11
28070.08133721445
 21
-1489.9779667853163
 31
0.0
  0
SPLINE
  5
3A2
330
17
100
AcDbEntity
  8
OUTLINE
100
AcDbSpline
 70
0
 71
3
 72
0
 73
0
 74
25
 11
28070.67773721445
 21
-1489.9779667853163
 31
0.0
 11
28070.668990014452
 21
-1489.9779667853163
 31
0.0
 11
28070.65547161445
 21
-1489.9779667853163
 31
0.0
 11
28070.62962761445
 21
-1489.9779667853163
 31
0.0
 11
28070.595036414452
 21
-1489.9779667853163
 31
0.0
 11
28070.55368601445
 21
-1489.9779667853163
 31
0.0
 11
28070.50040761445
 21
-1489.9779667853163
 31
0.0
 11
28070.44394841445
 21
-1489.9779667853163
 31
0.0
 11
28070.37794681445
 21
-1489.9779667853163
 31
0.0
 11
28070.30876441445
 21
-1489.9779667853163
 31
0.0
 11
28070.23520841445
 21
-1489.9779667853163
 31
0.0
 11
28070.15886921445
 21
-1489.9779667853163
 31
0.0
 11
28070.08133721445
 21
-1489.9779667853163
 31
0.0
 11
28070.003805214452
 21
-1489.9779667853163
 31
0.0
 11
28069.92746601445
 21
-1489.9779667853163
 31
0.0
 11
28069.85391001445
 21
-1489.9779667853163
 31
0.0
 11
28069.78472761445
 21
-1489.9779667853163
 31
0.0
 11
28069.71872601445
 21
-1489.9779667853163
 31
0.0
 11
28069.662266814452
 21
-1489.9779667853163
 31
0.0
 11
28069.60898841445
 21
-1489.9779667853163
 31
0.0
 11
28069.56763801445
 21
-1489.9779667853163
 31
0.0
 11
28069.53304681445
 21
-1489.9779667853163
 31
0.0
 11
28069.50720281445
 21
-1489.9779667853163
 31
0.0
 11
28069.49368441445
 21
-1489.9779667853163
 31
0.0
 11
28069.48493721445
 21
-1489.9779667853163
 31
0.0
  0
SPLINE
  5
3A3
330
17
100
AcDbEntity
  8
OUTLINE
100
AcDbSpline
 70
0
 71
3
 72
0
 73
0
 74
25
 11
28069.48493721445
 21
-1489.9779667853163
 31
0.0
 11
28069.49368441445
 21
-1489.9779667853163
 31
0.0
 11
28069.50720281445
 21
-1489.9779667853163
 31
0.0
 11
28069.53304681445
 21
-1489.9779667853163
 31
0.0
 11
28069.56763801445
 21
-1489.9779667853163
 31
0.0
 11
28069.60898841445
 21
-1489.9779667853163
 31
0.0
 11
28069.662266814452
 21
-1489.9779667853163
 31
0.0
 11
28069.71872601445
 21
-1489.9779667853163
 31
0.0
 11
28069.78472761445
 21
-1489.9779667853163
 31
0.0
 11
28069.85391001445
 21
-1489.9779667853163
 31
0.0
 11
28069.92746601445
 21
-1489.9779667853163
 31
0.0
 11
28070.003805214452
 21
-1489.9779667853163
 31
0.0
 11
28070.08133721445
 21
-1489.9779667853163
 31
0.0
 11
28070.15886921445
 21
-1489.9779667853163
 31
0.0
 11
28070.23520841445
 21
-1489.9779667853163
 31
0.0
 11
28070.30876441445
 21
-1489.9779667853163
 31
0.0
 11
28070.37794681445
 21
-1489.9779667853163
 31
0.0
 11
28070.44394841445
 21
-1489.9779667853163
 31
0.0
 11
28070.50040761445
 21
-1489.9779667853163
 31
0.0
 11
28070.55368601445
 21
-1489.9779667853163
 31
0.0
 11
28070.595036414452
 21
-1489.9779667853163
 31
0.0
 11
28070.62962761445
 21
-1489.9779667853163
 31
0.0
 11
28070.65547161445
 21
-1489.9779667853163
 31
0.0
 11
28070.668990014452
 21
-1489.9779667853163
 31
0.0
 11
28070.67773721445
 21
-1489.9779667853163
 31
0.0
  0
SPLINE
  5
3A4
330
17
100
AcDbEntity
  8
OUTLINE
100
AcDbSpline
 70
0
 71
3
 72
0
 73
0
 74
25
 11
28071.33377721445
 21
-1490.0972467853162
 31
0.0
 11
28071.32900601445
 21
-1490.0972467853162
 31
0.0
 11
28071.32184921445
 21
-1490.0972467853162
 31
0.0
 11
28071.30833081445
 21
-1490.0972467853162
 31
0.0
 11
28071.28924601445
 21
-1490.0972467853162
 31
0.0
 11
28071.26658281445
 21
-1490.0972467853162
 31
0.0
 11
28071.23676281445
 21
-1490.0972467853162
 31
0.0
 11
28071.20415961445
 21
-1490.0972467853162
 31
0.0
 11
28071.16439961445
 21
-1490.0972467853162
 31
0.0
 11
28071.12145881445
 21
-1490.0972467853162
 31
0.0
 11
28071.07414441445
 21
-1490.0972467853162
 31
0.0
 11
28071.02166121445
 21
-1490.0972467853162
 31
0.0
 11
28070.96679241445
 21
-1490.0972467853162
 31
0.0
 11
28070.90595961445
 21
-1490.0972467853162
 31
0.0
 11
28070.84313881445
 21
-1490.0972467853162
 31
0.0
 11
28070.77634201445
 21
-1490.0972467853162
 31
0.0
 11
28070.70676201445
 21
-1490.0972467853162
 31
0.0
 11
28070.63479641445
 21
-1490.0972467853162
 31
0.0
 11
28070.56004761445
 21
-1490.0972467853162
 31
0.0
 11
28070.48370841445
 21
-1490.0972467853162
 31
0.0
 11
28070.40498361445
 21
-1490.0972467853162
 31
0.0
 11
28070.325463614452
 21
-1490.0972467853162
 31
0.0
 11
28070.24475081445
 21
-1490.0972467853162
 31
0.0
 11
28070.16324281445
 21
-1490.0972467853162
 31
0.0
 11
28070.08133721445
 21
-1490.0972467853162
 31
0.0
  0
SPLINE
  5
3A5
330
17
100
AcDbEntity
  8
OUTLINE
100
AcDbSpline
 70
0
 71
3
 72
0
 73
0
 74
25
 11
28070.08133721445
 21
-1490.0972467853162
 31
0.0
 11
28069.99943161445
 21
-1490.0972467853162
 31
0.0
 11
28069.917923614452
 21
-1490.0972467853162
 31
0.0
 11
28069.83721081445
 21
-1490.0972467853162
 31
0.0
 11
28069.75769081445
 21
-1490.0972467853162
 31
0.0
 11
28069.67896601445
 21
-1490.0972467853162
 31
0.0
 11
28069.60262681445
 21
-1490.0972467853162
 31
0.0
 11
28069.52787801445
 21
-1490.0972467853162
 31
0.0
 11
28069.45591241445
 21
-1490.0972467853162
 31
0.0
 11
28069.38633241445
 21
-1490.0972467853162
 31
0.0
 11
28069.31953561445
 21
-1490.0972467853162
 31
0.0
 11
28069.25671481445
 21
-1490.0972467853162
 31
0.0
 11
28069.19588201445
 21
-1490.0972467853162
 31
0.0
 11
28069.141013214452
 21
-1490.0972467853162
 31
0.0
 11
28069.08853001445
 21
-1490.0972467853162
 31
0.0
 11
28069.04121561445
 21
-1490.0972467853162
 31
0.0
 11
28068.99827481445
 21
-1490.0972467853162
 31
0.0
 11
28068.95851481445
 21
-1490.0972467853162
 31
0.0
 11
28068.92591161445
 21
-1490.0972467853162
 31
0.0
 11
28068.89609161445
 21
-1490.0972467853162
 31
0.0
 11
28068.87342841445
 21
-1490.0972467853162
 31
0.0
 11
28068.85434361445
 21
-1490.0972467853162
 31
0.0
 11
28068.84082521445
 21
-1490.0972467853162
 31
0.0
 11
28068.83366841445
 21
-1490.0972467853162
 31
0.0
 11
28068.82889721445
 21
-1490.0972467853162
 31
0.0
  0
CIRCLE
  5
3A6
330
17
100
AcDbEntity
  8
OUTLINE
100
AcDbCircle
 10
28043.04453721445
 20
-1480.8331667853163
 30
0.0
 40
1.3923952
  0
CIRCLE
  5
3A7
330
17
100
AcDbEntity
  8
OUTLINE
100
AcDbCircle
 10
28020.38133721445
 20
-1480.8331667853163
 30
0.0
 40
1.3923952
  0
CIRCLE
  5
3A8
330
17
100
AcDbEntity
  8
OUTLINE
100
AcDbCircle
 10
28007.65813721445
 20
-1480.8331667853163
 30
0.0
 40
1.3923952
  0
CIRCLE
  5
3A9
330
17
100
AcDbEntity
  8
OUTLINE
100
AcDbCircle
 10
28086.581737214452
 20
-1480.8331667853163
 30
0.0
 40
1.3923952
  0
LINE
  5
3AA
330
17
100
AcDbEntity
  8
OUTLINE
100
AcDbLine
 10
28049.00853721445
 20
-1604.5659267853164
 30
0.0
 11
28049.00853721445
 21
-1602.5779267853163
 31
0.0
  0
LINE
  5
3AB
330
17
100
AcDbEntity
  8
OUTLINE
100
AcDbLine
 10
28066.30413721445
 20
-1597.4091267853162
 30
0.0
 11
28064.71373721445
 21
-1597.4091267853162
 31
0.0
  0
LINE
  5
3AC
330
17
100
AcDbEntity
  8
OUTLINE
100
AcDbLine
 10
28075.44893721445
 20
-1597.4091267853162
 30
0.0
 11
28073.85853721445
 21
-1597.4091267853162
 31
0.0
  0
LINE
  5
3AD
330
17
100
AcDbEntity
  8
OUTLINE
100
AcDbLine
 10
28077.83453721445
 20
-1596.4151267853163
 30
0.0
 11
28062.328137214452
 21
-1596.4151267853163
 31
0.0
  0
LINE
  5
3AE
330
17
100
AcDbEntity
  8
OUTLINE
100
AcDbLine
 10
28061.13533721445
 20
-1596.4151267853163
 30
0.0
 11
28043.44213721445
 21
-1596.4151267853163
 31
0.0
  0
LINE
  5
3AF
330
17
100
AcDbEntity
  8
OUTLINE
100
AcDbLine
 10
28089.96133721445
 20
-1596.4151267853163
 30
0.0
 11
28079.02733721445
 21
-1596.4151267853163
 31
0.0
  0
LINE
  5
3B0
330
17
100
AcDbEntity
  8
OUTLINE
100
AcDbLine
 10
28079.02733721445
 20
-1596.4151267853163
 30
0.0
 11
28079.02733721445
 21
-1596.8127267853163
 31
0.0
  0
LINE
  5
3B1
330
17
100
AcDbEntity
  8
OUTLINE
100
AcDbLine
 10
28075.44893721445
 20
-1596.8127267853163
 30
0.0
 11
28073.85853721445
 21
-1596.8127267853163
 31
0.0
  0
LINE
  5
3B2
330
17
100
AcDbEntity
  8
OUTLINE
100
AcDbLine
 10
28066.30413721445
 20
-1596.8127267853163
 30
0.0
 11
28073.85853721445
 21
-1596.8127267853163
 31
0.0
  0
LINE
  5
3B3
330
17
100
AcDbEntity
  8
OUTLINE
100
AcDbLine
 10
28066.30413721445
 20
-1596.8127267853163
 30
0.0
 11
28064.71373721445
 21
-1596.8127267853163
 31
0.0
  0
LINE
  5
3B4
330
17
100
AcDbEntity
  8
OUTLINE
100
AcDbLine
 10
28061.13533721445
 20
-1596.8127267853163
 30
0.0
 11
28064.71373721445
 21
-1596.8127267853163
 31
0.0
  0
LINE
  5
3B5
330
17
100
AcDbEntity
  8
OUTLINE
100
AcDbLine
 10
28075.44893721445
 20
-1596.8127267853163
 30
0.0
 11
28079.02733721445
 21
-1596.8127267853163
 31
0.0
  0
LINE
  5
3B6
330
17
100
AcDbEntity
  8
OUTLINE
100
AcDbLine
 10
28075.44893721445
 20
-1599.4766467853162
 30
0.0
 11
28075.44893721445
 21
-1596.8127267853163
 31
0.0
  0
LINE
  5
3B7
330
17
100
AcDbEntity
  8
OUTLINE
100
AcDbLine
 10
28014.41733721445
 20
-1609.0985667853163
 30
0.0
 11
28089.96133721445
 21
-1609.0985667853163
 31
0.0
  0
LINE
  5
3B8
330
17
100
AcDbEntity
  8
OUTLINE
100
AcDbLine
 10
28014.41733721445
 20
-1601.1863267853162
 30
0.0
 11
28043.44213721445
 21
-1601.1863267853162
 31
0.0
  0
LINE
  5
3B9
330
17
100
AcDbEntity
  8
OUTLINE
100
AcDbLine
 10
28043.44213721445
 20
-1596.4151267853163
 30
0.0
 11
28043.44213721445
 21
-1601.1863267853162
 31
0.0
  0
LINE
  5
3BA
330
17
100
AcDbEntity
  8
OUTLINE
100
AcDbLine
 10
28061.13533721445
 20
-1596.4151267853163
 30
0.0
 11
28061.13533721445
 21
-1596.8127267853163
 31
0.0
  0
LINE
  5
3BB
330
17
100
AcDbEntity
  8
OUTLINE
100
AcDbLine
 10
28064.71373721445
 20
-1596.8127267853163
 30
0.0
 11
28064.71373721445
 21
-1599.4766467853162
 31
0.0
  0
LINE
  5
3BC
330
17
100
AcDbEntity
  8
OUTLINE
100
AcDbLine
 10
28066.30413721445
 20
-1599.4766467853162
 30
0.0
 11
28066.30413721445
 21
-1596.8127267853163
 31
0.0
  0
LINE
  5
3BD
330
17
100
AcDbEntity
  8
OUTLINE
100
AcDbLine
 10
28073.85853721445
 20
-1596.8127267853163
 30
0.0
 11
28073.85853721445
 21
-1599.4766467853162
 31
0.0
  0
LINE
  5
3BE
330
17
100
AcDbEntity
  8
OUTLINE
100
AcDbLine
 10
28045.82773721445
 20
-1602.5779267853163
 30
0.0
 11
28045.82773721445
 21
-1604.5659267853164
 31
0.0
  0
LINE
  5
3BF
330
17
100
AcDbEntity
  8
OUTLINE
100
AcDbLine
 10
28045.82773721445
 20
-1604.5659267853164
 30
0.0
 11
28049.40613721445
 21
-1604.5659267853164
 31
0.0
  0
LINE
  5
3C0
330
17
100
AcDbEntity
  8
OUTLINE
100
AcDbLine
 10
28049.40613721445
 20
-1604.5659267853164
 30
0.0
 11
28049.40613721445
 21
-1602.5779267853163
 31
0.0
  0
LINE
  5
3C1
330
17
100
AcDbEntity
  8
OUTLINE
100
AcDbLine
 10
28049.40613721445
 20
-1602.5779267853163
 30
0.0
 11
28045.82773721445
 21
-1602.5779267853163
 31
0.0
  0
LINE
  5
3C2
330
17
100
AcDbEntity
  8
OUTLINE
100
AcDbLine
 10
28054.37613721445
 20
-1599.8344867853164
 30
0.0
 11
28054.37613721445
 21
-1604.6056867853163
 31
0.0
  0
LINE
  5
3C3
330
17
100
AcDbEntity
  8
OUTLINE
100
AcDbLine
 10
28054.37613721445
 20
-1604.6056867853163
 30
0.0
 11
28059.54493721445
 21
-1604.6056867853163
 31
0.0
  0
LINE
  5
3C4
330
17
100
AcDbEntity
  8
OUTLINE
100
AcDbLine
 10
28059.54493721445
 20
-1604.6056867853163
 30
0.0
 11
28059.54493721445
 21
-1599.8344867853164
 31
0.0
  0
LINE
  5
3C5
330
17
100
AcDbEntity
  8
OUTLINE
100
AcDbLine
 10
28059.54493721445
 20
-1599.8344867853164
 30
0.0
 11
28054.37613721445
 21
-1599.8344867853164
 31
0.0
  0
LINE
  5
3C6
330
17
100
AcDbEntity
  8
OUTLINE
100
AcDbLine
 10
28085.38893721445
 20
-1604.5659267853164
 30
0.0
 11
28085.38893721445
 21
-1602.5779267853163
 31
0.0
  0
LINE
  5
3C7
330
17
100
AcDbEntity
  8
OUTLINE
100
AcDbLine
 10
28088.96733721445
 20
-1604.5659267853164
 30
0.0
 11
28085.38893721445
 21
-1604.5659267853164
 31
0.0
  0
LINE
  5
3C8
330
17
100
AcDbEntity
  8
OUTLINE
100
AcDbLine
 10
28088.96733721445
 20
-1602.5779267853163
 30
0.0
 11
28088.96733721445
 21
-1604.5659267853164
 31
0.0
  0
LINE
  5
3C9
330
17
100
AcDbEntity
  8
OUTLINE
100
AcDbLine
 10
28085.38893721445
 20
-1602.5779267853163
 30
0.0
 11
28088.96733721445
 21
-1602.5779267853163
 31
0.0
  0
LINE
  5
3CA
330
17
100
AcDbEntity
  8
OUTLINE
100
AcDbLine
 10
28068.729497214452
 20
-1601.5441667853163
 30
0.0
 11
28062.28837721445
 21
-1601.5441667853163
 31
0.0
  0
LINE
  5
3CB
330
17
100
AcDbEntity
  8
OUTLINE
100
AcDbLine
 10
28062.28837721445
 20
-1601.5441667853163
 30
0.0
 11
28062.28837721445
 21
-1604.3591747853163
 31
0.0
  0
LINE
  5
3CC
330
17
100
AcDbEntity
  8
OUTLINE
100
AcDbLine
 10
28062.28837721445
 20
-1604.3591747853163
 30
0.0
 11
28068.729497214452
 21
-1604.3591747853163
 31
0.0
  0
LINE
  5
3CD
330
17
100
AcDbEntity
  8
OUTLINE
100
AcDbLine
 10
28068.729497214452
 20
-1604.3591747853163
 30
0.0
 11
28068.729497214452
 21
-1601.5441667853163
 31
0.0
  0
LINE
  5
3CE
330
17
100
AcDbEntity
  8
OUTLINE
100
AcDbLine
 10
28077.87429721445
 20
-1601.5441667853163
 30
0.0
 11
28071.43317721445
 21
-1601.5441667853163
 31
0.0
  0
LINE
  5
3CF
330
17
100
AcDbEntity
  8
OUTLINE
100
AcDbLine
 10
28071.43317721445
 20
-1601.5441667853163
 30
0.0
 11
28071.43317721445
 21
-1604.3591747853163
 31
0.0
  0
LINE
  5
3D0
330
17
100
AcDbEntity
  8
OUTLINE
100
AcDbLine
 10
28071.43317721445
 20
-1604.3591747853163
 30
0.0
 11
28077.87429721445
 21
-1604.3591747853163
 31
0.0
  0
LINE
  5
3D1
330
17
100
AcDbEntity
  8
OUTLINE
100
AcDbLine
 10
28077.87429721445
 20
-1604.3591747853163
 30
0.0
 11
28077.87429721445
 21
-1601.5441667853163
 31
0.0
  0
LINE
  5
3D2
330
17
100
AcDbEntity
  8
OUTLINE
100
AcDbLine
 10
28091.94933721445
 20
-1596.4151267853163
 30
0.0
 11
28091.94933721445
 21
-1609.0985667853163
 31
0.0
  0
LINE
  5
3D3
330
17
100
AcDbEntity
  8
OUTLINE
100
AcDbLine
 10
27997.71813721445
 20
-1609.0985667853163
 30
0.0
 11
28011.43533721445
 21
-1609.0985667853163
 31
0.0
  0
LINE
  5
3D4
330
17
100
AcDbEntity
  8
OUTLINE
100
AcDbLine
 10
27997.71813721445
 20
-1601.1863267853162
 30
0.0
 11
28011.43533721445
 21
-1601.1863267853162
 31
0.0
  0
LINE
  5
3D5
330
17
100
AcDbEntity
  8
OUTLINE
100
AcDbLine
 10
28012.42933721445
 20
-1609.0985667853163
 30
0.0
 11
28012.42933721445
 21
-1601.1863267853162
 31
0.0
  0
LINE
  5
3D6
330
17
100
AcDbEntity
  8
OUTLINE
100
AcDbLine
 10
27995.73013721445
 20
-1609.0985667853163
 30
0.0
 11
27995.73013721445
 21
-1601.1863267853162
 31
0.0
  0
LINE
  5
3D7
330
17
100
AcDbEntity
  8
OUTLINE
100
AcDbLine
 10
28003.70161961445
 20
-1606.1996651853162
 30
0.0
 11
28003.70161961445
 21
-1607.7033883853162
 31
0.0
  0
LINE
  5
3D8
330
17
100
AcDbEntity
  8
OUTLINE
100
AcDbLine
 10
28077.83453721445
 20
-1596.8127267853163
 30
0.0
 11
28077.83453721445
 21
-1596.4151267853163
 31
0.0
  0
LINE
  5
3D9
330
17
100
AcDbEntity
  8
OUTLINE
100
AcDbLine
 10
28089.96133721445
 20
-1609.0985667853163
 30
0.0
 11
28089.96133721445
 21
-1596.4151267853163
 31
0.0
  0
LINE
  5
3DA
330
17
100
AcDbEntity
  8
OUTLINE
100
AcDbLine
 10
28014.41733721445
 20
-1601.1863267853162
 30
0.0
 11
28014.41733721445
 21
-1609.0985667853163
 31
0.0
  0
LINE
  5
3DB
330
17
100
AcDbEntity
  8
OUTLINE
100
AcDbLine
 10
28011.43533721445
 20
-1609.0985667853163
 30
0.0
 11
28011.43533721445
 21
-1601.1863267853162
 31
0.0
  0
LINE
  5
3DC
330
17
100
AcDbEntity
  8
OUTLINE
100
AcDbLine
 10
27997.71813721445
 20
-1601.1863267853162
 30
0.0
 11
27997.71813721445
 21
-1609.0985667853163
 31
0.0
  0
LINE
  5
3DD
330
17
100
AcDbEntity
  8
OUTLINE
100
AcDbLine
 10
28062.328137214452
 20
-1596.4151267853163
 30
0.0
 11
28062.328137214452
 21
-1596.8127267853163
 31
0.0
  0
SPLINE
  5
3DE
330
17
100
AcDbEntity
  8
OUTLINE
100
AcDbSpline
 70
0
 71
3
 72
0
 73
0
 74
25
 11
28079.02733721445
 21
-1596.4151267853163
 31
0.0
 11
28079.02296361445
 21
-1596.4151267853163
 31
0.0
 11
28079.01620441445
 21
-1596.4151267853163
 31
0.0
 11
28079.00308361445
 21
-1596.4151267853163
 31
0.0
 11
28078.98519161445
 21
-1596.4151267853163
 31
0.0
 11
28078.96332361445
 21
-1596.4151267853163
 31
0.0
 11
28078.93469641445
 21
-1596.4151267853163
 31
0.0
 11
28078.90368361445
 21
-1596.4151267853163
 31
0.0
 11
28078.86591161445
 21
-1596.4151267853163
 31
0.0
 11
28078.82535641445
 21
-1596.4151267853163
 31
0.0
 11
28078.78003001445
 21
-1596.4151267853163
 31
0.0
 11
28078.72993241445
 21
-1596.4151267853163
 31
0.0
 11
28078.67784681445
 21
-1596.4151267853163
 31
0.0
 11
28078.61979721445
 21
-1596.4151267853163
 31
0.0
 11
28078.56015721445
 21
-1596.4151267853163
 31
0.0
 11
28078.496541214452
 21
-1596.4151267853163
 31
0.0
 11
28078.43014201445
 21
-1596.4151267853163
 31
0.0
 11
28078.36175481445
 21
-1596.4151267853163
 31
0.0
 11
28078.29018681445
 21
-1596.4151267853163
 31
0.0
 11
28078.21782361445
 21
-1596.4151267853163
 31
0.0
 11
28078.14267721445
 21
-1596.4151267853163
 31
0.0
 11
28078.06713321445
 21
-1596.4151267853163
 31
0.0
 11
28077.98999881445
 21
-1596.4151267853163
 31
0.0
 11
28077.91246681445
 21
-1596.4151267853163
 31
0.0
 11
28077.83453721445
 21
-1596.4151267853163
 31
0.0
  0
SPLINE
  5
3DF
330
17
100
AcDbEntity
  8
OUTLINE
100
AcDbSpline
 70
0
 71
3
 72
0
 73
0
 74
25
 11
28062.328137214452
 21
-1596.4151267853163
 31
0.0
 11
28062.250207614452
 21
-1596.4151267853163
 31
0.0
 11
28062.17267561445
 21
-1596.4151267853163
 31
0.0
 11
28062.09554121445
 21
-1596.4151267853163
 31
0.0
 11
28062.01999721445
 21
-1596.4151267853163
 31
0.0
 11
28061.94485081445
 21
-1596.4151267853163
 31
0.0
 11
28061.87248761445
 21
-1596.4151267853163
 31
0.0
 11
28061.80091961445
 21
-1596.4151267853163
 31
0.0
 11
28061.73253241445
 21
-1596.4151267853163
 31
0.0
 11
28061.66613321445
 21
-1596.4151267853163
 31
0.0
 11
28061.60251721445
 21
-1596.4151267853163
 31
0.0
 11
28061.54287721445
 21
-1596.4151267853163
 31
0.0
 11
28061.48482761445
 21
-1596.4151267853163
 31
0.0
 11
28061.43274201445
 21
-1596.4151267853163
 31
0.0
 11
28061.38264441445
 21
-1596.4151267853163
 31
0.0
 11
28061.33731801445
 21
-1596.4151267853163
 31
0.0
 11
28061.29676281445
 21
-1596.4151267853163
 31
0.0
 11
28061.25899081445
 21
-1596.4151267853163
 31
0.0
 11
28061.22797801445
 21
-1596.4151267853163
 31
0.0
 11
28061.19935081445
 21
-1596.4151267853163
 31
0.0
 11
28061.17748281445
 21
-1596.4151267853163
 31
0.0
 11
28061.15959081445
 21
-1596.4151267853163
 31
0.0
 11
28061.14647001445
 21
-1596.4151267853163
 31
0.0
 11
28061.139710814452
 21
-1596.4151267853163
 31
0.0
 11
28061.13533721445
 21
-1596.4151267853163
 31
0.0
  0
SPLINE
  5
3E0
330
17
100
AcDbEntity
  8
OUTLINE
100
AcDbSpline
 70
0
 71
3
 72
0
 73
0
 74
25
 11
28091.94933721445
 21
-1596.4151267853163
 31
0.0
 11
28091.94218041445
 21
-1596.4151267853163
 31
0.0
 11
28091.93065001445
 21
-1596.4151267853163
 31
0.0
 11
28091.90878201445
 21
-1596.4151267853163
 31
0.0
 11
28091.87896201445
 21
-1596.4151267853163
 31
0.0
 11
28091.84278041445
 21
-1596.4151267853163
 31
0.0
 11
28091.79506841445
 21
-1596.4151267853163
 31
0.0
 11
28091.74338041445
 21
-1596.4151267853163
 31
0.0
 11
28091.68055961445
 21
-1596.4151267853163
 31
0.0
 11
28091.61257001445
 21
-1596.4151267853163
 31
0.0
 11
28091.537026014452
 21
-1596.4151267853163
 31
0.0
 11
28091.45353001445
 21
-1596.4151267853163
 31
0.0
 11
28091.367250814452
 21
-1596.4151267853163
 31
0.0
 11
28091.27023641445
 21
-1596.4151267853163
 31
0.0
 11
28091.17043881445
 21
-1596.4151267853163
 31
0.0
 11
28091.06427961445
 21
-1596.4151267853163
 31
0.0
 11
28090.95414441445
 21
-1596.4151267853163
 31
0.0
 11
28090.840033214452
 21
-1596.4151267853163
 31
0.0
 11
28090.72075321445
 21
-1596.4151267853163
 31
0.0
 11
28090.59988281445
 21
-1596.4151267853163
 31
0.0
 11
28090.47503641445
 21
-1596.4151267853163
 31
0.0
 11
28090.34859961445
 21
-1596.4151267853163
 31
0.0
 11
28090.22057241445
 21
-1596.4151267853163
 31
0.0
 11
28090.09135241445
 21
-1596.4151267853163
 31
0.0
 11
28089.96133721445
 21
-1596.4151267853163
 31
0.0
  0
SPLINE
  5
3E1
330
17
100
AcDbEntity
  8
OUTLINE
100
AcDbSpline
 70
0
 71
3
 72
0
 73
0
 74
25
 11
28089.96133721445
 21
-1609.0985667853163
 31
0.0
 11
28090.09135241445
 21
-1609.0985667853163
 31
0.0
 11
28090.22057241445
 21
-1609.0985667853163
 31
0.0
 11
28090.34859961445
 21
-1609.0985667853163
 31
0.0
 11
28090.47503641445
 21
-1609.0985667853163
 31
0.0
 11
28090.59988281445
 21
-1609.0985667853163
 31
0.0
 11
28090.72075321445
 21
-1609.0985667853163
 31
0.0
 11
28090.840033214452
 21
-1609.0985667853163
 31
0.0
 11
28090.95414441445
 21
-1609.0985667853163
 31
0.0
 11
28091.06427961445
 21
-1609.0985667853163
 31
0.0
 11
28091.17043881445
 21
-1609.0985667853163
 31
0.0
 11
28091.27023641445
 21
-1609.0985667853163
 31
0.0
 11
28091.367250814452
 21
-1609.0985667853163
 31
0.0
 11
28091.45353001445
 21
-1609.0985667853163
 31
0.0
 11
28091.537026014452
 21
-1609.0985667853163
 31
0.0
 11
28091.61257001445
 21
-1609.0985667853163
 31
0.0
 11
28091.68055961445
 21
-1609.0985667853163
 31
0.0
 11
28091.74338041445
 21
-1609.0985667853163
 31
0.0
 11
28091.79506841445
 21
-1609.0985667853163
 31
0.0
 11
28091.84278041445
 21
-1609.0985667853163
 31
0.0
 11
28091.87896201445
 21
-1609.0985667853163
 31
0.0
 11
28091.90878201445
 21
-1609.0985667853163
 31
0.0
 11
28091.93065001445
 21
-1609.0985667853163
 31
0.0
 11
28091.94218041445
 21
-1609.0985667853163
 31
0.0
 11
28091.94933721445
 21
-1609.0985667853163
 31
0.0
  0
SPLINE
  5
3E2
330
17
100
AcDbEntity
  8
OUTLINE
100
AcDbSpline
 70
0
 71
3
 72
0
 73
0
 74
25
 11
27995.73013721445
 21
-1609.0985667853163
 31
0.0
 11
27995.73729401445
 21
-1609.0985667853163
 31
0.0
 11
27995.74882441445
 21
-1609.0985667853163
 31
0.0
 11
27995.77069241445
 21
-1609.0985667853163
 31
0.0
 11
27995.80051241445
 21
-1609.0985667853163
 31
0.0
 11
27995.83669401445
 21
-1609.0985667853163
 31
0.0
 11
27995.88440601445
 21
-1609.0985667853163
 31
0.0
 11
27995.93609401445
 21
-1609.0985667853163
 31
0.0
 11
27995.99891481445
 21
-1609.0985667853163
 31
0.0
 11
27996.06690441445
 21
-1609.0985667853163
 31
0.0
 11
27996.14244841445
 21
-1609.0985667853163
 31
0.0
 11
27996.22594441445
 21
-1609.0985667853163
 31
0.0
 11
27996.31222361445
 21
-1609.0985667853163
 31
0.0
 11
27996.40923801445
 21
-1609.0985667853163
 31
0.0
 11
27996.50903561445
 21
-1609.0985667853163
 31
0.0
 11
27996.61519481445
 21
-1609.0985667853163
 31
0.0
 11
27996.72533001445
 21
-1609.0985667853163
 31
0.0
 11
27996.83944121445
 21
-1609.0985667853163
 31
0.0
 11
27996.95872121445
 21
-1609.0985667853163
 31
0.0
 11
27997.07959161445
 21
-1609.0985667853163
 31
0.0
 11
27997.20443801445
 21
-1609.0985667853163
 31
0.0
 11
27997.33087481445
 21
-1609.0985667853163
 31
0.0
 11
27997.45890201445
 21
-1609.0985667853163
 31
0.0
 11
27997.58812201445
 21
-1609.0985667853163
 31
0.0
 11
27997.71813721445
 21
-1609.0985667853163
 31
0.0
  0
SPLINE
  5
3E3
330
17
100
AcDbEntity
  8
OUTLINE
100
AcDbSpline
 70
0
 71
3
 72
0
 73
0
 74
25
 11
28011.43533721445
 21
-1609.0985667853163
 31
0.0
 11
28011.50014601445
 21
-1609.0985667853163
 31
0.0
 11
28011.56495481445
 21
-1609.0985667853163
 31
0.0
 11
28011.62896841445
 21
-1609.0985667853163
 31
0.0
 11
28011.69218681445
 21
-1609.0985667853163
 31
0.0
 11
28011.75461001445
 21
-1609.0985667853163
 31
0.0
 11
28011.81504521445
 21
-1609.0985667853163
 31
0.0
 11
28011.87468521445
 21
-1609.0985667853163
 31
0.0
 11
28011.93154201445
 21
-1609.0985667853163
 31
0.0
 11
28011.98680841445
 21
-1609.0985667853163
 31
0.0
 11
28012.04008681445
 21
-1609.0985667853163
 31
0.0
 11
28012.08978681445
 21
-1609.0985667853163
 31
0.0
 11
28012.13829401445
 21
-1609.0985667853163
 31
0.0
 11
28012.18163241445
 21
-1609.0985667853163
 31
0.0
 11
28012.22338041445
 21
-1609.0985667853163
 31
0.0
 11
28012.26075481445
 21
-1609.0985667853163
 31
0.0
 11
28012.294948414452
 21
-1609.0985667853163
 31
0.0
 11
28012.32635881445
 21
-1609.0985667853163
 31
0.0
 11
28012.35220281445
 21
-1609.0985667853163
 31
0.0
 11
28012.37605881445
 21
-1609.0985667853163
 31
0.0
 11
28012.39395081445
 21
-1609.0985667853163
 31
0.0
 11
28012.40905961445
 21
-1609.0985667853163
 31
0.0
 11
28012.41979481445
 21
-1609.0985667853163
 31
0.0
 11
28012.42575881445
 21
-1609.0985667853163
 31
0.0
 11
28012.42933721445
 21
-1609.0985667853163
 31
0.0
  0
SPLINE
  5
3E4
330
17
100
AcDbEntity
  8
OUTLINE
100
AcDbSpline
 70
0
 71
3
 72
0
 73
0
 74
25
 11
28012.42933721445
 21
-1609.0985667853163
 31
0.0
 11
28012.43649401445
 21
-1609.0985667853163
 31
0.0
 11
28012.44802441445
 21
-1609.0985667853163
 31
0.0
 11
28012.46989241445
 21
-1609.0985667853163
 31
0.0
 11
28012.49971241445
 21
-1609.0985667853163
 31
0.0
 11
28012.53589401445
 21
-1609.0985667853163
 31
0.0
 11
28012.58360601445
 21
-1609.0985667853163
 31
0.0
 11
28012.63529401445
 21
-1609.0985667853163
 31
0.0
 11
28012.69811481445
 21
-1609.0985667853163
 31
0.0
 11
28012.76610441445
 21
-1609.0985667853163
 31
0.0
 11
28012.84164841445
 21
-1609.0985667853163
 31
0.0
 11
28012.92514441445
 21
-1609.0985667853163
 31
0.0
 11
28013.01142361445
 21
-1609.0985667853163
 31
0.0
 11
28013.10843801445
 21
-1609.0985667853163
 31
0.0
 11
28013.20823561445
 21
-1609.0985667853163
 31
0.0
 11
28013.31439481445
 21
-1609.0985667853163
 31
0.0
 11
28013.42453001445
 21
-1609.0985667853163
 31
0.0
 11
28013.53864121445
 21
-1609.0985667853163
 31
0.0
 11
28013.65792121445
 21
-1609.0985667853163
 31
0.0
 11
28013.77879161445
 21
-1609.0985667853163
 31
0.0
 11
28013.90363801445
 21
-1609.0985667853163
 31
0.0
 11
28014.03007481445
 21
-1609.0985667853163
 31
0.0
 11
28014.15810201445
 21
-1609.0985667853163
 31
0.0
 11
28014.28732201445
 21
-1609.0985667853163
 31
0.0
 11
28014.41733721445
 21
-1609.0985667853163
 31
0.0
  0
SPLINE
  5
3E5
330
17
100
AcDbEntity
  8
OUTLINE
100
AcDbSpline
 70
0
 71
3
 72
0
 73
0
 74
25
 11
28014.41733721445
 21
-1601.1863267853162
 31
0.0
 11
28014.28732201445
 21
-1601.1863267853162
 31
0.0
 11
28014.15810201445
 21
-1601.1863267853162
 31
0.0
 11
28014.03007481445
 21
-1601.1863267853162
 31
0.0
 11
28013.90363801445
 21
-1601.1863267853162
 31
0.0
 11
28013.77879161445
 21
-1601.1863267853162
 31
0.0
 11
28013.65792121445
 21
-1601.1863267853162
 31
0.0
 11
28013.53864121445
 21
-1601.1863267853162
 31
0.0
 11
28013.42453001445
 21
-1601.1863267853162
 31
0.0
 11
28013.31439481445
 21
-1601.1863267853162
 31
0.0
 11
28013.20823561445
 21
-1601.1863267853162
 31
0.0
 11
28013.10843801445
 21
-1601.1863267853162
 31
0.0
 11
28013.01142361445
 21
-1601.1863267853162
 31
0.0
 11
28012.92514441445
 21
-1601.1863267853162
 31
0.0
 11
28012.84164841445
 21
-1601.1863267853162
 31
0.0
 11
28012.76610441445
 21
-1601.1863267853162
 31
0.0
 11
28012.69811481445
 21
-1601.1863267853162
 31
0.0
 11
28012.63529401445
 21
-1601.1863267853162
 31
0.0
 11
28012.58360601445
 21
-1601.1863267853162
 31
0.0
 11
28012.53589401445
 21
-1601.1863267853162
 31
0.0
 11
28012.49971241445
 21
-1601.1863267853162
 31
0.0
 11
28012.46989241445
 21
-1601.1863267853162
 31
0.0
 11
28012.44802441445
 21
-1601.1863267853162
 31
0.0
 11
28012.43649401445
 21
-1601.1863267853162
 31
0.0
 11
28012.42933721445
 21
-1601.1863267853162
 31
0.0
  0
SPLINE
  5
3E6
330
17
100
AcDbEntity
  8
OUTLINE
100
AcDbSpline
 70
0
 71
3
 72
0
 73
0
 74
25
 11
28012.42933721445
 21
-1601.1863267853162
 31
0.0
 11
28012.42575881445
 21
-1601.1863267853162
 31
0.0
 11
28012.41979481445
 21
-1601.1863267853162
 31
0.0
 11
28012.40905961445
 21
-1601.1863267853162
 31
0.0
 11
28012.39395081445
 21
-1601.1863267853162
 31
0.0
 11
28012.37605881445
 21
-1601.1863267853162
 31
0.0
 11
28012.35220281445
 21
-1601.1863267853162
 31
0.0
 11
28012.32635881445
 21
-1601.1863267853162
 31
0.0
 11
28012.294948414452
 21
-1601.1863267853162
 31
0.0
 11
28012.26075481445
 21
-1601.1863267853162
 31
0.0
 11
28012.22338041445
 21
-1601.1863267853162
 31
0.0
 11
28012.18163241445
 21
-1601.1863267853162
 31
0.0
 11
28012.13829401445
 21
-1601.1863267853162
 31
0.0
 11
28012.08978681445
 21
-1601.1863267853162
 31
0.0
 11
28012.04008681445
 21
-1601.1863267853162
 31
0.0
 11
28011.98680841445
 21
-1601.1863267853162
 31
0.0
 11
28011.93154201445
 21
-1601.1863267853162
 31
0.0
 11
28011.87468521445
 21
-1601.1863267853162
 31
0.0
 11
28011.81504521445
 21
-1601.1863267853162
 31
0.0
 11
28011.75461001445
 21
-1601.1863267853162
 31
0.0
 11
28011.69218681445
 21
-1601.1863267853162
 31
0.0
 11
28011.62896841445
 21
-1601.1863267853162
 31
0.0
 11
28011.56495481445
 21
-1601.1863267853162
 31
0.0
 11
28011.50014601445
 21
-1601.1863267853162
 31
0.0
 11
28011.43533721445
 21
-1601.1863267853162
 31
0.0
  0
SPLINE
  5
3E7
330
17
100
AcDbEntity
  8
OUTLINE
100
AcDbSpline
 70
0
 71
3
 72
0
 73
0
 74
25
 11
27997.71813721445
 21
-1601.1863267853162
 31
0.0
 11
27997.58812201445
 21
-1601.1863267853162
 31
0.0
 11
27997.45890201445
 21
-1601.1863267853162
 31
0.0
 11
27997.33087481445
 21
-1601.1863267853162
 31
0.0
 11
27997.20443801445
 21
-1601.1863267853162
 31
0.0
 11
27997.07959161445
 21
-1601.1863267853162
 31
0.0
 11
27996.95872121445
 21
-1601.1863267853162
 31
0.0
 11
27996.83944121445
 21
-1601.1863267853162
 31
0.0
 11
27996.72533001445
 21
-1601.1863267853162
 31
0.0
 11
27996.61519481445
 21
-1601.1863267853162
 31
0.0
 11
27996.50903561445
 21
-1601.1863267853162
 31
0.0
 11
27996.40923801445
 21
-1601.1863267853162
 31
0.0
 11
27996.31222361445
 21
-1601.1863267853162
 31
0.0
 11
27996.22594441445
 21
-1601.1863267853162
 31
0.0
 11
27996.14244841445
 21
-1601.1863267853162
 31
0.0
 11
27996.06690441445
 21
-1601.1863267853162
 31
0.0
 11
27995.99891481445
 21
-1601.1863267853162
 31
0.0
 11
27995.93609401445
 21
-1601.1863267853162
 31
0.0
 11
27995.88440601445
 21
-1601.1863267853162
 31
0.0
 11
27995.83669401445
 21
-1601.1863267853162
 31
0.0
 11
27995.80051241445
 21
-1601.1863267853162
 31
0.0
 11
27995.77069241445
 21
-1601.1863267853162
 31
0.0
 11
27995.74882441445
 21
-1601.1863267853162
 31
0.0
 11
27995.73729401445
 21
-1601.1863267853162
 31
0.0
 11
27995.73013721445
 21
-1601.1863267853162
 31
0.0
  0
CIRCLE
  5
3E8
330
17
100
AcDbEntity
  8
OUTLINE
100
AcDbCircle
 10
28085.96386681445
 20
-1606.9515267853162
 30
0.0
 40
1.3923952
  0
CIRCLE
  5
3E9
330
17
100
AcDbEntity
  8
OUTLINE
100
AcDbCircle
 10
28043.04453721445
 20
-1606.9515267853162
 30
0.0
 40
1.3923952
  0
CIRCLE
  5
3EA
330
17
100
AcDbEntity
  8
OUTLINE
100
AcDbCircle
 10
28020.18253721445
 20
-1606.9515267853162
 30
0.0
 40
1.3923952
  0
CIRCLE
  5
3EB
330
17
100
AcDbEntity
  8
OUTLINE
100
AcDbCircle
 10
28003.96045721445
 20
-1606.9515267853162
 30
0.0
 40
1.3923952
  0
LINE
  5
3EC
330
17
100
AcDbEntity
  8
OUTLINE
100
AcDbLine
 10
27965.15413721445
 20
-1569.577566785316
 30
0.0
 11
27965.15413721445
 21
-1518.2076467853162
 31
0.0
  0
LINE
  5
3ED
330
17
100
AcDbEntity
  8
OUTLINE
100
AcDbLine
 10
27977.83757721445
 20
-1571.5655667853162
 30
0.0
 11
27965.15413721445
 21
-1571.5655667853162
 31
0.0
  0
LINE
  5
3EE
330
17
100
AcDbEntity
  8
OUTLINE
100
AcDbLine
 10
27977.83757721445
 20
-1518.2076467853162
 30
0.0
 11
27977.83757721445
 21
-1569.577566785316
 31
0.0
  0
LINE
  5
3EF
330
17
100
AcDbEntity
  8
OUTLINE
100
AcDbLine
 10
27971.316937214448
 20
-1545.6818067853162
 30
0.0
 11
27971.316937214448
 21
-1542.103406785316
 31
0.0
  0
LINE
  5
3F0
330
17
100
AcDbEntity
  8
OUTLINE
100
AcDbLine
 10
27973.30493721445
 20
-1545.6818067853162
 30
0.0
 11
27971.316937214448
 21
-1545.6818067853162
 31
0.0
  0
LINE
  5
3F1
330
17
100
AcDbEntity
  8
OUTLINE
100
AcDbLine
 10
27973.30493721445
 20
-1545.6818067853162
 30
0.0
 11
27973.30493721445
 21
-1542.103406785316
 31
0.0
  0
LINE
  5
3F2
330
17
100
AcDbEntity
  8
OUTLINE
100
AcDbLine
 10
27971.316937214448
 20
-1542.103406785316
 30
0.0
 11
27973.30493721445
 21
-1542.103406785316
 31
0.0
  0
LINE
  5
3F3
330
17
100
AcDbEntity
  8
OUTLINE
100
AcDbLine
 10
27965.15413721445
 20
-1516.2196467853162
 30
0.0
 11
27977.83757721445
 21
-1516.2196467853162
 31
0.0
  0
LINE
  5
3F4
330
17
100
AcDbEntity
  8
OUTLINE
100
AcDbLine
 10
27975.46509801445
 20
-1523.4885699853162
 30
0.0
 11
27975.91597641445
 21
-1523.4885699853162
 31
0.0
  0
LINE
  5
3F5
330
17
100
AcDbEntity
  8
OUTLINE
100
AcDbLine
 10
27965.15413721445
 20
-1569.577566785316
 30
0.0
 11
27977.83757721445
 21
-1569.577566785316
 31
0.0
  0
LINE
  5
3F6
330
17
100
AcDbEntity
  8
OUTLINE
100
AcDbLine
 10
27976.48335161445
 20
-1524.1915267853162
 30
0.0
 11
27974.89772281445
 21
-1524.1915267853162
 31
0.0
  0
LINE
  5
3F7
330
17
100
AcDbEntity
  8
OUTLINE
100
AcDbLine
 10
27977.83757721445
 20
-1518.2076467853162
 30
0.0
 11
27965.15413721445
 21
-1518.2076467853162
 31
0.0
  0
SPLINE
  5
3F8
330
17
100
AcDbEntity
  8
OUTLINE
100
AcDbSpline
 70
0
 71
3
 72
0
 73
0
 74
25
 11
27965.15413721445
 21
-1516.2196467853162
 31
0.0
 11
27965.15413721445
 21
-1516.227201185316
 31
0.0
 11
27965.15413721445
 21
-1516.2387315853161
 31
0.0
 11
27965.15413721445
 21
-1516.2602019853161
 31
0.0
 11
27965.15413721445
 21
-1516.2904195853162
 31
0.0
 11
27965.15413721445
 21
-1516.326203585316
 31
0.0
 11
27965.15413721445
 21
-1516.3739155853161
 31
0.0
 11
27965.15413721445
 21
-1516.4256035853161
 31
0.0
 11
27965.15413721445
 21
-1516.4884243853162
 31
0.0
 11
27965.15413721445
 21
-1516.5568115853162
 31
0.0
 11
27965.15413721445
 21
-1516.6319579853161
 31
0.0
 11
27965.15413721445
 21
-1516.7154539853161
 31
0.0
 11
27965.15413721445
 21
-1516.8021307853162
 31
0.0
 11
27965.15413721445
 21
-1516.8991451853162
 31
0.0
 11
27965.15413721445
 21
-1516.998545185316
 31
0.0
 11
27965.15413721445
 21
-1517.1047043853162
 31
0.0
 11
27965.15413721445
 21
-1517.2152371853163
 31
0.0
 11
27965.15413721445
 21
-1517.3289507853162
 31
0.0
 11
27965.15413721445
 21
-1517.4482307853161
 31
0.0
 11
27965.15413721445
 21
-1517.5691011853162
 31
0.0
 11
27965.15413721445
 21
-1517.6939475853162
 31
0.0
 11
27965.15413721445
 21
-1517.8203843853162
 31
0.0
 11
27965.15413721445
 21
-1517.948411585316
 31
0.0
 11
27965.15413721445
 21
-1518.0780291853162
 31
0.0
 11
27965.15413721445
 21
-1518.2076467853162
 31
0.0
  0
SPLINE
  5
3F9
330
17
100
AcDbEntity
  8
OUTLINE
100
AcDbSpline
 70
0
 71
3
 72
0
 73
0
 74
25
 11
27965.15413721445
 21
-1569.577566785316
 31
0.0
 11
27965.15413721445
 21
-1569.7075819853162
 31
0.0
 11
27965.15413721445
 21
-1569.8368019853162
 31
0.0
 11
27965.15413721445
 21
-1569.9648291853161
 31
0.0
 11
27965.15413721445
 21
-1570.091265985316
 31
0.0
 11
27965.15413721445
 21
-1570.2161123853161
 31
0.0
 11
27965.15413721445
 21
-1570.3369827853162
 31
0.0
 11
27965.15413721445
 21
-1570.456262785316
 31
0.0
 11
27965.15413721445
 21
-1570.570373985316
 31
0.0
 11
27965.15413721445
 21
-1570.6805091853162
 31
0.0
 11
27965.15413721445
 21
-1570.7866683853163
 31
0.0
 11
27965.15413721445
 21
-1570.8864659853161
 31
0.0
 11
27965.15413721445
 21
-1570.9834803853162
 31
0.0
 11
27965.15413721445
 21
-1571.0697595853162
 31
0.0
 11
27965.15413721445
 21
-1571.1532555853162
 31
0.0
 11
27965.15413721445
 21
-1571.2287995853162
 31
0.0
 11
27965.15413721445
 21
-1571.2967891853161
 31
0.0
 11
27965.15413721445
 21
-1571.3596099853162
 31
0.0
 11
27965.15413721445
 21
-1571.4112979853162
 31
0.0
 11
27965.15413721445
 21
-1571.4590099853162
 31
0.0
 11
27965.15413721445
 21
-1571.4951915853162
 31
0.0
 11
27965.15413721445
 21
-1571.5250115853162
 31
0.0
 11
27965.15413721445
 21
-1571.5468795853162
 31
0.0
 11
27965.15413721445
 21
-1571.558409985316
 31
0.0
 11
27965.15413721445
 21
-1571.5655667853162
 31
0.0
  0
SPLINE
  5
3FA
330
17
100
AcDbEntity
  8
OUTLINE
100
AcDbSpline
 70
0
 71
3
 72
0
 73
0
 74
25
 11
27977.83757721445
 21
-1571.5655667853162
 31
0.0
 11
27977.83757721445
 21
-1571.558409985316
 31
0.0
 11
27977.83757721445
 21
-1571.5468795853162
 31
0.0
 11
27977.83757721445
 21
-1571.5250115853162
 31
0.0
 11
27977.83757721445
 21
-1571.4951915853162
 31
0.0
 11
27977.83757721445
 21
-1571.4590099853162
 31
0.0
 11
27977.83757721445
 21
-1571.4112979853162
 31
0.0
 11
27977.83757721445
 21
-1571.3596099853162
 31
0.0
 11
27977.83757721445
 21
-1571.2967891853161
 31
0.0
 11
27977.83757721445
 21
-1571.2287995853162
 31
0.0
 11
27977.83757721445
 21
-1571.1532555853162
 31
0.0
 11
27977.83757721445
 21
-1571.0697595853162
 31
0.0
 11
27977.83757721445
 21
-1570.9834803853162
 31
0.0
 11
27977.83757721445
 21
-1570.8864659853161
 31
0.0
 11
27977.83757721445
 21
-1570.7866683853163
 31
0.0
 11
27977.83757721445
 21
-1570.6805091853162
 31
0.0
 11
27977.83757721445
 21
-1570.570373985316
 31
0.0
 11
27977.83757721445
 21
-1570.456262785316
 31
0.0
 11
27977.83757721445
 21
-1570.3369827853162
 31
0.0
 11
27977.83757721445
 21
-1570.2161123853161
 31
0.0
 11
27977.83757721445
 21
-1570.091265985316
 31
0.0
 11
27977.83757721445
 21
-1569.9648291853161
 31
0.0
 11
27977.83757721445
 21
-1569.8368019853162
 31
0.0
 11
27977.83757721445
 21
-1569.7075819853162
 31
0.0
 11
27977.83757721445
 21
-1569.577566785316
 31
0.0
  0
SPLINE
  5
3FB
330
17
100
AcDbEntity
  8
OUTLINE
100
AcDbSpline
 70
0
 71
3
 72
0
 73
0
 74
25
 11
27977.83757721445
 21
-1518.2076467853162
 31
0.0
 11
27977.83757721445
 21
-1518.0780291853162
 31
0.0
 11
27977.83757721445
 21
-1517.948411585316
 31
0.0
 11
27977.83757721445
 21
-1517.8203843853162
 31
0.0
 11
27977.83757721445
 21
-1517.6939475853162
 31
0.0
 11
27977.83757721445
 21
-1517.5691011853162
 31
0.0
 11
27977.83757721445
 21
-1517.4482307853161
 31
0.0
 11
27977.83757721445
 21
-1517.3289507853162
 31
0.0
 11
27977.83757721445
 21
-1517.2152371853163
 31
0.0
 11
27977.83757721445
 21
-1517.1047043853162
 31
0.0
 11
27977.83757721445
 21
-1516.998545185316
 31
0.0
 11
27977.83757721445
 21
-1516.8991451853162
 31
0.0
 11
27977.83757721445
 21
-1516.8021307853162
 31
0.0
 11
27977.83757721445
 21
-1516.7154539853161
 31
0.0
 11
27977.83757721445
 21
-1516.6319579853161
 31
0.0
 11
27977.83757721445
 21
-1516.5568115853162
 31
0.0
 11
27977.83757721445
 21
-1516.4884243853162
 31
0.0
 11
27977.83757721445
 21
-1516.4256035853161
 31
0.0
 11
27977.83757721445
 21
-1516.3739155853161
 31
0.0
 11
27977.83757721445
 21
-1516.326203585316
 31
0.0
 11
27977.83757721445
 21
-1516.2904195853162
 31
0.0
 11
27977.83757721445
 21
-1516.2602019853161
 31
0.0
 11
27977.83757721445
 21
-1516.2387315853161
 31
0.0
 11
27977.83757721445
 21
-1516.227201185316
 31
0.0
 11
27977.83757721445
 21
-1516.2196467853162
 31
0.0
  0
CIRCLE
  5
3FC
330
17
100
AcDbEntity
  8
OUTLINE
100
AcDbCircle
 10
27975.69053721445
 20
-1524.2511667853162
 30
0.0
 40
1.3923952
  0
CIRCLE
  5
3FD
330
17
100
AcDbEntity
  8
OUTLINE
100
AcDbCircle
 10
27975.69053721445
 20
-1544.131166785316
 30
0.0
 40
1.3923952
  0
CIRCLE
  5
3FE
330
17
100
AcDbEntity
  8
OUTLINE
100
AcDbCircle
 10
27975.69053721445
 20
-1564.0111667853162
 30
0.0
 40
1.3923952
  0
LINE
  5
3FF
330
17
100
AcDbEntity
  8
OUTLINE
100
AcDbLine
 10
27977.837577214752
 20
-1541.8250867853162
 30
0.0
 11
27977.43997721475
 21
-1541.8250867853162
 31
0.0
  0
LINE
  5
400
330
17
100
AcDbEntity
  8
OUTLINE
100
AcDbLine
 10
27977.837577214752
 20
-1543.4154867853163
 30
0.0
 11
27977.43997721475
 21
-1543.4154867853163
 31
0.0
  0
LINE
  5
401
330
17
100
AcDbEntity
  8
OUTLINE
100
AcDbLine
 10
27977.43997721475
 20
-1541.8250867853162
 30
0.0
 11
27965.15413721445
 21
-1541.8250867853162
 31
0.0
  0
LINE
  5
402
330
17
100
AcDbEntity
  8
OUTLINE
100
AcDbLine
 10
27977.43997721475
 20
-1543.4154867853163
 30
0.0
 11
27965.15413721445
 21
-1543.4154867853163
 31
0.0
  0
LINE
  5
403
330
17
100
AcDbEntity
  8
OUTLINE
100
AcDbLine
 10
27977.837577214752
 20
-1562.082806785316
 30
0.0
 11
27976.346577214754
 21
-1563.0768067853162
 31
0.0
  0
LINE
  5
404
330
17
100
AcDbEntity
  8
OUTLINE
100
AcDbLine
 10
27977.837577214752
 20
-1566.0588067853162
 30
0.0
 11
27976.346577214754
 21
-1565.0648067853163
 31
0.0
  0
LINE
  5
405
330
17
100
AcDbEntity
  8
OUTLINE
100
AcDbLine
 10
27976.346577214754
 20
-1563.0768067853162
 30
0.0
 11
27965.15413721445
 21
-1563.0768067853162
 31
0.0
  0
LINE
  5
406
330
17
100
AcDbEntity
  8
OUTLINE
100
AcDbLine
 10
27976.346577214754
 20
-1565.0648067853163
 30
0.0
 11
27965.15413721445
 21
-1565.0648067853163
 31
0.0
  0
LINE
  5
407
330
17
100
AcDbEntity
  8
OUTLINE
100
AcDbLine
 10
27977.837577214752
 20
-1536.8550867853162
 30
0.0
 11
27976.346577214754
 21
-1537.849086785316
 31
0.0
  0
LINE
  5
408
330
17
100
AcDbEntity
  8
OUTLINE
100
AcDbLine
 10
27977.837577214752
 20
-1540.831086785316
 30
0.0
 11
27976.346577214754
 21
-1539.8370867853162
 31
0.0
  0
LINE
  5
409
330
17
100
AcDbEntity
  8
OUTLINE
100
AcDbLine
 10
27976.346577214754
 20
-1537.849086785316
 30
0.0
 11
27965.15413721445
 21
-1537.849086785316
 31
0.0
  0
LINE
  5
40A
330
17
100
AcDbEntity
  8
OUTLINE
100
AcDbLine
 10
27976.346577214754
 20
-1539.8370867853162
 30
0.0
 11
27965.15413721445
 21
-1539.8370867853162
 31
0.0
  0
LINE
  5
40B
330
17
100
AcDbEntity
  8
OUTLINE
100
AcDbLine
 10
27977.837577214752
 20
-1568.066686785316
 30
0.0
 11
27976.346577214754
 21
-1569.0606867853162
 31
0.0
  0
LINE
  5
40C
330
17
100
AcDbEntity
  8
OUTLINE
100
AcDbLine
 10
27977.837577214752
 20
-1572.0426867853162
 30
0.0
 11
27976.346577214754
 21
-1571.0486867853162
 31
0.0
  0
LINE
  5
40D
330
17
100
AcDbEntity
  8
OUTLINE
100
AcDbLine
 10
27976.346577214754
 20
-1569.0606867853162
 30
0.0
 11
27965.15413721445
 21
-1569.0606867853162
 31
0.0
  0
LINE
  5
40E
330
17
100
AcDbEntity
  8
OUTLINE
100
AcDbLine
 10
27976.346577214754
 20
-1571.0486867853162
 30
0.0
 11
27965.15413721445
 21
-1571.0486867853162
 31
0.0
  0
LINE
  5
40F
330
17
100
AcDbEntity
  8
OUTLINE
100
AcDbLine
 10
27977.837577214752
 20
-1533.8730867853162
 30
0.0
 11
27976.346577214754
 21
-1534.8670867853161
 31
0.0
  0
LINE
  5
410
330
17
100
AcDbEntity
  8
OUTLINE
100
AcDbLine
 10
27977.837577214752
 20
-1537.849086785316
 30
0.0
 11
27976.346577214754
 21
-1536.8550867853162
 31
0.0
  0
LINE
  5
411
330
17
100
AcDbEntity
  8
OUTLINE
100
AcDbLine
 10
27976.346577214754
 20
-1534.8670867853161
 30
0.0
 11
27965.15413721445
 21
-1534.8670867853161
 31
0.0
  0
LINE
  5
412
330
17
100
AcDbEntity
  8
OUTLINE
100
AcDbLine
 10
27976.346577214754
 20
-1536.8550867853162
 30
0.0
 11
27965.15413721445
 21
-1536.8550867853162
 31
0.0
  0
LINE
  5
413
330
17
100
AcDbEntity
  8
OUTLINE
100
AcDbLine
 10
27977.837577214752
 20
-1516.6967667853162
 30
0.0
 11
27976.346577214754
 21
-1517.690766785316
 31
0.0
  0
LINE
  5
414
330
17
100
AcDbEntity
  8
OUTLINE
100
AcDbLine
 10
27977.837577214752
 20
-1520.672766785316
 30
0.0
 11
27976.346577214754
 21
-1519.6787667853162
 31
0.0
  0
LINE
  5
415
330
17
100
AcDbEntity
  8
OUTLINE
100
AcDbLine
 10
27976.346577214754
 20
-1517.690766785316
 30
0.0
 11
27965.15413721445
 21
-1517.690766785316
 31
0.0
  0
LINE
  5
416
330
17
100
AcDbEntity
  8
OUTLINE
100
AcDbLine
 10
27976.346577214754
 20
-1519.6787667853162
 30
0.0
 11
27965.15413721445
 21
-1519.6787667853162
 31
0.0
  0
LINE
  5
417
330
17
100
AcDbEntity
  8
OUTLINE
100
AcDbLine
 10
27965.15413721445
 20
-1568.4245267853162
 30
0.0
 11
27965.55173721445
 21
-1568.4245267853162
 31
0.0
  0
LINE
  5
418
330
17
100
AcDbEntity
  8
OUTLINE
100
AcDbLine
 10
27965.15413721445
 20
-1570.0149267853162
 30
0.0
 11
27965.55173721445
 21
-1570.0149267853162
 31
0.0
  0
LINE
  5
419
330
17
100
AcDbEntity
  8
OUTLINE
100
AcDbLine
 10
27965.55173721445
 20
-1568.4245267853162
 30
0.0
 11
27977.837577214752
 21
-1568.4245267853162
 31
0.0
  0
LINE
  5
41A
330
17
100
AcDbEntity
  8
OUTLINE
100
AcDbLine
 10
27965.55173721445
 20
-1570.0149267853162
 30
0.0
 11
27977.837577214752
 21
-1570.0149267853162
 31
0.0
  0
LINE
  5
41B
330
17
100
AcDbEntity
  8
OUTLINE
100
AcDbLine
 10
27977.837577214752
 20
-1557.6495667853162
 30
0.0
 11
27977.241177214753
 21
-1558.0471667853162
 31
0.0
  0
LINE
  5
41C
330
17
100
AcDbEntity
  8
OUTLINE
100
AcDbLine
 10
27977.837577214752
 20
-1560.035166785316
 30
0.0
 11
27977.241177214753
 21
-1559.637566785316
 31
0.0
  0
LINE
  5
41D
330
17
100
AcDbEntity
  8
OUTLINE
100
AcDbLine
 10
27977.241177214753
 20
-1558.0471667853162
 30
0.0
 11
27965.15413721445
 21
-1558.0471667853162
 31
0.0
  0
LINE
  5
41E
330
17
100
AcDbEntity
  8
OUTLINE
100
AcDbLine
 10
27977.241177214753
 20
-1559.637566785316
 30
0.0
 11
27965.15413721445
 21
-1559.637566785316
 31
0.0
  0
LINE
  5
41F
330
17
100
AcDbEntity
  8
OUTLINE
100
AcDbLine
 10
27977.837577214752
 20
-1518.6847667853162
 30
0.0
 11
27977.241177214753
 21
-1519.0823667853163
 31
0.0
  0
LINE
  5
420
330
17
100
AcDbEntity
  8
OUTLINE
100
AcDbLine
 10
27977.837577214752
 20
-1521.070366785316
 30
0.0
 11
27977.241177214753
 21
-1520.672766785316
 31
0.0
  0
LINE
  5
421
330
17
100
AcDbEntity
  8
OUTLINE
100
AcDbLine
 10
27977.241177214753
 20
-1519.0823667853163
 30
0.0
 11
27965.15413721445
 21
-1519.0823667853163
 31
0.0
  0
LINE
  5
422
330
17
100
AcDbEntity
  8
OUTLINE
100
AcDbLine
 10
27977.241177214753
 20
-1520.672766785316
 30
0.0
 11
27965.15413721445
 21
-1520.672766785316
 31
0.0
  0
LINE
  5
423
330
17
100
AcDbEntity
  8
OUTLINE
100
AcDbLine
 10
27965.15413721445
 20
-1564.388489185316
 30
0.0
 11
27965.55173721445
 21
-1564.388489185316
 31
0.0
  0
LINE
  5
424
330
17
100
AcDbEntity
  8
OUTLINE
100
AcDbLine
 10
27965.15413721445
 20
-1565.9788891853161
 30
0.0
 11
27965.55173721445
 21
-1565.9788891853161
 31
0.0
  0
LINE
  5
425
330
17
100
AcDbEntity
  8
OUTLINE
100
AcDbLine
 10
27965.55173721445
 20
-1564.388489185316
 30
0.0
 11
27977.837577214752
 21
-1564.388489185316
 31
0.0
  0
LINE
  5
426
330
17
100
AcDbEntity
  8
OUTLINE
100
AcDbLine
 10
27965.55173721445
 20
-1565.9788891853161
 30
0.0
 11
27977.837577214752
 21
-1565.9788891853161
 31
0.0
  0
LINE
  5
427
330
17
100
AcDbEntity
  8
OUTLINE
100
AcDbLine
 10
27965.15413721445
 20
-1518.8239267853162
 30
0.0
 11
27966.138197214448
 21
-1519.4799667853163
 31
0.0
  0
LINE
  5
428
330
17
100
AcDbEntity
  8
OUTLINE
100
AcDbLine
 10
27965.15413721445
 20
-1521.3288067853161
 30
0.0
 11
27966.138197214448
 21
-1520.672766785316
 31
0.0
  0
LINE
  5
429
330
17
100
AcDbEntity
  8
OUTLINE
100
AcDbLine
 10
27966.138197214448
 20
-1519.4799667853163
 30
0.0
 11
27977.837577214752
 21
-1519.4799667853163
 31
0.0
  0
LINE
  5
42A
330
17
100
AcDbEntity
  8
OUTLINE
100
AcDbLine
 10
27966.138197214448
 20
-1520.672766785316
 30
0.0
 11
27977.837577214752
 21
-1520.672766785316
 31
0.0
  0
LINE
  5
42B
330
17
100
AcDbEntity
  8
OUTLINE
100
AcDbLine
 10
27977.837577214752
 20
-1557.6495667853162
 30
0.0
 11
27977.241177214753
 21
-1558.0471667853162
 31
0.0
  0
LINE
  5
42C
330
17
100
AcDbEntity
  8
OUTLINE
100
AcDbLine
 10
27977.837577214752
 20
-1560.035166785316
 30
0.0
 11
27977.241177214753
 21
-1559.637566785316
 31
0.0
  0
LINE
  5
42D
330
17
100
AcDbEntity
  8
OUTLINE
100
AcDbLine
 10
27977.241177214753
 20
-1558.0471667853162
 30
0.0
 11
27965.15413721445
 21
-1558.0471667853162
 31
0.0
  0
LINE
  5
42E
330
17
100
AcDbEntity
  8
OUTLINE
100
AcDbLine
 10
27977.241177214753
 20
-1559.637566785316
 30
0.0
 11
27965.15413721445
 21
-1559.637566785316
 31
0.0
  0
LINE
  5
42F
330
17
100
AcDbEntity
  8
OUTLINE
100
AcDbLine
 10
27977.837577214752
 20
-1518.6847667853162
 30
0.0
 11
27977.241177214753
 21
-1519.0823667853163
 31
0.0
  0
LINE
  5
430
330
17
100
AcDbEntity
  8
OUTLINE
100
AcDbLine
 10
27977.837577214752
 20
-1521.070366785316
 30
0.0
 11
27977.241177214753
 21
-1520.672766785316
 31
0.0
  0
LINE
  5
431
330
17
100
AcDbEntity
  8
OUTLINE
100
AcDbLine
 10
27977.241177214753
 20
-1519.0823667853163
 30
0.0
 11
27965.15413721445
 21
-1519.0823667853163
 31
0.0
  0
LINE
  5
432
330
17
100
AcDbEntity
  8
OUTLINE
100
AcDbLine
 10
27977.241177214753
 20
-1520.672766785316
 30
0.0
 11
27965.15413721445
 21
-1520.672766785316
 31
0.0
  0
LINE
  5
433
330
17
100
AcDbEntity
  8
OUTLINE
100
AcDbLine
 10
27965.15413721445
 20
-1568.4245267853162
 30
0.0
 11
27965.55173721445
 21
-1568.4245267853162
 31
0.0
  0
LINE
  5
434
330
17
100
AcDbEntity
  8
OUTLINE
100
AcDbLine
 10
27965.15413721445
 20
-1570.0149267853162
 30
0.0
 11
27965.55173721445
 21
-1570.0149267853162
 31
0.0
  0
LINE
  5
435
330
17
100
AcDbEntity
  8
OUTLINE
100
AcDbLine
 10
27965.55173721445
 20
-1568.4245267853162
 30
0.0
 11
27977.837577214752
 21
-1568.4245267853162
 31
0.0
  0
LINE
  5
436
330
17
100
AcDbEntity
  8
OUTLINE
100
AcDbLine
 10
27965.55173721445
 20
-1570.0149267853162
 30
0.0
 11
27977.837577214752
 21
-1570.0149267853162
 31
0.0
  0
LINE
  5
437
330
17
100
AcDbEntity
  8
OUTLINE
100
AcDbLine
 10
27977.837577214752
 20
-1568.066686785316
 30
0.0
 11
27976.346577214754
 21
-1569.0606867853162
 31
0.0
  0
LINE
  5
438
330
17
100
AcDbEntity
  8
OUTLINE
100
AcDbLine
 10
27977.837577214752
 20
-1572.0426867853162
 30
0.0
 11
27976.346577214754
 21
-1571.0486867853162
 31
0.0
  0
LINE
  5
439
330
17
100
AcDbEntity
  8
OUTLINE
100
AcDbLine
 10
27976.346577214754
 20
-1569.0606867853162
 30
0.0
 11
27965.15413721445
 21
-1569.0606867853162
 31
0.0
  0
LINE
  5
43A
330
17
100
AcDbEntity
  8
OUTLINE
100
AcDbLine
 10
27976.346577214754
 20
-1571.0486867853162
 30
0.0
 11
27965.15413721445
 21
-1571.0486867853162
 31
0.0
  0
LINE
  5
43B
330
17
100
AcDbEntity
  8
OUTLINE
100
AcDbLine
 10
27977.837577214752
 20
-1516.6967667853162
 30
0.0
 11
27976.346577214754
 21
-1517.690766785316
 31
0.0
  0
LINE
  5
43C
330
17
100
AcDbEntity
  8
OUTLINE
100
AcDbLine
 10
27977.837577214752
 20
-1520.672766785316
 30
0.0
 11
27976.346577214754
 21
-1519.6787667853162
 31
0.0
  0
LINE
  5
43D
330
17
100
AcDbEntity
  8
OUTLINE
100
AcDbLine
 10
27976.346577214754
 20
-1517.690766785316
 30
0.0
 11
27965.15413721445
 21
-1517.690766785316
 31
0.0
  0
LINE
  5
43E
330
17
100
AcDbEntity
  8
OUTLINE
100
AcDbLine
 10
27976.346577214754
 20
-1519.6787667853162
 30
0.0
 11
27965.15413721445
 21
-1519.6787667853162
 31
0.0
  0
LINE
  5
43F
330
17
100
AcDbEntity
  8
OUTLINE
100
AcDbLine
 10
28122.524577214448
 20
-1516.2196467853162
 30
0.0
 11
28122.524577214448
 21
-1571.5655667853162
 31
0.0
  0
LINE
  5
440
330
17
100
AcDbEntity
  8
OUTLINE
100
AcDbLine
 10
28117.75337721445
 20
-1571.5655667853162
 30
0.0
 11
28109.841137214447
 21
-1571.5655667853162
 31
0.0
  0
LINE
  5
441
330
17
100
AcDbEntity
  8
OUTLINE
100
AcDbLine
 10
28122.524577214448
 20
-1571.5655667853162
 30
0.0
 11
28117.75337721445
 21
-1571.5655667853162
 31
0.0
  0
LINE
  5
442
330
17
100
AcDbEntity
  8
OUTLINE
100
AcDbLine
 10
28109.841137214447
 20
-1516.8021307853162
 30
0.0
 11
28109.841137214447
 21
-1522.7856131853162
 31
0.0
  0
LINE
  5
443
330
17
100
AcDbEntity
  8
OUTLINE
100
AcDbLine
 10
28109.841137214447
 20
-1524.1915267853162
 30
0.0
 11
28109.841137214447
 21
-1549.419246785316
 31
0.0
  0
LINE
  5
444
330
17
100
AcDbEntity
  8
OUTLINE
100
AcDbLine
 10
28109.841137214447
 20
-1552.401246785316
 30
0.0
 11
28109.841137214447
 21
-1569.577566785316
 31
0.0
  0
LINE
  5
445
330
17
100
AcDbEntity
  8
OUTLINE
100
AcDbLine
 10
28122.524577214448
 20
-1516.2196467853162
 30
0.0
 11
28117.75337721445
 21
-1516.2196467853162
 31
0.0
  0
LINE
  5
446
330
17
100
AcDbEntity
  8
OUTLINE
100
AcDbLine
 10
28109.841137214447
 20
-1516.2196467853162
 30
0.0
 11
28117.75337721445
 21
-1516.2196467853162
 31
0.0
  0
LINE
  5
447
330
17
100
AcDbEntity
  8
OUTLINE
100
AcDbLine
 10
28117.75337721445
 20
-1552.401246785316
 30
0.0
 11
28117.75337721445
 21
-1569.577566785316
 31
0.0
  0
LINE
  5
448
330
17
100
AcDbEntity
  8
OUTLINE
100
AcDbLine
 10
28117.75337721445
 20
-1524.1915267853162
 30
0.0
 11
28117.75337721445
 21
-1549.419246785316
 31
0.0
  0
LINE
  5
449
330
17
100
AcDbEntity
  8
OUTLINE
100
AcDbLine
 10
28117.75337721445
 20
-1522.7856131853162
 30
0.0
 11
28117.75337721445
 21
-1516.8021307853162
 31
0.0
  0
LINE
  5
44A
330
17
100
AcDbEntity
  8
OUTLINE
100
AcDbLine
 10
28116.361777214446
 20
-1568.782366785316
 30
0.0
 11
28116.361777214446
 21
-1565.2039667853162
 31
0.0
  0
LINE
  5
44B
330
17
100
AcDbEntity
  8
OUTLINE
100
AcDbLine
 10
28116.361777214446
 20
-1565.2039667853162
 30
0.0
 11
28114.37377721445
 21
-1565.2039667853162
 31
0.0
  0
LINE
  5
44C
330
17
100
AcDbEntity
  8
OUTLINE
100
AcDbLine
 10
28114.37377721445
 20
-1565.2039667853162
 30
0.0
 11
28114.37377721445
 21
-1568.782366785316
 31
0.0
  0
LINE
  5
44D
330
17
100
AcDbEntity
  8
OUTLINE
100
AcDbLine
 10
28114.37377721445
 20
-1568.782366785316
 30
0.0
 11
28116.361777214446
 21
-1568.782366785316
 31
0.0
  0
LINE
  5
44E
330
17
100
AcDbEntity
  8
OUTLINE
100
AcDbLine
 10
28117.75337721445
 20
-1551.4072467853161
 30
0.0
 11
28109.841137214447
 21
-1551.4072467853161
 31
0.0
  0
LINE
  5
44F
330
17
100
AcDbEntity
  8
OUTLINE
100
AcDbLine
 10
28116.361777214446
 20
-1542.103406785316
 30
0.0
 11
28116.361777214446
 21
-1545.6818067853162
 31
0.0
  0
LINE
  5
450
330
17
100
AcDbEntity
  8
OUTLINE
100
AcDbLine
 10
28114.37377721445
 20
-1542.103406785316
 30
0.0
 11
28116.361777214446
 21
-1542.103406785316
 31
0.0
  0
LINE
  5
451
330
17
100
AcDbEntity
  8
OUTLINE
100
AcDbLine
 10
28114.37377721445
 20
-1545.6818067853162
 30
0.0
 11
28114.37377721445
 21
-1542.103406785316
 31
0.0
  0
LINE
  5
452
330
17
100
AcDbEntity
  8
OUTLINE
100
AcDbLine
 10
28116.361777214446
 20
-1545.6818067853162
 30
0.0
 11
28114.37377721445
 21
-1545.6818067853162
 31
0.0
  0
LINE
  5
453
330
17
100
AcDbEntity
  8
OUTLINE
100
AcDbLine
 10
28116.361777214446
 20
-1567.1919667853163
 30
0.0
 11
28114.572577214447
 21
-1567.1919667853163
 31
0.0
  0
LINE
  5
454
330
17
100
AcDbEntity
  8
OUTLINE
100
AcDbLine
 10
28109.841137214447
 20
-1569.577566785316
 30
0.0
 11
28117.75337721445
 21
-1569.577566785316
 31
0.0
  0
LINE
  5
455
330
17
100
AcDbEntity
  8
OUTLINE
100
AcDbLine
 10
28117.75337721445
 20
-1552.401246785316
 30
0.0
 11
28109.841137214447
 21
-1552.401246785316
 31
0.0
  0
LINE
  5
456
330
17
100
AcDbEntity
  8
OUTLINE
100
AcDbLine
 10
28109.841137214447
 20
-1549.419246785316
 30
0.0
 11
28117.75337721445
 21
-1549.419246785316
 31
0.0
  0
LINE
  5
457
330
17
100
AcDbEntity
  8
OUTLINE
100
AcDbLine
 10
28117.75337721445
 20
-1524.1915267853162
 30
0.0
 11
28109.841137214447
 21
-1524.1915267853162
 31
0.0
  0
LINE
  5
458
330
17
100
AcDbEntity
  8
OUTLINE
100
AcDbLine
 10
28109.841137214447
 20
-1522.7856131853162
 30
0.0
 11
28117.75337721445
 21
-1522.7856131853162
 31
0.0
  0
LINE
  5
459
330
17
100
AcDbEntity
  8
OUTLINE
100
AcDbLine
 10
28117.75337721445
 20
-1516.8021307853162
 30
0.0
 11
28109.841137214447
 21
-1516.8021307853162
 31
0.0
  0
SPLINE
  5
45A
330
17
100
AcDbEntity
  8
OUTLINE
100
AcDbSpline
 70
0
 71
3
 72
0
 73
0
 74
25
 11
28109.841137214447
 21
-1516.2196467853162
 31
0.0
 11
28109.841137214447
 21
-1516.2216347853162
 31
0.0
 11
28109.841137214447
 21
-1516.2244179853162
 31
0.0
 11
28109.841137214447
 21
-1516.2299843853161
 31
0.0
 11
28109.841137214447
 21
-1516.2375387853162
 31
0.0
 11
28109.841137214447
 21
-1516.246683585316
 31
0.0
 11
28109.841137214447
 21
-1516.2586115853162
 31
0.0
 11
28109.841137214447
 21
-1516.272129985316
 31
0.0
 11
28109.841137214447
 21
-1516.2880339853161
 31
0.0
 11
28109.841137214447
 21
-1516.3059259853162
 31
0.0
 11
28109.841137214447
 21
-1516.325805985316
 31
0.0
 11
28109.841137214447
 21
-1516.3480715853161
 31
0.0
 11
28109.841137214447
 21
-1516.371132385316
 31
0.0
 11
28109.841137214447
 21
-1516.3977715853161
 31
0.0
 11
28109.841137214447
 21
-1516.425205985316
 31
0.0
 11
28109.841137214447
 21
-1516.455025985316
 31
0.0
 11
28109.841137214447
 21
-1516.486833985316
 31
0.0
 11
28109.841137214447
 21
-1516.519834785316
 31
0.0
 11
28109.841137214447
 21
-1516.5556187853163
 31
0.0
 11
28109.841137214447
 21
-1516.592197985316
 31
0.0
 11
28109.841137214447
 21
-1516.631162785316
 31
0.0
 11
28109.841137214447
 21
-1516.6713203853162
 31
0.0
 11
28109.841137214447
 21
-1516.7134659853161
 31
0.0
 11
28109.841137214447
 21
-1516.7572019853162
 31
0.0
 11
28109.841137214447
 21
-1516.8021307853162
 31
0.0
  0
SPLINE
  5
45B
330
17
100
AcDbEntity
  8
OUTLINE
100
AcDbSpline
 70
0
 71
3
 72
0
 73
0
 74
25
 11
28109.841137214447
 21
-1522.7856131853162
 31
0.0
 11
28109.841137214447
 21
-1522.8329275853162
 31
0.0
 11
28109.841137214447
 21
-1522.8810371853162
 31
0.0
 11
28109.841137214447
 21
-1522.930737185316
 31
0.0
 11
28109.841137214447
 21
-1522.9816299853162
 31
0.0
 11
28109.841137214447
 21
-1523.0337155853163
 31
0.0
 11
28109.841137214447
 21
-1523.0873915853163
 31
0.0
 11
28109.841137214447
 21
-1523.141862785316
 31
0.0
 11
28109.841137214447
 21
-1523.1979243853161
 31
0.0
 11
28109.841137214447
 21
-1523.2547811853162
 31
0.0
 11
28109.841137214447
 21
-1523.3124331853162
 31
0.0
 11
28109.841137214447
 21
-1523.371277985316
 31
0.0
 11
28109.841137214447
 21
-1523.4305203853162
 31
0.0
 11
28109.841137214447
 21
-1523.4913531853163
 31
0.0
 11
28109.841137214447
 21
-1523.5525835853161
 31
0.0
 11
28109.841137214447
 21
-1523.614609185316
 31
0.0
 11
28109.841137214447
 21
-1523.6770323853161
 31
0.0
 11
28109.841137214447
 21
-1523.7402507853162
 31
0.0
 11
28109.841137214447
 21
-1523.8038667853161
 31
0.0
 11
28109.841137214447
 21
-1523.867880385316
 31
0.0
 11
28109.841137214447
 21
-1523.932291585316
 31
0.0
 11
28109.841137214447
 21
-1523.996702785316
 31
0.0
 11
28109.841137214447
 21
-1524.061511585316
 31
0.0
 11
28109.841137214447
 21
-1524.1263203853161
 31
0.0
 11
28109.841137214447
 21
-1524.1915267853162
 31
0.0
  0
SPLINE
  5
45C
330
17
100
AcDbEntity
  8
OUTLINE
100
AcDbSpline
 70
0
 71
3
 72
0
 73
0
 74
25
 11
28109.841137214447
 21
-1549.419246785316
 31
0.0
 11
28109.841137214447
 21
-1549.5492619853162
 31
0.0
 11
28109.841137214447
 21
-1549.6784819853162
 31
0.0
 11
28109.841137214447
 21
-1549.8065091853161
 31
0.0
 11
28109.841137214447
 21
-1549.932945985316
 31
0.0
 11
28109.841137214447
 21
-1550.0577923853161
 31
0.0
 11
28109.841137214447
 21
-1550.1786627853162
 31
0.0
 11
28109.841137214447
 21
-1550.297942785316
 31
0.0
 11
28109.841137214447
 21
-1550.412053985316
 31
0.0
 11
28109.841137214447
 21
-1550.5221891853162
 31
0.0
 11
28109.841137214447
 21
-1550.6283483853163
 31
0.0
 11
28109.841137214447
 21
-1550.7281459853161
 31
0.0
 11
28109.841137214447
 21
-1550.8251603853162
 31
0.0
 11
28109.841137214447
 21
-1550.9114395853162
 31
0.0
 11
28109.841137214447
 21
-1550.9949355853162
 31
0.0
 11
28109.841137214447
 21
-1551.0704795853162
 31
0.0
 11
28109.841137214447
 21
-1551.1384691853161
 31
0.0
 11
28109.841137214447
 21
-1551.2012899853162
 31
0.0
 11
28109.841137214447
 21
-1551.2529779853162
 31
0.0
 11
28109.841137214447
 21
-1551.3006899853162
 31
0.0
 11
28109.841137214447
 21
-1551.3368715853162
 31
0.0
 11
28109.841137214447
 21
-1551.3666915853162
 31
0.0
 11
28109.841137214447
 21
-1551.3885595853162
 31
0.0
 11
28109.841137214447
 21
-1551.400089985316
 31
0.0
 11
28109.841137214447
 21
-1551.4072467853161
 31
0.0
  0
SPLINE
  5
45D
330
17
100
AcDbEntity
  8
OUTLINE
100
AcDbSpline
 70
0
 71
3
 72
0
 73
0
 74
25
 11
28109.841137214447
 21
-1551.4072467853161
 31
0.0
 11
28109.841137214447
 21
-1551.410825185316
 31
0.0
 11
28109.841137214447
 21
-1551.4167891853162
 31
0.0
 11
28109.841137214447
 21
-1551.4275243853162
 31
0.0
 11
28109.841137214447
 21
-1551.4426331853163
 31
0.0
 11
28109.841137214447
 21
-1551.460525185316
 31
0.0
 11
28109.841137214447
 21
-1551.4843811853161
 31
0.0
 11
28109.841137214447
 21
-1551.5102251853161
 31
0.0
 11
28109.841137214447
 21
-1551.541635585316
 31
0.0
 11
28109.841137214447
 21
-1551.5758291853163
 31
0.0
 11
28109.841137214447
 21
-1551.6132035853161
 31
0.0
 11
28109.841137214447
 21
-1551.6549515853162
 31
0.0
 11
28109.841137214447
 21
-1551.6982899853163
 31
0.0
 11
28109.841137214447
 21
-1551.7467971853162
 31
0.0
 11
28109.841137214447
 21
-1551.7964971853162
 31
0.0
 11
28109.841137214447
 21
-1551.8497755853161
 31
0.0
 11
28109.841137214447
 21
-1551.905041985316
 31
0.0
 11
28109.841137214447
 21
-1551.9618987853162
 31
0.0
 11
28109.841137214447
 21
-1552.0215387853161
 31
0.0
 11
28109.841137214447
 21
-1552.0819739853162
 31
0.0
 11
28109.841137214447
 21
-1552.1443971853162
 31
0.0
 11
28109.841137214447
 21
-1552.2076155853163
 31
0.0
 11
28109.841137214447
 21
-1552.2716291853162
 31
0.0
 11
28109.841137214447
 21
-1552.3364379853163
 31
0.0
 11
28109.841137214447
 21
-1552.401246785316
 31
0.0
  0
SPLINE
  5
45E
330
17
100
AcDbEntity
  8
OUTLINE
100
AcDbSpline
 70
0
 71
3
 72
0
 73
0
 74
25
 11
28109.841137214447
 21
-1569.577566785316
 31
0.0
 11
28109.841137214447
 21
-1569.7075819853162
 31
0.0
 11
28109.841137214447
 21
-1569.8368019853162
 31
0.0
 11
28109.841137214447
 21
-1569.9648291853161
 31
0.0
 11
28109.841137214447
 21
-1570.091265985316
 31
0.0
 11
28109.841137214447
 21
-1570.2161123853161
 31
0.0
 11
28109.841137214447
 21
-1570.3369827853162
 31
0.0
 11
28109.841137214447
 21
-1570.456262785316
 31
0.0
 11
28109.841137214447
 21
-1570.570373985316
 31
0.0
 11
28109.841137214447
 21
-1570.6805091853162
 31
0.0
 11
28109.841137214447
 21
-1570.7866683853163
 31
0.0
 11
28109.841137214447
 21
-1570.8864659853161
 31
0.0
 11
28109.841137214447
 21
-1570.9834803853162
 31
0.0
 11
28109.841137214447
 21
-1571.0697595853162
 31
0.0
 11
28109.841137214447
 21
-1571.1532555853162
 31
0.0
 11
28109.841137214447
 21
-1571.2287995853162
 31
0.0
 11
28109.841137214447
 21
-1571.2967891853161
 31
0.0
 11
28109.841137214447
 21
-1571.3596099853162
 31
0.0
 11
28109.841137214447
 21
-1571.4112979853162
 31
0.0
 11
28109.841137214447
 21
-1571.4590099853162
 31
0.0
 11
28109.841137214447
 21
-1571.4951915853162
 31
0.0
 11
28109.841137214447
 21
-1571.5250115853162
 31
0.0
 11
28109.841137214447
 21
-1571.5468795853162
 31
0.0
 11
28109.841137214447
 21
-1571.558409985316
 31
0.0
 11
28109.841137214447
 21
-1571.5655667853162
 31
0.0
  0
SPLINE
  5
45F
330
17
100
AcDbEntity
  8
OUTLINE
100
AcDbSpline
 70
0
 71
3
 72
0
 73
0
 74
25
 11
28117.75337721445
 21
-1571.5655667853162
 31
0.0
 11
28117.75337721445
 21
-1571.558409985316
 31
0.0
 11
28117.75337721445
 21
-1571.5468795853162
 31
0.0
 11
28117.75337721445
 21
-1571.5250115853162
 31
0.0
 11
28117.75337721445
 21
-1571.4951915853162
 31
0.0
 11
28117.75337721445
 21
-1571.4590099853162
 31
0.0
 11
28117.75337721445
 21
-1571.4112979853162
 31
0.0
 11
28117.75337721445
 21
-1571.3596099853162
 31
0.0
 11
28117.75337721445
 21
-1571.2967891853161
 31
0.0
 11
28117.75337721445
 21
-1571.2287995853162
 31
0.0
 11
28117.75337721445
 21
-1571.1532555853162
 31
0.0
 11
28117.75337721445
 21
-1571.0697595853162
 31
0.0
 11
28117.75337721445
 21
-1570.9834803853162
 31
0.0
 11
28117.75337721445
 21
-1570.8864659853161
 31
0.0
 11
28117.75337721445
 21
-1570.7866683853163
 31
0.0
 11
28117.75337721445
 21
-1570.6805091853162
 31
0.0
 11
28117.75337721445
 21
-1570.570373985316
 31
0.0
 11
28117.75337721445
 21
-1570.456262785316
 31
0.0
 11
28117.75337721445
 21
-1570.3369827853162
 31
0.0
 11
28117.75337721445
 21
-1570.2161123853161
 31
0.0
 11
28117.75337721445
 21
-1570.091265985316
 31
0.0
 11
28117.75337721445
 21
-1569.9648291853161
 31
0.0
 11
28117.75337721445
 21
-1569.8368019853162
 31
0.0
 11
28117.75337721445
 21
-1569.7075819853162
 31
0.0
 11
28117.75337721445
 21
-1569.577566785316
 31
0.0
  0
SPLINE
  5
460
330
17
100
AcDbEntity
  8
OUTLINE
100
AcDbSpline
 70
0
 71
3
 72
0
 73
0
 74
25
 11
28117.75337721445
 21
-1552.401246785316
 31
0.0
 11
28117.75337721445
 21
-1552.3364379853163
 31
0.0
 11
28117.75337721445
 21
-1552.2716291853162
 31
0.0
 11
28117.75337721445
 21
-1552.2076155853163
 31
0.0
 11
28117.75337721445
 21
-1552.1443971853162
 31
0.0
 11
28117.75337721445
 21
-1552.0819739853162
 31
0.0
 11
28117.75337721445
 21
-1552.0215387853161
 31
0.0
 11
28117.75337721445
 21
-1551.9618987853162
 31
0.0
 11
28117.75337721445
 21
-1551.905041985316
 31
0.0
 11
28117.75337721445
 21
-1551.8497755853161
 31
0.0
 11
28117.75337721445
 21
-1551.7964971853162
 31
0.0
 11
28117.75337721445
 21
-1551.7467971853162
 31
0.0
 11
28117.75337721445
 21
-1551.6982899853163
 31
0.0
 11
28117.75337721445
 21
-1551.6549515853162
 31
0.0
 11
28117.75337721445
 21
-1551.6132035853161
 31
0.0
 11
28117.75337721445
 21
-1551.5758291853163
 31
0.0
 11
28117.75337721445
 21
-1551.541635585316
 31
0.0
 11
28117.75337721445
 21
-1551.5102251853161
 31
0.0
 11
28117.75337721445
 21
-1551.4843811853161
 31
0.0
 11
28117.75337721445
 21
-1551.460525185316
 31
0.0
 11
28117.75337721445
 21
-1551.4426331853163
 31
0.0
 11
28117.75337721445
 21
-1551.4275243853162
 31
0.0
 11
28117.75337721445
 21
-1551.4167891853162
 31
0.0
 11
28117.75337721445
 21
-1551.410825185316
 31
0.0
 11
28117.75337721445
 21
-1551.4072467853161
 31
0.0
  0
SPLINE
  5
461
330
17
100
AcDbEntity
  8
OUTLINE
100
AcDbSpline
 70
0
 71
3
 72
0
 73
0
 74
25
 11
28117.75337721445
 21
-1551.4072467853161
 31
0.0
 11
28117.75337721445
 21
-1551.400089985316
 31
0.0
 11
28117.75337721445
 21
-1551.3885595853162
 31
0.0
 11
28117.75337721445
 21
-1551.3666915853162
 31
0.0
 11
28117.75337721445
 21
-1551.3368715853162
 31
0.0
 11
28117.75337721445
 21
-1551.3006899853162
 31
0.0
 11
28117.75337721445
 21
-1551.2529779853162
 31
0.0
 11
28117.75337721445
 21
-1551.2012899853162
 31
0.0
 11
28117.75337721445
 21
-1551.1384691853161
 31
0.0
 11
28117.75337721445
 21
-1551.0704795853162
 31
0.0
 11
28117.75337721445
 21
-1550.9949355853162
 31
0.0
 11
28117.75337721445
 21
-1550.9114395853162
 31
0.0
 11
28117.75337721445
 21
-1550.8251603853162
 31
0.0
 11
28117.75337721445
 21
-1550.7281459853161
 31
0.0
 11
28117.75337721445
 21
-1550.6283483853163
 31
0.0
 11
28117.75337721445
 21
-1550.5221891853162
 31
0.0
 11
28117.75337721445
 21
-1550.412053985316
 31
0.0
 11
28117.75337721445
 21
-1550.297942785316
 31
0.0
 11
28117.75337721445
 21
-1550.1786627853162
 31
0.0
 11
28117.75337721445
 21
-1550.0577923853161
 31
0.0
 11
28117.75337721445
 21
-1549.932945985316
 31
0.0
 11
28117.75337721445
 21
-1549.8065091853161
 31
0.0
 11
28117.75337721445
 21
-1549.6784819853162
 31
0.0
 11
28117.75337721445
 21
-1549.5492619853162
 31
0.0
 11
28117.75337721445
 21
-1549.419246785316
 31
0.0
  0
SPLINE
  5
462
330
17
100
AcDbEntity
  8
OUTLINE
100
AcDbSpline
 70
0
 71
3
 72
0
 73
0
 74
25
 11
28117.75337721445
 21
-1524.1915267853162
 31
0.0
 11
28117.75337721445
 21
-1524.1263203853161
 31
0.0
 11
28117.75337721445
 21
-1524.061511585316
 31
0.0
 11
28117.75337721445
 21
-1523.996702785316
 31
0.0
 11
28117.75337721445
 21
-1523.932291585316
 31
0.0
 11
28117.75337721445
 21
-1523.867880385316
 31
0.0
 11
28117.75337721445
 21
-1523.8038667853161
 31
0.0
 11
28117.75337721445
 21
-1523.7402507853162
 31
0.0
 11
28117.75337721445
 21
-1523.6770323853161
 31
0.0
 11
28117.75337721445
 21
-1523.614609185316
 31
0.0
 11
28117.75337721445
 21
-1523.5525835853161
 31
0.0
 11
28117.75337721445
 21
-1523.4913531853163
 31
0.0
 11
28117.75337721445
 21
-1523.4305203853162
 31
0.0
 11
28117.75337721445
 21
-1523.371277985316
 31
0.0
 11
28117.75337721445
 21
-1523.3124331853162
 31
0.0
 11
28117.75337721445
 21
-1523.2547811853162
 31
0.0
 11
28117.75337721445
 21
-1523.1979243853161
 31
0.0
 11
28117.75337721445
 21
-1523.141862785316
 31
0.0
 11
28117.75337721445
 21
-1523.0873915853163
 31
0.0
 11
28117.75337721445
 21
-1523.0337155853163
 31
0.0
 11
28117.75337721445
 21
-1522.9816299853162
 31
0.0
 11
28117.75337721445
 21
-1522.930737185316
 31
0.0
 11
28117.75337721445
 21
-1522.8810371853162
 31
0.0
 11
28117.75337721445
 21
-1522.8329275853162
 31
0.0
 11
28117.75337721445
 21
-1522.7856131853162
 31
0.0
  0
SPLINE
  5
463
330
17
100
AcDbEntity
  8
OUTLINE
100
AcDbSpline
 70
0
 71
3
 72
0
 73
0
 74
25
 11
28117.75337721445
 21
-1516.8021307853162
 31
0.0
 11
28117.75337721445
 21
-1516.7572019853162
 31
0.0
 11
28117.75337721445
 21
-1516.7134659853161
 31
0.0
 11
28117.75337721445
 21
-1516.6713203853162
 31
0.0
 11
28117.75337721445
 21
-1516.631162785316
 31
0.0
 11
28117.75337721445
 21
-1516.592197985316
 31
0.0
 11
28117.75337721445
 21
-1516.5556187853163
 31
0.0
 11
28117.75337721445
 21
-1516.519834785316
 31
0.0
 11
28117.75337721445
 21
-1516.486833985316
 31
0.0
 11
28117.75337721445
 21
-1516.455025985316
 31
0.0
 11
28117.75337721445
 21
-1516.425205985316
 31
0.0
 11
28117.75337721445
 21
-1516.3977715853161
 31
0.0
 11
28117.75337721445
 21
-1516.371132385316
 31
0.0
 11
28117.75337721445
 21
-1516.3480715853161
 31
0.0
 11
28117.75337721445
 21
-1516.325805985316
 31
0.0
 11
28117.75337721445
 21
-1516.3059259853162
 31
0.0
 11
28117.75337721445
 21
-1516.2880339853161
 31
0.0
 11
28117.75337721445
 21
-1516.272129985316
 31
0.0
 11
28117.75337721445
 21
-1516.2586115853162
 31
0.0
 11
28117.75337721445
 21
-1516.246683585316
 31
0.0
 11
28117.75337721445
 21
-1516.2375387853162
 31
0.0
 11
28117.75337721445
 21
-1516.2299843853161
 31
0.0
 11
28117.75337721445
 21
-1516.2244179853162
 31
0.0
 11
28117.75337721445
 21
-1516.2216347853162
 31
0.0
 11
28117.75337721445
 21
-1516.2196467853162
 31
0.0
  0
SPLINE
  5
464
330
17
100
AcDbEntity
  8
OUTLINE
100
AcDbSpline
 70
0
 71
3
 72
0
 73
0
 74
25
 11
28114.572577214447
 21
-1567.1919667853163
 31
0.0
 11
28114.572577214447
 21
-1567.198725985316
 31
0.0
 11
28114.572577214447
 21
-1567.2086659853162
 31
0.0
 11
28114.572577214447
 21
-1567.2281483853162
 31
0.0
 11
28114.572577214447
 21
-1567.254389985316
 31
0.0
 11
28114.572577214447
 21
-1567.2861979853162
 31
0.0
 11
28114.572577214447
 21
-1567.327945985316
 31
0.0
 11
28114.572577214447
 21
-1567.373272385316
 31
0.0
 11
28114.572577214447
 21
-1567.4281411853162
 31
0.0
 11
28114.572577214447
 21
-1567.486985985316
 31
0.0
 11
28114.572577214447
 21
-1567.5517947853161
 31
0.0
 11
28114.572577214447
 21
-1567.6225675853161
 31
0.0
 11
28114.572577214447
 21
-1567.6961235853162
 31
0.0
 11
28114.572577214447
 21
-1567.7772339853161
 31
0.0
 11
28114.572577214447
 21
-1567.8599347853162
 31
0.0
 11
28114.572577214447
 21
-1567.9470091853161
 31
0.0
 11
28114.572577214447
 21
-1568.0364691853163
 31
0.0
 11
28114.572577214447
 21
-1568.1275195853161
 31
0.0
 11
28114.572577214447
 21
-1568.221353185316
 31
0.0
 11
28114.572577214447
 21
-1568.3155843853162
 31
0.0
 11
28114.572577214447
 21
-1568.4102131853163
 31
0.0
 11
28114.572577214447
 21
-1568.5048419853163
 31
0.0
 11
28114.572577214447
 21
-1568.5986755853162
 31
0.0
 11
28114.572577214447
 21
-1568.6909187853162
 31
0.0
 11
28114.572577214447
 21
-1568.782366785316
 31
0.0
  0
CIRCLE
  5
465
330
17
100
AcDbEntity
  8
OUTLINE
100
AcDbCircle
 10
28111.988177214447
 20
-1532.9188467853162
 30
0.0
 40
1.3923952
  0
CIRCLE
  5
466
330
17
100
AcDbEntity
  8
OUTLINE
100
AcDbCircle
 10
28111.988177214447
 20
-1545.642046785316
 30
0.0
 40
1.3923952
  0
LINE
  5
467
330
17
100
AcDbEntity
  8
OUTLINE
100
AcDbLine
 10
28103.24097721475
 20
-1541.8250867853162
 30
0.0
 11
28102.84337721475
 21
-1541.8250867853162
 31
0.0
  0
LINE
  5
468
330
17
100
AcDbEntity
  8
OUTLINE
100
AcDbLine
 10
28103.24097721475
 20
-1543.4154867853163
 30
0.0
 11
28102.84337721475
 21
-1543.4154867853163
 31
0.0
  0
LINE
  5
469
330
17
100
AcDbEntity
  8
OUTLINE
100
AcDbLine
 10
28102.84337721475
 20
-1541.8250867853162
 30
0.0
 11
28090.557537214445
 21
-1541.8250867853162
 31
0.0
  0
LINE
  5
46A
330
17
100
AcDbEntity
  8
OUTLINE
100
AcDbLine
 10
28102.84337721475
 20
-1543.4154867853163
 30
0.0
 11
28090.557537214445
 21
-1543.4154867853163
 31
0.0
  0
LINE
  5
46B
330
17
100
AcDbEntity
  8
OUTLINE
100
AcDbLine
 10
28103.24097721475
 20
-1562.082806785316
 30
0.0
 11
28101.749977214753
 21
-1563.0768067853162
 31
0.0
  0
LINE
  5
46C
330
17
100
AcDbEntity
  8
OUTLINE
100
AcDbLine
 10
28103.24097721475
 20
-1566.0588067853162
 30
0.0
 11
28101.749977214753
 21
-1565.0648067853163
 31
0.0
  0
LINE
  5
46D
330
17
100
AcDbEntity
  8
OUTLINE
100
AcDbLine
 10
28101.749977214753
 20
-1563.0768067853162
 30
0.0
 11
28090.557537214445
 21
-1563.0768067853162
 31
0.0
  0
LINE
  5
46E
330
17
100
AcDbEntity
  8
OUTLINE
100
AcDbLine
 10
28101.749977214753
 20
-1565.0648067853163
 30
0.0
 11
28090.557537214445
 21
-1565.0648067853163
 31
0.0
  0
LINE
  5
46F
330
17
100
AcDbEntity
  8
OUTLINE
100
AcDbLine
 10
28103.24097721475
 20
-1536.8550867853162
 30
0.0
 11
28101.749977214753
 21
-1537.849086785316
 31
0.0
  0
LINE
  5
470
330
17
100
AcDbEntity
  8
OUTLINE
100
AcDbLine
 10
28103.24097721475
 20
-1540.831086785316
 30
0.0
 11
28101.749977214753
 21
-1539.8370867853162
 31
0.0
  0
LINE
  5
471
330
17
100
AcDbEntity
  8
OUTLINE
100
AcDbLine
 10
28101.749977214753
 20
-1537.849086785316
 30
0.0
 11
28090.557537214445
 21
-1537.849086785316
 31
0.0
  0
LINE
  5
472
330
17
100
AcDbEntity
  8
OUTLINE
100
AcDbLine
 10
28101.749977214753
 20
-1539.8370867853162
 30
0.0
 11
28090.557537214445
 21
-1539.8370867853162
 31
0.0
  0
LINE
  5
473
330
17
100
AcDbEntity
  8
OUTLINE
100
AcDbLine
 10
28103.24097721475
 20
-1568.066686785316
 30
0.0
 11
28101.749977214753
 21
-1569.0606867853162
 31
0.0
  0
LINE
  5
474
330
17
100
AcDbEntity
  8
OUTLINE
100
AcDbLine
 10
28103.24097721475
 20
-1572.0426867853162
 30
0.0
 11
28101.749977214753
 21
-1571.0486867853162
 31
0.0
  0
LINE
  5
475
330
17
100
AcDbEntity
  8
OUTLINE
100
AcDbLine
 10
28101.749977214753
 20
-1569.0606867853162
 30
0.0
 11
28090.557537214445
 21
-1569.0606867853162
 31
0.0
  0
LINE
  5
476
330
17
100
AcDbEntity
  8
OUTLINE
100
AcDbLine
 10
28101.749977214753
 20
-1571.0486867853162
 30
0.0
 11
28090.557537214445
 21
-1571.0486867853162
 31
0.0
  0
LINE
  5
477
330
17
100
AcDbEntity
  8
OUTLINE
100
AcDbLine
 10
28103.24097721475
 20
-1533.8730867853162
 30
0.0
 11
28101.749977214753
 21
-1534.8670867853161
 31
0.0
  0
LINE
  5
478
330
17
100
AcDbEntity
  8
OUTLINE
100
AcDbLine
 10
28103.24097721475
 20
-1537.849086785316
 30
0.0
 11
28101.749977214753
 21
-1536.8550867853162
 31
0.0
  0
LINE
  5
479
330
17
100
AcDbEntity
  8
OUTLINE
100
AcDbLine
 10
28101.749977214753
 20
-1534.8670867853161
 30
0.0
 11
28090.557537214445
 21
-1534.8670867853161
 31
0.0
  0
LINE
  5
47A
330
17
100
AcDbEntity
  8
OUTLINE
100
AcDbLine
 10
28101.749977214753
 20
-1536.8550867853162
 30
0.0
 11
28090.557537214445
 21
-1536.8550867853162
 31
0.0
  0
LINE
  5
47B
330
17
100
AcDbEntity
  8
OUTLINE
100
AcDbLine
 10
28103.24097721475
 20
-1516.6967667853162
 30
0.0
 11
28101.749977214753
 21
-1517.690766785316
 31
0.0
  0
LINE
  5
47C
330
17
100
AcDbEntity
  8
OUTLINE
100
AcDbLine
 10
28103.24097721475
 20
-1520.672766785316
 30
0.0
 11
28101.749977214753
 21
-1519.6787667853162
 31
0.0
  0
LINE
  5
47D
330
17
100
AcDbEntity
  8
OUTLINE
100
AcDbLine
 10
28101.749977214753
 20
-1517.690766785316
 30
0.0
 11
28090.557537214445
 21
-1517.690766785316
 31
0.0
  0
LINE
  5
47E
330
17
100
AcDbEntity
  8
OUTLINE
100
AcDbLine
 10
28101.749977214753
 20
-1519.6787667853162
 30
0.0
 11
28090.557537214445
 21
-1519.6787667853162
 31
0.0
  0
LINE
  5
47F
330
17
100
AcDbEntity
  8
OUTLINE
100
AcDbLine
 10
28090.557537214445
 20
-1568.4245267853162
 30
0.0
 11
28090.955137214445
 21
-1568.4245267853162
 31
0.0
  0
LINE
  5
480
330
17
100
AcDbEntity
  8
OUTLINE
100
AcDbLine
 10
28090.557537214445
 20
-1570.0149267853162
 30
0.0
 11
28090.955137214445
 21
-1570.0149267853162
 31
0.0
  0
LINE
  5
481
330
17
100
AcDbEntity
  8
OUTLINE
100
AcDbLine
 10
28090.955137214445
 20
-1568.4245267853162
 30
0.0
 11
28103.24097721475
 21
-1568.4245267853162
 31
0.0
  0
LINE
  5
482
330
17
100
AcDbEntity
  8
OUTLINE
100
AcDbLine
 10
28090.955137214445
 20
-1570.0149267853162
 30
0.0
 11
28103.24097721475
 21
-1570.0149267853162
 31
0.0
  0
LINE
  5
483
330
17
100
AcDbEntity
  8
OUTLINE
100
AcDbLine
 10
28103.24097721475
 20
-1557.6495667853162
 30
0.0
 11
28102.644577214753
 21
-1558.0471667853162
 31
0.0
  0
LINE
  5
484
330
17
100
AcDbEntity
  8
OUTLINE
100
AcDbLine
 10
28103.24097721475
 20
-1560.035166785316
 30
0.0
 11
28102.644577214753
 21
-1559.637566785316
 31
0.0
  0
LINE
  5
485
330
17
100
AcDbEntity
  8
OUTLINE
100
AcDbLine
 10
28102.644577214753
 20
-1558.0471667853162
 30
0.0
 11
28090.557537214445
 21
-1558.0471667853162
 31
0.0
  0
LINE
  5
486
330
17
100
AcDbEntity
  8
OUTLINE
100
AcDbLine
 10
28102.644577214753
 20
-1559.637566785316
 30
0.0
 11
28090.557537214445
 21
-1559.637566785316
 31
0.0
  0
LINE
  5
487
330
17
100
AcDbEntity
  8
OUTLINE
100
AcDbLine
 10
28103.24097721475
 20
-1518.6847667853162
 30
0.0
 11
28102.644577214753
 21
-1519.0823667853163
 31
0.0
  0
LINE
  5
488
330
17
100
AcDbEntity
  8
OUTLINE
100
AcDbLine
 10
28103.24097721475
 20
-1521.070366785316
 30
0.0
 11
28102.644577214753
 21
-1520.672766785316
 31
0.0
  0
LINE
  5
489
330
17
100
AcDbEntity
  8
OUTLINE
100
AcDbLine
 10
28102.644577214753
 20
-1519.0823667853163
 30
0.0
 11
28090.557537214445
 21
-1519.0823667853163
 31
0.0
  0
LINE
  5
48A
330
17
100
AcDbEntity
  8
OUTLINE
100
AcDbLine
 10
28102.644577214753
 20
-1520.672766785316
 30
0.0
 11
28090.557537214445
 21
-1520.672766785316
 31
0.0
  0
LINE
  5
48B
330
17
100
AcDbEntity
  8
OUTLINE
100
AcDbLine
 10
28090.557537214445
 20
-1564.388489185316
 30
0.0
 11
28090.955137214445
 21
-1564.388489185316
 31
0.0
  0
LINE
  5
48C
330
17
100
AcDbEntity
  8
OUTLINE
100
AcDbLine
 10
28090.557537214445
 20
-1565.9788891853161
 30
0.0
 11
28090.955137214445
 21
-1565.9788891853161
 31
0.0
  0
LINE
  5
48D
330
17
100
AcDbEntity
  8
OUTLINE
100
AcDbLine
 10
28090.955137214445
 20
-1564.388489185316
 30
0.0
 11
28103.24097721475
 21
-1564.388489185316
 31
0.0
  0
LINE
  5
48E
330
17
100
AcDbEntity
  8
OUTLINE
100
AcDbLine
 10
28090.955137214445
 20
-1565.9788891853161
 30
0.0
 11
28103.24097721475
 21
-1565.9788891853161
 31
0.0
  0
LINE
  5
48F
330
17
100
AcDbEntity
  8
OUTLINE
100
AcDbLine
 10
28090.557537214445
 20
-1518.8239267853162
 30
0.0
 11
28091.541597214447
 21
-1519.4799667853163
 31
0.0
  0
LINE
  5
490
330
17
100
AcDbEntity
  8
OUTLINE
100
AcDbLine
 10
28090.557537214445
 20
-1521.3288067853161
 30
0.0
 11
28091.541597214447
 21
-1520.672766785316
 31
0.0
  0
LINE
  5
491
330
17
100
AcDbEntity
  8
OUTLINE
100
AcDbLine
 10
28091.541597214447
 20
-1519.4799667853163
 30
0.0
 11
28103.24097721475
 21
-1519.4799667853163
 31
0.0
  0
LINE
  5
492
330
17
100
AcDbEntity
  8
OUTLINE
100
AcDbLine
 10
28091.541597214447
 20
-1520.672766785316
 30
0.0
 11
28103.24097721475
 21
-1520.672766785316
 31
0.0
  0
LINE
  5
493
330
17
100
AcDbEntity
  8
OUTLINE
100
AcDbLine
 10
28103.24097721475
 20
-1557.6495667853162
 30
0.0
 11
28102.644577214753
 21
-1558.0471667853162
 31
0.0
  0
LINE
  5
494
330
17
100
AcDbEntity
  8
OUTLINE
100
AcDbLine
 10
28103.24097721475
 20
-1560.035166785316
 30
0.0
 11
28102.644577214753
 21
-1559.637566785316
 31
0.0
  0
LINE
  5
495
330
17
100
AcDbEntity
  8
OUTLINE
100
AcDbLine
 10
28102.644577214753
 20
-1558.0471667853162
 30
0.0
 11
28090.557537214445
 21
-1558.0471667853162
 31
0.0
  0
LINE
  5
496
330
17
100
AcDbEntity
  8
OUTLINE
100
AcDbLine
 10
28102.644577214753
 20
-1559.637566785316
 30
0.0
 11
28090.557537214445
 21
-1559.637566785316
 31
0.0
  0
LINE
  5
497
330
17
100
AcDbEntity
  8
OUTLINE
100
AcDbLine
 10
28103.24097721475
 20
-1518.6847667853162
 30
0.0
 11
28102.644577214753
 21
-1519.0823667853163
 31
0.0
  0
LINE
  5
498
330
17
100
AcDbEntity
  8
OUTLINE
100
AcDbLine
 10
28103.24097721475
 20
-1521.070366785316
 30
0.0
 11
28102.644577214753
 21
-1520.672766785316
 31
0.0
  0
LINE
  5
499
330
17
100
AcDbEntity
  8
OUTLINE
100
AcDbLine
 10
28102.644577214753
 20
-1519.0823667853163
 30
0.0
 11
28090.557537214445
 21
-1519.0823667853163
 31
0.0
  0
LINE
  5
49A
330
17
100
AcDbEntity
  8
OUTLINE
100
AcDbLine
 10
28102.644577214753
 20
-1520.672766785316
 30
0.0
 11
28090.557537214445
 21
-1520.672766785316
 31
0.0
  0
LINE
  5
49B
330
17
100
AcDbEntity
  8
OUTLINE
100
AcDbLine
 10
28090.557537214445
 20
-1568.4245267853162
 30
0.0
 11
28090.955137214445
 21
-1568.4245267853162
 31
0.0
  0
LINE
  5
49C
330
17
100
AcDbEntity
  8
OUTLINE
100
AcDbLine
 10
28090.557537214445
 20
-1570.0149267853162
 30
0.0
 11
28090.955137214445
 21
-1570.0149267853162
 31
0.0
  0
LINE
  5
49D
330
17
100
AcDbEntity
  8
OUTLINE
100
AcDbLine
 10
28090.955137214445
 20
-1568.4245267853162
 30
0.0
 11
28103.24097721475
 21
-1568.4245267853162
 31
0.0
  0
LINE
  5
49E
330
17
100
AcDbEntity
  8
OUTLINE
100
AcDbLine
 10
28090.955137214445
 20
-1570.0149267853162
 30
0.0
 11
28103.24097721475
 21
-1570.0149267853162
 31
0.0
  0
LINE
  5
49F
330
17
100
AcDbEntity
  8
OUTLINE
100
AcDbLine
 10
28103.24097721475
 20
-1568.066686785316
 30
0.0
 11
28101.749977214753
 21
-1569.0606867853162
 31
0.0
  0
LINE
  5
4A0
330
17
100
AcDbEntity
  8
OUTLINE
100
AcDbLine
 10
28103.24097721475
 20
-1572.0426867853162
 30
0.0
 11
28101.749977214753
 21
-1571.0486867853162
 31
0.0
  0
LINE
  5
4A1
330
17
100
AcDbEntity
  8
OUTLINE
100
AcDbLine
 10
28101.749977214753
 20
-1569.0606867853162
 30
0.0
 11
28090.557537214445
 21
-1569.0606867853162
 31
0.0
  0
LINE
  5
4A2
330
17
100
AcDbEntity
  8
OUTLINE
100
AcDbLine
 10
28101.749977214753
 20
-1571.0486867853162
 30
0.0
 11
28090.557537214445
 21
-1571.0486867853162
 31
0.0
  0
LINE
  5
4A3
330
17
100
AcDbEntity
  8
OUTLINE
100
AcDbLine
 10
28103.24097721475
 20
-1516.6967667853162
 30
0.0
 11
28101.749977214753
 21
-1517.690766785316
 31
0.0
  0
LINE
  5
4A4
330
17
100
AcDbEntity
  8
OUTLINE
100
AcDbLine
 10
28103.24097721475
 20
-1520.672766785316
 30
0.0
 11
28101.749977214753
 21
-1519.6787667853162
 31
0.0
  0
LINE
  5
4A5
330
17
100
AcDbEntity
  8
OUTLINE
100
AcDbLine
 10
28101.749977214753
 20
-1517.690766785316
 30
0.0
 11
28090.557537214445
 21
-1517.690766785316
 31
0.0
  0
LINE
  5
4A6
330
17
100
AcDbEntity
  8
OUTLINE
100
AcDbLine
 10
28101.749977214753
 20
-1519.6787667853162
 30
0.0
 11
28090.557537214445
 21
-1519.6787667853162
 31
0.0
  0
DIMENSION
  5
4A7
330
17
100
AcDbEntity
  8
DIM
100
AcDbDimension
280
0
  2
*D1
  3
GB_DIM
 10
27995.73013721445
 20
-1585.481566785316
 30
0.0
 11
28043.83973721445
 21
-1582.731566785316
 31
0.0
 70
32
 71
5
  1
<>
100
AcDbAlignedDimension
 13
27995.73013721445
 23
-1571.5655667853162
 33
0.0
 14
28091.94933721445
 24
-1571.5655667853162
 34
0.0
 50
0.0
100
AcDbRotatedDimension
  0
DIMENSION
  5
4B6
330
17
100
AcDbEntity
  8
DIM
100
AcDbDimension
280
0
  2
*D2
  3
GB_DIM
 10
27981.81413721445
 20
-1571.5655667853162
 30
0.0
 11
27979.06413721445
 21
-1543.8926067853163
 31
0.0
 70
32
 71
5
  1
<>
100
AcDbAlignedDimension
 13
27995.73013721445
 23
-1571.5655667853162
 33
0.0
 14
27995.73013721445
 24
-1516.2196467853162
 34
0.0
 50
90.0
100
AcDbRotatedDimension
  0
TEXT
  5
4C5
330
17
100
AcDbEntity
  8
TEXT
100
AcDbText
 10
28445.76153889041
 20
-1503.020642177077
 30
0.0
 40
3.0
  1
公差等级 GB/T1804
  7
SimSun
100
AcDbText
  0
TEXT
  5
4C6
330
17
100
AcDbEntity
  8
TEXT
100
AcDbText
 10
28560.76153889041
 20
-1503.020642177077
 30
0.0
 40
3.0
  1
线性
  7
SimSun
100
AcDbText
  0
TEXT
  5
4C7
330
17
100
AcDbEntity
  8
TEXT
100
AcDbText
 10
28605.76153889041
 20
-1503.020642177077
 30
0.0
 40
3.0
  1
角度
  7
SimSun
100
AcDbText
  0
TEXT
  5
4C8
330
17
100
AcDbEntity
  8
TEXT
100
AcDbText
 10
28445.76153889041
 20
-1509.020642177077
 30
0.0
 40
3.0
  1
精密 F 级
  7
SimSun
100
AcDbText
  0
TEXT
  5
4C9
330
17
100
AcDbEntity
  8
TEXT
100
AcDbText
 10
28560.76153889041
 20
-1509.020642177077
 30
0.0
 40
3.0
  1
±0.05
  7
SimSun
100
AcDbText
  0
TEXT
  5
4CA
330
17
100
AcDbEntity
  8
TEXT
100
AcDbText
 10
28605.76153889041
 20
-1509.020642177077
 30
0.0
 40
3.0
  1
±0.5°
  7
SimSun
100
AcDbText
  0
TEXT
  5
4CB
330
17
100
AcDbEntity
  8
TEXT
100
AcDbText
 10
28445.76153889041
 20
-1515.020642177077
 30
0.0
 40
3.0
  1
中等 M 级
  7
SimSun
100
AcDbText
  0
TEXT
  5
4CC
330
17
100
AcDbEntity
  8
TEXT
100
AcDbText
 10
28560.76153889041
 20
-1515.020642177077
 30
0.0
 40
3.0
  1
±0.1
  7
SimSun
100
AcDbText
  0
TEXT
  5
4CD
330
17
100
AcDbEntity
  8
TEXT
100
AcDbText
 10
28605.76153889041
 20
-1515.020642177077
 30
0.0
 40
3.0
  1
±0.5°
  7
SimSun
100
AcDbText
  0
LINE
  5
4CE
330
17
100
AcDbEntity
  8
CENTER
100
AcDbLine
 10
28083.619617214452
 20
-1449.9396467853162
 30
0.0
 11
28096.30305721445
 21
-1449.9396467853162
 31
0.0
  0
TEXT
  5
4CF
330
17
100
AcDbEntity
  8
DIM
100
AcDbText
 10
28092.961337214452
 20
-1446.9396467853162
 30
0.0
 40
1.1928
  1
90° L32 R5.0
  7
SimSun
100
AcDbText
  0
LINE
  5
4D0
330
17
100
AcDbEntity
  8
CENTER
100
AcDbLine
 10
28010.46121721445
 20
-1449.9396467853162
 30
0.0
 11
28018.37345721445
 21
-1449.9396467853162
 31
0.0
  0
TEXT
  5
4D1
330
17
100
AcDbEntity
  8
DIM
100
AcDbText
 10
28017.41733721445
 20
-1446.9396467853162
 30
0.0
 40
1.1928
  1
90° L20 R5.0
  7
SimSun
100
AcDbText
  0
LINE
  5
4D2
330
17
100
AcDbEntity
  8
CENTER
100
AcDbLine
 10
27993.76201721445
 20
-1470.0979667853162
 30
0.0
 11
28001.67425721445
 21
-1470.0979667853162
 31
0.0
  0
TEXT
  5
4D3
330
17
100
AcDbEntity
  8
DIM
100
AcDbText
 10
28000.718137214448
 20
-1467.0979667853162
 30
0.0
 40
1.1928
  1
90° L20 R5.0
  7
SimSun
100
AcDbText
  0
LINE
  5
4D4
330
17
100
AcDbEntity
  8
CENTER
100
AcDbLine
 10
27993.76201721445
 20
-1495.3256867853163
 30
0.0
 11
28001.67425721445
 21
-1495.3256867853163
 31
0.0
  0
TEXT
  5
4D5
330
17
100
AcDbEntity
  8
DIM
100
AcDbText
 10
28000.718137214448
 20
-1492.3256867853163
 30
0.0
 40
1.1928
  1
90° L20 R5.0
  7
SimSun
100
AcDbText
  0
LINE
  5
4D6
330
17
100
AcDbEntity
  8
CENTER
100
AcDbLine
 10
27999.74549961445
 20
-1501.3095667853163
 30
0.0
 11
28007.65773961445
 21
-1501.3095667853163
 31
0.0
  0
TEXT
  5
4D7
330
17
100
AcDbEntity
  8
DIM
100
AcDbText
 10
28006.70161961445
 20
-1498.3095667853163
 30
0.0
 40
1.1928
  1
90° L20 R5.0
  7
SimSun
100
AcDbText
  0
LINE
  5
4D8
330
17
100
AcDbEntity
  8
CENTER
100
AcDbLine
 10
28008.17501721445
 20
-1467.1159667853162
 30
0.0
 11
28014.69565721445
 21
-1467.1159667853162
 31
0.0
  0
TEXT
  5
4D9
330
17
100
AcDbEntity
  8
DIM
100
AcDbText
 10
28014.43533721445
 20
-1464.1159667853162
 30
0.0
 40
1.1928
  1
90° L16 R5.0
  7
SimSun
100
AcDbText
  0
LINE
  5
4DA
330
17
100
AcDbEntity
  8
CENTER
100
AcDbLine
 10
28083.619617214452
 20
-1501.3095667853163
 30
0.0
 11
28096.30305721445
 21
-1501.3095667853163
 31
0.0
  0
TEXT
  5
4DB
330
17
100
AcDbEntity
  8
DIM
100
AcDbText
 10
28092.961337214452
 20
-1498.3095667853163
 30
0.0
 40
1.1928
  1
90° L32 R5.0
  7
SimSun
100
AcDbText
  0
TEXT
  5
4DC
330
17
100
AcDbEntity
  8
TEXT
100
AcDbText
 10
28106.94933721445
 20
-1516.2196467853162
 30
0.0
 40
5.0
  1
折弯标注
  7
SimSun
100
AcDbText
  0
TEXT
  5
4DD
330
17
100
AcDbEntity
  8
DIM
100
AcDbText
 10
28106.94933721445
 20
-1527.2196467853162
 30
0.0
 40
1.1928
  1
折弯 90° R5.0 ↑
  7
SimSun
100
AcDbText
  0
LINE
  5
4DE
330
17
100
AcDbEntity
  8
CENTER
100
AcDbLine
 10
28094.94933721445
 20
-1525.7196467853162
 30
0.0
 11
28134.94933721445
 21
-1525.7196467853162
 31
0.0
  0
TEXT
  5
4DF
330
17
100
AcDbEntity
  8
DIM
100
AcDbText
 10
28106.94933721445
 20
-1533.2196467853162
 30
0.0
 40
1.1928
  1
折弯 45° R5.0 ↑
  7
SimSun
100
AcDbText
  0
LINE
  5
4E0
330
17
100
AcDbEntity
  8
CENTER
100
AcDbLine
 10
28094.94933721445
 20
-1531.7196467853162
 30
0.0
 11
28134.94933721445
 21
-1531.7196467853162
 31
0.0
  0
DIMENSION
  5
4E1
330
17
100
AcDbEntity
  8
DIM
100
AcDbDimension
280
0
  2
*D3
  3
GB_DIM
 10
27965.15413721445
 20
-1581.9825215755968
 30
0.0
 11
27971.4958572146
 21
-1577.2325215755968
 31
0.0
 70
32
 71
5
  1
<>
100
AcDbAlignedDimension
 13
27965.15413721445
 23
-1572.0425215755968
 33
0.0
 14
27977.837577214752
 24
-1572.0425215755968
 34
0.0
 50
0.0
100
AcDbRotatedDimension
  0
DIMENSION
  5
4F0
330
17
100
AcDbEntity
  8
DIM
100
AcDbDimension
280
0
  2
*D4
  3
GB_DIM
 10
28090.557537214445
 20
-1581.9825215755968
 30
0.0
 11
28096.899257214598
 21
-1577.2325215755968
 31
0.0
 70
32
 71
5
  1
<>
100
AcDbAlignedDimension
 13
28090.557537214445
 23
-1572.0425215755968
 33
0.0
 14
28103.24097721475
 24
-1572.0425215755968
 34
0.0
 50
0.0
100
AcDbRotatedDimension
  0
DIMENSION
  5
4FF
330
17
100
AcDbEntity
  8
DIM
100
AcDbDimension
280
0
  2
*D5
  3
GB_DIM
 10
27995.73013721445
 20
-1513.2375667853162
 30
0.0
 11
28043.83973721445
 21
-1510.4875667853162
 31
0.0
 70
32
 71
5
  1
<>
100
AcDbAlignedDimension
 13
27995.73013721445
 23
-1503.2975667853161
 33
0.0
 14
28091.94933721445
 24
-1503.2975667853161
 34
0.0
 50
0.0
100
AcDbRotatedDimension
  0
DIMENSION
  5
50E
330
17
100
AcDbEntity
  8
DIM
100
AcDbDimension
280
0
  2
*D6
  3
GB_DIM
 10
27985.79013721445
 20
-1503.2975667853161
 30
0.0
 11
27983.04013721445
 21
-1475.6246067853162
 31
0.0
 70
32
 71
5
  1
<>
100
AcDbAlignedDimension
 13
27995.73013721445
 23
-1503.2975667853161
 33
0.0
 14
27995.73013721445
 24
-1447.9516467853161
 34
0.0
 50
90.0
100
AcDbRotatedDimension
  0
DIMENSION
  5
51D
330
17
100
AcDbEntity
  8
DIM
100
AcDbDimension
280
0
  2
*D7
  3
GB_DIM
 10
27995.73013721445
 20
-1569.577566785316
 30
0.0
 11
28043.83973721445
 21
-1566.827566785316
 31
0.0
 70
32
 71
5
  1
<>
100
AcDbAlignedDimension
 13
27995.73013721445
 23
-1559.637566785316
 33
0.0
 14
28091.94933721445
 24
-1559.637566785316
 34
0.0
 50
0.0
100
AcDbRotatedDimension
  0
DIMENSION
  5
52C
330
17
100
AcDbEntity
  8
DIM
100
AcDbDimension
280
0
  2
*D8
  3
GB_DIM
 10
27985.79013721445
 20
-1559.637566785316
 30
0.0
 11
27981.04013721445
 21
-1553.2958467853161
 31
0.0
 70
32
 71
5
  1
<>
100
AcDbAlignedDimension
 13
27995.73013721445
 23
-1559.637566785316
 33
0.0
 14
27995.73013721445
 24
-1546.9541267853162
 34
0.0
 50
90.0
100
AcDbRotatedDimension
  0
DIMENSION
  5
53B
330
17
100
AcDbEntity
  8
DIM
100
AcDbDimension
280
0
  2
*D9
  3
GB_DIM
 10
27953.22613721445
 20
-1570.054686785316
 30
0.0
 11
27980.89909721445
 21
-1567.304686785316
 31
0.0
 70
32
 71
5
  1
<>
100
AcDbAlignedDimension
 13
27953.22613721445
 23
-1560.114686785316
 33
0.0
 14
28008.57205721445
 24
-1560.114686785316
 34
0.0
 50
0.0
100
AcDbRotatedDimension
  0
DIMENSION
  5
54A
330
17
100
AcDbEntity
  8
DIM
100
AcDbDimension
280
0
  2
*D10
  3
GB_DIM
 10
27943.28613721445
 20
-1560.114686785316
 30
0.0
 11
27938.53613721445
 21
-1553.7729667853162
 31
0.0
 70
32
 71
5
  1
<>
100
AcDbAlignedDimension
 13
27953.22613721445
 23
-1560.114686785316
 33
0.0
 14
27953.22613721445
 24
-1547.4312467853163
 34
0.0
 50
90.0
100
AcDbRotatedDimension
  0
DIMENSION
  5
559
330
17
100
AcDbEntity
  8
DIM
100
AcDbDimension
280
0
  2
*D11
  3
GB_DIM
 10
27995.73013721445
 20
-1520.3943667853162
 30
0.0
 11
27996.72413721445
 21
-1515.6443667853162
 31
0.0
 70
32
 71
5
  1
<>
100
AcDbAlignedDimension
 13
27995.73013721445
 23
-1503.2975667853161
 33
0.0
 14
27997.71813721445
 24
-1503.2975667853161
 34
0.0
 50
0.0
100
AcDbRotatedDimension
  0
DIMENSION
  5
568
330
17
100
AcDbEntity
  8
DIM
100
AcDbDimension
280
0
  2
*D12
  3
GB_DIM
 10
27997.71813721445
 20
-1520.3943667853162
 30
0.0
 11
27999.30853721445
 21
-1515.6443667853162
 31
0.0
 70
32
 71
5
  1
<>
100
AcDbAlignedDimension
 13
27997.71813721445
 23
-1503.2975667853161
 33
0.0
 14
28000.89893721445
 24
-1503.2975667853161
 34
0.0
 50
0.0
100
AcDbRotatedDimension
  0
DIMENSION
  5
577
330
17
100
AcDbEntity
  8
DIM
100
AcDbDimension
280
0
  2
*D13
  3
GB_DIM
 10
28000.89893721445
 20
-1520.3943667853162
 30
0.0
 11
28002.290537214452
 21
-1515.6443667853162
 31
0.0
 70
32
 71
5
  1
<>
100
AcDbAlignedDimension
 13
28000.89893721445
 23
-1503.2975667853161
 33
0.0
 14
28003.68213721445
 24
-1503.2975667853161
 34
0.0
 50
0.0
100
AcDbRotatedDimension
  0
DIMENSION
  5
586
330
17
100
AcDbEntity
  8
DIM
100
AcDbDimension
280
0
  2
*D14
  3
GB_DIM
 10
28003.68213721445
 20
-1520.3943667853162
 30
0.0
 11
28007.55873721445
 21
-1515.6443667853162
 31
0.0
 70
32
 71
5
  1
<>
100
AcDbAlignedDimension
 13
28003.68213721445
 23
-1503.2975667853161
 33
0.0
 14
28011.43533721445
 24
-1503.2975667853161
 34
0.0
 50
0.0
100
AcDbRotatedDimension
  0
DIMENSION
  5
595
330
17
100
AcDbEntity
  8
DIM
100
AcDbDimension
280
0
  2
*D15
  3
GB_DIM
 10
28011.43533721445
 20
-1520.3943667853162
 30
0.0
 11
28012.92633721445
 21
-1515.6443667853162
 31
0.0
 70
32
 71
5
  1
<>
100
AcDbAlignedDimension
 13
28011.43533721445
 23
-1503.2975667853161
 33
0.0
 14
28014.41733721445
 24
-1503.2975667853161
 34
0.0
 50
0.0
100
AcDbRotatedDimension
  0
DIMENSION
  5
5A4
330
17
100
AcDbEntity
  8
DIM
100
AcDbDimension
280
0
  2
*D16
  3
GB_DIM
 10
28014.41733721445
 20
-1520.3943667853162
 30
0.0
 11
28030.61953721445
 21
-1517.6443667853162
 31
0.0
 70
32
 71
5
  1
<>
100
AcDbAlignedDimension
 13
28014.41733721445
 23
-1503.2975667853161
 33
0.0
 14
28046.82173721445
 24
-1503.2975667853161
 34
0.0
 50
0.0
100
AcDbRotatedDimension
  0
DIMENSION
  5
5B3
330
17
100
AcDbEntity
  8
DIM
100
AcDbDimension
280
0
  2
*D17
  3
GB_DIM
 10
28046.82173721445
 20
-1520.3943667853162
 30
0.0
 11
28049.00853721445
 21
-1515.6443667853162
 31
0.0
 70
32
 71
5
  1
<>
100
AcDbAlignedDimension
 13
28046.82173721445
 23
-1503.2975667853161
 33
0.0
 14
28051.19533721445
 24
-1503.2975667853161
 34
0.0
 50
0.0
100
AcDbRotatedDimension
  0
DIMENSION
  5
5C2
330
17
100
AcDbEntity
  8
DIM
100
AcDbDimension
280
0
  2
*D18
  3
GB_DIM
 10
28051.19533721445
 20
-1520.3943667853162
 30
0.0
 11
28056.761737214452
 21
-1515.6443667853162
 31
0.0
 70
32
 71
5
  1
<>
100
AcDbAlignedDimension
 13
28051.19533721445
 23
-1503.2975667853161
 33
0.0
 14
28062.328137214452
 24
-1503.2975667853161
 34
0.0
 50
0.0
100
AcDbRotatedDimension
  0
DIMENSION
  5
5D1
330
17
100
AcDbEntity
  8
DIM
100
AcDbDimension
280
0
  2
*D19
  3
GB_DIM
 10
28062.328137214452
 20
-1520.3943667853162
 30
0.0
 11
28063.91853721445
 21
-1515.6443667853162
 31
0.0
 70
32
 71
5
  1
<>
100
AcDbAlignedDimension
 13
28062.328137214452
 23
-1503.2975667853161
 33
0.0
 14
28065.50893721445
 24
-1503.2975667853161
 34
0.0
 50
0.0
100
AcDbRotatedDimension
  0
DIMENSION
  5
5E0
330
17
100
AcDbEntity
  8
DIM
100
AcDbDimension
280
0
  2
*D20
  3
GB_DIM
 10
28065.50893721445
 20
-1520.3943667853162
 30
0.0
 11
28067.795137214453
 21
-1515.6443667853162
 31
0.0
 70
32
 71
5
  1
<>
100
AcDbAlignedDimension
 13
28065.50893721445
 23
-1503.2975667853161
 33
0.0
 14
28070.08133721445
 24
-1503.2975667853161
 34
0.0
 50
0.0
100
AcDbRotatedDimension
  0
DIMENSION
  5
5EF
330
17
100
AcDbEntity
  8
DIM
100
AcDbDimension
280
0
  2
*D21
  3
GB_DIM
 10
28070.08133721445
 20
-1520.3943667853162
 30
0.0
 11
28073.95793721445
 21
-1515.6443667853162
 31
0.0
 70
32
 71
5
  1
<>
100
AcDbAlignedDimension
 13
28070.08133721445
 23
-1503.2975667853161
 33
0.0
 14
28077.83453721445
 24
-1503.2975667853161
 34
0.0
 50
0.0
100
AcDbRotatedDimension
  0
DIMENSION
  5
5FE
330
17
100
AcDbEntity
  8
DIM
100
AcDbDimension
280
0
  2
*D22
  3
GB_DIM
 10
28077.83453721445
 20
-1520.3943667853162
 30
0.0
 11
28079.424937214448
 21
-1515.6443667853162
 31
0.0
 70
32
 71
5
  1
<>
100
AcDbAlignedDimension
 13
28077.83453721445
 23
-1503.2975667853161
 33
0.0
 14
28081.01533721445
 24
-1503.2975667853161
 34
0.0
 50
0.0
100
AcDbRotatedDimension
  0
DIMENSION
  5
60D
330
17
100
AcDbEntity
  8
DIM
100
AcDbDimension
280
0
  2
*D23
  3
GB_DIM
 10
28081.01533721445
 20
-1520.3943667853162
 30
0.0
 11
28082.60573721445
 21
-1515.6443667853162
 31
0.0
 70
32
 71
5
  1
<>
100
AcDbAlignedDimension
 13
28081.01533721445
 23
-1503.2975667853161
 33
0.0
 14
28084.19613721445
 24
-1503.2975667853161
 34
0.0
 50
0.0
100
AcDbRotatedDimension
  0
DIMENSION
  5
61C
330
17
100
AcDbEntity
  8
DIM
100
AcDbDimension
280
0
  2
*D24
  3
GB_DIM
 10
28084.19613721445
 20
-1520.3943667853162
 30
0.0
 11
28085.58773721445
 21
-1515.6443667853162
 31
0.0
 70
32
 71
5
  1
<>
100
AcDbAlignedDimension
 13
28084.19613721445
 23
-1503.2975667853161
 33
0.0
 14
28086.97933721445
 24
-1503.2975667853161
 34
0.0
 50
0.0
100
AcDbRotatedDimension
  0
DIMENSION
  5
62B
330
17
100
AcDbEntity
  8
DIM
100
AcDbDimension
280
0
  2
*D25
  3
GB_DIM
 10
28086.97933721445
 20
-1520.3943667853162
 30
0.0
 11
28088.47033721445
 21
-1515.6443667853162
 31
0.0
 70
32
 71
5
  1
<>
100
AcDbAlignedDimension
 13
28086.97933721445
 23
-1503.2975667853161
 33
0.0
 14
28089.96133721445
 24
-1503.2975667853161
 34
0.0
 50
0.0
100
AcDbRotatedDimension
  0
DIMENSION
  5
63A
330
17
100
AcDbEntity
  8
DIM
100
AcDbDimension
280
0
  2
*D26
  3
GB_DIM
 10
28089.96133721445
 20
-1520.3943667853162
 30
0.0
 11
28090.95533721445
 21
-1515.6443667853162
 31
0.0
 70
32
 71
5
  1
<>
100
AcDbAlignedDimension
 13
28089.96133721445
 23
-1503.2975667853161
 33
0.0
 14
28091.94933721445
 24
-1503.2975667853161
 34
0.0
 50
0.0
100
AcDbRotatedDimension
  0
DIMENSION
  5
649
330
17
100
AcDbEntity
  8
DIM
100
AcDbDimension
280
0
  2
*D27
  3
GB_DIM
 10
27978.63333721445
 20
-1503.2975667853161
 30
0.0
 11
27973.88333721445
 21
-1502.3035667853162
 31
0.0
 70
32
 71
5
  1
<>
100
AcDbAlignedDimension
 13
27995.73013721445
 23
-1503.2975667853161
 33
0.0
 14
27995.73013721445
 24
-1501.3095667853163
 34
0.0
 50
90.0
100
AcDbRotatedDimension
  0
DIMENSION
  5
658
330
17
100
AcDbEntity
  8
DIM
100
AcDbDimension
280
0
  2
*D28
  3
GB_DIM
 10
27978.63333721445
 20
-1501.3095667853163
 30
0.0
 11
27973.88333721445
 21
-1500.8920867853162
 31
0.0
 70
32
 71
5
  1
<>
100
AcDbAlignedDimension
 13
27995.73013721445
 23
-1501.3095667853163
 33
0.0
 14
27995.73013721445
 24
-1500.4746067853162
 34
0.0
 50
90.0
100
AcDbRotatedDimension
  0
DIMENSION
  5
667
330
17
100
AcDbEntity
  8
DIM
100
AcDbDimension
280
0
  2
*D29
  3
GB_DIM
 10
27978.63333721445
 20
-1500.4746067853162
 30
0.0
 11
27973.88333721445
 21
-1498.4468467853162
 31
0.0
 70
32
 71
5
  1
<>
100
AcDbAlignedDimension
 13
27995.73013721445
 23
-1500.4746067853162
 33
0.0
 14
27995.73013721445
 24
-1496.4190867853163
 34
0.0
 50
90.0
100
AcDbRotatedDimension
  0
DIMENSION
  5
676
330
17
100
AcDbEntity
  8
DIM
100
AcDbDimension
280
0
  2
*D30
  3
GB_DIM
 10
27978.63333721445
 20
-1496.4190867853163
 30
0.0
 11
27973.88333721445
 21
-1496.279926785316
 31
0.0
 70
32
 71
5
  1
<>
100
AcDbAlignedDimension
 13
27995.73013721445
 23
-1496.4190867853163
 33
0.0
 14
27995.73013721445
 24
-1496.1407667853161
 34
0.0
 50
90.0
100
AcDbRotatedDimension
  0
DIMENSION
  5
685
330
17
100
AcDbEntity
  8
DIM
100
AcDbDimension
280
0
  2
*D31
  3
GB_DIM
 10
27978.63333721445
 20
-1496.1407667853161
 30
0.0
 11
27973.88333721445
 21
-1495.7232867853163
 31
0.0
 70
32
 71
5
  1
<>
100
AcDbAlignedDimension
 13
27995.73013721445
 23
-1496.1407667853161
 33
0.0
 14
27995.73013721445
 24
-1495.3058067853162
 34
0.0
 50
90.0
100
AcDbRotatedDimension
  0
DIMENSION
  5
694
330
17
100
AcDbEntity
  8
DIM
100
AcDbDimension
280
0
  2
*D32
  3
GB_DIM
 10
27978.63333721445
 20
-1495.3058067853162
 30
0.0
 11
27973.88333721445
 21
-1492.7015267853162
 31
0.0
 70
32
 71
5
  1
<>
100
AcDbAlignedDimension
 13
27995.73013721445
 23
-1495.3058067853162
 33
0.0
 14
27995.73013721445
 24
-1490.0972467853162
 34
0.0
 50
90.0
100
AcDbRotatedDimension
  0
DIMENSION
  5
6A3
330
17
100
AcDbEntity
  8
DIM
100
AcDbDimension
280
0
  2
*D33
  3
GB_DIM
 10
27978.63333721445
 20
-1490.0972467853162
 30
0.0
 11
27975.88333721445
 21
-1480.0976067853162
 31
0.0
 70
32
 71
5
  1
<>
100
AcDbAlignedDimension
 13
27995.73013721445
 23
-1490.0972467853162
 33
0.0
 14
27995.73013721445
 24
-1470.0979667853162
 34
0.0
 50
90.0
100
AcDbRotatedDimension
  0
DIMENSION
  5
6B2
330
17
100
AcDbEntity
  8
DIM
100
AcDbDimension
280
0
  2
*D34
  3
GB_DIM
 10
27978.63333721445
 20
-1470.0979667853162
 30
0.0
 11
27973.88333721445
 21
-1468.6069667853162
 31
0.0
 70
32
 71
5
  1
<>
100
AcDbAlignedDimension
 13
27995.73013721445
 23
-1470.0979667853162
 33
0.0
 14
27995.73013721445
 24
-1467.1159667853162
 34
0.0
 50
90.0
100
AcDbRotatedDimension
  0
DIMENSION
  5
6C1
330
17
100
AcDbEntity
  8
DIM
100
AcDbDimension
280
0
  2
*D35
  3
GB_DIM
 10
27978.63333721445
 20
-1467.1159667853162
 30
0.0
 11
27975.88333721445
 21
-1459.9194067853164
 31
0.0
 70
32
 71
5
  1
<>
100
AcDbAlignedDimension
 13
27995.73013721445
 23
-1467.1159667853162
 33
0.0
 14
27995.73013721445
 24
-1452.7228467853163
 34
0.0
 50
90.0
100
AcDbRotatedDimension
  0
DIMENSION
  5
6D0
330
17
100
AcDbEntity
  8
DIM
100
AcDbDimension
280
0
  2
*D36
  3
GB_DIM
 10
27978.63333721445
 20
-1452.7228467853163
 30
0.0
 11
27973.88333721445
 21
-1452.027046785316
 31
0.0
 70
32
 71
5
  1
<>
100
AcDbAlignedDimension
 13
27995.73013721445
 23
-1452.7228467853163
 33
0.0
 14
27995.73013721445
 24
-1451.3312467853161
 34
0.0
 50
90.0
100
AcDbRotatedDimension
  0
DIMENSION
  5
6DF
330
17
100
AcDbEntity
  8
DIM
100
AcDbDimension
280
0
  2
*D37
  3
GB_DIM
 10
27978.63333721445
 20
-1451.3312467853161
 30
0.0
 11
27973.88333721445
 21
-1451.231846785316
 31
0.0
 70
32
 71
5
  1
<>
100
AcDbAlignedDimension
 13
27995.73013721445
 23
-1451.3312467853161
 33
0.0
 14
27995.73013721445
 24
-1451.1324467853162
 34
0.0
 50
90.0
100
AcDbRotatedDimension
  0
DIMENSION
  5
6EE
330
17
100
AcDbEntity
  8
DIM
100
AcDbDimension
280
0
  2
*D38
  3
GB_DIM
 10
27978.63333721445
 20
-1451.1324467853162
 30
0.0
 11
27973.88333721445
 21
-1450.536046785316
 31
0.0
 70
32
 71
5
  1
<>
100
AcDbAlignedDimension
 13
27995.73013721445
 23
-1451.1324467853162
 33
0.0
 14
27995.73013721445
 24
-1449.9396467853162
 34
0.0
 50
90.0
100
AcDbRotatedDimension
  0
DIMENSION
  5
6FD
330
17
100
AcDbEntity
  8
DIM
100
AcDbDimension
280
0
  2
*D39
  3
GB_DIM
 10
27978.63333721445
 20
-1449.9396467853162
 30
0.0
 11
27973.88333721445
 21
-1448.945646785316
 31
0.0
 70
32
 71
5
  1
<>
100
AcDbAlignedDimension
 13
27995.73013721445
 23
-1449.9396467853162
 33
0.0
 14
27995.73013721445
 24
-1447.9516467853161
 34
0.0
 50
90.0
100
AcDbRotatedDimension
  0
DIMENSION
  5
70C
330
17
100
AcDbEntity
  8
DIM
100
AcDbDimension
280
0
  2
*D40
  3
GB_DIM
 10
28089.96133721445
 20
-1438.011646785316
 30
0.0
 11
28090.95533721445
 21
-1433.261646785316
 31
0.0
 70
32
 71
5
  1
<>
100
AcDbAlignedDimension
 13
28089.96133721445
 23
-1447.9516467853161
 33
0.0
 14
28091.94933721445
 24
-1447.9516467853161
 34
0.0
 50
0.0
100
AcDbRotatedDimension
  0
DIMENSION
  5
71B
330
17
100
AcDbEntity
  8
DIM
100
AcDbDimension
280
0
  2
*D41
  3
GB_DIM
 10
28101.88933721445
 20
-1501.3095667853163
 30
0.0
 11
28099.13933721445
 21
-1474.630606785316
 31
0.0
 70
32
 71
5
  1
<>
100
AcDbAlignedDimension
 13
28091.94933721445
 23
-1501.3095667853163
 33
0.0
 14
28091.94933721445
 24
-1447.9516467853161
 34
0.0
 50
90.0
100
AcDbRotatedDimension
  0
DIMENSION
  5
72A
330
17
100
AcDbEntity
  8
DIM
100
AcDbDimension
280
0
  2
*D42
  3
GB_DIM
 10
28089.96133721445
 20
-1430.854846785316
 30
0.0
 11
28090.95533721445
 21
-1426.104846785316
 31
0.0
 70
32
 71
5
  1
<>
100
AcDbAlignedDimension
 13
28089.96133721445
 23
-1447.9516467853161
 33
0.0
 14
28091.94933721445
 24
-1447.9516467853161
 34
0.0
 50
0.0
100
AcDbRotatedDimension
  0
DIMENSION
  5
739
330
17
100
AcDbEntity
  8
DIM
100
AcDbDimension
280
0
  2
*D43
  3
GB_DIM
 10
28109.04613721445
 20
-1449.9396467853162
 30
0.0
 11
28104.29613721445
 21
-1448.945646785316
 31
0.0
 70
32
 71
5
  1
<>
100
AcDbAlignedDimension
 13
28091.94933721445
 23
-1449.9396467853162
 33
0.0
 14
28091.94933721445
 24
-1447.9516467853161
 34
0.0
 50
90.0
100
AcDbRotatedDimension
  0
DIMENSION
  5
748
330
17
100
AcDbEntity
  8
DIM
100
AcDbDimension
280
0
  2
*D44
  3
GB_DIM
 10
28003.70161961445
 20
-1423.6980467853161
 30
0.0
 11
28047.825478414452
 21
-1420.9480467853161
 31
0.0
 70
32
 71
5
  1
<>
100
AcDbAlignedDimension
 13
28003.70161961445
 23
-1447.9516467853161
 33
0.0
 14
28091.94933721445
 24
-1447.9516467853161
 34
0.0
 50
0.0
100
AcDbRotatedDimension
  0
DIMENSION
  5
757
330
17
100
AcDbEntity
  8
DIM
100
AcDbDimension
280
0
  2
*D45
  3
GB_DIM
 10
28116.20293721445
 20
-1501.3095667853163
 30
0.0
 11
28113.45293721445
 21
-1474.630606785316
 31
0.0
 70
32
 71
5
  1
<>
100
AcDbAlignedDimension
 13
28091.94933721445
 23
-1501.3095667853163
 33
0.0
 14
28091.94933721445
 24
-1447.9516467853161
 34
0.0
 50
90.0
100
AcDbRotatedDimension
  0
DIMENSION
  5
766
330
17
100
AcDbEntity
  8
DIM
100
AcDbDimension
280
0
  2
*D46
  3
GB_DIM
 10
27997.71813721445
 20
-1416.5412467853162
 30
0.0
 11
28044.833737214452
 21
-1413.7912467853162
 31
0.0
 70
32
 71
5
  1
<>
100
AcDbAlignedDimension
 13
27997.71813721445
 23
-1447.9516467853161
 33
0.0
 14
28091.94933721445
 24
-1447.9516467853161
 34
0.0
 50
0.0
100
AcDbRotatedDimension
  0
DIMENSION
  5
775
330
17
100
AcDbEntity
  8
DIM
100
AcDbDimension
280
0
  2
*D47
  3
GB_DIM
 10
28123.35973721445
 20
-1495.3256867853163
 30
0.0
 11
28120.60973721445
 21
-1471.6386667853162
 31
0.0
 70
32
 71
5
  1
<>
100
AcDbAlignedDimension
 13
28091.94933721445
 23
-1495.3256867853163
 33
0.0
 14
28091.94933721445
 24
-1447.9516467853161
 34
0.0
 50
90.0
100
AcDbRotatedDimension
  0
DIMENSION
  5
784
330
17
100
AcDbEntity
  8
DIM
100
AcDbDimension
280
0
  2
*D48
  3
GB_DIM
 10
28070.08133721445
 20
-1451.3312467853161
 30
0.0
 11
28074.74569638588
 21
-1442.7778003173735
 31
0.0
 70
36
 71
5
  1
<>
100
AcDbRadialDimension
 15
28070.50305569875
 25
-1450.9095283010165
 35
0.0
  0
DIMENSION
  5
78F
330
17
100
AcDbEntity
  8
DIM
100
AcDbDimension
280
0
  2
*D49
  3
GB_DIM
 10
28000.89893721445
 20
-1496.1407667853161
 30
0.0
 11
28005.703869213965
 21
-1487.4467474892688
 31
0.0
 70
36
 71
5
  1
<>
100
AcDbRadialDimension
 15
28001.46122852685
 25
-1495.5784754729166
 35
0.0
  0
DIMENSION
  5
79A
330
17
100
AcDbEntity
  8
DIM
100
AcDbDimension
280
0
  2
*D50
  3
GB_DIM
 10
27997.71813721445
 20
-1495.3256867853163
 30
0.0
 11
28001.426205174987
 21
-1487.7285315282443
 31
0.0
 70
36
 71
5
  1
<>
100
AcDbRadialDimension
 15
27998.42100135495
 25
-1494.6228226448168
 35
0.0
  0
DIMENSION
  5
7A5
330
17
100
AcDbEntity
  8
DIM
100
AcDbDimension
280
0
  2
*D51
  3
GB_DIM
 10
28062.328137214452
 20
-1452.7228467853163
 30
0.0
 11
28068.651651737255
 21
-1442.5102449659983
 31
0.0
 70
36
 71
5
  1
<>
100
AcDbRadialDimension
 15
28063.171574183052
 25
-1451.879409816717
 35
0.0
  0
LEADER
  5
7B0
330
17
100
AcDbEntity
  8
LEADER
100
AcDbLeader
  3
EZDXF
 73
3
 76
3
 10
28091.94933721445
 20
-1553.2958467853161
 30
0.0
 10
28097.91333721445
 20
-1549.3198467853163
 30
0.0
 10
28105.07013721445
 20
-1549.3198467853163
 30
0.0
  0
TEXT
  5
7B1
330
17
100
AcDbEntity
  8
TEXT
100
AcDbText
 10
28107.07013721445
 20
-1547.3198467853163
 30
0.0
 40
1.3916
  1
t=31.9
  7
SimSun
100
AcDbText
  0
LEADER
  5
7B2
330
17
100
AcDbEntity
  8
LEADER
100
AcDbLeader
  3
EZDXF
 73
3
 76
3
 10
28040.26133721445
 20
-1475.3860467853162
 30
0.0
 10
28050.59893721445
 20
-1470.6148467853163
 30
0.0
 10
28057.75573721445
 20
-1470.6148467853163
 30
0.0
  0
TEXT
  5
7B3
330
17
100
AcDbEntity
  8
TEXT
100
AcDbText
 10
28059.75573721445
 20
-1468.6148467853163
 30
0.0
 40
1.3916
  1
%%C5 沉孔%%C10×90°
  7
SimSun
100
AcDbText
  0
LEADER
  5
7B4
330
17
100
AcDbEntity
  8
LEADER
100
AcDbLeader
  3
EZDXF
 73
3
 76
3
 10
28040.26133721445
 20
-1475.3860467853162
 30
0.0
 10
28060.93653721445
 20
-1465.8436467853162
 30
0.0
 10
28068.09333721445
 20
-1465.8436467853162
 30
0.0
  0
TEXT
  5
7B5
330
17
100
AcDbEntity
  8
TEXT
100
AcDbText
 10
28070.09333721445
 20
-1463.8436467853162
 30
0.0
 40
1.3916
  1
M4-6H 深10
  7
SimSun
100
AcDbText
  0
LEADER
  5
7B6
330
17
100
AcDbEntity
  8
LEADER
100
AcDbLeader
  3
EZDXF
 73
3
 76
3
 10
28040.26133721445
 20
-1543.654046785316
 30
0.0
 10
28050.59893721445
 20
-1538.8828467853161
 30
0.0
 10
28057.75573721445
 20
-1538.8828467853161
 30
0.0
  0
TEXT
  5
7B7
330
17
100
AcDbEntity
  8
TEXT
100
AcDbText
 10
28059.75573721445
 20
-1536.8828467853161
 30
0.0
 40
1.3916
  1
%%C4 通
  7
SimSun
100
AcDbText
  0
LEADER
  5
7B8
330
17
100
AcDbEntity
  8
LEADER
100
AcDbLeader
  3
EZDXF
 73
3
 76
3
 10
27981.13765721445
 20
-1544.131166785316
 30
0.0
 10
27991.47525721445
 20
-1539.3599667853161
 30
0.0
 10
27998.63205721445
 20
-1539.3599667853161
 30
0.0
  0
TEXT
  5
7B9
330
17
100
AcDbEntity
  8
TEXT
100
AcDbText
 10
28000.63205721445
 20
-1537.3599667853161
 30
0.0
 40
1.3916
  1
%%C4 通
  7
SimSun
100
AcDbText
  0
LEADER
  5
7BA
330
17
100
AcDbEntity
  8
LEADER
100
AcDbLeader
  3
EZDXF
 73
3
 76
3
 10
28040.26133721445
 20
-1543.654046785316
 30
0.0
 10
28060.93653721445
 20
-1534.1116467853162
 30
0.0
 10
28068.09333721445
 20
-1534.1116467853162
 30
0.0
  0
TEXT
  5
7BB
330
17
100
AcDbEntity
  8
TEXT
100
AcDbText
 10
28070.09333721445
 20
-1532.1116467853162
 30
0.0
 40
1.3916
  1
t2.5
  7
SimSun
100
AcDbText
  0
LEADER
  5
7BC
330
17
100
AcDbEntity
  8
LEADER
100
AcDbLeader
  3
EZDXF
 73
3
 76
3
 10
28040.26133721445
 20
-1543.654046785316
 30
0.0
 10
28060.93653721445
 20
-1534.1116467853162
 30
0.0
 10
28068.09333721445
 20
-1534.1116467853162
 30
0.0
  0
TEXT
  5
7BD
330
17
100
AcDbEntity
  8
TEXT
100
AcDbText
 10
28070.09333721445
 20
-1532.1116467853162
 30
0.0
 40
1.3916
  1
C0.5
  7
SimSun
100
AcDbText
  0
LEADER
  5
7BE
330
17
100
AcDbEntity
  8
LEADER
100
AcDbLeader
  3
EZDXF
 73
3
 76
3
 10
28040.26133721445
 20
-1543.654046785316
 30
0.0
 10
28060.93653721445
 20
-1534.1116467853162
 30
0.0
 10
28068.09333721445
 20
-1534.1116467853162
 30
0.0
  0
TEXT
  5
7BF
330
17
100
AcDbEntity
  8
TEXT
100
AcDbText
 10
28070.09333721445
 20
-1532.1116467853162
 30
0.0
 40
1.3916
  1
3-%%C4.0
  7
SimSun
100
AcDbText
  0
LEADER
  5
7C0
330
17
100
AcDbEntity
  8
LEADER
100
AcDbLeader
  3
EZDXF
 73
3
 76
3
 10
27981.13765721445
 20
-1544.131166785316
 30
0.0
 10
28001.81285721445
 20
-1534.5887667853162
 30
0.0
 10
28008.96965721445
 20
-1534.5887667853162
 30
0.0
  0
TEXT
  5
7C1
330
17
100
AcDbEntity
  8
TEXT
100
AcDbText
 10
28010.96965721445
 20
-1532.5887667853162
 30
0.0
 40
1.3916
  1
9-%%C4.0
  7
SimSun
100
AcDbText
  0
LEADER
  5
7C2
330
17
100
AcDbEntity
  8
LEADER
100
AcDbLeader
  3
EZDXF
 73
3
 76
3
 10
28040.26133721445
 20
-1475.3860467853162
 30
0.0
 10
28060.93653721445
 20
-1465.8436467853162
 30
0.0
 10
28068.09333721445
 20
-1465.8436467853162
 30
0.0
  0
TEXT
  5
7C3
330
17
100
AcDbEntity
  8
TEXT
100
AcDbText
 10
28070.09333721445
 20
-1463.8436467853162
 30
0.0
 40
1.3916
  1
6-%%C10.0x90%%D
  7
SimSun
100
AcDbText
  0
LEADER
  5
7C4
330
17
100
AcDbEntity
  8
LEADER
100
AcDbLeader
  3
EZDXF
 73
3
 76
3
 10
28040.26133721445
 20
-1475.3860467853162
 30
0.0
 10
28060.93653721445
 20
-1465.8436467853162
 30
0.0
 10
28068.09333721445
 20
-1465.8436467853162
 30
0.0
  0
TEXT
  5
7C5
330
17
100
AcDbEntity
  8
TEXT
100
AcDbText
 10
28070.09333721445
 20
-1463.8436467853162
 30
0.0
 40
1.3916
  1
3-%%C4.0x90%%D
  7
SimSun
100
AcDbText
  0
LEADER
  5
7C6
330
17
100
AcDbEntity
  8
LEADER
100
AcDbLeader
  3
EZDXF
 73
3
 76
3
 10
28040.26133721445
 20
-1475.3860467853162
 30
0.0
 10
28060.93653721445
 20
-1465.8436467853162
 30
0.0
 10
28068.09333721445
 20
-1465.8436467853162
 30
0.0
  0
TEXT
  5
7C7
330
17
100
AcDbEntity
  8
TEXT
100
AcDbText
 10
28070.09333721445
 20
-1463.8436467853162
 30
0.0
 40
1.3916
  1
4-%%C6.0x90%%D
  7
SimSun
100
AcDbText
  0
LEADER
  5
7C8
330
17
100
AcDbEntity
  8
LEADER
100
AcDbLeader
  3
EZDXF
 73
3
 76
3
 10
28040.26133721445
 20
-1475.3860467853162
 30
0.0
 10
28060.93653721445
 20
-1465.8436467853162
 30
0.0
 10
28068.09333721445
 20
-1465.8436467853162
 30
0.0
  0
TEXT
  5
7C9
330
17
100
AcDbEntity
  8
TEXT
100
AcDbText
 10
28070.09333721445
 20
-1463.8436467853162
 30
0.0
 40
1.3916
  1
2-%%C6.0
  7
SimSun
100
AcDbText
  0
LEADER
  5
7CA
330
17
100
AcDbEntity
  8
LEADER
100
AcDbLeader
  3
EZDXF
 73
3
 76
3
 10
28040.26133721445
 20
-1475.3860467853162
 30
0.0
 10
28060.93653721445
 20
-1465.8436467853162
 30
0.0
 10
28068.09333721445
 20
-1465.8436467853162
 30
0.0
  0
TEXT
  5
7CB
330
17
100
AcDbEntity
  8
TEXT
100
AcDbText
 10
28070.09333721445
 20
-1463.8436467853162
 30
0.0
 40
1.3916
  1
%%C6.3x90%%D
  7
SimSun
100
AcDbText
  0
LEADER
  5
7CC
330
17
100
AcDbEntity
  8
LEADER
100
AcDbLeader
  3
EZDXF
 73
3
 76
3
 10
28040.26133721445
 20
-1475.3860467853162
 30
0.0
 10
28060.93653721445
 20
-1465.8436467853162
 30
0.0
 10
28068.09333721445
 20
-1465.8436467853162
 30
0.0
  0
TEXT
  5
7CD
330
17
100
AcDbEntity
  8
TEXT
100
AcDbText
 10
28070.09333721445
 20
-1463.8436467853162
 30
0.0
 40
1.3916
  1
M4.0-6H
  7
SimSun
100
AcDbText
  0
TEXT
  5
7CE
330
17
100
AcDbEntity
  8
TECH
100
AcDbText
 10
27726.02813721445
 20
-1874.7645667853162
 30
0.0
 40
5.0
  1
技术要求
  7
SimSun
100
AcDbText
  0
MTEXT
  5
7CF
330
17
100
AcDbEntity
  8
TECH
100
AcDbMText
 10
27726.02813721445
 20
-1887.7645667853162
 30
0.0
 40
3.5
 71
1
  1
材料: AL5052, 板厚 t2.5\P未注尺寸公差按 GB/T 1804-m\P未注角度公差按 GB/T 1804-m\P折弯未注尺寸按 GB/T 1804-m\P焊缝按 GB/T 324\P去毛刺、锐边倒钝\P表面钝化处理\P展开尺寸含K因子补偿(K=0.35), 供参考, 以实际折弯调试为准
  7
SimSun
  0
TEXT
  5
7D0
330
17
100
AcDbEntity
  8
TEXT
100
AcDbText
 10
28553.76153889041
 20
-1459.020642177077
 30
0.0
 40
5.0
  1
其余
  7
SimSun
100
AcDbText
  0
LINE
  5
7D1
330
17
100
AcDbEntity
  8
TEXT
100
AcDbLine
 10
28575.76153889041
 20
-1463.020642177077
 30
0.0
 11
28579.76153889041
 21
-1460.620642177077
 31
0.0
  0
LINE
  5
7D2
330
17
100
AcDbEntity
  8
TEXT
100
AcDbLine
 10
28579.76153889041
 20
-1460.620642177077
 30
0.0
 11
28570.96153889041
 21
-1460.1406421770769
 31
0.0
  0
LINE
  5
7D3
330
17
100
AcDbEntity
  8
TEXT
100
AcDbLine
 10
28578.76153889041
 20
-1459.120642177077
 30
0.0
 11
28588.76153889041
 21
-1459.120642177077
 31
0.0
  0
TEXT
  5
7D4
330
17
100
AcDbEntity
  8
TEXT
100
AcDbText
 10
28580.76153889041
 20
-1458.120642177077
 30
0.0
 40
3.0
  1
Ra3.2
  7
SimSun
100
AcDbText
  0
TEXT
  5
7D5
330
17
100
AcDbEntity
  8
TEXT
100
AcDbText
 10
28591.76153889041
 20
-1459.620642177077
 30
0.0
 40
2.5
  1
折弯变形面
  7
SimSun
100
AcDbText
  0
TEXT
  5
7D6
330
17
100
AcDbEntity
  8
TEXT
100
AcDbText
 10
28591.76153889041
 20
-1463.120642177077
 30
0.0
 40
2.0
  1
[Section-A 折弯区]
  7
SimSun
100
AcDbText
  0
LINE
  5
7D7
330
17
100
AcDbEntity
  8
TEXT
100
AcDbLine
 10
28575.76153889041
 20
-1477.020642177077
 30
0.0
 11
28579.76153889041
 21
-1474.620642177077
 31
0.0
  0
LINE
  5
7D8
330
17
100
AcDbEntity
  8
TEXT
100
AcDbLine
 10
28579.76153889041
 20
-1474.620642177077
 30
0.0
 11
28570.96153889041
 21
-1474.1406421770769
 31
0.0
  0
LINE
  5
7D9
330
17
100
AcDbEntity
  8
TEXT
100
AcDbLine
 10
28578.76153889041
 20
-1473.120642177077
 30
0.0
 11
28588.76153889041
 21
-1473.120642177077
 31
0.0
  0
TEXT
  5
7DA
330
17
100
AcDbEntity
  8
TEXT
100
AcDbText
 10
28580.76153889041
 20
-1472.120642177077
 30
0.0
 40
3.0
  1
Ra6.3
  7
SimSun
100
AcDbText
  0
TEXT
  5
7DB
330
17
100
AcDbEntity
  8
TEXT
100
AcDbText
 10
28591.76153889041
 20
-1473.620642177077
 30
0.0
 40
2.5
  1
焊接面
  7
SimSun
100
AcDbText
  0
TEXT
  5
7DC
330
17
100
AcDbEntity
  8
TEXT
100
AcDbText
 10
28591.76153889041
 20
-1477.120642177077
 30
0.0
 40
2.0
  1
[焊缝标注旁]
  7
SimSun
100
AcDbText
  0
LINE
  5
7DD
330
17
100
AcDbEntity
  8
TEXT
100
AcDbLine
 10
28575.76153889041
 20
-1491.020642177077
 30
0.0
 11
28579.76153889041
 21
-1488.620642177077
 31
0.0
  0
LINE
  5
7DE
330
17
100
AcDbEntity
  8
TEXT
100
AcDbLine
 10
28579.76153889041
 20
-1488.620642177077
 30
0.0
 11
28570.96153889041
 21
-1488.1406421770769
 31
0.0
  0
LINE
  5
7DF
330
17
100
AcDbEntity
  8
TEXT
100
AcDbLine
 10
28578.76153889041
 20
-1487.120642177077
 30
0.0
 11
28588.76153889041
 21
-1487.120642177077
 31
0.0
  0
TEXT
  5
7E0
330
17
100
AcDbEntity
  8
TEXT
100
AcDbText
 10
28580.76153889041
 20
-1486.120642177077
 30
0.0
 40
3.0
  1
Ra6.3
  7
SimSun
100
AcDbText
  0
TEXT
  5
7E1
330
17
100
AcDbEntity
  8
TEXT
100
AcDbText
 10
28591.76153889041
 20
-1487.620642177077
 30
0.0
 40
2.5
  1
外形轮廓面
  7
SimSun
100
AcDbText
  0
TEXT
  5
7E2
330
17
100
AcDbEntity
  8
TEXT
100
AcDbText
 10
28591.76153889041
 20
-1491.120642177077
 30
0.0
 40
2.0
  1
[Front 外形边缘]
  7
SimSun
100
AcDbText
  0
LINE
  5
7E3
330
17
100
AcDbEntity
  8
TEXT
100
AcDbLine
 10
28575.76153889041
 20
-1505.020642177077
 30
0.0
 11
28579.76153889041
 21
-1502.620642177077
 31
0.0
  0
LINE
  5
7E4
330
17
100
AcDbEntity
  8
TEXT
100
AcDbLine
 10
28579.76153889041
 20
-1502.620642177077
 30
0.0
 11
28570.96153889041
 21
-1502.1406421770769
 31
0.0
  0
LINE
  5
7E5
330
17
100
AcDbEntity
  8
TEXT
100
AcDbLine
 10
28578.76153889041
 20
-1501.120642177077
 30
0.0
 11
28588.76153889041
 21
-1501.120642177077
 31
0.0
  0
TEXT
  5
7E6
330
17
100
AcDbEntity
  8
TEXT
100
AcDbText
 10
28580.76153889041
 20
-1500.120642177077
 30
0.0
 40
3.0
  1
Ra6.3
  7
SimSun
100
AcDbText
  0
TEXT
  5
7E7
330
17
100
AcDbEntity
  8
TEXT
100
AcDbText
 10
28591.76153889041
 20
-1501.620642177077
 30
0.0
 40
2.5
  1
孔壁(过孔/沉头孔)
  7
SimSun
100
AcDbText
  0
TEXT
  5
7E8
330
17
100
AcDbEntity
  8
TEXT
100
AcDbText
 10
28591.76153889041
 20
-1505.120642177077
 30
0.0
 40
2.0
  1
[Top 孔旁]
  7
SimSun
100
AcDbText
  0
LINE
  5
7E9
330
17
100
AcDbEntity
  8
TEXT
100
AcDbLine
 10
28575.76153889041
 20
-1519.020642177077
 30
0.0
 11
28579.76153889041
 21
-1516.620642177077
 31
0.0
  0
LINE
  5
7EA
330
17
100
AcDbEntity
  8
TEXT
100
AcDbLine
 10
28579.76153889041
 20
-1516.620642177077
 30
0.0
 11
28570.96153889041
 21
-1516.1406421770769
 31
0.0
  0
LINE
  5
7EB
330
17
100
AcDbEntity
  8
TEXT
100
AcDbLine
 10
28578.76153889041
 20
-1515.120642177077
 30
0.0
 11
28588.76153889041
 21
-1515.120642177077
 31
0.0
  0
TEXT
  5
7EC
330
17
100
AcDbEntity
  8
TEXT
100
AcDbText
 10
28580.76153889041
 20
-1514.120642177077
 30
0.0
 40
3.0
  1
Ra3.2
  7
SimSun
100
AcDbText
  0
TEXT
  5
7ED
330
17
100
AcDbEntity
  8
TEXT
100
AcDbText
 10
28591.76153889041
 20
-1515.620642177077
 30
0.0
 40
2.5
  1
螺纹孔
  7
SimSun
100
AcDbText
  0
TEXT
  5
7EE
330
17
100
AcDbEntity
  8
TEXT
100
AcDbText
 10
28591.76153889041
 20
-1519.120642177077
 30
0.0
 40
2.0
  1
[Detail-B 螺纹孔旁]
  7
SimSun
100
AcDbText
  0
TEXT
  5
7EF
330
17
100
AcDbEntity
  8
TEXT
100
AcDbText
 10
28345.76153889041
 20
-1459.020642177077
 30
0.0
 40
5.0
  1
形位公差 GB/T 1182
  7
SimSun
100
AcDbText
  0
TOLERANCE
  5
7F0
330
17
100
AcDbEntity
  8
DIM
100
AcDbFcf
  3
GB_DIM
 10
28455.76153889041
 20
-1463.020642177077
 30
0.0
  1
{\Fgdt;i}0.1 A
 11
1.0
 21
0.0
 31
0.0
  0
TEXT
  5
7F1
330
17
100
AcDbEntity
  8
TEXT
100
AcDbText
 10
28485.76153889041
 20
-1467.020642177077
 30
0.0
 40
2.5
  1
面: 折弯立面(相对底面)
  7
SimSun
100
AcDbText
  0
TEXT
  5
7F2
330
17
100
AcDbEntity
  8
TEXT
100
AcDbText
 10
28485.76153889041
 20
-1463.520642177077
 30
0.0
 40
2.5
  1
(垂直度)
  7
SimSun
100
AcDbText
  0
LINE
  5
7F3
330
17
100
AcDbEntity
  8
DIM
100
AcDbLine
 10
28440.76153889041
 20
-1465.020642177077
 30
0.0
 11
28443.76153889041
 21
-1465.020642177077
 31
0.0
  0
LINE
  5
7F4
330
17
100
AcDbEntity
  8
DIM
100
AcDbLine
 10
28440.76153889041
 20
-1465.020642177077
 30
0.0
 11
28442.26153889041
 21
-1468.020642177077
 31
0.0
  0
LINE
  5
7F5
330
17
100
AcDbEntity
  8
DIM
100
AcDbLine
 10
28443.76153889041
 20
-1465.020642177077
 30
0.0
 11
28442.26153889041
 21
-1468.020642177077
 31
0.0
  0
TEXT
  5
7F6
330
17
100
AcDbEntity
  8
DIM
100
AcDbText
 10
28444.76153889041
 20
-1468.020642177077
 30
0.0
 40
3.0
  1
A
  7
SimSun
100
AcDbText
  0
TOLERANCE
  5
7F7
330
17
100
AcDbEntity
  8
DIM
100
AcDbFcf
  3
GB_DIM
 10
28455.76153889041
 20
-1475.020642177077
 30
0.0
  1
{\Fgdt;f}0.15 A
 11
1.0
 21
0.0
 31
0.0
  0
TEXT
  5
7F8
330
17
100
AcDbEntity
  8
TEXT
100
AcDbText
 10
28485.76153889041
 20
-1479.020642177077
 30
0.0
 40
2.5
  1
面: 底面
  7
SimSun
100
AcDbText
  0
TEXT
  5
7F9
330
17
100
AcDbEntity
  8
TEXT
100
AcDbText
 10
28485.76153889041
 20
-1475.520642177077
 30
0.0
 40
2.5
  1
(平行度)
  7
SimSun
100
AcDbText
  0
TOLERANCE
  5
7FA
330
17
100
AcDbEntity
  8
DIM
100
AcDbFcf
  3
GB_DIM
 10
28455.76153889041
 20
-1487.020642177077
 30
0.0
  1
{\Fgdt;i}0.2 A|B
 11
1.0
 21
0.0
 31
0.0
  0
TEXT
  5
7FB
330
17
100
AcDbEntity
  8
TEXT
100
AcDbText
 10
28485.76153889041
 20
-1491.020642177077
 30
0.0
 40
2.5
  1
面: 螺纹孔F0018
  7
SimSun
100
AcDbText
  0
TEXT
  5
7FC
330
17
100
AcDbEntity
  8
TEXT
100
AcDbText
 10
28485.76153889041
 20
-1487.520642177077
 30
0.0
 40
2.5
  1
(位置度)
  7
SimSun
100
AcDbText
  0
LINE
  5
7FD
330
17
100
AcDbEntity
  8
DIM
100
AcDbLine
 10
28440.76153889041
 20
-1489.020642177077
 30
0.0
 11
28443.76153889041
 21
-1489.020642177077
 31
0.0
  0
LINE
  5
7FE
330
17
100
AcDbEntity
  8
DIM
100
AcDbLine
 10
28440.76153889041
 20
-1489.020642177077
 30
0.0
 11
28442.26153889041
 21
-1492.020642177077
 31
0.0
  0
LINE
  5
7FF
330
17
100
AcDbEntity
  8
DIM
100
AcDbLine
 10
28443.76153889041
 20
-1489.020642177077
 30
0.0
 11
28442.26153889041
 21
-1492.020642177077
 31
0.0
  0
TEXT
  5
800
330
17
100
AcDbEntity
  8
DIM
100
AcDbText
 10
28444.76153889041
 20
-1492.020642177077
 30
0.0
 40
3.0
  1
A|B
  7
SimSun
100
AcDbText
  0
LINE
  5
801
330
17
100
AcDbEntity
  8
SECTION
100
AcDbLine
 10
27995.73013721854
 20
-1543.654046785316
 30
0.0
 11
28091.949337218553
 21
-1543.654046785316
 31
0.0
  0
LINE
  5
802
330
17
100
AcDbEntity
  8
SECTION
100
AcDbLine
 10
28043.839737218546
 20
-1543.654046785316
 30
0.0
 11
28041.851737218545
 21
-1541.666046785316
 31
0.0
  0
LINE
  5
803
330
17
100
AcDbEntity
  8
SECTION
100
AcDbLine
 10
28043.839737218546
 20
-1543.654046785316
 30
0.0
 11
28045.827737218548
 21
-1541.666046785316
 31
0.0
  0
TEXT
  5
804
330
17
100
AcDbEntity
  8
TEXT
100
AcDbText
 10
27989.73013721854
 20
-1541.654046785316
 30
0.0
 40
1.988
  1
A
  7
SimSun
100
AcDbText
  0
TEXT
  5
805
330
17
100
AcDbEntity
  8
TEXT
100
AcDbText
 10
28093.949337218553
 20
-1541.654046785316
 30
0.0
 40
1.988
  1
A
  7
SimSun
100
AcDbText
  0
HATCH
  5
806
330
17
100
AcDbEntity
  8
SECTION
 62
7
100
AcDbHatch
 10
0.0
 20
0.0
 30
0.0
210
0.0
220
0.0
230
1.0
  2
ANSI31
 70
0
 71
0
 91
1
 92
3
 72
0
 73
1
 93
4
 10
27995.73013721854
 20
-1545.642046785316
 10
28091.949337218553
 20
-1545.642046785316
 10
28091.949337218553
 20
-1541.666046785316
 10
27995.73013721854
 20
-1541.666046785316
 97
0
 75
1
 76
1
 52
0.0
 41
0.7952
 77
0
 78
1
 53
45.0
 43
0.0
 44
0.0
 45
-1.7852749169
 46
1.7852749169
 79
0
 98
0
  0
TEXT
  5
807
330
17
100
AcDbEntity
  8
TEXT
100
AcDbText
 10
27995.73013721445
 20
-1508.2196467853162
 30
0.0
 40
5.0
  1
剖视图 A-A
  7
SimSun
100
AcDbText
  0
LINE
  5
808
330
17
100
AcDbEntity
  8
FRAME
100
AcDbLine
 10
27741.02813721445
 20
-1719.0985667853163
 30
0.0
 11
27857.24733721445
 21
-1719.0985667853163
 31
0.0
  0
LINE
  5
809
330
17
100
AcDbEntity
  8
FRAME
100
AcDbLine
 10
27741.02813721445
 20
-1643.7526467853163
 30
0.0
 11
27857.24733721445
 21
-1643.7526467853163
 31
0.0
  0
LINE
  5
80A
330
17
100
AcDbEntity
  8
FRAME
100
AcDbLine
 10
27741.02813721445
 20
-1719.0985667853163
 30
0.0
 11
27741.02813721445
 21
-1643.7526467853163
 31
0.0
  0
LINE
  5
80B
330
17
100
AcDbEntity
  8
FRAME
100
AcDbLine
 10
27857.24733721445
 20
-1719.0985667853163
 30
0.0
 11
27857.24733721445
 21
-1643.7526467853163
 31
0.0
  0
LINE
  5
80C
330
17
100
AcDbEntity
  8
OUTLINE
100
AcDbLine
 10
27752.31318041445
 20
-1701.8296435853163
 30
0.0
 11
27758.29706041445
 21
-1707.8131259853162
 31
0.0
  0
LINE
  5
80D
330
17
100
AcDbEntity
  8
OUTLINE
100
AcDbLine
 10
27752.032077214448
 20
-1702.1107467853162
 30
0.0
 11
27758.015957214448
 21
-1708.0942291853162
 31
0.0
  0
LINE
  5
80E
330
17
100
AcDbEntity
  8
OUTLINE
100
AcDbLine
 10
27799.734137214447
 20
-1708.1045667853164
 30
0.0
 11
27799.734137214447
 21
-1654.7466467853162
 31
0.0
  0
LINE
  5
80F
330
17
100
AcDbEntity
  8
OUTLINE
100
AcDbLine
 10
27758.99961961445
 20
-1708.1045667853164
 30
0.0
 11
27804.30653721445
 21
-1708.1045667853164
 31
0.0
  0
LINE
  5
810
330
17
100
AcDbEntity
  8
OUTLINE
100
AcDbLine
 10
27804.30653721445
 20
-1708.5021667853164
 30
0.0
 11
27804.30653721445
 21
-1708.1045667853164
 31
0.0
  0
LINE
  5
811
330
17
100
AcDbEntity
  8
OUTLINE
100
AcDbLine
 10
27758.99961961445
 20
-1708.5021667853164
 30
0.0
 11
27804.30653721445
 21
-1708.5021667853164
 31
0.0
  0
LINE
  5
812
330
17
100
AcDbEntity
  8
OUTLINE
100
AcDbLine
 10
27804.30653721445
 20
-1704.4064891853163
 30
0.0
 11
27804.30653721445
 21
-1708.1045667853164
 31
0.0
  0
LINE
  5
813
330
17
100
AcDbEntity
  8
OUTLINE
100
AcDbLine
 10
27804.30653721445
 20
-1709.0985667853163
 30
0.0
 11
27804.30653721445
 21
-1708.5021667853164
 31
0.0
  0
LINE
  5
814
330
17
100
AcDbEntity
  8
OUTLINE
100
AcDbLine
 10
27837.30733721445
 20
-1704.4064891853163
 30
0.0
 11
27837.30733721445
 21
-1708.1045667853164
 31
0.0
  0
LINE
  5
815
330
17
100
AcDbEntity
  8
OUTLINE
100
AcDbLine
 10
27837.30733721445
 20
-1704.4064891853163
 30
0.0
 11
27804.30653721445
 21
-1704.4064891853163
 31
0.0
  0
LINE
  5
816
330
17
100
AcDbEntity
  8
OUTLINE
100
AcDbLine
 10
27820.01173721445
 20
-1654.7466467853162
 30
0.0
 11
27820.01173721445
 21
-1655.5418467853162
 31
0.0
  0
LINE
  5
817
330
17
100
AcDbEntity
  8
OUTLINE
100
AcDbLine
 10
27821.60213721445
 20
-1655.5418467853162
 30
0.0
 11
27820.01173721445
 21
-1655.5418467853162
 31
0.0
  0
LINE
  5
818
330
17
100
AcDbEntity
  8
OUTLINE
100
AcDbLine
 10
27821.60213721445
 20
-1654.7466467853162
 30
0.0
 11
27821.60213721445
 21
-1655.5418467853162
 31
0.0
  0
LINE
  5
819
330
17
100
AcDbEntity
  8
OUTLINE
100
AcDbLine
 10
27829.15653721445
 20
-1654.7466467853162
 30
0.0
 11
27829.15653721445
 21
-1655.5418467853162
 31
0.0
  0
LINE
  5
81A
330
17
100
AcDbEntity
  8
OUTLINE
100
AcDbLine
 10
27830.746937214448
 20
-1655.5418467853162
 30
0.0
 11
27829.15653721445
 21
-1655.5418467853162
 31
0.0
  0
LINE
  5
81B
330
17
100
AcDbEntity
  8
OUTLINE
100
AcDbLine
 10
27830.746937214448
 20
-1654.7466467853162
 30
0.0
 11
27830.746937214448
 21
-1655.5418467853162
 31
0.0
  0
LINE
  5
81C
330
17
100
AcDbEntity
  8
OUTLINE
100
AcDbLine
 10
27845.259337214447
 20
-1654.7466467853162
 30
0.0
 11
27769.71533721445
 21
-1654.7466467853162
 31
0.0
  0
LINE
  5
81D
330
17
100
AcDbEntity
  8
OUTLINE
100
AcDbLine
 10
27769.71533721445
 20
-1653.7526467853163
 30
0.0
 11
27845.259337214447
 21
-1653.7526467853163
 31
0.0
  0
LINE
  5
81E
330
17
100
AcDbEntity
  8
OUTLINE
100
AcDbLine
 10
27758.99961961445
 20
-1709.0985667853163
 30
0.0
 11
27804.30653721445
 21
-1709.0985667853163
 31
0.0
  0
LINE
  5
81F
330
17
100
AcDbEntity
  8
OUTLINE
100
AcDbLine
 10
27757.59410361445
 20
-1708.5160827853163
 30
0.0
 11
27751.61022361445
 21
-1702.5326003853163
 31
0.0
  0
LINE
  5
820
330
17
100
AcDbEntity
  8
OUTLINE
100
AcDbLine
 10
27751.02813721445
 20
-1701.1266867853162
 30
0.0
 11
27751.02813721445
 21
-1675.8989667853164
 31
0.0
  0
LINE
  5
821
330
17
100
AcDbEntity
  8
OUTLINE
100
AcDbLine
 10
27753.01613721445
 20
-1673.9109667853163
 30
0.0
 11
27766.73333721445
 21
-1673.9109667853163
 31
0.0
  0
LINE
  5
822
330
17
100
AcDbEntity
  8
OUTLINE
100
AcDbLine
 10
27767.72733721445
 20
-1672.9169667853162
 30
0.0
 11
27767.72733721445
 21
-1655.7406467853164
 31
0.0
  0
LINE
  5
823
330
17
100
AcDbEntity
  8
OUTLINE
100
AcDbLine
 10
27847.24733721445
 20
-1707.1105667853162
 30
0.0
 11
27847.24733721445
 21
-1655.7406467853164
 31
0.0
  0
LINE
  5
824
330
17
100
AcDbEntity
  8
OUTLINE
100
AcDbLine
 10
27837.30733721445
 20
-1709.0985667853163
 30
0.0
 11
27845.259337214447
 21
-1709.0985667853163
 31
0.0
  0
LINE
  5
825
330
17
100
AcDbEntity
  8
OUTLINE
100
AcDbLine
 10
27837.30733721445
 20
-1708.5021667853164
 30
0.0
 11
27837.30733721445
 21
-1709.0985667853163
 31
0.0
  0
LINE
  5
826
330
17
100
AcDbEntity
  8
OUTLINE
100
AcDbLine
 10
27837.30733721445
 20
-1708.5021667853164
 30
0.0
 11
27845.259337214447
 21
-1708.5021667853164
 31
0.0
  0
LINE
  5
827
330
17
100
AcDbEntity
  8
OUTLINE
100
AcDbLine
 10
27846.65093721445
 20
-1707.1105667853162
 30
0.0
 11
27846.65093721445
 21
-1655.7406467853164
 31
0.0
  0
LINE
  5
828
330
17
100
AcDbEntity
  8
OUTLINE
100
AcDbLine
 10
27845.259337214447
 20
-1654.3490467853162
 30
0.0
 11
27769.71533721445
 21
-1654.3490467853162
 31
0.0
  0
LINE
  5
829
330
17
100
AcDbEntity
  8
OUTLINE
100
AcDbLine
 10
27768.32373721445
 20
-1655.7406467853164
 30
0.0
 11
27768.32373721445
 21
-1672.9169667853162
 31
0.0
  0
LINE
  5
82A
330
17
100
AcDbEntity
  8
OUTLINE
100
AcDbLine
 10
27766.73333721445
 20
-1674.5073667853162
 30
0.0
 11
27753.01613721445
 21
-1674.5073667853162
 31
0.0
  0
LINE
  5
82B
330
17
100
AcDbEntity
  8
OUTLINE
100
AcDbLine
 10
27751.624537214448
 20
-1675.8989667853164
 30
0.0
 11
27751.624537214448
 21
-1701.1266867853162
 31
0.0
  0
LINE
  5
82C
330
17
100
AcDbEntity
  8
OUTLINE
100
AcDbLine
 10
27752.022137214448
 20
-1675.8989667853164
 30
0.0
 11
27752.022137214448
 21
-1701.1266867853162
 31
0.0
  0
LINE
  5
82D
330
17
100
AcDbEntity
  8
OUTLINE
100
AcDbLine
 10
27766.73333721445
 20
-1674.9049667853162
 30
0.0
 11
27753.01613721445
 21
-1674.9049667853162
 31
0.0
  0
LINE
  5
82E
330
17
100
AcDbEntity
  8
OUTLINE
100
AcDbLine
 10
27768.72133721445
 20
-1655.7406467853164
 30
0.0
 11
27768.72133721445
 21
-1672.9169667853162
 31
0.0
  0
LINE
  5
82F
330
17
100
AcDbEntity
  8
OUTLINE
100
AcDbLine
 10
27846.25333721445
 20
-1707.1105667853162
 30
0.0
 11
27846.25333721445
 21
-1655.7406467853164
 31
0.0
  0
LINE
  5
830
330
17
100
AcDbEntity
  8
OUTLINE
100
AcDbLine
 10
27837.30733721445
 20
-1708.1045667853164
 30
0.0
 11
27845.259337214447
 21
-1708.1045667853164
 31
0.0
  0
LINE
  5
831
330
17
100
AcDbEntity
  8
OUTLINE
100
AcDbLine
 10
27837.30733721445
 20
-1708.1045667853164
 30
0.0
 11
27837.30733721445
 21
-1708.5021667853164
 31
0.0
  0
LINE
  5
832
330
17
100
AcDbEntity
  8
OUTLINE
100
AcDbLine
 10
27758.015957214448
 20
-1708.0942291853162
 30
0.0
 11
27758.29706041445
 21
-1707.8131259853162
 31
0.0
  0
LINE
  5
833
330
17
100
AcDbEntity
  8
OUTLINE
100
AcDbLine
 10
27752.31318041445
 20
-1701.8296435853163
 30
0.0
 11
27752.032077214448
 21
-1702.1107467853162
 31
0.0
  0
LINE
  5
834
330
17
100
AcDbEntity
  8
OUTLINE
100
AcDbLine
 10
27758.99961961445
 20
-1708.1045667853164
 30
0.0
 11
27758.99961961445
 21
-1708.5021667853164
 31
0.0
  0
LINE
  5
835
330
17
100
AcDbEntity
  8
OUTLINE
100
AcDbLine
 10
27751.624537214448
 20
-1701.1266867853162
 30
0.0
 11
27752.022137214448
 21
-1701.1266867853162
 31
0.0
  0
LINE
  5
836
330
17
100
AcDbEntity
  8
OUTLINE
100
AcDbLine
 10
27752.022137214448
 20
-1675.8989667853164
 30
0.0
 11
27751.624537214448
 21
-1675.8989667853164
 31
0.0
  0
LINE
  5
837
330
17
100
AcDbEntity
  8
OUTLINE
100
AcDbLine
 10
27753.01613721445
 20
-1674.5073667853162
 30
0.0
 11
27753.01613721445
 21
-1674.9049667853162
 31
0.0
  0
LINE
  5
838
330
17
100
AcDbEntity
  8
OUTLINE
100
AcDbLine
 10
27766.73333721445
 20
-1674.9049667853162
 30
0.0
 11
27766.73333721445
 21
-1674.5073667853162
 31
0.0
  0
LINE
  5
839
330
17
100
AcDbEntity
  8
OUTLINE
100
AcDbLine
 10
27768.32373721445
 20
-1672.9169667853162
 30
0.0
 11
27768.72133721445
 21
-1672.9169667853162
 31
0.0
  0
LINE
  5
83A
330
17
100
AcDbEntity
  8
OUTLINE
100
AcDbLine
 10
27768.72133721445
 20
-1655.7406467853164
 30
0.0
 11
27768.32373721445
 21
-1655.7406467853164
 31
0.0
  0
LINE
  5
83B
330
17
100
AcDbEntity
  8
OUTLINE
100
AcDbLine
 10
27769.71533721445
 20
-1654.3490467853162
 30
0.0
 11
27769.71533721445
 21
-1654.7466467853162
 31
0.0
  0
LINE
  5
83C
330
17
100
AcDbEntity
  8
OUTLINE
100
AcDbLine
 10
27845.259337214447
 20
-1654.7466467853162
 30
0.0
 11
27845.259337214447
 21
-1654.3490467853162
 31
0.0
  0
LINE
  5
83D
330
17
100
AcDbEntity
  8
OUTLINE
100
AcDbLine
 10
27846.65093721445
 20
-1655.7406467853164
 30
0.0
 11
27846.25333721445
 21
-1655.7406467853164
 31
0.0
  0
LINE
  5
83E
330
17
100
AcDbEntity
  8
OUTLINE
100
AcDbLine
 10
27846.25333721445
 20
-1707.1105667853162
 30
0.0
 11
27846.65093721445
 21
-1707.1105667853162
 31
0.0
  0
LINE
  5
83F
330
17
100
AcDbEntity
  8
OUTLINE
100
AcDbLine
 10
27845.259337214447
 20
-1708.5021667853164
 30
0.0
 11
27845.259337214447
 21
-1708.1045667853164
 31
0.0
  0
CIRCLE
  5
840
330
17
100
AcDbEntity
  8
HOLE
100
AcDbCircle
 10
27753.01613721445
 20
-1701.1266867853162
 30
0.0
 40
0.994
  0
CIRCLE
  5
841
330
17
100
AcDbEntity
  8
HOLE
100
AcDbCircle
 10
27802.11973721445
 20
-1706.2756067853163
 30
0.0
 40
0.7952
  0
CIRCLE
  5
842
330
17
100
AcDbEntity
  8
HOLE
100
AcDbCircle
 10
27820.80693721445
 20
-1702.2395691853162
 30
0.0
 40
0.7952
  0
CIRCLE
  5
843
330
17
100
AcDbEntity
  8
HOLE
100
AcDbCircle
 10
27839.49413721445
 20
-1706.2756067853163
 30
0.0
 40
0.7952
  0
CIRCLE
  5
844
330
17
100
AcDbEntity
  8
HOLE
100
AcDbCircle
 10
27806.493337214448
 20
-1656.9334467853164
 30
0.0
 40
1.1928
  0
CIRCLE
  5
845
330
17
100
AcDbEntity
  8
HOLE
100
AcDbCircle
 10
27806.493337214448
 20
-1656.9334467853164
 30
0.0
 40
0.994
  0
CIRCLE
  5
846
330
17
100
AcDbEntity
  8
HOLE
100
AcDbCircle
 10
27806.493337214448
 20
-1656.9334467853164
 30
0.0
 40
0.7952
  0
CIRCLE
  5
847
330
17
100
AcDbEntity
  8
HOLE
100
AcDbCircle
 10
27836.313337214448
 20
-1656.9334467853164
 30
0.0
 40
1.1928
  0
CIRCLE
  5
848
330
17
100
AcDbEntity
  8
HOLE
100
AcDbCircle
 10
27836.313337214448
 20
-1656.9334467853164
 30
0.0
 40
0.994
  0
CIRCLE
  5
849
330
17
100
AcDbEntity
  8
HOLE
100
AcDbCircle
 10
27836.313337214448
 20
-1656.9334467853164
 30
0.0
 40
0.7952
  0
CIRCLE
  5
84A
330
17
100
AcDbEntity
  8
HOLE
100
AcDbCircle
 10
27836.313337214448
 20
-1695.8982467853164
 30
0.0
 40
1.1928
  0
CIRCLE
  5
84B
330
17
100
AcDbEntity
  8
HOLE
100
AcDbCircle
 10
27836.313337214448
 20
-1695.8982467853164
 30
0.0
 40
0.994
  0
CIRCLE
  5
84C
330
17
100
AcDbEntity
  8
HOLE
100
AcDbCircle
 10
27836.313337214448
 20
-1695.8982467853164
 30
0.0
 40
0.7952
  0
CIRCLE
  5
84D
330
17
100
AcDbEntity
  8
HOLE
100
AcDbCircle
 10
27806.493337214448
 20
-1695.8982467853164
 30
0.0
 40
1.1928
  0
CIRCLE
  5
84E
330
17
100
AcDbEntity
  8
HOLE
100
AcDbCircle
 10
27806.493337214448
 20
-1695.8982467853164
 30
0.0
 40
0.994
  0
CIRCLE
  5
84F
330
17
100
AcDbEntity
  8
HOLE
100
AcDbCircle
 10
27806.493337214448
 20
-1695.8982467853164
 30
0.0
 40
0.7952
  0
CIRCLE
  5
850
330
17
100
AcDbEntity
  8
HOLE
100
AcDbCircle
 10
27842.277337214447
 20
-1695.8982467853164
 30
0.0
 40
1.5904
  0
CIRCLE
  5
851
330
17
100
AcDbEntity
  8
HOLE
100
AcDbCircle
 10
27842.277337214447
 20
-1695.8982467853164
 30
0.0
 40
0.7952
  0
CIRCLE
  5
852
330
17
100
AcDbEntity
  8
HOLE
100
AcDbCircle
 10
27825.37933721445
 20
-1657.1322467853163
 30
0.0
 40
1.1331600000000002
  0
CIRCLE
  5
853
330
17
100
AcDbEntity
  8
HOLE
100
AcDbCircle
 10
27825.37933721445
 20
-1657.1322467853163
 30
0.0
 40
0.5964
  0
CIRCLE
  5
854
330
17
100
AcDbEntity
  8
HOLE
100
AcDbCircle
 10
27825.37933721445
 20
-1657.1322467853163
 30
0.0
 40
1.25244
  0
CIRCLE
  5
855
330
17
100
AcDbEntity
  8
HOLE
100
AcDbCircle
 10
27756.19693721445
 20
-1701.9417667853163
 30
0.0
 40
1.5904
  0
CIRCLE
  5
856
330
17
100
AcDbEntity
  8
HOLE
100
AcDbCircle
 10
27756.19693721445
 20
-1701.9417667853163
 30
0.0
 40
0.7952
  0
ARC
  5
857
330
17
100
AcDbEntity
  8
OUTLINE
100
AcDbCircle
 10
27758.99961961445
 20
-1707.1105667853162
 30
0.0
 40
0.994
100
AcDbArc
 50
-134.99974273092943
 51
-90.00021045914971
  0
ARC
  5
858
330
17
100
AcDbEntity
  8
OUTLINE
100
AcDbCircle
 10
27758.99961961445
 20
-1707.1105667853162
 30
0.0
 40
1.3916
100
AcDbArc
 50
-134.99974273092943
 51
-90.00021045914971
  0
ARC
  5
859
330
17
100
AcDbEntity
  8
OUTLINE
100
AcDbCircle
 10
27845.259337214447
 20
-1655.7406467853164
 30
0.0
 40
1.988
100
AcDbArc
 50
0.0
 51
90.00021045914971
  0
ARC
  5
85A
330
17
100
AcDbEntity
  8
OUTLINE
100
AcDbCircle
 10
27758.99961961445
 20
-1707.1105667853162
 30
0.0
 40
1.988
100
AcDbArc
 50
-134.99974273092943
 51
-90.00021045914971
  0
ARC
  5
85B
330
17
100
AcDbEntity
  8
OUTLINE
100
AcDbCircle
 10
27753.01613721445
 20
-1701.1266867853162
 30
0.0
 40
1.988
100
AcDbArc
 50
179.9998479605043
 51
224.99995319007914
  0
ARC
  5
85C
330
17
100
AcDbEntity
  8
OUTLINE
100
AcDbCircle
 10
27753.01613721445
 20
-1675.8989667853164
 30
0.0
 40
1.988
100
AcDbArc
 50
90.00021045914971
 51
179.9998479605043
  0
ARC
  5
85D
330
17
100
AcDbEntity
  8
OUTLINE
100
AcDbCircle
 10
27766.73333721445
 20
-1672.9169667853162
 30
0.0
 40
0.994
100
AcDbArc
 50
-90.00021045914971
 51
0.0
  0
ARC
  5
85E
330
17
100
AcDbEntity
  8
OUTLINE
100
AcDbCircle
 10
27769.71533721445
 20
-1655.7406467853164
 30
0.0
 40
1.988
100
AcDbArc
 50
90.00021045914971
 51
179.9998479605043
  0
ARC
  5
85F
330
17
100
AcDbEntity
  8
OUTLINE
100
AcDbCircle
 10
27845.259337214447
 20
-1707.1105667853162
 30
0.0
 40
1.988
100
AcDbArc
 50
-90.00021045914971
 51
0.0
  0
ARC
  5
860
330
17
100
AcDbEntity
  8
OUTLINE
100
AcDbCircle
 10
27845.259337214447
 20
-1707.1105667853162
 30
0.0
 40
1.3916
100
AcDbArc
 50
-90.00021045914971
 51
-0.0
  0
ARC
  5
861
330
17
100
AcDbEntity
  8
OUTLINE
100
AcDbCircle
 10
27845.259337214447
 20
-1655.7406467853164
 30
0.0
 40
1.3916
100
AcDbArc
 50
0.0
 51
90.00021045914971
  0
ARC
  5
862
330
17
100
AcDbEntity
  8
OUTLINE
100
AcDbCircle
 10
27769.71533721445
 20
-1655.7406467853164
 30
0.0
 40
1.3916
100
AcDbArc
 50
90.00021045914971
 51
179.9998479605043
  0
ARC
  5
863
330
17
100
AcDbEntity
  8
OUTLINE
100
AcDbCircle
 10
27766.73333721445
 20
-1672.9169667853162
 30
0.0
 40
1.5904
100
AcDbArc
 50
-90.00021045914971
 51
-0.0
  0
ARC
  5
864
330
17
100
AcDbEntity
  8
OUTLINE
100
AcDbCircle
 10
27753.01613721445
 20
-1675.8989667853164
 30
0.0
 40
1.3916
100
AcDbArc
 50
90.00021045914971
 51
179.9998479605043
  0
ARC
  5
865
330
17
100
AcDbEntity
  8
OUTLINE
100
AcDbCircle
 10
27753.01613721445
 20
-1701.1266867853162
 30
0.0
 40
1.3916
100
AcDbArc
 50
-179.9998479605043
 51
-134.99974273092943
  0
ARC
  5
866
330
17
100
AcDbEntity
  8
OUTLINE
100
AcDbCircle
 10
27753.01613721445
 20
-1701.1266867853162
 30
0.0
 40
0.994
100
AcDbArc
 50
-179.9998479605043
 51
-134.99974273092943
  0
ARC
  5
867
330
17
100
AcDbEntity
  8
OUTLINE
100
AcDbCircle
 10
27753.01613721445
 20
-1675.8989667853164
 30
0.0
 40
0.994
100
AcDbArc
 50
90.00021045914971
 51
179.9998479605043
  0
ARC
  5
868
330
17
100
AcDbEntity
  8
OUTLINE
100
AcDbCircle
 10
27766.73333721445
 20
-1672.9169667853162
 30
0.0
 40
1.988
100
AcDbArc
 50
-90.00021045914971
 51
0.0
  0
ARC
  5
869
330
17
100
AcDbEntity
  8
OUTLINE
100
AcDbCircle
 10
27769.71533721445
 20
-1655.7406467853164
 30
0.0
 40
0.994
100
AcDbArc
 50
90.00021045914971
 51
179.9998479605043
  0
ARC
  5
86A
330
17
100
AcDbEntity
  8
OUTLINE
100
AcDbCircle
 10
27845.259337214447
 20
-1655.7406467853164
 30
0.0
 40
0.994
100
AcDbArc
 50
0.0
 51
90.00021045914971
  0
ARC
  5
86B
330
17
100
AcDbEntity
  8
OUTLINE
100
AcDbCircle
 10
27845.259337214447
 20
-1707.1105667853162
 30
0.0
 40
0.994
100
AcDbArc
 50
-90.00021045914971
 51
-0.0
  0
HATCH
  5
86C
330
17
100
AcDbEntity
  8
SECTION
 62
7
100
AcDbHatch
 10
0.0
 20
0.0
 30
0.0
210
0.0
220
0.0
230
1.0
  2
ANSI31
 70
0
 71
0
 91
1
 92
3
 72
0
 73
1
 93
4
 10
27751.02813721445
 20
-1709.0985667853163
 10
27847.24733721445
 20
-1709.0985667853163
 10
27847.24733721445
 20
-1681.4256067853162
 10
27751.02813721445
 20
-1681.4256067853162
 97
0
 75
1
 76
1
 52
0.0
 41
0.7952
 77
0
 78
1
 53
45.0
 43
0.0
 44
0.0
 45
-1.7852749169
 46
1.7852749169
 79
0
 98
0
  0
TEXT
  5
86D
330
17
100
AcDbEntity
  8
TEXT
100
AcDbText
 10
27741.02813721445
 20
-1721.0985667853163
 30
0.0
 40
7.0
  1
剖面 A-A
  7
SimSun
100
AcDbText
  0
TEXT
  5
86E
330
17
100
AcDbEntity
  8
TEXT
100
AcDbText
 10
27771.02813721445
 20
-1721.0985667853163
 30
0.0
 40
2.5
  1
(Front 剖切)
  7
SimSun
100
AcDbText
  0
LINE
  5
86F
330
17
100
AcDbEntity
  8
FRAME
100
AcDbLine
 10
27851.02813721445
 20
-1719.0985667853163
 30
0.0
 11
27981.02813721445
 21
-1719.0985667853163
 31
0.0
  0
LINE
  5
870
330
17
100
AcDbEntity
  8
FRAME
100
AcDbLine
 10
27851.02813721445
 20
-1629.0985667853163
 30
0.0
 11
27981.02813721445
 21
-1629.0985667853163
 31
0.0
  0
LINE
  5
871
330
17
100
AcDbEntity
  8
FRAME
100
AcDbLine
 10
27851.02813721445
 20
-1719.0985667853163
 30
0.0
 11
27851.02813721445
 21
-1629.0985667853163
 31
0.0
  0
LINE
  5
872
330
17
100
AcDbEntity
  8
FRAME
100
AcDbLine
 10
27981.02813721445
 20
-1719.0985667853163
 30
0.0
 11
27981.02813721445
 21
-1629.0985667853163
 31
0.0
  0
TEXT
  5
873
330
17
100
AcDbEntity
  8
TEXT
100
AcDbText
 10
27856.02813721445
 20
-1641.0985667853163
 30
0.0
 40
7.0
  1
展开图
  7
SimSun
100
AcDbText
  0
TEXT
  5
874
330
17
100
AcDbEntity
  8
TEXT
100
AcDbText
 10
27856.02813721445
 20
-1651.0985667853163
 30
0.0
 40
5.0
  1
用途: 标注展开长度 + 孔位展开坐标
  7
SimSun
100
AcDbText
  0
LWPOLYLINE
  5
875
330
17
100
AcDbEntity
  8
OUTLINE
100
AcDbPolyline
 90
4
 70
1
 10
27881.069758847556
 20
-1701.5985667853163
 10
27950.98651558134
 20
-1701.5985667853163
 10
27950.98651558134
 20
-1656.5985667853163
 10
27881.069758847556
 20
-1656.5985667853163
  0
LINE
  5
876
330
17
100
AcDbEntity
  8
CENTER
100
AcDbLine
 10
27889.80935343928
 20
-1701.5985667853163
 30
0.0
 11
27889.80935343928
 21
-1656.5985667853163
 31
0.0
  0
TEXT
  5
877
330
17
100
AcDbEntity
  8
DIM
100
AcDbText
 10
27890.80935343928
 20
-1654.5985667853163
 30
0.0
 40
2.5
  1
折弯 R5.0 90°
  7
SimSun
100
AcDbText
  0
LINE
  5
878
330
17
100
AcDbEntity
  8
CENTER
100
AcDbLine
 10
27898.548948031003
 20
-1701.5985667853163
 30
0.0
 11
27898.548948031003
 21
-1656.5985667853163
 31
0.0
  0
TEXT
  5
879
330
17
100
AcDbEntity
  8
DIM
100
AcDbText
 10
27899.548948031003
 20
-1654.5985667853163
 30
0.0
 40
2.5
  1
折弯 R5.0 90°
  7
SimSun
100
AcDbText
  0
LINE
  5
87A
330
17
100
AcDbEntity
  8
CENTER
100
AcDbLine
 10
27907.288542622726
 20
-1701.5985667853163
 30
0.0
 11
27907.288542622726
 21
-1656.5985667853163
 31
0.0
  0
TEXT
  5
87B
330
17
100
AcDbEntity
  8
DIM
100
AcDbText
 10
27908.288542622726
 20
-1654.5985667853163
 30
0.0
 40
2.5
  1
折弯 R5.0 90°
  7
SimSun
100
AcDbText
  0
LINE
  5
87C
330
17
100
AcDbEntity
  8
CENTER
100
AcDbLine
 10
27916.02813721445
 20
-1701.5985667853163
 30
0.0
 11
27916.02813721445
 21
-1656.5985667853163
 31
0.0
  0
TEXT
  5
87D
330
17
100
AcDbEntity
  8
DIM
100
AcDbText
 10
27917.02813721445
 20
-1654.5985667853163
 30
0.0
 40
2.5
  1
折弯 R5.0 45°
  7
SimSun
100
AcDbText
  0
LINE
  5
87E
330
17
100
AcDbEntity
  8
CENTER
100
AcDbLine
 10
27924.767731806172
 20
-1701.5985667853163
 30
0.0
 11
27924.767731806172
 21
-1656.5985667853163
 31
0.0
  0
TEXT
  5
87F
330
17
100
AcDbEntity
  8
DIM
100
AcDbText
 10
27925.767731806172
 20
-1654.5985667853163
 30
0.0
 40
2.5
  1
折弯 R5.0 45°
  7
SimSun
100
AcDbText
  0
LINE
  5
880
330
17
100
AcDbEntity
  8
CENTER
100
AcDbLine
 10
27933.507326397896
 20
-1701.5985667853163
 30
0.0
 11
27933.507326397896
 21
-1656.5985667853163
 31
0.0
  0
TEXT
  5
881
330
17
100
AcDbEntity
  8
DIM
100
AcDbText
 10
27934.507326397896
 20
-1654.5985667853163
 30
0.0
 40
2.5
  1
折弯 R5.0 90°
  7
SimSun
100
AcDbText
  0
LINE
  5
882
330
17
100
AcDbEntity
  8
CENTER
100
AcDbLine
 10
27942.246920989615
 20
-1701.5985667853163
 30
0.0
 11
27942.246920989615
 21
-1656.5985667853163
 31
0.0
  0
TEXT
  5
883
330
17
100
AcDbEntity
  8
DIM
100
AcDbText
 10
27943.246920989615
 20
-1654.5985667853163
 30
0.0
 40
2.5
  1
折弯 R5.0 90°
  7
SimSun
100
AcDbText
  0
TEXT
  5
884
330
17
100
AcDbEntity
  8
TEXT
100
AcDbText
 10
27856.02813721445
 20
-1714.0985667853163
 30
0.0
 40
5.0
  1
展开总长 L = 155.4mm (含 ΣBA=55.4)
  7
SimSun
100
AcDbText
  0
TEXT
  5
885
330
17
100
AcDbEntity
  8
TECH
100
AcDbText
 10
27856.02813721445
 20
-1661.0985667853163
 30
0.0
 40
2.5
  1
BA=(R+K·t)·α,  K=0.35,  t=2.5mm,  板宽=100.0mm
  7
SimSun
100
AcDbText
  0
CIRCLE
  5
886
330
17
100
AcDbEntity
  8
CENTER
100
AcDbCircle
 10
28000.89893721445
 20
-1496.1407667853161
 30
0.0
 40
5.964
  0
LINE
  5
887
330
17
100
AcDbEntity
  8
CENTER
100
AcDbLine
 10
28005.07373721445
 20
-1491.9659667853161
 30
0.0
 11
28024.86293721445
 21
-1485.1767667853162
 31
0.0
  0
TEXT
  5
888
330
17
100
AcDbEntity
  8
TEXT
100
AcDbText
 10
28025.86293721445
 20
-1485.1767667853162
 30
0.0
 40
5.0
  1
B(3:1)
  7
SimSun
100
AcDbText
  0
LINE
  5
889
330
17
100
AcDbEntity
  8
FRAME
100
AcDbLine
 10
28001.02813721445
 20
-1719.0985667853163
 30
0.0
 11
28056.81213721445
 21
-1719.0985667853163
 31
0.0
  0
LINE
  5
88A
330
17
100
AcDbEntity
  8
FRAME
100
AcDbLine
 10
28001.02813721445
 20
-1663.3145667853162
 30
0.0
 11
28056.81213721445
 21
-1663.3145667853162
 31
0.0
  0
LINE
  5
88B
330
17
100
AcDbEntity
  8
FRAME
100
AcDbLine
 10
28001.02813721445
 20
-1719.0985667853163
 30
0.0
 11
28001.02813721445
 21
-1663.3145667853162
 31
0.0
  0
LINE
  5
88C
330
17
100
AcDbEntity
  8
FRAME
100
AcDbLine
 10
28056.81213721445
 20
-1719.0985667853163
 30
0.0
 11
28056.81213721445
 21
-1663.3145667853162
 31
0.0
  0
TEXT
  5
88D
330
17
100
AcDbEntity
  8
TEXT
100
AcDbText
 10
28001.02813721445
 20
-1721.0985667853163
 30
0.0
 40
7.0
  1
局部放大 B(3:1)
  7
SimSun
100
AcDbText
  0
TEXT
  5
88E
330
17
100
AcDbEntity
  8
TEXT
100
AcDbText
 10
28041.02813721445
 20
-1721.0985667853163
 30
0.0
 40
5.0
  1
比例 3:1
  7
SimSun
100
AcDbText
  0
CIRCLE
  5
88F
330
17
100
AcDbEntity
  8
CENTER
100
AcDbCircle
 10
28175.89483805243
 20
-1500.912642177077
 30
0.0
 40
17.892000000000003
  0
TEXT
  5
890
330
17
100
AcDbEntity
  8
TEXT
100
AcDbText
 10
28165.89483805243
 20
-1481.020642177077
 30
0.0
 40
7.0
  1
B(3:1)
  7
SimSun
100
AcDbText
  0
TEXT
  5
891
330
17
100
AcDbEntity
  8
TEXT
100
AcDbText
 10
28165.89483805243
 20
-1491.020642177077
 30
0.0
 40
5.0
  1
比例 3:1
  7
SimSun
100
AcDbText
  0
TEXT
  5
892
330
17
100
AcDbEntity
  8
TEXT
100
AcDbText
 10
27726.02813721445
 20
-1753.7645667853162
 30
0.0
 40
5.0
  1
焊缝符号 GB/T 324
  7
SimSun
100
AcDbText
  0
LINE
  5
893
330
17
100
AcDbEntity
  8
TEXT
100
AcDbLine
 10
27726.02813721445
 20
-1756.7645667853162
 30
0.0
 11
27826.02813721445
 21
-1756.7645667853162
 31
0.0
  0
LINE
  5
894
330
17
100
AcDbEntity
  8
LEADER
100
AcDbLine
 10
27731.02813721445
 20
-1759.7645667853162
 30
0.0
 11
27746.02813721445
 21
-1759.7645667853162
 31
0.0
  0
LINE
  5
895
330
17
100
AcDbEntity
  8
TEXT
100
AcDbLine
 10
27746.02813721445
 20
-1759.7645667853162
 30
0.0
 11
27750.02813721445
 21
-1759.7645667853162
 31
0.0
  0
LINE
  5
896
330
17
100
AcDbEntity
  8
TEXT
100
AcDbLine
 10
27746.02813721445
 20
-1759.7645667853162
 30
0.0
 11
27746.02813721445
 21
-1755.7645667853162
 31
0.0
  0
LINE
  5
897
330
17
100
AcDbEntity
  8
TEXT
100
AcDbLine
 10
27750.02813721445
 20
-1759.7645667853162
 30
0.0
 11
27746.02813721445
 21
-1755.7645667853162
 31
0.0
  0
TEXT
  5
898
330
17
100
AcDbEntity
  8
TEXT
100
AcDbText
 10
27752.02813721445
 20
-1758.7645667853162
 30
0.0
 40
3.0
  1
3♭
  7
SimSun
100
AcDbText
  0
TEXT
  5
899
330
17
100
AcDbEntity
  8
TEXT
100
AcDbText
 10
27762.02813721445
 20
-1758.7645667853162
 30
0.0
 40
2.5
  1
角焊缝 3♭
  7
SimSun
100
AcDbText
  0
ENDSEC
  0
SECTION
  2
OBJECTS
  0
DICTIONARY
  5
A
330
0
100
AcDbDictionary
281
1
  3
ACAD_COLOR
350
B
  3
ACAD_GROUP
350
C
  3
ACAD_LAYOUT
350
D
  3
ACAD_MATERIAL
350
E
  3
ACAD_MLEADERSTYLE
350
F
  3
ACAD_MLINESTYLE
350
10
  3
ACAD_PLOTSETTINGS
350
11
  3
ACAD_PLOTSTYLENAME
350
12
  3
ACAD_SCALELIST
350
14
  3
ACAD_TABLESTYLE
350
15
  3
ACAD_VISUALSTYLE
350
16
  3
EZDXF_META
350
2D
  0
DICTIONARY
  5
B
330
A
100
AcDbDictionary
281
1
  0
DICTIONARY
  5
C
330
A
100
AcDbDictionary
281
1
  0
DICTIONARY
  5
D
330
A
100
AcDbDictionary
281
1
  3
Model
350
1A
  3
Layout1
350
1E
  0
DICTIONARY
  5
E
330
A
100
AcDbDictionary
281
1
  3
ByBlock
350
1F
  3
ByLayer
350
20
  3
Global
350
21
  0
DICTIONARY
  5
F
330
A
100
AcDbDictionary
281
1
  3
Standard
350
2C
  0
DICTIONARY
  5
10
330
A
100
AcDbDictionary
281
1
  3
Standard
350
22
  0
DICTIONARY
  5
11
330
A
100
AcDbDictionary
281
1
  0
ACDBDICTIONARYWDFLT
  5
12
330
A
100
AcDbDictionary
281
1
  3
Normal
350
13
100
AcDbDictionaryWithDefault
340
13
  0
ACDBPLACEHOLDER
  5
13
330
12
  0
DICTIONARY
  5
14
330
A
100
AcDbDictionary
281
1
  0
DICTIONARY
  5
15
330
A
100
AcDbDictionary
281
1
  0
DICTIONARY
  5
16
330
A
100
AcDbDictionary
281
1
  3
2dWireframe
350
5A
  3
Basic
350
5B
  3
Brighten
350
5C
  3
ColorChange
350
5D
  3
Conceptual
350
5E
  3
Dim
350
5F
  3
EdgeColorOff
350
60
  3
Facepattern
350
61
  3
Flat
350
62
  3
FlatWithEdges
350
63
  3
Gouraud
350
64
  3
GouraudWithEdges
350
65
  3
Hidden
350
66
  3
JitterOff
350
67
  3
Linepattern
350
68
  3
Modeling
350
69
  3
OverhangOff
350
6A
  3
Realistic
350
6B
  3
Shaded
350
6C
  3
Shaded with edges
350
6D
  3
Shades of Gray
350
6E
  3
Sketchy
350
6F
  3
Thicken
350
70
  3
Wireframe
350
71
  3
X-Ray
350
72
  0
LAYOUT
  5
1A
330
D
100
AcDbPlotSettings
  1

  4
A3
  6

 40
7.5
 41
20.0
 42
7.5
 43
20.0
 44
420.0
 45
297.0
 46
0.0
 47
0.0
 48
0.0
 49
0.0
140
0.0
141
0.0
142
1.0
143
1.0
 70
1024
 72
1
 73
0
 74
5
  7

 75
16
 76
0
 77
2
 78
300
147
1.0
148
0.0
149
0.0
100
AcDbLayout
  1
Model
 70
1
 71
0
 10
0.0
 20
0.0
 11
420.0
 21
297.0
 12
0.0
 22
0.0
 32
0.0
 14
1e+20
 24
1e+20
 34
1e+20
 15
-1e+20
 25
-1e+20
 35
-1e+20
146
0.0
 13
0.0
 23
0.0
 33
0.0
 16
1.0
 26
0.0
 36
0.0
 17
0.0
 27
1.0
 37
0.0
 76
1
330
17
  0
LAYOUT
  5
1E
330
D
100
AcDbPlotSettings
  1

  4
A3
  6

 40
7.5
 41
20.0
 42
7.5
 43
20.0
 44
420.0
 45
297.0
 46
0.0
 47
0.0
 48
0.0
 49
0.0
140
0.0
141
0.0
142
1.0
143
1.0
 70
0
 72
1
 73
0
 74
5
  7

 75
16
 76
0
 77
2
 78
300
147
1.0
148
0.0
149
0.0
100
AcDbLayout
  1
Layout1
 70
1
 71
1
 10
0.0
 20
0.0
 11
420.0
 21
297.0
 12
0.0
 22
0.0
 32
0.0
 14
1e+20
 24
1e+20
 34
1e+20
 15
-1e+20
 25
-1e+20
 35
-1e+20
146
0.0
 13
0.0
 23
0.0
 33
0.0
 16
1.0
 26
0.0
 36
0.0
 17
0.0
 27
1.0
 37
0.0
 76
1
330
1B
  0
MATERIAL
  5
1F
102
{ACAD_REACTORS
330
E
102
}
330
E
100
AcDbMaterial
  1
ByBlock
  2

 70
0
 40
1.0
 71
1
 41
1.0
 91
-1023410177
 42
1.0
 72
1
  3

 73
1
 74
1
 75
1
 44
0.5
 73
0
 45
1.0
 46
1.0
 77
1
  4

 78
1
 79
1
170
1
 48
1.0
171
1
  6

172
1
173
1
174
1
140
1.0
141
1.0
175
1
  7

176
1
177
1
178
1
143
1.0
179
1
  8

270
1
271
1
272
1
145
1.0
146
1.0
273
1
  9

274
1
275
1
276
1
 42
1.0
 72
1
  3

 73
1
 74
1
 75
1
 94
63
  0
MATERIAL
  5
20
102
{ACAD_REACTORS
330
E
102
}
330
E
100
AcDbMaterial
  1
ByLayer
  2

 70
0
 40
1.0
 71
1
 41
1.0
 91
-1023410177
 42
1.0
 72
1
  3

 73
1
 74
1
 75
1
 44
0.5
 73
0
 45
1.0
 46
1.0
 77
1
  4

 78
1
 79
1
170
1
 48
1.0
171
1
  6

172
1
173
1
174
1
140
1.0
141
1.0
175
1
  7

176
1
177
1
178
1
143
1.0
179
1
  8

270
1
271
1
272
1
145
1.0
146
1.0
273
1
  9

274
1
275
1
276
1
 42
1.0
 72
1
  3

 73
1
 74
1
 75
1
 94
63
  0
MATERIAL
  5
21
102
{ACAD_REACTORS
330
E
102
}
330
E
100
AcDbMaterial
  1
Global
  2

 70
0
 40
1.0
 71
1
 41
1.0
 91
-1023410177
 42
1.0
 72
1
  3

 73
1
 74
1
 75
1
 44
0.5
 73
0
 45
1.0
 46
1.0
 77
1
  4

 78
1
 79
1
170
1
 48
1.0
171
1
  6

172
1
173
1
174
1
140
1.0
141
1.0
175
1
  7

176
1
177
1
178
1
143
1.0
179
1
  8

270
1
271
1
272
1
145
1.0
146
1.0
273
1
  9

274
1
275
1
276
1
 42
1.0
 72
1
  3

 73
1
 74
1
 75
1
 94
63
  0
MLINESTYLE
  5
22
102
{ACAD_REACTORS
330
10
102
}
330
10
100
AcDbMlineStyle
  2
Standard
 70
0
  3

 62
256
 51
90.0
 52
90.0
 71
2
 49
0.5
 62
256
  6
BYLAYER
 49
-0.5
 62
256
  6
BYLAYER
  0
MLEADERSTYLE
  5
2C
102
{ACAD_REACTORS
330
F
102
}
330
F
100
AcDbMLeaderStyle
179
2
170
2
171
1
172
0
 90
2
 40
0.0
 41
0.0
173
1
 91
-1056964608
 92
-2
290
1
 42
2.0
291
1
 43
8.0
  3
Standard
 44
4.0
300

342
29
174
1
175
1
176
0
178
1
 93
-1056964608
 45
4.0
292
0
297
0
 46
4.0
 94
-1056964608
 47
1.0
 49
1.0
140
1.0
294
1
141
0.0
177
0
142
1.0
295
0
296
0
143
3.75
271
0
272
9
273
9
  0
DICTIONARY
  5
2D
330
A
100
AcDbDictionary
280
1
281
1
  3
CREATED_BY_EZDXF
350
2E
  3
WRITTEN_BY_EZDXF
350
89C
  0
DICTIONARYVAR
  5
2E
330
2D
100
DictionaryVariables
280
0
  1
1.4.4 @ 2026-07-04T03:25:02.260191+00:00
  0
VISUALSTYLE
  5
5A
102
{ACAD_REACTORS
330
16
102
}
330
16
100
AcDbVisualStyle
  2
2dWireframe
 70
4
177
3
291
0
 70
58
 90
2
176
1
 90
2
176
1
 90
0
176
1
 90
0
176
1
 40
0.6
176
1
 40
30.0
176
1
 62
7
420
16777215
176
1
 90
1
176
1
 90
4
176
1
 62
7
176
1
 62
257
176
1
 90
1
176
1
 90
1
176
1
 40
1.0
176
1
 90
8
176
1
 62
7
176
1
 40
1.0
176
1
 90
1
176
1
 90
6
176
1
 90
2
176
1
 62
7
176
1
 90
5
176
1
 90
0
176
1
 90
0
176
1
290
0
176
1
 90
1
176
1
 40
0.0
176
1
 90
0
176
1
290
1
176
1
290
1
176
1
290
0
176
1
290
0
176
1
290
0
176
1
290
0
176
1
290
0
176
1
290
0
176
1
290
0
176
1
 90
50
176
1
 40
0.0
176
1
 40
1.0
176
1
 90
0
176
1
 62
18
420
0
176
1
 90
50
176
1
 90
3
176
1
 62
5
420
255
176
1
290
0
176
1
 90
50
176
1
 90
50
176
1
 90
50
176
1
290
0
176
1
 90
50
176
1
 62
256
176
0
 40
1.0
176
0
 90
2
176
1
  1
strokes_ogs.tif
176
1
290
0
176
1
 40
1.0
176
1
 40
1.0
176
1
  0
VISUALSTYLE
  5
5B
102
{ACAD_REACTORS
330
16
102
}
330
16
100
AcDbVisualStyle
  2
Basic
 70
7
177
3
291
1
 70
58
 90
2
176
1
 90
2
176
1
 90
0
176
1
 90
1
176
1
 40
0.6
176
1
 40
30.0
176
1
 62
7
420
16777215
176
1
 90
1
176
1
 90
4
176
1
 62
7
176
1
 62
257
176
1
 90
1
176
1
 90
1
176
1
 40
1.0
176
1
 90
8
176
1
 62
7
176
1
 40
1.0
176
1
 90
1
176
1
 90
6
176
1
 90
2
176
1
 62
7
176
1
 90
5
176
1
 90
0
176
1
 90
0
176
1
290
0
176
1
 90
1
176
1
 40
0.0
176
1
 90
0
176
1
290
0
176
1
290
1
176
1
290
1
176
1
290
0
176
1
290
0
176
1
290
0
176
1
290
0
176
1
290
0
176
1
290
0
176
1
 90
50
176
1
 40
0.0
176
1
 40
1.0
176
1
 90
0
176
1
 62
18
420
0
176
1
 90
50
176
1
 90
3
176
1
 62
5
420
255
176
1
290
0
176
1
 90
50
176
1
 90
50
176
1
 90
50
176
1
290
0
176
1
 90
50
176
1
 62
256
176
0
 40
1.0
176
0
 90
2
176
1
  1
strokes_ogs.tif
176
1
290
0
176
1
 40
1.0
176
1
 40
1.0
176
1
  0
VISUALSTYLE
  5
5C
102
{ACAD_REACTORS
330
16
102
}
330
16
100
AcDbVisualStyle
  2
Brighten
 70
12
177
3
291
1
 70
58
 90
2
176
1
 90
2
176
1
 90
0
176
1
 90
2
176
1
 40
0.6
176
1
 40
30.0
176
1
 62
7
420
16777215
176
1
 90
1
176
1
 90
4
176
1
 62
7
176
1
 62
257
176
1
 90
1
176
1
 90
1
176
1
 40
1.0
176
1
 90
8
176
1
 62
7
176
1
 40
1.0
176
1
 90
1
176
1
 90
6
176
1
 90
2
176
1
 62
7
176
1
 90
5
176
1
 90
0
176
1
 90
0
176
1
290
0
176
1
 90
1
176
1
 40
0.0
176
1
 90
0
176
1
290
0
176
1
290
1
176
1
290
1
176
1
290
0
176
1
290
0
176
1
290
0
176
1
290
0
176
1
290
0
176
1
290
0
176
1
 90
50
176
1
 40
0.0
176
1
 40
1.0
176
1
 90
0
176
1
 62
18
420
0
176
1
 90
50
176
1
 90
3
176
1
 62
5
420
255
176
1
290
0
176
1
 90
50
176
1
 90
50
176
1
 90
50
176
1
290
0
176
1
 90
50
176
1
 62
256
176
0
 40
1.0
176
0
 90
2
176
1
  1
strokes_ogs.tif
176
1
290
0
176
1
 40
1.0
176
1
 40
1.0
176
1
  0
VISUALSTYLE
  5
5D
102
{ACAD_REACTORS
330
16
102
}
330
16
100
AcDbVisualStyle
  2
ColorChange
 70
16
177
3
291
1
 70
58
 90
2
176
1
 90
2
176
1
 90
0
176
1
 90
2
176
1
 40
0.6
176
1
 40
30.0
176
1
 62
7
420
16777215
176
1
 90
1
176
1
 90
4
176
1
 62
7
176
1
 62
257
176
1
 90
1
176
1
 90
1
176
1
 40
1.0
176
1
 90
8
176
1
 62
7
176
1
 40
1.0
176
1
 90
1
176
1
 90
6
176
1
 90
2
176
1
 62
7
176
1
 90
5
176
1
 90
0
176
1
 90
0
176
1
290
0
176
1
 90
1
176
1
 40
0.0
176
1
 90
0
176
1
290
0
176
1
290
1
176
1
290
1
176
1
290
0
176
1
290
0
176
1
290
0
176
1
290
0
176
1
290
0
176
1
290
0
176
1
 90
50
176
1
 40
0.0
176
1
 40
1.0
176
1
 90
0
176
1
 62
18
420
0
176
1
 90
50
176
1
 90
3
176
1
 62
5
420
255
176
1
290
0
176
1
 90
50
176
1
 90
50
176
1
 90
50
176
1
290
0
176
1
 90
50
176
1
 62
256
176
0
 40
1.0
176
0
 90
2
176
1
  1
strokes_ogs.tif
176
1
290
0
176
1
 40
1.0
176
1
 40
1.0
176
1
  0
VISUALSTYLE
  5
5E
102
{ACAD_REACTORS
330
16
102
}
330
16
100
AcDbVisualStyle
  2
Conceptual
 70
9
177
3
291
0
 70
58
 90
2
176
1
 90
2
176
1
 90
0
176
1
 90
3
176
1
 40
0.6
176
1
 40
30.0
176
1
 62
7
420
16777215
176
1
 90
1
176
1
 90
4
176
1
 62
7
176
1
 62
257
176
1
 90
1
176
1
 90
1
176
1
 40
1.0
176
1
 90
8
176
1
 62
7
176
1
 40
1.0
176
1
 90
1
176
1
 90
6
176
1
 90
2
176
1
 62
7
176
1
 90
5
176
1
 90
0
176
1
 90
0
176
1
290
0
176
1
 90
1
176
1
 40
0.0
176
1
 90
0
176
1
290
0
176
1
290
1
176
1
290
1
176
1
290
0
176
1
290
0
176
1
290
0
176
1
290
0
176
1
290
0
176
1
290
0
176
1
 90
50
176
1
 40
0.0
176
1
 40
1.0
176
1
 90
0
176
1
 62
18
420
0
176
1
 90
50
176
1
 90
3
176
1
 62
5
420
255
176
1
290
0
176
1
 90
50
176
1
 90
50
176
1
 90
50
176
1
290
0
176
1
 90
50
176
1
 62
256
176
0
 40
1.0
176
0
 90
2
176
1
  1
strokes_ogs.tif
176
1
290
0
176
1
 40
1.0
176
1
 40
1.0
176
1
  0
VISUALSTYLE
  5
5F
102
{ACAD_REACTORS
330
16
102
}
330
16
100
AcDbVisualStyle
  2
Dim
 70
11
177
3
291
1
 70
58
 90
2
176
1
 90
2
176
1
 90
0
176
1
 90
2
176
1
 40
0.6
176
1
 40
30.0
176
1
 62
7
420
16777215
176
1
 90
1
176
1
 90
4
176
1
 62
7
176
1
 62
257
176
1
 90
1
176
1
 90
1
176
1
 40
1.0
176
1
 90
8
176
1
 62
7
176
1
 40
1.0
176
1
 90
1
176
1
 90
6
176
1
 90
2
176
1
 62
7
176
1
 90
5
176
1
 90
0
176
1
 90
0
176
1
290
0
176
1
 90
1
176
1
 40
0.0
176
1
 90
0
176
1
290
0
176
1
290
1
176
1
290
1
176
1
290
0
176
1
290
0
176
1
290
0
176
1
290
0
176
1
290
0
176
1
290
0
176
1
 90
50
176
1
 40
0.0
176
1
 40
1.0
176
1
 90
0
176
1
 62
18
420
0
176
1
 90
50
176
1
 90
3
176
1
 62
5
420
255
176
1
290
0
176
1
 90
50
176
1
 90
50
176
1
 90
50
176
1
290
0
176
1
 90
50
176
1
 62
256
176
0
 40
1.0
176
0
 90
2
176
1
  1
strokes_ogs.tif
176
1
290
0
176
1
 40
1.0
176
1
 40
1.0
176
1
  0
VISUALSTYLE
  5
60
102
{ACAD_REACTORS
330
16
102
}
330
16
100
AcDbVisualStyle
  2
EdgeColorOff
 70
22
177
3
291
1
 70
58
 90
2
176
1
 90
2
176
1
 90
0
176
1
 90
2
176
1
 40
0.6
176
1
 40
30.0
176
1
 62
7
420
16777215
176
1
 90
1
176
1
 90
4
176
1
 62
7
176
1
 62
257
176
1
 90
1
176
1
 90
1
176
1
 40
1.0
176
1
 90
8
176
1
 62
7
176
1
 40
1.0
176
1
 90
1
176
1
 90
6
176
1
 90
2
176
1
 62
7
176
1
 90
5
176
1
 90
0
176
1
 90
0
176
1
290
0
176
1
 90
1
176
1
 40
0.0
176
1
 90
0
176
1
290
0
176
1
290
1
176
1
290
1
176
1
290
0
176
1
290
0
176
1
290
0
176
1
290
0
176
1
290
0
176
1
290
0
176
1
 90
50
176
1
 40
0.0
176
1
 40
1.0
176
1
 90
0
176
1
 62
18
420
0
176
1
 90
50
176
1
 90
3
176
1
 62
5
420
255
176
1
290
0
176
1
 90
50
176
1
 90
50
176
1
 90
50
176
1
290
0
176
1
 90
50
176
1
 62
256
176
0
 40
1.0
176
0
 90
2
176
1
  1
strokes_ogs.tif
176
1
290
0
176
1
 40
1.0
176
1
 40
1.0
176
1
  0
VISUALSTYLE
  5
61
102
{ACAD_REACTORS
330
16
102
}
330
16
100
AcDbVisualStyle
  2
Facepattern
 70
15
177
3
291
1
 70
58
 90
2
176
1
 90
2
176
1
 90
0
176
1
 90
2
176
1
 40
0.6
176
1
 40
30.0
176
1
 62
7
420
16777215
176
1
 90
1
176
1
 90
4
176
1
 62
7
176
1
 62
257
176
1
 90
1
176
1
 90
1
176
1
 40
1.0
176
1
 90
8
176
1
 62
7
176
1
 40
1.0
176
1
 90
1
176
1
 90
6
176
1
 90
2
176
1
 62
7
176
1
 90
5
176
1
 90
0
176
1
 90
0
176
1
290
0
176
1
 90
1
176
1
 40
0.0
176
1
 90
0
176
1
290
0
176
1
290
1
176
1
290
1
176
1
290
0
176
1
290
0
176
1
290
0
176
1
290
0
176
1
290
0
176
1
290
0
176
1
 90
50
176
1
 40
0.0
176
1
 40
1.0
176
1
 90
0
176
1
 62
18
420
0
176
1
 90
50
176
1
 90
3
176
1
 62
5
420
255
176
1
290
0
176
1
 90
50
176
1
 90
50
176
1
 90
50
176
1
290
0
176
1
 90
50
176
1
 62
256
176
0
 40
1.0
176
0
 90
2
176
1
  1
strokes_ogs.tif
176
1
290
0
176
1
 40
1.0
176
1
 40
1.0
176
1
  0
VISUALSTYLE
  5
62
102
{ACAD_REACTORS
330
16
102
}
330
16
100
AcDbVisualStyle
  2
Flat
 70
0
177
3
291
1
 70
58
 90
2
176
1
 90
2
176
1
 90
0
176
1
 90
2
176
1
 40
0.6
176
1
 40
30.0
176
1
 62
7
420
16777215
176
1
 90
1
176
1
 90
4
176
1
 62
7
176
1
 62
257
176
1
 90
1
176
1
 90
1
176
1
 40
1.0
176
1
 90
8
176
1
 62
7
176
1
 40
1.0
176
1
 90
1
176
1
 90
6
176
1
 90
2
176
1
 62
7
176
1
 90
5
176
1
 90
0
176
1
 90
0
176
1
290
0
176
1
 90
1
176
1
 40
0.0
176
1
 90
0
176
1
290
0
176
1
290
1
176
1
290
1
176
1
290
0
176
1
290
0
176
1
290
0
176
1
290
0
176
1
290
0
176
1
290
0
176
1
 90
50
176
1
 40
0.0
176
1
 40
1.0
176
1
 90
0
176
1
 62
18
420
0
176
1
 90
50
176
1
 90
3
176
1
 62
5
420
255
176
1
290
0
176
1
 90
50
176
1
 90
50
176
1
 90
50
176
1
290
0
176
1
 90
50
176
1
 62
256
176
0
 40
1.0
176
0
 90
2
176
1
  1
strokes_ogs.tif
176
1
290
0
176
1
 40
1.0
176
1
 40
1.0
176
1
  0
VISUALSTYLE
  5
63
102
{ACAD_REACTORS
330
16
102
}
330
16
100
AcDbVisualStyle
  2
FlatWithEdges
 70
1
177
3
291
1
 70
58
 90
2
176
1
 90
2
176
1
 90
0
176
1
 90
2
176
1
 40
0.6
176
1
 40
30.0
176
1
 62
7
420
16777215
176
1
 90
1
176
1
 90
4
176
1
 62
7
176
1
 62
257
176
1
 90
1
176
1
 90
1
176
1
 40
1.0
176
1
 90
8
176
1
 62
7
176
1
 40
1.0
176
1
 90
1
176
1
 90
6
176
1
 90
2
176
1
 62
7
176
1
 90
5
176
1
 90
0
176
1
 90
0
176
1
290
0
176
1
 90
1
176
1
 40
0.0
176
1
 90
0
176
1
290
0
176
1
290
1
176
1
290
1
176
1
290
0
176
1
290
0
176
1
290
0
176
1
290
0
176
1
290
0
176
1
290
0
176
1
 90
50
176
1
 40
0.0
176
1
 40
1.0
176
1
 90
0
176
1
 62
18
420
0
176
1
 90
50
176
1
 90
3
176
1
 62
5
420
255
176
1
290
0
176
1
 90
50
176
1
 90
50
176
1
 90
50
176
1
290
0
176
1
 90
50
176
1
 62
256
176
0
 40
1.0
176
0
 90
2
176
1
  1
strokes_ogs.tif
176
1
290
0
176
1
 40
1.0
176
1
 40
1.0
176
1
  0
VISUALSTYLE
  5
64
102
{ACAD_REACTORS
330
16
102
}
330
16
100
AcDbVisualStyle
  2
Gouraud
 70
2
177
3
291
1
 70
58
 90
2
176
1
 90
2
176
1
 90
0
176
1
 90
2
176
1
 40
0.6
176
1
 40
30.0
176
1
 62
7
420
16777215
176
1
 90
1
176
1
 90
4
176
1
 62
7
176
1
 62
257
176
1
 90
1
176
1
 90
1
176
1
 40
1.0
176
1
 90
8
176
1
 62
7
176
1
 40
1.0
176
1
 90
1
176
1
 90
6
176
1
 90
2
176
1
 62
7
176
1
 90
5
176
1
 90
0
176
1
 90
0
176
1
290
0
176
1
 90
1
176
1
 40
0.0
176
1
 90
0
176
1
290
0
176
1
290
1
176
1
290
1
176
1
290
0
176
1
290
0
176
1
290
0
176
1
290
0
176
1
290
0
176
1
290
0
176
1
 90
50
176
1
 40
0.0
176
1
 40
1.0
176
1
 90
0
176
1
 62
18
420
0
176
1
 90
50
176
1
 90
3
176
1
 62
5
420
255
176
1
290
0
176
1
 90
50
176
1
 90
50
176
1
 90
50
176
1
290
0
176
1
 90
50
176
1
 62
256
176
0
 40
1.0
176
0
 90
2
176
1
  1
strokes_ogs.tif
176
1
290
0
176
1
 40
1.0
176
1
 40
1.0
176
1
  0
VISUALSTYLE
  5
65
102
{ACAD_REACTORS
330
16
102
}
330
16
100
AcDbVisualStyle
  2
GouraudWithEdges
 70
3
177
3
291
1
 70
58
 90
2
176
1
 90
2
176
1
 90
0
176
1
 90
2
176
1
 40
0.6
176
1
 40
30.0
176
1
 62
7
420
16777215
176
1
 90
1
176
1
 90
4
176
1
 62
7
176
1
 62
257
176
1
 90
1
176
1
 90
1
176
1
 40
1.0
176
1
 90
8
176
1
 62
7
176
1
 40
1.0
176
1
 90
1
176
1
 90
6
176
1
 90
2
176
1
 62
7
176
1
 90
5
176
1
 90
0
176
1
 90
0
176
1
290
0
176
1
 90
1
176
1
 40
0.0
176
1
 90
0
176
1
290
0
176
1
290
1
176
1
290
1
176
1
290
0
176
1
290
0
176
1
290
0
176
1
290
0
176
1
290
0
176
1
290
0
176
1
 90
50
176
1
 40
0.0
176
1
 40
1.0
176
1
 90
0
176
1
 62
18
420
0
176
1
 90
50
176
1
 90
3
176
1
 62
5
420
255
176
1
290
0
176
1
 90
50
176
1
 90
50
176
1
 90
50
176
1
290
0
176
1
 90
50
176
1
 62
256
176
0
 40
1.0
176
0
 90
2
176
1
  1
strokes_ogs.tif
176
1
290
0
176
1
 40
1.0
176
1
 40
1.0
176
1
  0
VISUALSTYLE
  5
66
102
{ACAD_REACTORS
330
16
102
}
330
16
100
AcDbVisualStyle
  2
Hidden
 70
6
177
3
291
0
 70
58
 90
2
176
1
 90
2
176
1
 90
0
176
1
 90
1
176
1
 40
0.6
176
1
 40
30.0
176
1
 62
7
420
16777215
176
1
 90
1
176
1
 90
4
176
1
 62
7
176
1
 62
257
176
1
 90
1
176
1
 90
1
176
1
 40
1.0
176
1
 90
8
176
1
 62
7
176
1
 40
1.0
176
1
 90
1
176
1
 90
6
176
1
 90
2
176
1
 62
7
176
1
 90
5
176
1
 90
0
176
1
 90
0
176
1
290
0
176
1
 90
1
176
1
 40
0.0
176
1
 90
0
176
1
290
0
176
1
290
1
176
1
290
1
176
1
290
0
176
1
290
0
176
1
290
0
176
1
290
0
176
1
290
0
176
1
290
0
176
1
 90
50
176
1
 40
0.0
176
1
 40
1.0
176
1
 90
0
176
1
 62
18
420
0
176
1
 90
50
176
1
 90
3
176
1
 62
5
420
255
176
1
290
0
176
1
 90
50
176
1
 90
50
176
1
 90
50
176
1
290
0
176
1
 90
50
176
1
 62
256
176
0
 40
1.0
176
0
 90
2
176
1
  1
strokes_ogs.tif
176
1
290
0
176
1
 40
1.0
176
1
 40
1.0
176
1
  0
VISUALSTYLE
  5
67
102
{ACAD_REACTORS
330
16
102
}
330
16
100
AcDbVisualStyle
  2
JitterOff
 70
20
177
3
291
1
 70
58
 90
2
176
1
 90
2
176
1
 90
0
176
1
 90
2
176
1
 40
0.6
176
1
 40
30.0
176
1
 62
7
420
16777215
176
1
 90
1
176
1
 90
4
176
1
 62
7
176
1
 62
257
176
1
 90
1
176
1
 90
1
176
1
 40
1.0
176
1
 90
8
176
1
 62
7
176
1
 40
1.0
176
1
 90
1
176
1
 90
6
176
1
 90
2
176
1
 62
7
176
1
 90
5
176
1
 90
0
176
1
 90
0
176
1
290
0
176
1
 90
1
176
1
 40
0.0
176
1
 90
0
176
1
290
0
176
1
290
1
176
1
290
1
176
1
290
0
176
1
290
0
176
1
290
0
176
1
290
0
176
1
290
0
176
1
290
0
176
1
 90
50
176
1
 40
0.0
176
1
 40
1.0
176
1
 90
0
176
1
 62
18
420
0
176
1
 90
50
176
1
 90
3
176
1
 62
5
420
255
176
1
290
0
176
1
 90
50
176
1
 90
50
176
1
 90
50
176
1
290
0
176
1
 90
50
176
1
 62
256
176
0
 40
1.0
176
0
 90
2
176
1
  1
strokes_ogs.tif
176
1
290
0
176
1
 40
1.0
176
1
 40
1.0
176
1
  0
VISUALSTYLE
  5
68
102
{ACAD_REACTORS
330
16
102
}
330
16
100
AcDbVisualStyle
  2
Linepattern
 70
14
177
3
291
1
 70
58
 90
2
176
1
 90
2
176
1
 90
0
176
1
 90
2
176
1
 40
0.6
176
1
 40
30.0
176
1
 62
7
420
16777215
176
1
 90
1
176
1
 90
4
176
1
 62
7
176
1
 62
257
176
1
 90
1
176
1
 90
1
176
1
 40
1.0
176
1
 90
8
176
1
 62
7
176
1
 40
1.0
176
1
 90
1
176
1
 90
6
176
1
 90
2
176
1
 62
7
176
1
 90
5
176
1
 90
0
176
1
 90
0
176
1
290
0
176
1
 90
1
176
1
 40
0.0
176
1
 90
0
176
1
290
0
176
1
290
1
176
1
290
1
176
1
290
0
176
1
290
0
176
1
290
0
176
1
290
0
176
1
290
0
176
1
290
0
176
1
 90
50
176
1
 40
0.0
176
1
 40
1.0
176
1
 90
0
176
1
 62
18
420
0
176
1
 90
50
176
1
 90
3
176
1
 62
5
420
255
176
1
290
0
176
1
 90
50
176
1
 90
50
176
1
 90
50
176
1
290
0
176
1
 90
50
176
1
 62
256
176
0
 40
1.0
176
0
 90
2
176
1
  1
strokes_ogs.tif
176
1
290
0
176
1
 40
1.0
176
1
 40
1.0
176
1
  0
VISUALSTYLE
  5
69
102
{ACAD_REACTORS
330
16
102
}
330
16
100
AcDbVisualStyle
  2
Modeling
 70
10
177
3
291
0
 70
58
 90
2
176
1
 90
2
176
1
 90
0
176
1
 90
2
176
1
 40
0.6
176
1
 40
30.0
176
1
 62
7
420
16777215
176
1
 90
1
176
1
 90
4
176
1
 62
7
176
1
 62
257
176
1
 90
1
176
1
 90
1
176
1
 40
1.0
176
1
 90
8
176
1
 62
7
176
1
 40
1.0
176
1
 90
1
176
1
 90
6
176
1
 90
2
176
1
 62
7
176
1
 90
5
176
1
 90
0
176
1
 90
0
176
1
290
0
176
1
 90
1
176
1
 40
0.0
176
1
 90
0
176
1
290
0
176
1
290
1
176
1
290
1
176
1
290
0
176
1
290
0
176
1
290
0
176
1
290
0
176
1
290
0
176
1
290
0
176
1
 90
50
176
1
 40
0.0
176
1
 40
1.0
176
1
 90
0
176
1
 62
18
420
0
176
1
 90
50
176
1
 90
3
176
1
 62
5
420
255
176
1
290
0
176
1
 90
50
176
1
 90
50
176
1
 90
50
176
1
290
0
176
1
 90
50
176
1
 62
256
176
0
 40
1.0
176
0
 90
2
176
1
  1
strokes_ogs.tif
176
1
290
0
176
1
 40
1.0
176
1
 40
1.0
176
1
  0
VISUALSTYLE
  5
6A
102
{ACAD_REACTORS
330
16
102
}
330
16
100
AcDbVisualStyle
  2
OverhangOff
 70
21
177
3
291
1
 70
58
 90
2
176
1
 90
2
176
1
 90
0
176
1
 90
2
176
1
 40
0.6
176
1
 40
30.0
176
1
 62
7
420
16777215
176
1
 90
1
176
1
 90
4
176
1
 62
7
176
1
 62
257
176
1
 90
1
176
1
 90
1
176
1
 40
1.0
176
1
 90
8
176
1
 62
7
176
1
 40
1.0
176
1
 90
1
176
1
 90
6
176
1
 90
2
176
1
 62
7
176
1
 90
5
176
1
 90
0
176
1
 90
0
176
1
290
0
176
1
 90
1
176
1
 40
0.0
176
1
 90
0
176
1
290
0
176
1
290
1
176
1
290
1
176
1
290
0
176
1
290
0
176
1
290
0
176
1
290
0
176
1
290
0
176
1
290
0
176
1
 90
50
176
1
 40
0.0
176
1
 40
1.0
176
1
 90
0
176
1
 62
18
420
0
176
1
 90
50
176
1
 90
3
176
1
 62
5
420
255
176
1
290
0
176
1
 90
50
176
1
 90
50
176
1
 90
50
176
1
290
0
176
1
 90
50
176
1
 62
256
176
0
 40
1.0
176
0
 90
2
176
1
  1
strokes_ogs.tif
176
1
290
0
176
1
 40
1.0
176
1
 40
1.0
176
1
  0
VISUALSTYLE
  5
6B
102
{ACAD_REACTORS
330
16
102
}
330
16
100
AcDbVisualStyle
  2
Realistic
 70
8
177
3
291
0
 70
58
 90
2
176
1
 90
2
176
1
 90
0
176
1
 90
2
176
1
 40
0.6
176
1
 40
30.0
176
1
 62
7
420
16777215
176
1
 90
1
176
1
 90
4
176
1
 62
7
176
1
 62
257
176
1
 90
1
176
1
 90
1
176
1
 40
1.0
176
1
 90
8
176
1
 62
7
176
1
 40
1.0
176
1
 90
1
176
1
 90
6
176
1
 90
2
176
1
 62
7
176
1
 90
5
176
1
 90
0
176
1
 90
0
176
1
290
0
176
1
 90
1
176
1
 40
0.0
176
1
 90
0
176
1
290
0
176
1
290
1
176
1
290
1
176
1
290
0
176
1
290
0
176
1
290
0
176
1
290
0
176
1
290
0
176
1
290
0
176
1
 90
50
176
1
 40
0.0
176
1
 40
1.0
176
1
 90
0
176
1
 62
18
420
0
176
1
 90
50
176
1
 90
3
176
1
 62
5
420
255
176
1
290
0
176
1
 90
50
176
1
 90
50
176
1
 90
50
176
1
290
0
176
1
 90
50
176
1
 62
256
176
0
 40
1.0
176
0
 90
2
176
1
  1
strokes_ogs.tif
176
1
290
0
176
1
 40
1.0
176
1
 40
1.0
176
1
  0
VISUALSTYLE
  5
6C
102
{ACAD_REACTORS
330
16
102
}
330
16
100
AcDbVisualStyle
  2
Shaded
 70
27
177
3
291
0
 70
58
 90
2
176
1
 90
2
176
1
 90
0
176
1
 90
2
176
1
 40
0.6
176
1
 40
30.0
176
1
 62
7
420
16777215
176
1
 90
1
176
1
 90
4
176
1
 62
7
176
1
 62
257
176
1
 90
1
176
1
 90
1
176
1
 40
1.0
176
1
 90
8
176
1
 62
7
176
1
 40
1.0
176
1
 90
1
176
1
 90
6
176
1
 90
2
176
1
 62
7
176
1
 90
5
176
1
 90
0
176
1
 90
0
176
1
290
0
176
1
 90
1
176
1
 40
0.0
176
1
 90
0
176
1
290
0
176
1
290
1
176
1
290
1
176
1
290
0
176
1
290
0
176
1
290
0
176
1
290
0
176
1
290
0
176
1
290
0
176
1
 90
50
176
1
 40
0.0
176
1
 40
1.0
176
1
 90
0
176
1
 62
18
420
0
176
1
 90
50
176
1
 90
3
176
1
 62
5
420
255
176
1
290
0
176
1
 90
50
176
1
 90
50
176
1
 90
50
176
1
290
0
176
1
 90
50
176
1
 62
256
176
0
 40
1.0
176
0
 90
2
176
1
  1
strokes_ogs.tif
176
1
290
0
176
1
 40
1.0
176
1
 40
1.0
176
1
  0
VISUALSTYLE
  5
6D
102
{ACAD_REACTORS
330
16
102
}
330
16
100
AcDbVisualStyle
  2
Shaded with edges
 70
26
177
3
291
0
 70
58
 90
2
176
1
 90
2
176
1
 90
0
176
1
 90
2
176
1
 40
0.6
176
1
 40
30.0
176
1
 62
7
420
16777215
176
1
 90
1
176
1
 90
4
176
1
 62
7
176
1
 62
257
176
1
 90
1
176
1
 90
1
176
1
 40
1.0
176
1
 90
8
176
1
 62
7
176
1
 40
1.0
176
1
 90
1
176
1
 90
6
176
1
 90
2
176
1
 62
7
176
1
 90
5
176
1
 90
0
176
1
 90
0
176
1
290
0
176
1
 90
1
176
1
 40
0.0
176
1
 90
0
176
1
290
0
176
1
290
1
176
1
290
1
176
1
290
0
176
1
290
0
176
1
290
0
176
1
290
0
176
1
290
0
176
1
290
0
176
1
 90
50
176
1
 40
0.0
176
1
 40
1.0
176
1
 90
0
176
1
 62
18
420
0
176
1
 90
50
176
1
 90
3
176
1
 62
5
420
255
176
1
290
0
176
1
 90
50
176
1
 90
50
176
1
 90
50
176
1
290
0
176
1
 90
50
176
1
 62
256
176
0
 40
1.0
176
0
 90
2
176
1
  1
strokes_ogs.tif
176
1
290
0
176
1
 40
1.0
176
1
 40
1.0
176
1
  0
VISUALSTYLE
  5
6E
102
{ACAD_REACTORS
330
16
102
}
330
16
100
AcDbVisualStyle
  2
Shades of Gray
 70
23
177
3
291
0
 70
58
 90
2
176
1
 90
2
176
1
 90
0
176
1
 90
2
176
1
 40
0.6
176
1
 40
30.0
176
1
 62
7
420
16777215
176
1
 90
1
176
1
 90
4
176
1
 62
7
176
1
 62
257
176
1
 90
1
176
1
 90
1
176
1
 40
1.0
176
1
 90
8
176
1
 62
7
176
1
 40
1.0
176
1
 90
1
176
1
 90
6
176
1
 90
2
176
1
 62
7
176
1
 90
5
176
1
 90
0
176
1
 90
0
176
1
290
0
176
1
 90
1
176
1
 40
0.0
176
1
 90
0
176
1
290
0
176
1
290
1
176
1
290
1
176
1
290
0
176
1
290
0
176
1
290
0
176
1
290
0
176
1
290
0
176
1
290
0
176
1
 90
50
176
1
 40
0.0
176
1
 40
1.0
176
1
 90
0
176
1
 62
18
420
0
176
1
 90
50
176
1
 90
3
176
1
 62
5
420
255
176
1
290
0
176
1
 90
50
176
1
 90
50
176
1
 90
50
176
1
290
0
176
1
 90
50
176
1
 62
256
176
0
 40
1.0
176
0
 90
2
176
1
  1
strokes_ogs.tif
176
1
290
0
176
1
 40
1.0
176
1
 40
1.0
176
1
  0
VISUALSTYLE
  5
6F
102
{ACAD_REACTORS
330
16
102
}
330
16
100
AcDbVisualStyle
  2
Sketchy
 70
24
177
3
291
0
 70
58
 90
2
176
1
 90
2
176
1
 90
0
176
1
 90
1
176
1
 40
0.6
176
1
 40
30.0
176
1
 62
7
420
16777215
176
1
 90
1
176
1
 90
4
176
1
 62
7
176
1
 62
257
176
1
 90
1
176
1
 90
1
176
1
 40
1.0
176
1
 90
8
176
1
 62
7
176
1
 40
1.0
176
1
 90
1
176
1
 90
6
176
1
 90
2
176
1
 62
7
176
1
 90
5
176
1
 90
0
176
1
 90
0
176
1
290
0
176
1
 90
1
176
1
 40
0.0
176
1
 90
0
176
1
290
0
176
1
290
1
176
1
290
1
176
1
290
0
176
1
290
0
176
1
290
0
176
1
290
0
176
1
290
0
176
1
290
0
176
1
 90
50
176
1
 40
0.0
176
1
 40
1.0
176
1
 90
0
176
1
 62
18
420
0
176
1
 90
50
176
1
 90
3
176
1
 62
5
420
255
176
1
290
0
176
1
 90
50
176
1
 90
50
176
1
 90
50
176
1
290
0
176
1
 90
50
176
1
 62
256
176
0
 40
1.0
176
0
 90
2
176
1
  1
strokes_ogs.tif
176
1
290
0
176
1
 40
1.0
176
1
 40
1.0
176
1
  0
VISUALSTYLE
  5
70
102
{ACAD_REACTORS
330
16
102
}
330
16
100
AcDbVisualStyle
  2
Thicken
 70
13
177
3
291
1
 70
58
 90
2
176
1
 90
2
176
1
 90
0
176
1
 90
2
176
1
 40
0.6
176
1
 40
30.0
176
1
 62
7
420
16777215
176
1
 90
1
176
1
 90
4
176
1
 62
7
176
1
 62
257
176
1
 90
1
176
1
 90
1
176
1
 40
1.0
176
1
 90
8
176
1
 62
7
176
1
 40
1.0
176
1
 90
1
176
1
 90
6
176
1
 90
2
176
1
 62
7
176
1
 90
5
176
1
 90
0
176
1
 90
0
176
1
290
0
176
1
 90
1
176
1
 40
0.0
176
1
 90
0
176
1
290
0
176
1
290
1
176
1
290
1
176
1
290
0
176
1
290
0
176
1
290
0
176
1
290
0
176
1
290
0
176
1
290
0
176
1
 90
50
176
1
 40
0.0
176
1
 40
1.0
176
1
 90
0
176
1
 62
18
420
0
176
1
 90
50
176
1
 90
3
176
1
 62
5
420
255
176
1
290
0
176
1
 90
50
176
1
 90
50
176
1
 90
50
176
1
290
0
176
1
 90
50
176
1
 62
256
176
0
 40
1.0
176
0
 90
2
176
1
  1
strokes_ogs.tif
176
1
290
0
176
1
 40
1.0
176
1
 40
1.0
176
1
  0
VISUALSTYLE
  5
71
102
{ACAD_REACTORS
330
16
102
}
330
16
100
AcDbVisualStyle
  2
Wireframe
 70
5
177
3
291
0
 70
58
 90
2
176
1
 90
2
176
1
 90
0
176
1
 90
0
176
1
 40
0.6
176
1
 40
30.0
176
1
 62
7
420
16777215
176
1
 90
1
176
1
 90
4
176
1
 62
7
176
1
 62
257
176
1
 90
1
176
1
 90
1
176
1
 40
1.0
176
1
 90
8
176
1
 62
7
176
1
 40
1.0
176
1
 90
1
176
1
 90
6
176
1
 90
2
176
1
 62
7
176
1
 90
5
176
1
 90
0
176
1
 90
0
176
1
290
0
176
1
 90
1
176
1
 40
0.0
176
1
 90
0
176
1
290
0
176
1
290
1
176
1
290
1
176
1
290
0
176
1
290
0
176
1
290
0
176
1
290
0
176
1
290
0
176
1
290
0
176
1
 90
50
176
1
 40
0.0
176
1
 40
1.0
176
1
 90
0
176
1
 62
18
420
0
176
1
 90
50
176
1
 90
3
176
1
 62
5
420
255
176
1
290
0
176
1
 90
50
176
1
 90
50
176
1
 90
50
176
1
290
0
176
1
 90
50
176
1
 62
256
176
0
 40
1.0
176
0
 90
2
176
1
  1
strokes_ogs.tif
176
1
290
0
176
1
 40
1.0
176
1
 40
1.0
176
1
  0
VISUALSTYLE
  5
72
102
{ACAD_REACTORS
330
16
102
}
330
16
100
AcDbVisualStyle
  2
X-Ray
 70
25
177
3
291
0
 70
58
 90
2
176
1
 90
2
176
1
 90
0
176
1
 90
2
176
1
 40
0.5
176
1
 40
30.0
176
1
 62
7
420
16777215
176
1
 90
1
176
1
 90
4
176
1
 62
7
176
1
 62
257
176
1
 90
1
176
1
 90
1
176
1
 40
1.0
176
1
 90
8
176
1
 62
7
176
1
 40
1.0
176
1
 90
1
176
1
 90
6
176
1
 90
2
176
1
 62
7
176
1
 90
5
176
1
 90
0
176
1
 90
0
176
1
290
0
176
1
 90
1
176
1
 40
0.0
176
1
 90
0
176
1
290
0
176
1
290
1
176
1
290
1
176
1
290
0
176
1
290
0
176
1
290
0
176
1
290
0
176
1
290
0
176
1
290
0
176
1
 90
50
176
1
 40
0.0
176
1
 40
1.0
176
1
 90
0
176
1
 62
18
420
0
176
1
 90
50
176
1
 90
3
176
1
 62
5
420
255
176
1
290
0
176
1
 90
50
176
1
 90
50
176
1
 90
50
176
1
290
0
176
1
 90
50
176
1
 62
256
176
0
 40
1.0
176
0
 90
2
176
1
  1
strokes_ogs.tif
176
1
290
0
176
1
 40
1.0
176
1
 40
1.0
176
1
  0
DICTIONARYVAR
  5
89C
330
2D
100
DictionaryVariables
280
0
  1
1.4.4 @ 2026-07-04T03:25:02.417308+00:00
  0
ENDSEC
  0
EOF
