  0
SECTION
  2
HEADER
  9
$ACADVER
  1
AC1027
  9
$ACADMAINTVER
 70
105
  9
$DWGCODEPAGE
  3
ANSI_1252
  9
$LASTSAVEDBY
  1
ezdxf
  9
$REQUIREDVERSIONS
160
0
  9
$INSBASE
 10
0.0
 20
0.0
 30
0.0
  9
$EXTMIN
 10
1e+20
 20
1e+20
 30
1e+20
  9
$EXTMAX
 10
-1e+20
 20
-1e+20
 30
-1e+20
  9
$LIMMIN
 10
0.0
 20
0.0
  9
$LIMMAX
 10
420.0
 20
297.0
  9
$ORTHOMODE
 70
0
  9
$REGENMODE
 70
1
  9
$FILLMODE
 70
1
  9
$QTEXTMODE
 70
0
  9
$MIRRTEXT
 70
1
  9
$LTSCALE
 40
1.0
  9
$ATTMODE
 70
1
  9
$TEXTSIZE
 40
2.5
  9
$TRACEWID
 40
1.0
  9
$TEXTSTYLE
  7
OpenSans
  9
$CLAYER
  8
0
  9
$CELTYPE
  6
ByLayer
  9
$CECOLOR
 62
256
  9
$CELTSCALE
 40
1.0
  9
$DISPSILH
 70
0
  9
$DIMSCALE
 40
1.0
  9
$DIMASZ
 40
0.175
  9
$DIMEXO
 40
0.125
  9
$DIMDLI
 40
3.75
  9
$DIMRND
 40
0.0
  9
$DIMDLE
 40
0.0
  9
$DIMEXE
 40
0.375
  9
$DIMTP
 40
0.0
  9
$DIMTM
 40
0.0
  9
$DIMTXT
 40
0.25
  9
$DIMCEN
 40
2.5
  9
$DIMTSZ
 40
0.0
  9
$DIMTOL
 70
0
  9
$DIMLIM
 70
0
  9
$DIMTIH
 70
0
  9
$DIMTOH
 70
0
  9
$DIMSE1
 70
0
  9
$DIMSE2
 70
0
  9
$DIMTAD
 70
1
  9
$DIMZIN
 70
12
  9
$DIMBLK
  1
ARCHTICK
  9
$DIMASO
 70
1
  9
$DIMSHO
 70
1
  9
$DIMPOST
  1

  9
$DIMAPOST
  1

  9
$DIMALT
 70
0
  9
$DIMALTD
 70
3
  9
$DIMALTF
 40
0.03937007874
  9
$DIMLFAC
 40
100.0
  9
$DIMTOFL
 70
1
  9
$DIMTVP
 40
0.0
  9
$DIMTIX
 70
0
  9
$DIMSOXD
 70
0
  9
$DIMSAH
 70
0
  9
$DIMBLK1
  1

  9
$DIMBLK2
  1

  9
$DIMSTYLE
  2
EZDXF
  9
$DIMCLRD
 70
0
  9
$DIMCLRE
 70
0
  9
$DIMCLRT
 70
0
  9
$DIMTFAC
 40
0.5
  9
$DIMGAP
 40
0.1
  9
$DIMJUST
 70
0
  9
$DIMSD1
 70
0
  9
$DIMSD2
 70
0
  9
$DIMTOLJ
 70
0
  9
$DIMTZIN
 70
8
  9
$DIMALTZ
 70
0
  9
$DIMALTTZ
 70
0
  9
$DIMUPT
 70
1
  9
$DIMDEC
 70
2
  9
$DIMTDEC
 70
2
  9
$DIMALTU
 70
2
  9
$DIMALTTD
 70
3
  9
$DIMTXSTY
  7
OpenSansCondensed-Light
  9
$DIMAUNIT
 70
0
  9
$DIMADEC
 70
2
  9
$DIMALTRND
 40
0.0
  9
$DIMAZIN
 70
3
  9
$DIMDSEP
 70
46
  9
$DIMATFIT
 70
3
  9
$DIMFRAC
 70
0
  9
$DIMLDRBLK
  1

  9
$DIMLUNIT
 70
2
  9
$DIMLWD
 70
-2
  9
$DIMLWE
 70
-2
  9
$DIMTMOVE
 70
2
  9
$DIMFXL
 40
1.0
  9
$DIMFXLON
 70
0
  9
$DIMJOGANG
 40
0.785398163397
  9
$DIMTFILL
 70
0
  9
$DIMTFILLCLR
 70
0
  9
$DIMARCSYM
 70
0
  9
$DIMLTYPE
  6

  9
$DIMLTEX1
  6

  9
$DIMLTEX2
  6

  9
$DIMTXTDIRECTION
 70
0
  9
$LUNITS
 70
2
  9
$LUPREC
 70
4
  9
$SKETCHINC
 40
1.0
  9
$FILLETRAD
 40
10.0
  9
$AUNITS
 70
0
  9
$AUPREC
 70
2
  9
$MENU
  1
.
  9
$ELEVATION
 40
0.0
  9
$PELEVATION
 40
0.0
  9
$THICKNESS
 40
0.0
  9
$LIMCHECK
 70
0
  9
$CHAMFERA
 40
0.0
  9
$CHAMFERB
 40
0.0
  9
$CHAMFERC
 40
0.0
  9
$CHAMFERD
 40
0.0
  9
$SKPOLY
 70
0
  9
$TDCREATE
 40
2461230.019386574
  9
$TDUCREATE
 40
2458532.153996898
  9
$TDUPDATE
 40
2461230.019409722
  9
$TDUUPDATE
 40
2458532.1544311
  9
$TDINDWG
 40
0.0
  9
$TDUSRTIMER
 40
0.0
  9
$USRTIMER
 70
1
  9
$ANGBASE
 50
0.0
  9
$ANGDIR
 70
0
  9
$PDMODE
 70
0
  9
$PDSIZE
 40
0.0
  9
$PLINEWID
 40
0.0
  9
$SPLFRAME
 70
0
  9
$SPLINETYPE
 70
6
  9
$SPLINESEGS
 70
8
  9
$HANDSEED
  5
89D
  9
$SURFTAB1
 70
6
  9
$SURFTAB2
 70
6
  9
$SURFTYPE
 70
6
  9
$SURFU
 70
6
  9
$SURFV
 70
6
  9
$UCSBASE
  2

  9
$UCSNAME
  2

  9
$UCSORG
 10
0.0
 20
0.0
 30
0.0
  9
$UCSXDIR
 10
1.0
 20
0.0
 30
0.0
  9
$UCSYDIR
 10
0.0
 20
1.0
 30
0.0
  9
$UCSORTHOREF
  2

  9
$UCSORTHOVIEW
 70
0
  9
$UCSORGTOP
 10
0.0
 20
0.0
 30
0.0
  9
$UCSORGBOTTOM
 10
0.0
 20
0.0
 30
0.0
  9
$UCSORGLEFT
 10
0.0
 20
0.0
 30
0.0
  9
$UCSORGRIGHT
 10
0.0
 20
0.0
 30
0.0
  9
$UCSORGFRONT
 10
0.0
 20
0.0
 30
0.0
  9
$UCSORGBACK
 10
0.0
 20
0.0
 30
0.0
  9
$PUCSBASE
  2

  9
$PUCSNAME
  2

  9
$PUCSORG
 10
0.0
 20
0.0
 30
0.0
  9
$PUCSXDIR
 10
1.0
 20
0.0
 30
0.0
  9
$PUCSYDIR
 10
0.0
 20
1.0
 30
0.0
  9
$PUCSORTHOREF
  2

  9
$PUCSORTHOVIEW
 70
0
  9
$PUCSORGTOP
 10
0.0
 20
0.0
 30
0.0
  9
$PUCSORGBOTTOM
 10
0.0
 20
0.0
 30
0.0
  9
$PUCSORGLEFT
 10
0.0
 20
0.0
 30
0.0
  9
$PUCSORGRIGHT
 10
0.0
 20
0.0
 30
0.0
  9
$PUCSORGFRONT
 10
0.0
 20
0.0
 30
0.0
  9
$PUCSORGBACK
 10
0.0
 20
0.0
 30
0.0
  9
$USERI1
 70
0
  9
$USERI2
 70
0
  9
$USERI3
 70
0
  9
$USERI4
 70
0
  9
$USERI5
 70
0
  9
$USERR1
 40
0.0
  9
$USERR2
 40
0.0
  9
$USERR3
 40
0.0
  9
$USERR4
 40
0.0
  9
$USERR5
 40
0.0
  9
$WORLDVIEW
 70
1
  9
$SHADEDGE
 70
3
  9
$SHADEDIF
 70
70
  9
$TILEMODE
 70
1
  9
$MAXACTVP
 70
64
  9
$PINSBASE
 10
0.0
 20
0.0
 30
0.0
  9
$PLIMCHECK
 70
0
  9
$PEXTMIN
 10
1e+20
 20
1e+20
 30
1e+20
  9
$PEXTMAX
 10
-1e+20
 20
-1e+20
 30
-1e+20
  9
$PLIMMIN
 10
0.0
 20
0.0
  9
$PLIMMAX
 10
420.0
 20
297.0
  9
$UNITMODE
 70
0
  9
$VISRETAIN
 70
1
  9
$PLINEGEN
 70
0
  9
$PSLTSCALE
 70
1
  9
$TREEDEPTH
 70
3020
  9
$CMLSTYLE
  2
Standard
  9
$CMLJUST
 70
0
  9
$CMLSCALE
 40
20.0
  9
$PROXYGRAPHICS
 70
1
  9
$MEASUREMENT
 70
1
  9
$CELWEIGHT
370
-1
  9
$ENDCAPS
280
0
  9
$JOINSTYLE
280
0
  9
$LWDISPLAY
290
0
  9
$INSUNITS
 70
6
  9
$HYPERLINKBASE
  1

  9
$STYLESHEET
  1

  9
$XEDIT
290
1
  9
$CEPSNTYPE
380
0
  9
$PSTYLEMODE
290
1
  9
$FINGERPRINTGUID
  2
{6FA4AAEF-8CD0-47F7-B308-B3CCF925A5B3}
  9
$VERSIONGUID
  2
{B5258D2B-F75C-4D1B-BBAD-39772DD69C55}
  9
$EXTNAMES
290
1
  9
$PSVPSCALE
 40
0.0
  9
$OLESTARTUP
290
0
  9
$SORTENTS
280
127
  9
$INDEXCTL
280
0
  9
$HIDETEXT
280
1
  9
$XCLIPFRAME
280
1
  9
$HALOGAP
280
0
  9
$OBSCOLOR
 70
257
  9
$OBSLTYPE
280
0
  9
$INTERSECTIONDISPLAY
280
0
  9
$INTERSECTIONCOLOR
 70
257
  9
$DIMASSOC
280
2
  9
$PROJECTNAME
  1

  9
$CAMERADISPLAY
290
0
  9
$LENSLENGTH
 40
50.0
  9
$CAMERAHEIGHT
 40
0.0
  9
$STEPSPERSEC
 40
24.0
  9
$STEPSIZE
 40
100.0
  9
$3DDWFPREC
 40
2.0
  9
$PSOLWIDTH
 40
0.005
  9
$PSOLHEIGHT
 40
0.08
  9
$LOFTANG1
 40
1.570796326795
  9
$LOFTANG2
 40
1.570796326795
  9
$LOFTMAG1
 40
0.0
  9
$LOFTMAG2
 40
0.0
  9
$LOFTPARAM
 70
7
  9
$LOFTNORMALS
280
1
  9
$LATITUDE
 40
37.795
  9
$LONGITUDE
 40
-122.394
  9
$NORTHDIRECTION
 40
0.0
  9
$TIMEZONE
 70
-8000
  9
$LIGHTGLYPHDISPLAY
280
1
  9
$TILEMODELIGHTSYNCH
280
1
  9
$CMATERIAL
347
20
  9
$SOLIDHIST
280
0
  9
$SHOWHIST
280
1
  9
$DWFFRAME
280
2
  9
$DGNFRAME
280
2
  9
$REALWORLDSCALE
290
1
  9
$INTERFERECOLOR
 62
256
  9
$CSHADOW
280
0
  9
$SHADOWPLANELOCATION
 40
0.0
  0
ENDSEC
  0
SECTION
  2
CLASSES
  0
CLASS
  1
ACDBDICTIONARYWDFLT
  2
AcDbDictionaryWithDefault
  3
ObjectDBX Classes
 90
0
 91
0
280
0
281
0
  0
CLASS
  1
SUN
  2
AcDbSun
  3
SCENEOE
 90
1153
 91
0
280
0
281
0
  0
CLASS
  1
VISUALSTYLE
  2
AcDbVisualStyle
  3
ObjectDBX Classes
 90
4095
 91
0
280
0
281
0
  0
CLASS
  1
MATERIAL
  2
AcDbMaterial
  3
ObjectDBX Classes
 90
1153
 91
0
280
0
281
0
  0
CLASS
  1
SCALE
  2
AcDbScale
  3
ObjectDBX Classes
 90
1153
 91
0
280
0
281
0
  0
CLASS
  1
TABLESTYLE
  2
AcDbTableStyle
  3
ObjectDBX Classes
 90
4095
 91
0
280
0
281
0
  0
CLASS
  1
MLEADERSTYLE
  2
AcDbMLeaderStyle
  3
ACDB_MLEADERSTYLE_CLASS
 90
4095
 91
0
280
0
281
0
  0
CLASS
  1
DICTIONARYVAR
  2
AcDbDictionaryVar
  3
ObjectDBX Classes
 90
0
 91
0
280
0
281
0
  0
CLASS
  1
CELLSTYLEMAP
  2
AcDbCellStyleMap
  3
ObjectDBX Classes
 90
1152
 91
0
280
0
281
0
  0
CLASS
  1
MENTALRAYRENDERSETTINGS
  2
AcDbMentalRayRenderSettings
  3
SCENEOE
 90
1024
 91
0
280
0
281
0
  0
CLASS
  1
ACDBDETAILVIEWSTYLE
  2
AcDbDetailViewStyle
  3
ObjectDBX Classes
 90
1025
 91
0
280
0
281
0
  0
CLASS
  1
ACDBSECTIONVIEWSTYLE
  2
AcDbSectionViewStyle
  3
ObjectDBX Classes
 90
1025
 91
0
280
0
281
0
  0
CLASS
  1
RASTERVARIABLES
  2
AcDbRasterVariables
  3
ISM
 90
0
 91
0
280
0
281
0
  0
CLASS
  1
ACDBPLACEHOLDER
  2
AcDbPlaceHolder
  3
ObjectDBX Classes
 90
0
 91
0
280
0
281
0
  0
CLASS
  1
LAYOUT
  2
AcDbLayout
  3
ObjectDBX Classes
 90
0
 91
0
280
0
281
0
  0
ENDSEC
  0
SECTION
  2
TABLES
  0
TABLE
  2
VPORT
  5
8
330
0
100
AcDbSymbolTable
 70
1
  0
VPORT
  5
23
330
8
100
AcDbSymbolTableRecord
100
AcDbViewportTableRecord
  2
*Active
 70
0
 10
0.0
 20
0.0
 11
1.0
 21
1.0
 12
0.0
 22
0.0
 13
0.0
 23
0.0
 14
0.5
 24
0.5
 15
0.5
 25
0.5
 16
0.0
 26
0.0
 36
1.0
 17
0.0
 27
0.0
 37
0.0
 40
1000.0
 41
1.34
 42
50.0
 43
0.0
 44
0.0
 50
0.0
 51
0.0
 71
0
 72
1000
 73
1
 74
3
 75
0
 76
0
 77
0
 78
0
281
0
 65
0
146
0.0
  0
ENDTAB
  0
TABLE
  2
LTYPE
  5
2
330
0
100
AcDbSymbolTable
 70
22
  0
LTYPE
  5
24
330
2
100
AcDbSymbolTableRecord
100
AcDbLinetypeTableRecord
  2
ByBlock
 70
0
  3

 72
65
 73
0
 40
0.0
  0
LTYPE
  5
25
330
2
100
AcDbSymbolTableRecord
100
AcDbLinetypeTableRecord
  2
ByLayer
 70
0
  3

 72
65
 73
0
 40
0.0
  0
LTYPE
  5
26
330
2
100
AcDbSymbolTableRecord
100
AcDbLinetypeTableRecord
  2
Continuous
 70
0
  3

 72
65
 73
0
 40
0.0
  0
LTYPE
  5
2F
330
2
100
AcDbSymbolTableRecord
100
AcDbLinetypeTableRecord
  2
CENTER
 70
0
  3
Center ____ _ ____ _ ____ _ ____ _ ____ _ ____
 72
65
 73
4
 40
5.08
 49
3.175
 74
0
 49
-0.635
 74
0
 49
0.635
 74
0
 49
-0.635
 74
0
  0
LTYPE
  5
30
330
2
100
AcDbSymbolTableRecord
100
AcDbLinetypeTableRecord
  2
CENTERX2
 70
0
  3
Center (2x) ________  __  ________  __  ________
 72
65
 73
4
 40
8.89
 49
6.35
 74
0
 49
-0.635
 74
0
 49
1.27
 74
0
 49
-0.635
 74
0
  0
LTYPE
  5
31
330
2
100
AcDbSymbolTableRecord
100
AcDbLinetypeTableRecord
  2
CENTER2
 70
0
  3
Center (.5x) ____ _ ____ _ ____ _ ____ _ ____
 72
65
 73
4
 40
2.54
 49
1.587
 74
0
 49
-0.318
 74
0
 49
0.318
 74
0
 49
-0.318
 74
0
  0
LTYPE
  5
32
330
2
100
AcDbSymbolTableRecord
100
AcDbLinetypeTableRecord
  2
DASHED
 70
0
  3
Dashed __ __ __ __ __ __ __ __ __ __ __ __ __ _
 72
65
 73
2
 40
1.524
 49
1.27
 74
0
 49
-0.254
 74
0
  0
LTYPE
  5
33
330
2
100
AcDbSymbolTableRecord
100
AcDbLinetypeTableRecord
  2
DASHEDX2
 70
0
  3
Dashed (2x) ____  ____  ____  ____  ____  ____
 72
65
 73
2
 40
3.048
 49
2.54
 74
0
 49
-0.508
 74
0
  0
LTYPE
  5
34
330
2
100
AcDbSymbolTableRecord
100
AcDbLinetypeTableRecord
  2
DASHED2
 70
0
  3
Dashed (.5x) _ _ _ _ _ _ _ _ _ _ _ _ _ _
 72
65
 73
2
 40
0.762
 49
0.635
 74
0
 49
-0.127
 74
0
  0
LTYPE
  5
35
330
2
100
AcDbSymbolTableRecord
100
AcDbLinetypeTableRecord
  2
PHANTOM
 70
0
  3
Phantom ______  __  __  ______  __  __  ______
 72
65
 73
6
 40
6.35
 49
3.175
 74
0
 49
-0.635
 74
0
 49
0.635
 74
0
 49
-0.635
 74
0
 49
0.635
 74
0
 49
-0.635
 74
0
  0
LTYPE
  5
36
330
2
100
AcDbSymbolTableRecord
100
AcDbLinetypeTableRecord
  2
PHANTOMX2
 70
0
  3
Phantom (2x)____________    ____    ____    ____________
 72
65
 73
6
 40
10.795
 49
6.35
 74
0
 49
-0.635
 74
0
 49
1.27
 74
0
 49
-0.635
 74
0
 49
1.27
 74
0
 49
-0.635
 74
0
  0
LTYPE
  5
37
330
2
100
AcDbSymbolTableRecord
100
AcDbLinetypeTableRecord
  2
PHANTOM2
 70
0
  3
Phantom (.5x) ___ _ _ ___ _ _ ___ _ _ ___ _ _ ___
 72
65
 73
6
 40
3.175
 49
1.587
 74
0
 49
-0.318
 74
0
 49
0.318
 74
0
 49
-0.318
 74
0
 49
0.318
 74
0
 49
-0.318
 74
0
  0
LTYPE
  5
38
330
2
100
AcDbSymbolTableRecord
100
AcDbLinetypeTableRecord
  2
DASHDOT
 70
0
  3
Dash dot __ . __ . __ . __ . __ . __ . __ . __
 72
65
 73
4
 40
3.556
 49
2.54
 74
0
 49
-0.508
 74
0
 49
0.0
 74
0
 49
-0.508
 74
0
  0
LTYPE
  5
39
330
2
100
AcDbSymbolTableRecord
100
AcDbLinetypeTableRecord
  2
DASHDOTX2
 70
0
  3
Dash dot (2x) ____  .  ____  .  ____  .  ____
 72
65
 73
4
 40
6.096
 49
5.08
 74
0
 49
-0.508
 74
0
 49
0.0
 74
0
 49
-0.508
 74
0
  0
LTYPE
  5
3A
330
2
100
AcDbSymbolTableRecord
100
AcDbLinetypeTableRecord
  2
DASHDOT2
 70
0
  3
Dash dot (.5x) _ . _ . _ . _ . _ . _ . _ . _
 72
65
 73
4
 40
1.778
 49
1.27
 74
0
 49
-0.254
 74
0
 49
0.0
 74
0
 49
-0.254
 74
0
  0
LTYPE
  5
3B
330
2
100
AcDbSymbolTableRecord
100
AcDbLinetypeTableRecord
  2
DOT
 70
0
  3
Dot .  .  .  .  .  .  .  .  .  .  .  .  .  .  .  .
 72
65
 73
2
 40
0.508
 49
0.0
 74
0
 49
-0.508
 74
0
  0
LTYPE
  5
3C
330
2
100
AcDbSymbolTableRecord
100
AcDbLinetypeTableRecord
  2
DOTX2
 70
0
  3
Dot (2x) .    .    .    .    .    .    .    . 
 72
65
 73
2
 40
1.016
 49
0.0
 74
0
 49
-1.016
 74
0
  0
LTYPE
  5
3D
330
2
100
AcDbSymbolTableRecord
100
AcDbLinetypeTableRecord
  2
DOT2
 70
0
  3
Dot (.5) . . . . . . . . . . . . . . . . . . . 
 72
65
 73
2
 40
0.254
 49
0.0
 74
0
 49
-0.254
 74
0
  0
LTYPE
  5
3E
330
2
100
AcDbSymbolTableRecord
100
AcDbLinetypeTableRecord
  2
DIVIDE
 70
0
  3
Divide __ . . __ . . __ . . __ . . __ . . __
 72
65
 73
6
 40
4.064
 49
2.54
 74
0
 49
-0.508
 74
0
 49
0.0
 74
0
 49
-0.508
 74
0
 49
0.0
 74
0
 49
-0.508
 74
0
  0
LTYPE
  5
3F
330
2
100
AcDbSymbolTableRecord
100
AcDbLinetypeTableRecord
  2
DIVIDEX2
 70
0
  3
Divide (2x) ____  . .  ____  . .  ____  . .  ____
 72
65
 73
6
 40
6.604
 49
5.08
 74
0
 49
-0.508
 74
0
 49
0.0
 74
0
 49
-0.508
 74
0
 49
0.0
 74
0
 49
-0.508
 74
0
  0
LTYPE
  5
40
330
2
100
AcDbSymbolTableRecord
100
AcDbLinetypeTableRecord
  2
DIVIDE2
 70
0
  3
Divide(.5x) _ . _ . _ . _ . _ . _ . _ . _
 72
65
 73
6
 40
2.032
 49
1.27
 74
0
 49
-0.254
 74
0
 49
0.0
 74
0
 49
-0.254
 74
0
 49
0.0
 74
0
 49
-0.254
 74
0
  0
ENDTAB
  0
TABLE
  2
LAYER
  5
1
330
0
100
AcDbSymbolTable
 70
17
  0
LAYER
  5
27
330
1
100
AcDbSymbolTableRecord
100
AcDbLayerTableRecord
  2
0
 70
0
 62
7
  6
Continuous
370
-3
390
13
347
21
  0
LAYER
  5
28
330
1
100
AcDbSymbolTableRecord
100
AcDbLayerTableRecord
  2
Defpoints
 70
0
 62
7
  6
Continuous
290
0
370
-3
390
13
347
21
  0
LAYER
  5
8D
330
1
100
AcDbSymbolTableRecord
100
AcDbLayerTableRecord
  2
OUTLINE
 70
0
 62
7
  6
CONTINUOUS
370
50
390
13
347
21
  0
LAYER
  5
8E
330
1
100
AcDbSymbolTableRecord
100
AcDbLayerTableRecord
  2
HOLE
 70
0
 62
7
  6
CONTINUOUS
370
50
390
13
347
21
  0
LAYER
  5
8F
330
1
100
AcDbSymbolTableRecord
100
AcDbLayerTableRecord
  2
CENTER
 70
0
 62
1
  6
CENTER
370
18
390
13
347
21
  0
LAYER
  5
90
330
1
100
AcDbSymbolTableRecord
100
AcDbLayerTableRecord
  2
HIDDEN
 70
0
 62
4
  6
HIDDEN
370
25
390
13
347
21
  0
LAYER
  5
91
330
1
100
AcDbSymbolTableRecord
100
AcDbLayerTableRecord
  2
DIM
 70
0
 62
2
  6
CONTINUOUS
370
18
390
13
347
21
  0
LAYER
  5
92
330
1
100
AcDbSymbolTableRecord
100
AcDbLayerTableRecord
  2
LEADER
 70
0
 62
2
  6
CONTINUOUS
370
18
390
13
347
21
  0
LAYER
  5
93
330
1
100
AcDbSymbolTableRecord
100
AcDbLayerTableRecord
  2
FRAME
 70
0
 62
7
  6
CONTINUOUS
370
13
390
13
347
21
  0
LAYER
  5
94
330
1
100
AcDbSymbolTableRecord
100
AcDbLayerTableRecord
  2
TITLE
 70
0
 62
7
  6
CONTINUOUS
370
13
390
13
347
21
  0
LAYER
  5
95
330
1
100
AcDbSymbolTableRecord
100
AcDbLayerTableRecord
  2
TEXT
 70
0
 62
7
  6
CONTINUOUS
370
13
390
13
347
21
  0
LAYER
  5
96
330
1
100
AcDbSymbolTableRecord
100
AcDbLayerTableRecord
  2
TECH
 70
0
 62
5
  6
CONTINUOUS
370
13
390
13
347
21
  0
LAYER
  5
97
330
1
100
AcDbSymbolTableRecord
100
AcDbLayerTableRecord
  2
BOM
 70
0
 62
7
  6
CONTINUOUS
370
13
390
13
347
21
  0
LAYER
  5
98
330
1
100
AcDbSymbolTableRecord
100
AcDbLayerTableRecord
  2
SECTION
 70
0
 62
1
  6
CONTINUOUS
370
18
390
13
347
21
  0
LAYER
  5
263
330
1
100
AcDbSymbolTableRecord
100
AcDbLayerTableRecord
  2
图框
 70
0
 62
7
  6
Continuous
370
-3
390
F
347
1DBB
  0
LAYER
  5
264
330
1
100
AcDbSymbolTableRecord
100
AcDbLayerTableRecord
  2
注释
 70
0
 62
5
  6
Continuous
370
-3
390
F
347
1DBB
  0
LAYER
  5
265
330
1
100
AcDbSymbolTableRecord
100
AcDbLayerTableRecord
  2
明细栏
 70
0
 62
4
  6
Continuous
370
-3
390
F
347
1DBB
  0
ENDTAB
  0
TABLE
  2
STYLE
  5
5
330
0
100
AcDbSymbolTable
 70
32
  0
STYLE
  5
29
330
5
100
AcDbSymbolTableRecord
100
AcDbTextStyleTableRecord
  2
Standard
 70
0
 40
0.0
 41
1.0
 50
0.0
 71
0
 42
2.5
  3
txt
  4

  0
STYLE
  5
41
330
5
100
AcDbSymbolTableRecord
100
AcDbTextStyleTableRecord
  2
OpenSans-Light
 70
0
 40
0.0
 41
1.0
 50
0.0
 71
0
 42
2.5
  3
OpenSans-Light.ttf
  4

  0
STYLE
  5
42
330
5
100
AcDbSymbolTableRecord
100
AcDbTextStyleTableRecord
  2
OpenSans-Light-Italic
 70
0
 40
0.0
 41
1.0
 50
0.0
 71
0
 42
2.5
  3
OpenSans-LightItalic.ttf
  4

  0
STYLE
  5
43
330
5
100
AcDbSymbolTableRecord
100
AcDbTextStyleTableRecord
  2
OpenSans
 70
0
 40
0.0
 41
1.0
 50
0.0
 71
0
 42
2.5
  3
OpenSans-Regular.ttf
  4

  0
STYLE
  5
44
330
5
100
AcDbSymbolTableRecord
100
AcDbTextStyleTableRecord
  2
OpenSans-Italic
 70
0
 40
0.0
 41
1.0
 50
0.0
 71
0
 42
2.5
  3
OpenSans-Italic.ttf
  4

  0
STYLE
  5
45
330
5
100
AcDbSymbolTableRecord
100
AcDbTextStyleTableRecord
  2
OpenSans-SemiBold
 70
0
 40
0.0
 41
1.0
 50
0.0
 71
0
 42
2.5
  3
OpenSans-SemiBold.ttf
  4

  0
STYLE
  5
46
330
5
100
AcDbSymbolTableRecord
100
AcDbTextStyleTableRecord
  2
OpenSans-SemiBoldItalic
 70
0
 40
0.0
 41
1.0
 50
0.0
 71
0
 42
2.5
  3
OpenSans-SemiBoldItalic.ttf
  4

  0
STYLE
  5
47
330
5
100
AcDbSymbolTableRecord
100
AcDbTextStyleTableRecord
  2
OpenSans-Bold
 70
0
 40
0.0
 41
1.0
 50
0.0
 71
0
 42
2.5
  3
OpenSans-Bold.ttf
  4

  0
STYLE
  5
48
330
5
100
AcDbSymbolTableRecord
100
AcDbTextStyleTableRecord
  2
OpenSans-BoldItalic
 70
0
 40
0.0
 41
1.0
 50
0.0
 71
0
 42
2.5
  3
OpenSans-BoldItalic.ttf
  4

  0
STYLE
  5
49
330
5
100
AcDbSymbolTableRecord
100
AcDbTextStyleTableRecord
  2
OpenSans-ExtraBold
 70
0
 40
0.0
 41
1.0
 50
0.0
 71
0
 42
2.5
  3
OpenSans-ExtraBold.ttf
  4

  0
STYLE
  5
4A
330
5
100
AcDbSymbolTableRecord
100
AcDbTextStyleTableRecord
  2
OpenSans-ExtraBoldItalic
 70
0
 40
0.0
 41
1.0
 50
0.0
 71
0
 42
2.5
  3
OpenSans-ExtraBoldItalic.ttf
  4

  0
STYLE
  5
4B
330
5
100
AcDbSymbolTableRecord
100
AcDbTextStyleTableRecord
  2
OpenSansCondensed-Bold
 70
0
 40
0.0
 41
1.0
 50
0.0
 71
0
 42
2.5
  3
OpenSansCondensed-Bold.ttf
  4

  0
STYLE
  5
4C
330
5
100
AcDbSymbolTableRecord
100
AcDbTextStyleTableRecord
  2
OpenSansCondensed-Light
 70
0
 40
0.0
 41
1.0
 50
0.0
 71
0
 42
2.5
  3
OpenSansCondensed-Light.ttf
  4

  0
STYLE
  5
4D
330
5
100
AcDbSymbolTableRecord
100
AcDbTextStyleTableRecord
  2
OpenSansCondensed-Italic
 70
0
 40
0.0
 41
1.0
 50
0.0
 71
0
 42
2.5
  3
OpenSansCondensed-LightItalic.ttf
  4

  0
STYLE
  5
4E
330
5
100
AcDbSymbolTableRecord
100
AcDbTextStyleTableRecord
  2
LiberationSans
 70
0
 40
0.0
 41
1.0
 50
0.0
 71
0
 42
2.5
  3
LiberationSans-Regular.ttf
  4

  0
STYLE
  5
4F
330
5
100
AcDbSymbolTableRecord
100
AcDbTextStyleTableRecord
  2
LiberationSans-Bold
 70
0
 40
0.0
 41
1.0
 50
0.0
 71
0
 42
2.5
  3
LiberationSans-Bold.ttf
  4

  0
STYLE
  5
50
330
5
100
AcDbSymbolTableRecord
100
AcDbTextStyleTableRecord
  2
LiberationSans-BoldItalic
 70
0
 40
0.0
 41
1.0
 50
0.0
 71
0
 42
2.5
  3
LiberationSans-BoldItalic.ttf
  4

  0
STYLE
  5
51
330
5
100
AcDbSymbolTableRecord
100
AcDbTextStyleTableRecord
  2
LiberationSans-Italic
 70
0
 40
0.0
 41
1.0
 50
0.0
 71
0
 42
2.5
  3
LiberationSans-Italic.ttf
  4

  0
STYLE
  5
52
330
5
100
AcDbSymbolTableRecord
100
AcDbTextStyleTableRecord
  2
LiberationSerif
 70
0
 40
0.0
 41
1.0
 50
0.0
 71
0
 42
2.5
  3
LiberationSerif-Regular.ttf
  4

  0
STYLE
  5
53
330
5
100
AcDbSymbolTableRecord
100
AcDbTextStyleTableRecord
  2
LiberationSerif-Bold
 70
0
 40
0.0
 41
1.0
 50
0.0
 71
0
 42
2.5
  3
LiberationSerif-Bold.ttf
  4

  0
STYLE
  5
54
330
5
100
AcDbSymbolTableRecord
100
AcDbTextStyleTableRecord
  2
LiberationSerif-BoldItalic
 70
0
 40
0.0
 41
1.0
 50
0.0
 71
0
 42
2.5
  3
LiberationSerif-BoldItalic.ttf
  4

  0
STYLE
  5
55
330
5
100
AcDbSymbolTableRecord
100
AcDbTextStyleTableRecord
  2
LiberationSerif-Italic
 70
0
 40
0.0
 41
1.0
 50
0.0
 71
0
 42
2.5
  3
LiberationSerif-Italic.ttf
  4

  0
STYLE
  5
56
330
5
100
AcDbSymbolTableRecord
100
AcDbTextStyleTableRecord
  2
LiberationMono
 70
0
 40
0.0
 41
1.0
 50
0.0
 71
0
 42
2.5
  3
LiberationMono-Regular.ttf
  4

  0
STYLE
  5
57
330
5
100
AcDbSymbolTableRecord
100
AcDbTextStyleTableRecord
  2
LiberationMono-Bold
 70
0
 40
0.0
 41
1.0
 50
0.0
 71
0
 42
2.5
  3
LiberationMono-Bold.ttf
  4

  0
STYLE
  5
58
330
5
100
AcDbSymbolTableRecord
100
AcDbTextStyleTableRecord
  2
LiberationMono-BoldItalic
 70
0
 40
0.0
 41
1.0
 50
0.0
 71
0
 42
2.5
  3
LiberationMono-BoldItalic.ttf
  4

  0
STYLE
  5
59
330
5
100
AcDbSymbolTableRecord
100
AcDbTextStyleTableRecord
  2
LiberationMono-Italic
 70
0
 40
0.0
 41
1.0
 50
0.0
 71
0
 42
2.5
  3
LiberationMono-Italic.ttf
  4

  0
STYLE
  5
8A
330
5
100
AcDbSymbolTableRecord
100
AcDbTextStyleTableRecord
  2
SimSun
 70
0
 40
0.0
 41
1.0
 50
0.0
 71
0
 42
2.5
  3
simsun.ttc
  4

  0
STYLE
  5
8B
330
5
100
AcDbSymbolTableRecord
100
AcDbTextStyleTableRecord
  2
txt
 70
0
 40
0.0
 41
1.0
 50
0.0
 71
0
 42
2.5
  3
txt.shx
  4

  0
STYLE
  5
266
330
5
100
AcDbSymbolTableRecord
100
AcDbTextStyleTableRecord
  2
汉字专用
 70
0
 40
0.0
 41
0.8
 50
0.0
 71
0
 42
0.2
  3

  4

  0
STYLE
  5
267
330
5
100
AcDbSymbolTableRecord
100
AcDbTextStyleTableRecord
  2
图框
 70
0
 40
0.0
 41
0.8
 50
0.0
 71
0
 42
3.0
  3
complex.shx
  4

  0
STYLE
  5
268
330
5
100
AcDbSymbolTableRecord
100
AcDbTextStyleTableRecord
  2
ISO Proportional
 70
0
 40
0.0
 41
1.0
 50
0.0
 71
0
 42
2.5
  3
isocp.shx
  4

  0
STYLE
  5
269
330
5
100
AcDbSymbolTableRecord
100
AcDbTextStyleTableRecord
  2
字母和汉字
 70
0
 40
0.0
 41
0.8
 50
0.0
 71
0
 42
0.2
  3
arial.ttf
  4

  0
ENDTAB
  0
TABLE
  2
VIEW
  5
7
330
0
100
AcDbSymbolTable
 70
0
  0
ENDTAB
  0
TABLE
  2
UCS
  5
6
330
0
100
AcDbSymbolTable
 70
0
  0
ENDTAB
  0
TABLE
  2
APPID
  5
3
330
0
100
AcDbSymbolTable
 70
3
  0
APPID
  5
2A
330
3
100
AcDbSymbolTableRecord
100
AcDbRegAppTableRecord
  2
ACAD
 70
0
  0
APPID
  5
89A
330
3
100
AcDbSymbolTableRecord
100
AcDbRegAppTableRecord
  2
HATCHBACKGROUNDCOLOR
 70
0
  0
APPID
  5
89B
330
3
100
AcDbSymbolTableRecord
100
AcDbRegAppTableRecord
  2
EZDXF
 70
0
  0
ENDTAB
  0
TABLE
  2
DIMSTYLE
  5
4
330
0
100
AcDbSymbolTable
 70
13
100
AcDbDimStyleTable
  0
DIMSTYLE
105
2B
330
4
100
AcDbSymbolTableRecord
100
AcDbDimStyleTableRecord
  2
Standard
 70
0
 40
1.0
 41
2.5
 42
0.625
 43
3.75
 44
1.25
 45
0.0
 46
0.0
 47
0.0
 48
0.0
 49
2.5
140
2.5
141
2.5
142
0.0
143
0.03937007874
144
1.0
145
0.0
146
1.0
147
0.625
148
0.0
 69
0
 70
0
 71
0
 72
0
 73
0
 74
0
 75
0
 76
0
 77
1
 78
8
 79
3
170
0
171
3
172
1
173
0
174
0
175
0
176
0
177
0
178
0
179
2
271
2
272
2
273
2
274
3
275
0
276
0
277
2
278
44
279
0
280
0
281
0
282
0
283
0
284
8
285
0
286
0
288
0
289
3
290
0
371
-2
372
-2
  0
DIMSTYLE
105
73
330
4
100
AcDbSymbolTableRecord
100
AcDbDimStyleTableRecord
  2
EZDXF
 70
0
 40
1.0
 41
0.175
 42
0.125
 43
3.75
 44
0.375
 45
0.0
 46
0.0
 47
0.0
 48
0.0
 49
2.5
140
0.25
141
2.5
142
0.0
143
0.03937007874
144
100.0
145
0.0
146
0.5
147
0.1
148
0.0
 69
0
 70
0
 71
0
 72
0
 73
0
 74
0
 75
0
 76
0
 77
1
 78
12
 79
3
170
0
171
3
172
1
173
0
174
0
175
0
176
0
177
0
178
0
179
2
271
2
272
2
273
2
274
3
275
0
276
0
277
2
278
46
279
2
280
0
281
0
282
0
283
0
284
8
285
0
286
0
288
1
289
3
290
0
340
4C
342
74
371
-2
372
-2
  0
DIMSTYLE
105
7C
330
4
100
AcDbSymbolTableRecord
100
AcDbDimStyleTableRecord
  2
EZ_M_100_H25_CM
 70
0
 40
1.0
 41
0.25
 42
0.125
 43
3.75
 44
0.375
 45
0.0
 46
0.0
 47
0.0
 48
0.0
 49
2.5
140
0.25
141
2.5
142
0.125
143
0.03937007874
144
100.0
145
0.0
146
0.5
147
0.1
148
0.0
 69
0
 70
0
 71
0
 72
0
 73
0
 74
0
 75
0
 76
0
 77
1
 78
12
 79
3
170
0
171
3
172
1
173
0
174
0
175
0
176
0
177
0
178
0
179
2
271
2
272
2
273
2
274
3
275
0
276
0
277
2
278
46
279
2
280
0
281
0
282
0
283
0
284
8
285
0
286
0
288
1
289
3
290
0
340
4C
371
-2
372
-2
  0
DIMSTYLE
105
7D
330
4
100
AcDbSymbolTableRecord
100
AcDbDimStyleTableRecord
  2
EZ_M_50_H25_CM
 70
0
 40
1.0
 41
0.125
 42
0.0625
 43
3.75
 44
0.1875
 45
0.0
 46
0.0
 47
0.0
 48
0.0
 49
2.5
140
0.125
141
2.5
142
0.0625
143
0.03937007874
144
100.0
145
0.0
146
0.5
147
0.05
148
0.0
 69
0
 70
0
 71
0
 72
0
 73
0
 74
0
 75
0
 76
0
 77
1
 78
12
 79
3
170
0
171
3
172
1
173
0
174
0
175
0
176
0
177
0
178
0
179
2
271
2
272
2
273
2
274
3
275
0
276
0
277
2
278
46
279
2
280
0
281
0
282
0
283
0
284
8
285
0
286
0
288
1
289
3
290
0
340
4C
371
-2
372
-2
  0
DIMSTYLE
105
7E
330
4
100
AcDbSymbolTableRecord
100
AcDbDimStyleTableRecord
  2
EZ_M_25_H25_CM
 70
0
 40
1.0
 41
0.0625
 42
0.03125
 43
3.75
 44
0.09375
 45
0.0
 46
0.0
 47
0.0
 48
0.0
 49
2.5
140
0.0625
141
2.5
142
0.03125
143
0.03937007874
144
100.0
145
0.0
146
0.5
147
0.025
148
0.0
 69
0
 70
0
 71
0
 72
0
 73
0
 74
0
 75
0
 76
0
 77
1
 78
12
 79
3
170
0
171
3
172
1
173
0
174
0
175
0
176
0
177
0
178
0
179
2
271
2
272
2
273
2
274
3
275
0
276
0
277
2
278
46
279
2
280
0
281
0
282
0
283
0
284
8
285
0
286
0
288
1
289
3
290
0
340
4C
371
-2
372
-2
  0
DIMSTYLE
105
7F
330
4
100
AcDbSymbolTableRecord
100
AcDbDimStyleTableRecord
  2
EZ_M_20_H25_CM
 70
0
 40
1.0
 41
0.05
 42
0.025
 43
3.75
 44
0.07500000000000001
 45
0.0
 46
0.0
 47
0.0
 48
0.0
 49
2.5
140
0.05
141
2.5
142
0.025
143
0.03937007874
144
100.0
145
0.0
146
0.5
147
0.020000000000000004
148
0.0
 69
0
 70
0
 71
0
 72
0
 73
0
 74
0
 75
0
 76
0
 77
1
 78
12
 79
3
170
0
171
3
172
1
173
0
174
0
175
0
176
0
177
0
178
0
179
2
271
2
272
2
273
2
274
3
275
0
276
0
277
2
278
46
279
2
280
0
281
0
282
0
283
0
284
8
285
0
286
0
288
1
289
3
290
0
340
4C
371
-2
372
-2
  0
DIMSTYLE
105
80
330
4
100
AcDbSymbolTableRecord
100
AcDbDimStyleTableRecord
  2
EZ_M_10_H25_CM
 70
0
 40
1.0
 41
0.025
 42
0.0125
 43
3.75
 44
0.037500000000000006
 45
0.0
 46
0.0
 47
0.0
 48
0.0
 49
2.5
140
0.025
141
2.5
142
0.0125
143
0.03937007874
144
100.0
145
0.0
146
0.5
147
0.010000000000000002
148
0.0
 69
0
 70
0
 71
0
 72
0
 73
0
 74
0
 75
0
 76
0
 77
1
 78
12
 79
3
170
0
171
3
172
1
173
0
174
0
175
0
176
0
177
0
178
0
179
2
271
2
272
2
273
2
274
3
275
0
276
0
277
2
278
46
279
2
280
0
281
0
282
0
283
0
284
8
285
0
286
0
288
1
289
3
290
0
340
4C
371
-2
372
-2
  0
DIMSTYLE
105
81
330
4
100
AcDbSymbolTableRecord
100
AcDbDimStyleTableRecord
  2
EZ_M_5_H25_CM
 70
0
 40
1.0
 41
0.0125
 42
0.00625
 43
3.75
 44
0.018750000000000003
 45
0.0
 46
0.0
 47
0.0
 48
0.0
 49
2.5
140
0.0125
141
2.5
142
0.00625
143
0.03937007874
144
100.0
145
0.0
146
0.5
147
0.005000000000000001
148
0.0
 69
0
 70
0
 71
0
 72
0
 73
0
 74
0
 75
0
 76
0
 77
1
 78
12
 79
3
170
0
171
3
172
1
173
0
174
0
175
0
176
0
177
0
178
0
179
2
271
2
272
2
273
2
274
3
275
0
276
0
277
2
278
46
279
2
280
0
281
0
282
0
283
0
284
8
285
0
286
0
288
1
289
3
290
0
340
4C
371
-2
372
-2
  0
DIMSTYLE
105
82
330
4
100
AcDbSymbolTableRecord
100
AcDbDimStyleTableRecord
  2
EZ_M_1_H25_CM
 70
0
 40
1.0
 41
0.0025
 42
0.00125
 43
3.75
 44
0.00375
 45
0.0
 46
0.0
 47
0.0
 48
0.0
 49
2.5
140
0.0025
141
2.5
142
0.00125
143
0.03937007874
144
100.0
145
0.0
146
0.5
147
0.001
148
0.0
 69
0
 70
0
 71
0
 72
0
 73
0
 74
0
 75
0
 76
0
 77
1
 78
12
 79
3
170
0
171
3
172
1
173
0
174
0
175
0
176
0
177
0
178
0
179
2
271
2
272
2
273
2
274
3
275
0
276
0
277
2
278
46
279
2
280
0
281
0
282
0
283
0
284
8
285
0
286
0
288
1
289
3
290
0
340
4C
371
-2
372
-2
  0
DIMSTYLE
105
83
330
4
100
AcDbSymbolTableRecord
100
AcDbDimStyleTableRecord
  2
EZ_RADIUS
 70
0
 40
1.0
 41
0.25
 42
0.125
 43
3.75
 44
0.375
 45
0.0
 46
0.0
 47
0.0
 48
0.0
 49
2.5
140
0.25
141
0.0
142
0.0
143
0.03937007874
144
100.0
145
0.0
146
0.5
147
0.1
148
0.0
 69
0
 70
0
 71
0
 72
0
 73
0
 74
0
 75
0
 76
0
 77
1
 78
12
 79
3
170
0
171
3
172
0
173
0
174
0
175
0
176
0
177
0
178
0
179
2
271
2
272
2
273
2
274
3
275
0
276
0
277
2
278
46
279
1
280
0
281
0
282
0
283
0
284
8
285
0
286
0
288
1
289
3
290
0
340
4C
342
84
371
-2
372
-2
  0
DIMSTYLE
105
88
330
4
100
AcDbSymbolTableRecord
100
AcDbDimStyleTableRecord
  2
EZ_RADIUS_INSIDE
 70
0
 40
1.0
 41
0.25
 42
0.125
 43
3.75
 44
0.375
 45
0.0
 46
0.0
 47
0.0
 48
0.0
 49
2.5
140
0.25
141
0.0
142
0.0
143
0.03937007874
144
100.0
145
0.0
146
0.5
147
0.1
148
0.0
 69
0
 70
0
 71
0
 72
0
 73
0
 74
0
 75
0
 76
0
 77
0
 78
12
 79
3
170
0
171
3
172
0
173
0
174
1
175
0
176
0
177
0
178
0
179
2
271
2
272
2
273
2
274
3
275
0
276
0
277
2
278
46
279
0
280
0
281
0
282
0
283
0
284
8
285
0
286
0
288
1
289
0
290
0
340
4C
342
84
371
-2
372
-2
  0
DIMSTYLE
105
89
330
4
100
AcDbSymbolTableRecord
100
AcDbDimStyleTableRecord
  2
EZ_CURVED
 70
0
 40
1.0
 41
0.25
 42
0.125
 43
3.75
 44
0.375
 45
0.0
 46
0.0
 47
0.0
 48
0.0
 49
2.5
140
0.25
141
2.5
142
0.0
143
0.03937007874
144
100.0
145
0.0
146
0.5
147
0.1
148
0.0
 69
0
 70
0
 71
0
 72
0
 73
0
 74
0
 75
0
 76
0
 77
1
 78
12
 79
2
 90
2
170
0
171
3
172
1
173
0
174
0
175
0
176
0
177
0
178
0
179
2
271
2
272
2
273
2
274
3
275
0
276
0
277
2
278
46
279
2
280
0
281
0
282
0
283
0
284
8
285
0
286
0
288
1
289
3
290
0
340
4C
371
-2
372
-2
  0
DIMSTYLE
105
99
330
4
100
AcDbSymbolTableRecord
100
AcDbDimStyleTableRecord
  2
GB_DIM
 70
0
 40
1.0
 41
2.5
 42
1.0
 43
3.75
 44
2.0
 45
0.0
 46
0.0
 47
0.0
 48
0.0
 49
2.5
140
3.5
141
2.5
142
0.0
143
0.03937007874
144
1.0
145
0.0
146
1.0
147
1.0
148
0.0
 69
0
 70
0
 71
0
 72
0
 73
0
 74
0
 75
0
 76
0
 77
1
 78
12
 79
3
170
0
171
3
172
1
173
0
174
0
175
0
176
2
177
2
178
7
179
0
271
1
272
2
273
2
274
3
275
0
276
0
277
2
278
46
279
2
280
0
281
0
282
0
283
0
284
8
285
0
286
0
288
1
289
3
290
0
340
8A
342
74
371
-2
372
-2
  0
ENDTAB
  0
TABLE
  2
BLOCK_RECORD
  5
9
330
0
100
AcDbSymbolTable
 70
58
  0
BLOCK_RECORD
  5
17
330
9
100
AcDbSymbolTableRecord
100
AcDbBlockTableRecord
  2
*Model_Space
340
1A
 70
0
280
1
281
0
  0
BLOCK_RECORD
  5
1B
330
9
100
AcDbSymbolTableRecord
100
AcDbBlockTableRecord
  2
*Paper_Space
340
1E
 70
0
280
1
281
0
  0
BLOCK_RECORD
  5
74
330
9
100
AcDbSymbolTableRecord
100
AcDbBlockTableRecord
  2
_ARCHTICK
340
0
 70
0
280
1
281
0
  0
BLOCK_RECORD
  5
78
330
9
100
AcDbSymbolTableRecord
100
AcDbBlockTableRecord
  2
_CLOSEDFILLED
340
0
 70
0
280
1
281
0
  0
BLOCK_RECORD
  5
84
330
9
100
AcDbSymbolTableRecord
100
AcDbBlockTableRecord
  2
_CLOSEDBLANK
340
0
 70
0
280
1
281
0
  0
BLOCK_RECORD
  5
24E
330
9
100
AcDbSymbolTableRecord
100
AcDbBlockTableRecord
  2
A$C7B1938C3
340
0
 70
0
280
1
281
0
  0
BLOCK_RECORD
  5
254
330
9
100
AcDbSymbolTableRecord
100
AcDbBlockTableRecord
  2
A$C168412EF
340
0
 70
0
280
1
281
0
  0
BLOCK_RECORD
  5
4A8
330
9
100
AcDbSymbolTableRecord
100
AcDbBlockTableRecord
  2
*D1
340
0
 70
0
280
1
281
0
  0
BLOCK_RECORD
  5
4B7
330
9
100
AcDbSymbolTableRecord
100
AcDbBlockTableRecord
  2
*D2
340
0
 70
0
280
1
281
0
  0
BLOCK_RECORD
  5
4E2
330
9
100
AcDbSymbolTableRecord
100
AcDbBlockTableRecord
  2
*D3
340
0
 70
0
280
1
281
0
  0
BLOCK_RECORD
  5
4F1
330
9
100
AcDbSymbolTableRecord
100
AcDbBlockTableRecord
  2
*D4
340
0
 70
0
280
1
281
0
  0
BLOCK_RECORD
  5
500
330
9
100
AcDbSymbolTableRecord
100
AcDbBlockTableRecord
  2
*D5
340
0
 70
0
280
1
281
0
  0
BLOCK_RECORD
  5
50F
330
9
100
AcDbSymbolTableRecord
100
AcDbBlockTableRecord
  2
*D6
340
0
 70
0
280
1
281
0
  0
BLOCK_RECORD
  5
51E
330
9
100
AcDbSymbolTableRecord
100
AcDbBlockTableRecord
  2
*D7
340
0
 70
0
280
1
281
0
  0
BLOCK_RECORD
  5
52D
330
9
100
AcDbSymbolTableRecord
100
AcDbBlockTableRecord
  2
*D8
340
0
 70
0
280
1
281
0
  0
BLOCK_RECORD
  5
53C
330
9
100
AcDbSymbolTableRecord
100
AcDbBlockTableRecord
  2
*D9
340
0
 70
0
280
1
281
0
  0
BLOCK_RECORD
  5
54B
330
9
100
AcDbSymbolTableRecord
100
AcDbBlockTableRecord
  2
*D10
340
0
 70
0
280
1
281
0
  0
BLOCK_RECORD
  5
55A
330
9
100
AcDbSymbolTableRecord
100
AcDbBlockTableRecord
  2
*D11
340
0
 70
0
280
1
281
0
  0
BLOCK_RECORD
  5
569
330
9
100
AcDbSymbolTableRecord
100
AcDbBlockTableRecord
  2
*D12
340
0
 70
0
280
1
281
0
  0
BLOCK_RECORD
  5
578
330
9
100
AcDbSymbolTableRecord
100
AcDbBlockTableRecord
  2
*D13
340
0
 70
0
280
1
281
0
  0
BLOCK_RECORD
  5
587
330
9
100
AcDbSymbolTableRecord
100
AcDbBlockTableRecord
  2
*D14
340
0
 70
0
280
1
281
0
  0
BLOCK_RECORD
  5
596
330
9
100
AcDbSymbolTableRecord
100
AcDbBlockTableRecord
  2
*D15
340
0
 70
0
280
1
281
0
  0
BLOCK_RECORD
  5
5A5
330
9
100
AcDbSymbolTableRecord
100
AcDbBlockTableRecord
  2
*D16
340
0
 70
0
280
1
281
0
  0
BLOCK_RECORD
  5
5B4
330
9
100
AcDbSymbolTableRecord
100
AcDbBlockTableRecord
  2
*D17
340
0
 70
0
280
1
281
0
  0
BLOCK_RECORD
  5
5C3
330
9
100
AcDbSymbolTableRecord
100
AcDbBlockTableRecord
  2
*D18
340
0
 70
0
280
1
281
0
  0
BLOCK_RECORD
  5
5D2
330
9
100
AcDbSymbolTableRecord
100
AcDbBlockTableRecord
  2
*D19
340
0
 70
0
280
1
281
0
  0
BLOCK_RECORD
  5
5E1
330
9
100
AcDbSymbolTableRecord
100
AcDbBlockTableRecord
  2
*D20
340
0
 70
0
280
1
281
0
  0
BLOCK_RECORD
  5
5F0
330
9
100
AcDbSymbolTableRecord
100
AcDbBlockTableRecord
  2
*D21
340
0
 70
0
280
1
281
0
  0
BLOCK_RECORD
  5
5FF
330
9
100
AcDbSymbolTableRecord
100
AcDbBlockTableRecord
  2
*D22
340
0
 70
0
280
1
281
0
  0
BLOCK_RECORD
  5
60E
330
9
100
AcDbSymbolTableRecord
100
AcDbBlockTableRecord
  2
*D23
340
0
 70
0
280
1
281
0
  0
BLOCK_RECORD
  5
61D
330
9
100
AcDbSymbolTableRecord
100
AcDbBlockTableRecord
  2
*D24
340
0
 70
0
280
1
281
0
  0
BLOCK_RECORD
  5
62C
330
9
100
AcDbSymbolTableRecord
100
AcDbBlockTableRecord
  2
*D25
340
0
 70
0
280
1
281
0
  0
BLOCK_RECORD
  5
63B
330
9
100
AcDbSymbolTableRecord
100
AcDbBlockTableRecord
  2
*D26
340
0
 70
0
280
1
281
0
  0
BLOCK_RECORD
  5
64A
330
9
100
AcDbSymbolTableRecord
100
AcDbBlockTableRecord
  2
*D27
340
0
 70
0
280
1
281
0
  0
BLOCK_RECORD
  5
659
330
9
100
AcDbSymbolTableRecord
100
AcDbBlockTableRecord
  2
*D28
340
0
 70
0
280
1
281
0
  0
BLOCK_RECORD
  5
668
330
9
100
AcDbSymbolTableRecord
100
AcDbBlockTableRecord
  2
*D29
340
0
 70
0
280
1
281
0
  0
BLOCK_RECORD
  5
677
330
9
100
AcDbSymbolTableRecord
100
AcDbBlockTableRecord
  2
*D30
340
0
 70
0
280
1
281
0
  0
BLOCK_RECORD
  5
686
330
9
100
AcDbSymbolTableRecord
100
AcDbBlockTableRecord
  2
*D31
340
0
 70
0
280
1
281
0
  0
BLOCK_RECORD
  5
695
330
9
100
AcDbSymbolTableRecord
100
AcDbBlockTableRecord
  2
*D32
340
0
 70
0
280
1
281
0
  0
BLOCK_RECORD
  5
6A4
330
9
100
AcDbSymbolTableRecord
100
AcDbBlockTableRecord
  2
*D33
340
0
 70
0
280
1
281
0
  0
BLOCK_RECORD
  5
6B3
330
9
100
AcDbSymbolTableRecord
100
AcDbBlockTableRecord
  2
*D34
340
0
 70
0
280
1
281
0
  0
BLOCK_RECORD
  5
6C2
330
9
100
AcDbSymbolTableRecord
100
AcDbBlockTableRecord
  2
*D35
340
0
 70
0
280
1
281
0
  0
BLOCK_RECORD
  5
6D1
330
9
100
AcDbSymbolTableRecord
100
AcDbBlockTableRecord
  2
*D36
340
0
 70
0
280
1
281
0
  0
BLOCK_RECORD
  5
6E0
330
9
100
AcDbSymbolTableRecord
100
AcDbBlockTableRecord
  2
*D37
340
0
 70
0
280
1
281
0
  0
BLOCK_RECORD
  5
6EF
330
9
100
AcDbSymbolTableRecord
100
AcDbBlockTableRecord
  2
*D38
340
0
 70
0
280
1
281
0
  0
BLOCK_RECORD
  5
6FE
330
9
100
AcDbSymbolTableRecord
100
AcDbBlockTableRecord
  2
*D39
340
0
 70
0
280
1
281
0
  0
BLOCK_RECORD
  5
70D
330
9
100
AcDbSymbolTableRecord
100
AcDbBlockTableRecord
  2
*D40
340
0
 70
0
280
1
281
0
  0
BLOCK_RECORD
  5
71C
330
9
100
AcDbSymbolTableRecord
100
AcDbBlockTableRecord
  2
*D41
340
0
 70
0
280
1
281
0
  0
BLOCK_RECORD
  5
72B
330
9
100
AcDbSymbolTableRecord
100
AcDbBlockTableRecord
  2
*D42
340
0
 70
0
280
1
281
0
  0
BLOCK_RECORD
  5
73A
330
9
100
AcDbSymbolTableRecord
100
AcDbBlockTableRecord
  2
*D43
340
0
 70
0
280
1
281
0
  0
BLOCK_RECORD
  5
749
330
9
100
AcDbSymbolTableRecord
100
AcDbBlockTableRecord
  2
*D44
340
0
 70
0
280
1
281
0
  0
BLOCK_RECORD
  5
758
330
9
100
AcDbSymbolTableRecord
100
AcDbBlockTableRecord
  2
*D45
340
0
 70
0
280
1
281
0
  0
BLOCK_RECORD
  5
767
330
9
100
AcDbSymbolTableRecord
100
AcDbBlockTableRecord
  2
*D46
340
0
 70
0
280
1
281
0
  0
BLOCK_RECORD
  5
776
330
9
100
AcDbSymbolTableRecord
100
AcDbBlockTableRecord
  2
*D47
340
0
 70
0
280
1
281
0
  0
BLOCK_RECORD
  5
785
330
9
100
AcDbSymbolTableRecord
100
AcDbBlockTableRecord
  2
*D48
340
0
 70
0
280
1
281
0
  0
BLOCK_RECORD
  5
790
330
9
100
AcDbSymbolTableRecord
100
AcDbBlockTableRecord
  2
*D49
340
0
 70
0
280
1
281
0
  0
BLOCK_RECORD
  5
79B
330
9
100
AcDbSymbolTableRecord
100
AcDbBlockTableRecord
  2
*D50
340
0
 70
0
280
1
281
0
  0
BLOCK_RECORD
  5
7A6
330
9
100
AcDbSymbolTableRecord
100
AcDbBlockTableRecord
  2
*D51
340
0
 70
0
280
1
281
0
  0
ENDTAB
  0
ENDSEC
  0
SECTION
  2
BLOCKS
  0
BLOCK
  5
18
330
17
100
AcDbEntity
  8
0
100
AcDbBlockBegin
  2
*Model_Space
 70
0
 10
0.0
 20
0.0
 30
0.0
  3
*Model_Space
  1

  0
ENDBLK
  5
19
330
17
100
AcDbEntity
  8
0
100
AcDbBlockEnd
  0
BLOCK
  5
1C
330
1B
100
AcDbEntity
  8
0
100
AcDbBlockBegin
  2
*Paper_Space
 70
0
 10
0.0
 20
0.0
 30
0.0
  3
*Paper_Space
  1

  0
ENDBLK
  5
1D
330
1B
100
AcDbEntity
  8
0
100
AcDbBlockEnd
  0
BLOCK
  5
75
330
74
100
AcDbEntity
  8
0
100
AcDbBlockBegin
  2
_ARCHTICK
 70
0
 10
0.0
 20
0.0
 30
0.0
  3
_ARCHTICK
  1

  0
LWPOLYLINE
  5
77
330
74
100
AcDbEntity
  8
0
  6
BYBLOCK
 62
0
100
AcDbPolyline
 90
2
 70
0
 43
0.15
 10
-0.5
 20
-0.5
 10
0.5
 20
0.5
  0
ENDBLK
  5
76
330
74
100
AcDbEntity
  8
0
100
AcDbBlockEnd
  0
BLOCK
  5
79
330
78
100
AcDbEntity
  8
0
100
AcDbBlockBegin
  2
_CLOSEDFILLED
 70
0
 10
0.0
 20
0.0
 30
0.0
  3
_CLOSEDFILLED
  1

  0
SOLID
  5
7B
330
78
100
AcDbEntity
  8
0
  6
BYBLOCK
 62
0
100
AcDbTrace
 10
-1.0
 20
0.16439898372402537
 30
0.0
 11
0.0
 21
0.0
 31
0.0
 12
-1.0
 22
-0.16439898372402537
 32
0.0
 13
-1.0
 23
-0.16439898372402537
 33
0.0
  0
ENDBLK
  5
7A
330
78
100
AcDbEntity
  8
0
100
AcDbBlockEnd
  0
BLOCK
  5
85
330
84
100
AcDbEntity
  8
0
100
AcDbBlockBegin
  2
_CLOSEDBLANK
 70
0
 10
0.0
 20
0.0
 30
0.0
  3
_CLOSEDBLANK
  1

  0
LWPOLYLINE
  5
87
330
84
100
AcDbEntity
  8
0
  6
BYBLOCK
 62
0
100
AcDbPolyline
 90
3
 70
1
 10
-1.0
 20
0.16439898372402537
 10
0.0
 20
0.0
 10
-1.0
 20
-0.16439898372402537
  0
ENDBLK
  5
86
330
84
100
AcDbEntity
  8
0
100
AcDbBlockEnd
  0
BLOCK
  5
24F
330
24E
100
AcDbEntity
  8
0
100
AcDbBlockBegin
  2
A$C7B1938C3
 70
0
 10
0.0
 20
0.0
 30
0.0
  3
A$C7B1938C3
  1

  0
MTEXT
  5
251
330
24E
100
AcDbEntity
  8
0
100
AcDbMText
 10
823.0553416627893
 20
301.7537367791143
 30
0.0
 40
3.935192481791999
 41
72.81935180999993
 71
1
 72
5
  1
{\fSimSun|b0|i0|c134|p2;       \P深圳市巨烽显示科技有限公司}
  7
图框
  0
INSERT
  5
252
330
24E
100
AcDbEntity
  8
0
100
AcDbBlockReference
  2
A$C168412EF
 10
-235.5804868109927
 20
-90.89393356741004
 30
0.0
 41
1.299999999999954
 42
1.299999999999954
 43
1.299999999999954
  0
ENDBLK
  5
250
330
24E
100
AcDbEntity
  8
0
100
AcDbBlockEnd
  0
BLOCK
  5
255
330
254
100
AcDbEntity
  8
0
100
AcDbBlockBegin
  2
A$C168412EF
 70
0
 10
0.0
 20
0.0
 30
0.0
  3
A$C168412EF
  1

  0
SPLINE
  5
257
330
254
100
AcDbEntity
  8
注释
 62
4
370
0
100
AcDbSpline
 70
11
 71
3
 72
29
 73
25
 74
0
 40
0.0
 40
0.0
 40
0.0
 40
0.0
 40
1.0
 40
1.0
 40
1.0
 40
2.0
 40
2.0
 40
2.0
 40
3.0
 40
3.0
 40
3.0
 40
4.0
 40
4.0
 40
4.0
 40
5.0
 40
5.0
 40
5.0
 40
6.0
 40
6.0
 40
6.0
 40
7.0
 40
7.0
 40
7.0
 40
8.0
 40
8.0
 40
8.0
 40
8.0
 10
831.6686591530316
 20
302.1886421229055
 30
0.0
 10
831.6686591530316
 20
302.0771243084803
 30
0.0
 10
831.5785353956835
 20
301.986587139401
 30
0.0
 10
831.4668108753926
 20
301.986587139401
 30
0.0
 10
831.4668108753926
 20
301.986587139401
 30
0.0
 10
829.959615057262
 20
301.986587139401
 30
0.0
 10
829.959615057262
 20
301.986587139401
 30
0.0
 10
829.8480972428366
 20
301.986587139401
 30
0.0
 10
829.7577667796229
 20
302.0771243084803
 30
0.0
 10
829.7577667796229
 20
302.1886421229055
 30
0.0
 10
829.7577667796229
 20
302.1886421229055
 30
0.0
 10
829.7577667796229
 20
302.5518243285498
 30
0.0
 10
829.7577667796229
 20
302.5518243285498
 30
0.0
 10
829.7577667796229
 20
302.663342142975
 30
0.0
 10
829.8480972428366
 20
302.7536726061887
 30
0.0
 10
829.959615057262
 20
302.7536726061887
 30
0.0
 10
829.959615057262
 20
302.7536726061887
 30
0.0
 10
831.4668108753926
 20
302.7536726061887
 30
0.0
 10
831.4668108753926
 20
302.7536726061887
 30
0.0
 10
831.5785353956835
 20
302.7536726061887
 30
0.0
 10
831.6686591530316
 20
302.663342142975
 30
0.0
 10
831.6686591530316
 20
302.5518243285498
 30
0.0
 10
831.6686591530316
 20
302.5518243285498
 30
0.0
 10
831.6686591530316
 20
302.1886421229055
 30
0.0
 10
831.6686591530316
 20
302.1886421229055
 30
0.0
  0
SPLINE
  5
258
330
254
100
AcDbEntity
  8
注释
370
0
100
AcDbSpline
 70
11
 71
3
 72
23
 73
19
 74
0
 40
0.0
 40
0.0
 40
0.0
 40
0.0
 40
1.0
 40
1.0
 40
1.0
 40
2.0
 40
2.0
 40
2.0
 40
3.0
 40
3.0
 40
3.0
 40
4.0
 40
4.0
 40
4.0
 40
5.0
 40
5.0
 40
5.0
 40
6.0
 40
6.0
 40
6.0
 40
6.0
 10
845.057928236417
 20
304.0474446182137
 30
0.0
 10
845.057928236417
 20
304.0474446182137
 30
0.0
 10
843.5494921830937
 20
304.0474446182137
 30
0.0
 10
843.5494921830937
 20
304.0474446182137
 30
0.0
 10
842.4864039169418
 20
304.0474446182137
 30
0.0
 10
841.6216499287156
 20
303.241188389918
 30
0.0
 10
841.6216499287156
 20
302.2503438237505
 30
0.0
 10
841.6216499287156
 20
301.2600160222469
 30
0.0
 10
842.4864039169418
 20
300.4828019680507
 30
0.0
 10
843.5494921830937
 20
300.4828019680507
 30
0.0
 10
843.5494921830937
 20
300.4828019680507
 30
0.0
 10
845.057928236417
 20
300.4828019680507
 30
0.0
 10
845.057928236417
 20
300.4828019680507
 30
0.0
 10
846.1203963849722
 20
300.4828019680507
 30
0.0
 10
846.9848403144
 20
301.2600160222469
 30
0.0
 10
846.9848403144
 20
302.2503438237505
 30
0.0
 10
846.9848403144
 20
303.241188389918
 30
0.0
 10
846.1203963849722
 20
304.0474446182137
 30
0.0
 10
845.057928236417
 20
304.0474446182137
 30
0.0
  0
SPLINE
  5
259
330
254
100
AcDbEntity
  8
注释
370
0
100
AcDbSpline
 70
11
 71
3
 72
23
 73
19
 74
0
 40
0.0
 40
0.0
 40
0.0
 40
0.0
 40
1.0
 40
1.0
 40
1.0
 40
2.0
 40
2.0
 40
2.0
 40
3.0
 40
3.0
 40
3.0
 40
4.0
 40
4.0
 40
4.0
 40
5.0
 40
5.0
 40
5.0
 40
6.0
 40
6.0
 40
6.0
 40
6.0
 10
844.8743734278728
 20
301.0789416840884
 30
0.0
 10
844.8743734278728
 20
301.0789416840884
 30
0.0
 10
843.6945997006588
 20
301.0789416840884
 30
0.0
 10
843.6945997006588
 20
301.0789416840884
 30
0.0
 10
842.9015726477537
 20
301.0789416840884
 30
0.0
 10
842.2559268769342
 20
301.5607730565169
 30
0.0
 10
842.2559268769342
 20
302.2503438237505
 30
0.0
 10
842.2559268769342
 20
302.9393978263204
 30
0.0
 10
842.9015726477537
 20
303.5007076040252
 30
0.0
 10
843.6945997006588
 20
303.5007076040252
 30
0.0
 10
843.6945997006588
 20
303.5007076040252
 30
0.0
 10
844.8743734278728
 20
303.5007076040252
 30
0.0
 10
844.8743734278728
 20
303.5007076040252
 30
0.0
 10
845.667400480778
 20
303.5007076040252
 30
0.0
 10
846.312529486934
 20
302.9393978263204
 30
0.0
 10
846.312529486934
 20
302.2503438237505
 30
0.0
 10
846.312529486934
 20
301.5607730565169
 30
0.0
 10
845.667400480778
 20
301.0789416840884
 30
0.0
 10
844.8743734278728
 20
301.0789416840884
 30
0.0
  0
SPLINE
  5
25A
330
254
100
AcDbEntity
  8
注释
 62
0
370
0
100
AcDbSpline
 70
11
 71
3
 72
53
 73
49
 74
0
 40
0.0
 40
0.0
 40
0.0
 40
0.0
 40
1.0
 40
1.0
 40
1.0
 40
2.0
 40
2.0
 40
2.0
 40
3.0
 40
3.0
 40
3.0
 40
4.0
 40
4.0
 40
4.0
 40
5.0
 40
5.0
 40
5.0
 40
6.0
 40
6.0
 40
6.0
 40
7.0
 40
7.0
 40
7.0
 40
8.0
 40
8.0
 40
8.0
 40
9.0
 40
9.0
 40
9.0
 40
10.0
 40
10.0
 40
10.0
 40
11.0
 40
11.0
 40
11.0
 40
12.0
 40
12.0
 40
12.0
 40
13.0
 40
13.0
 40
13.0
 40
14.0
 40
14.0
 40
14.0
 40
15.0
 40
15.0
 40
15.0
 40
16.0
 40
16.0
 40
16.0
 40
16.0
 10
851.0241829846327
 20
304.0474446182137
 30
0.0
 10
851.0241829846327
 20
304.0474446182137
 30
0.0
 10
851.0241829846327
 20
301.2486471996457
 30
0.0
 10
851.0241829846327
 20
301.2486471996457
 30
0.0
 10
851.0241829846327
 20
301.0401843343114
 30
0.0
 10
850.9097712880906
 20
301.0133125717993
 30
0.0
 10
850.7962897679433
 20
301.0133125717993
 30
0.0
 10
850.751331242202
 20
301.0133125717993
 30
0.0
 10
850.6780540128902
 20
301.0350166876744
 30
0.0
 10
850.6017795485288
 20
301.1237968568971
 30
0.0
 10
850.5255050841677
 20
301.2121636143888
 30
0.0
 10
849.1392321973414
 20
303.3857791428196
 30
0.0
 10
849.0316417943601
 20
303.5517639527982
 30
0.0
 10
848.7464910529338
 20
303.9931843285258
 30
0.0
 10
848.4233064322593
 20
304.0474446182137
 30
0.0
 10
848.2155670374545
 20
304.0474446182137
 30
0.0
 10
847.72257354829
 20
304.0474446182137
 30
0.0
 10
847.3197038164739
 20
303.6739271192955
 30
0.0
 10
847.3197038164739
 20
303.2293028026529
 30
0.0
 10
847.3197038164739
 20
303.2293028026529
 30
0.0
 10
847.3197038164739
 20
300.4497290295743
 30
0.0
 10
847.3197038164739
 20
300.4497290295743
 30
0.0
 10
847.3197038164739
 20
300.4497290295743
 30
0.0
 10
847.978682115617
 20
300.4497290295743
 30
0.0
 10
847.978682115617
 20
300.4497290295743
 30
0.0
 10
847.978682115617
 20
300.4497290295743
 30
0.0
 10
847.978682115617
 20
303.2964822089332
 30
0.0
 10
847.978682115617
 20
303.2964822089332
 30
0.0
 10
847.978682115617
 20
303.4325980213503
 30
0.0
 10
848.0946441061499
 20
303.4913024871459
 30
0.0
 10
848.203888156055
 20
303.4913024871459
 30
0.0
 10
848.2436790351593
 20
303.4913024871459
 30
0.0
 10
848.3250177932248
 20
303.4755928413696
 30
0.0
 10
848.3778311418542
 20
303.3975613771517
 30
0.0
 10
848.4096638451379
 20
303.3511559103521
 30
0.0
 10
849.970189776562
 20
300.9336274606576
 30
0.0
 10
849.970189776562
 20
300.9336274606576
 30
0.0
 10
850.151780879384
 20
300.6456861900472
 30
0.0
 10
850.5077283797366
 20
300.457377146597
 30
0.0
 10
850.7880215333242
 20
300.457377146597
 30
0.0
 10
851.3701052505096
 20
300.457377146597
 30
0.0
 10
851.6829545779101
 20
300.8114642941603
 30
0.0
 10
851.6829545779101
 20
301.2565020225337
 30
0.0
 10
851.6829545779101
 20
301.2565020225337
 30
0.0
 10
851.6829545779101
 20
304.0474446182137
 30
0.0
 10
851.6829545779101
 20
304.0474446182137
 30
0.0
 10
851.6829545779101
 20
304.0474446182137
 30
0.0
 10
851.0241829846327
 20
304.0474446182137
 30
0.0
 10
851.0241829846327
 20
304.0474446182137
 30
0.0
  0
SPLINE
  5
25B
330
254
100
AcDbEntity
  8
注释
370
0
100
AcDbSpline
 70
11
 71
3
 72
35
 73
31
 74
0
 40
0.0
 40
0.0
 40
0.0
 40
0.0
 40
1.0
 40
1.0
 40
1.0
 40
2.0
 40
2.0
 40
2.0
 40
3.0
 40
3.0
 40
3.0
 40
4.0
 40
4.0
 40
4.0
 40
5.0
 40
5.0
 40
5.0
 40
6.0
 40
6.0
 40
6.0
 40
7.0
 40
7.0
 40
7.0
 40
8.0
 40
8.0
 40
8.0
 40
9.0
 40
9.0
 40
9.0
 40
10.0
 40
10.0
 40
10.0
 40
10.0
 10
841.6122448118365
 20
301.0789416840884
 30
0.0
 10
841.6122448118365
 20
301.0789416840884
 30
0.0
 10
839.2289261828787
 20
301.0789416840884
 30
0.0
 10
839.2289261828787
 20
301.0789416840884
 30
0.0
 10
838.4566730694537
 20
301.0789416840884
 30
0.0
 10
837.8270470032088
 20
301.5842341722487
 30
0.0
 10
837.8270470032088
 20
302.3040873487747
 30
0.0
 10
837.8270470032088
 20
303.0240438782336
 30
0.0
 10
838.4349689535786
 20
303.4913024871459
 30
0.0
 10
839.2074287728689
 20
303.4913024871459
 30
0.0
 10
839.2074287728689
 20
303.4913024871459
 30
0.0
 10
841.6159655174149
 20
303.4913024871459
 30
0.0
 10
841.6159655174149
 20
303.4913024871459
 30
0.0
 10
841.7783329747475
 20
303.7054497637809
 30
0.0
 10
841.9813181346469
 20
303.8944822777602
 30
0.0
 10
842.2164460566277
 20
304.0474446182137
 30
0.0
 10
842.2164460566277
 20
304.0474446182137
 30
0.0
 10
839.1691881877555
 20
304.0474446182137
 30
0.0
 10
839.1691881877555
 20
304.0474446182137
 30
0.0
 10
838.0772644533694
 20
304.0474446182137
 30
0.0
 10
837.1940102901833
 20
303.3230439126471
 30
0.0
 10
837.1940102901833
 20
302.3040873487747
 30
0.0
 10
837.1940102901833
 20
301.2861643142298
 30
0.0
 10
838.1016557454959
 20
300.4756706156917
 30
0.0
 10
839.1938895386799
 20
300.4756706156917
 30
0.0
 10
839.1938895386799
 20
300.4756706156917
 30
0.0
 10
842.2285383497582
 20
300.4756706156917
 30
0.0
 10
842.2285383497582
 20
300.4756706156917
 30
0.0
 10
841.9941338983065
 20
300.6293564266744
 30
0.0
 10
841.7750256809002
 20
300.8637608781262
 30
0.0
 10
841.6122448118365
 20
301.0789416840884
 30
0.0
  0
SPLINE
  5
25C
330
254
100
AcDbEntity
  8
注释
370
0
100
AcDbSpline
 70
11
 71
3
 72
80
 73
76
 74
0
 40
0.0
 40
0.0
 40
0.0
 40
0.0
 40
1.0
 40
1.0
 40
1.0
 40
2.0
 40
2.0
 40
2.0
 40
3.0
 40
3.0
 40
3.0
 40
4.0
 40
4.0
 40
4.0
 40
5.0
 40
5.0
 40
5.0
 40
6.0
 40
6.0
 40
6.0
 40
7.0
 40
7.0
 40
7.0
 40
8.0
 40
8.0
 40
8.0
 40
9.0
 40
9.0
 40
9.0
 40
10.0
 40
10.0
 40
10.0
 40
11.0
 40
11.0
 40
11.0
 40
12.0
 40
12.0
 40
12.0
 40
13.0
 40
13.0
 40
13.0
 40
14.0
 40
14.0
 40
14.0
 40
15.0
 40
15.0
 40
15.0
 40
16.0
 40
16.0
 40
16.0
 40
17.0
 40
17.0
 40
17.0
 40
18.0
 40
18.0
 40
18.0
 40
19.0
 40
19.0
 40
19.0
 40
20.0
 40
20.0
 40
20.0
 40
21.0
 40
21.0
 40
21.0
 40
22.0
 40
22.0
 40
22.0
 40
23.0
 40
23.0
 40
23.0
 40
24.0
 40
24.0
 40
24.0
 40
25.0
 40
25.0
 40
25.0
 40
25.0
 10
834.7899177217447
 20
304.0684252635597
 30
0.0
 10
834.2621976471802
 20
304.0684252635597
 30
0.0
 10
833.9831447287854
 20
303.6559437089989
 30
0.0
 10
833.9463510847304
 20
303.6038538308986
 30
0.0
 10
833.909660793608
 20
303.5520740115964
 30
0.0
 10
832.1588621130119
 20
301.0873132716402
 30
0.0
 10
832.1588621130119
 20
301.0873132716402
 30
0.0
 10
832.1588621130119
 20
301.0873132716402
 30
0.0
 10
829.118218831835
 20
301.0873132716402
 30
0.0
 10
829.118218831835
 20
301.0873132716402
 30
0.0
 10
828.9919215480281
 20
301.0873132716402
 30
0.0
 10
828.8986972026977
 20
301.1977975567381
 30
0.0
 10
828.8972502616394
 20
301.3162400176568
 30
0.0
 10
828.8972502616394
 20
301.3162400176568
 30
0.0
 10
828.8976636733703
 20
303.1506512208387
 30
0.0
 10
828.8976636733703
 20
303.1506512208387
 30
0.0
 10
828.8976636733703
 20
303.3351362057775
 30
0.0
 10
829.0514528372854
 20
303.4878918403655
 30
0.0
 10
829.2295299403949
 20
303.4878918403655
 30
0.0
 10
829.2295299403949
 20
303.4878918403655
 30
0.0
 10
832.205991050341
 20
303.4878918403655
 30
0.0
 10
832.205991050341
 20
303.4878918403655
 30
0.0
 10
832.4450463837658
 20
303.4878918403655
 30
0.0
 10
832.6394532502476
 20
303.6862261182914
 30
0.0
 10
832.6463778967413
 20
303.9275552162367
 30
0.0
 10
832.6463778967413
 20
303.9275552162367
 30
0.0
 10
832.6463778967413
 20
304.0533357353798
 30
0.0
 10
832.6463778967413
 20
304.0533357353798
 30
0.0
 10
832.6463778967413
 20
304.0533357353798
 30
0.0
 10
829.0274749568903
 20
304.0533357353798
 30
0.0
 10
829.0274749568903
 20
304.0533357353798
 30
0.0
 10
828.6278091659891
 20
304.0533357353798
 30
0.0
 10
828.3065882510367
 20
303.7126844690726
 30
0.0
 10
828.297389840023
 20
303.3112616783149
 30
0.0
 10
828.297389840023
 20
303.3112616783149
 30
0.0
 10
828.297389840023
 20
300.7172064195025
 30
0.0
 10
828.297389840023
 20
300.7029437147845
 30
0.0
 10
828.297389840023
 20
300.5660010789055
 30
0.0
 10
828.4254441236864
 20
300.4733968511715
 30
0.0
 10
828.5552554072065
 20
300.4733968511715
 30
0.0
 10
828.5552554072065
 20
300.4733968511715
 30
0.0
 10
832.446596677757
 20
300.4733968511715
 30
0.0
 10
832.446596677757
 20
300.4733968511715
 30
0.0
 10
832.6113412525426
 20
300.4860059089656
 30
0.0
 10
832.6182658990361
 20
300.6256357210958
 30
0.0
 10
832.9281179913872
 20
301.0290222175755
 30
0.0
 10
832.9281179913872
 20
301.0290222175755
 30
0.0
 10
834.417847163885
 20
303.1949896289837
 30
0.0
 10
834.4619788661644
 20
303.2574148003579
 30
0.0
 10
834.5017697452689
 20
303.3141555604316
 30
0.0
 10
834.6476007333634
 20
303.4878918403655
 30
0.0
 10
834.8155492490642
 20
303.4878918403655
 30
0.0
 10
834.9300642985388
 20
303.4878918403655
 30
0.0
 10
835.0124365859317
 20
303.4409696089022
 30
0.0
 10
835.0928451676024
 20
303.3290383827459
 30
0.0
 10
835.3847138496568
 20
302.9212077101584
 30
0.0
 10
836.527280521085
 20
301.0749109197115
 30
0.0
 10
836.527280521085
 20
301.0749109197115
 30
0.0
 10
836.527280521085
 20
301.0749109197115
 30
0.0
 10
834.2732564109834
 20
301.0749109197115
 30
0.0
 10
834.2732564109834
 20
301.0749109197115
 30
0.0
 10
834.0897016024392
 20
301.0749109197115
 30
0.0
 10
833.8518865042072
 20
300.8674815837047
 30
0.0
 10
833.8518865042072
 20
300.6103394870505
 30
0.0
 10
833.8518865042072
 20
300.6103394870505
 30
0.0
 10
833.8518865042072
 20
300.4733968511715
 30
0.0
 10
833.8518865042072
 20
300.4733968511715
 30
0.0
 10
833.8518865042072
 20
300.4733968511715
 30
0.0
 10
837.6321233720632
 20
300.4733968511715
 30
0.0
 10
837.6321233720632
 20
300.4733968511715
 30
0.0
 10
837.6321233720632
 20
300.4733968511715
 30
0.0
 10
835.827581166443
 20
303.317152795481
 30
0.0
 10
835.5031563105756
 20
303.7171286451804
 30
0.0
 10
835.3327273244895
 20
303.9275552162367
 30
0.0
 10
835.1189934595855
 20
304.0684252635597
 30
0.0
 10
834.7899177217447
 20
304.0684252635597
 30
0.0
  0
SPLINE
  5
25D
330
254
100
AcDbEntity
  8
注释
370
0
100
AcDbSpline
 70
11
 71
3
 72
32
 73
28
 74
0
 40
0.0
 40
0.0
 40
0.0
 40
0.0
 40
1.0
 40
1.0
 40
1.0
 40
2.0
 40
2.0
 40
2.0
 40
3.0
 40
3.0
 40
3.0
 40
4.0
 40
4.0
 40
4.0
 40
5.0
 40
5.0
 40
5.0
 40
6.0
 40
6.0
 40
6.0
 40
7.0
 40
7.0
 40
7.0
 40
8.0
 40
8.0
 40
8.0
 40
9.0
 40
9.0
 40
9.0
 40
9.0
 10
827.7990219983562
 20
302.9500431783926
 30
0.0
 10
827.7990219983562
 20
303.5446326004392
 30
0.0
 10
827.4657087902735
 20
304.0474446182137
 30
0.0
 10
826.6626565028924
 20
304.0474446182137
 30
0.0
 10
826.6626565028924
 20
304.0474446182137
 30
0.0
 10
823.6988044507407
 20
304.0474446182137
 30
0.0
 10
823.6988044507407
 20
304.0474446182137
 30
0.0
 10
823.2714400738654
 20
304.0474446182137
 30
0.0
 10
822.934406160204
 20
303.6945977058433
 30
0.0
 10
822.9235541022665
 20
303.2826329159462
 30
0.0
 10
822.9235541022665
 20
303.2826329159462
 30
0.0
 10
822.9226239258718
 20
300.9895413972694
 30
0.0
 10
822.9226239258718
 20
300.7451117113419
 30
0.0
 10
822.9226239258718
 20
300.5704452550133
 30
0.0
 10
823.0597732676164
 20
300.4828019680507
 30
0.0
 10
823.1890677864726
 20
300.4828019680507
 30
0.0
 10
823.2824988376686
 20
300.4828019680507
 30
0.0
 10
826.6626565028924
 20
300.4828019680507
 30
0.0
 10
826.6626565028924
 20
300.4828019680507
 30
0.0
 10
827.2801902760071
 20
300.4828019680507
 30
0.0
 10
827.7990219983562
 20
300.9594656938423
 30
0.0
 10
827.7990219983562
 20
301.5540551158889
 30
0.0
 10
827.7990219983562
 20
301.7580738051154
 30
0.0
 10
827.7282252394302
 20
302.0209003130704
 30
0.0
 10
827.5614136059896
 20
302.2350475897052
 30
0.0
 10
827.7990219983562
 20
302.4250102800792
 30
0.0
 10
827.7990219983562
 20
302.7758934867276
 30
0.0
 10
827.7990219983562
 20
302.9500431783926
 30
0.0
  0
SPLINE
  5
25E
330
254
100
AcDbEntity
  8
注释
370
0
100
AcDbSpline
 70
11
 71
3
 72
47
 73
43
 74
0
 40
0.0
 40
0.0
 40
0.0
 40
0.0
 40
1.0
 40
1.0
 40
1.0
 40
2.0
 40
2.0
 40
2.0
 40
3.0
 40
3.0
 40
3.0
 40
4.0
 40
4.0
 40
4.0
 40
5.0
 40
5.0
 40
5.0
 40
6.0
 40
6.0
 40
6.0
 40
7.0
 40
7.0
 40
7.0
 40
8.0
 40
8.0
 40
8.0
 40
9.0
 40
9.0
 40
9.0
 40
10.0
 40
10.0
 40
10.0
 40
11.0
 40
11.0
 40
11.0
 40
12.0
 40
12.0
 40
12.0
 40
13.0
 40
13.0
 40
13.0
 40
14.0
 40
14.0
 40
14.0
 40
14.0
 10
826.7334532618187
 20
301.0675728614872
 30
0.0
 10
826.7334532618187
 20
301.0675728614872
 30
0.0
 10
823.7397322121053
 20
301.0675728614872
 30
0.0
 10
823.7397322121053
 20
301.0675728614872
 30
0.0
 10
823.6272842212853
 20
301.0675728614872
 30
0.0
 10
823.5223809945553
 20
301.1652413829254
 30
0.0
 10
823.5223809945553
 20
301.292055431396
 30
0.0
 10
823.5223809945553
 20
301.292055431396
 30
0.0
 10
823.5223809945553
 20
303.1828973358532
 30
0.0
 10
823.5223809945553
 20
303.1828973358532
 30
0.0
 10
823.5223809945553
 20
303.3310020884679
 30
0.0
 10
823.6741030998159
 20
303.4824141349304
 30
0.0
 10
823.8135262060806
 20
303.4824141349304
 30
0.0
 10
823.8135262060806
 20
303.4824141349304
 30
0.0
 10
826.7334532618187
 20
303.4824141349304
 30
0.0
 10
826.7334532618187
 20
303.4824141349304
 30
0.0
 10
827.0482662949413
 20
303.4824141349304
 30
0.0
 10
827.2337848092075
 20
303.2614455647347
 30
0.0
 10
827.2337848092075
 20
303.0210466431841
 30
0.0
 10
827.2337848092075
 20
302.7714493106198
 30
0.0
 10
827.034003590223
 20
302.5824167966405
 30
0.0
 10
826.8518957227374
 20
302.5824167966405
 30
0.0
 10
826.8518957227374
 20
302.5824167966405
 30
0.0
 10
824.7677838340587
 20
302.5824167966405
 30
0.0
 10
824.7677838340587
 20
302.5824167966405
 30
0.0
 10
824.5121920313954
 20
302.5824167966405
 30
0.0
 10
824.3047626953885
 20
302.3759176370282
 30
0.0
 10
824.2976313430295
 20
302.1185688345085
 30
0.0
 10
824.2976313430295
 20
302.1185688345085
 30
0.0
 10
824.2968045195674
 20
302.1188788933068
 30
0.0
 10
824.2968045195674
 20
302.1188788933068
 30
0.0
 10
824.2968045195674
 20
302.1188788933068
 30
0.0
 10
824.2968045195674
 20
301.9841066690153
 30
0.0
 10
824.2968045195674
 20
301.9841066690153
 30
0.0
 10
824.2968045195674
 20
301.9841066690153
 30
0.0
 10
826.7837861400625
 20
301.9841066690153
 30
0.0
 10
826.7837861400625
 20
301.9841066690153
 30
0.0
 10
827.0359672959454
 20
301.9841066690153
 30
0.0
 10
827.2401926910372
 20
301.7795712151251
 30
0.0
 10
827.2401926910372
 20
301.527906823906
 30
0.0
 10
827.2401926910372
 20
301.2844073143733
 30
0.0
 10
827.0655262347085
 20
301.0675728614872
 30
0.0
 10
826.7334532618187
 20
301.0675728614872
 30
0.0
  0
HATCH
  5
25F
330
254
100
AcDbEntity
  8
DIM
 62
0
100
AcDbHatch
 10
0.0
 20
0.0
 30
0.0
210
0.0
220
0.0
230
1.0
  2
SOLID
 70
1
 71
0
 91
2
 92
16
 93
1
 72
4
 94
3
 73
0
 74
0
 95
47
 96
43
 40
0.0
 40
0.0
 40
0.0
 40
0.0
 40
1.0
 40
1.0
 40
1.0
 40
2.0
 40
2.0
 40
2.0
 40
3.0
 40
3.0
 40
3.0
 40
4.0
 40
4.0
 40
4.0
 40
5.0
 40
5.0
 40
5.0
 40
6.0
 40
6.0
 40
6.0
 40
7.0
 40
7.0
 40
7.0
 40
8.0
 40
8.0
 40
8.0
 40
9.0
 40
9.0
 40
9.0
 40
10.0
 40
10.0
 40
10.0
 40
11.0
 40
11.0
 40
11.0
 40
12.0
 40
12.0
 40
12.0
 40
13.0
 40
13.0
 40
13.0
 40
14.0
 40
14.0
 40
14.0
 40
14.0
 10
826.7334532618187
 20
301.0675728614872
 10
826.7334532618187
 20
301.0675728614872
 10
823.7397322121053
 20
301.0675728614872
 10
823.7397322121053
 20
301.0675728614872
 10
823.6272842212853
 20
301.0675728614872
 10
823.5223809945553
 20
301.1652413829254
 10
823.5223809945553
 20
301.292055431396
 10
823.5223809945553
 20
301.292055431396
 10
823.5223809945553
 20
303.1828973358532
 10
823.5223809945553
 20
303.1828973358532
 10
823.5223809945553
 20
303.3310020884679
 10
823.6741030998159
 20
303.4824141349304
 10
823.8135262060806
 20
303.4824141349304
 10
823.8135262060806
 20
303.4824141349304
 10
826.7334532618187
 20
303.4824141349304
 10
826.7334532618187
 20
303.4824141349304
 10
827.0482662949413
 20
303.4824141349304
 10
827.2337848092075
 20
303.2614455647347
 10
827.2337848092075
 20
303.0210466431841
 10
827.2337848092075
 20
302.7714493106198
 10
827.034003590223
 20
302.5824167966405
 10
826.8518957227374
 20
302.5824167966405
 10
826.8518957227374
 20
302.5824167966405
 10
824.7677838340587
 20
302.5824167966405
 10
824.7677838340587
 20
302.5824167966405
 10
824.5121920313954
 20
302.5824167966405
 10
824.3047626953885
 20
302.3759176370282
 10
824.2976313430295
 20
302.1185688345085
 10
824.2976313430295
 20
302.1185688345085
 10
824.2968045195674
 20
302.1188788933068
 10
824.2968045195674
 20
302.1188788933068
 10
824.2968045195674
 20
302.1188788933068
 10
824.2968045195674
 20
301.9841066690153
 10
824.2968045195674
 20
301.9841066690153
 10
824.2968045195674
 20
301.9841066690153
 10
826.7837861400625
 20
301.9841066690153
 10
826.7837861400625
 20
301.9841066690153
 10
827.0359672959454
 20
301.9841066690153
 10
827.2401926910372
 20
301.7795712151251
 10
827.2401926910372
 20
301.527906823906
 10
827.2401926910372
 20
301.2844073143733
 10
827.0655262347085
 20
301.0675728614872
 10
826.7334532618187
 20
301.0675728614872
 97
0
 97
1
330
8CB
 92
1
 93
1
 72
4
 94
3
 73
0
 74
0
 95
32
 96
28
 40
0.0
 40
0.0
 40
0.0
 40
0.0
 40
1.0
 40
1.0
 40
1.0
 40
2.0
 40
2.0
 40
2.0
 40
3.0
 40
3.0
 40
3.0
 40
4.0
 40
4.0
 40
4.0
 40
5.0
 40
5.0
 40
5.0
 40
6.0
 40
6.0
 40
6.0
 40
7.0
 40
7.0
 40
7.0
 40
8.0
 40
8.0
 40
8.0
 40
9.0
 40
9.0
 40
9.0
 40
9.0
 10
827.7990219983562
 20
302.9500431783926
 10
827.7990219983562
 20
303.5446326004392
 10
827.4657087902735
 20
304.0474446182137
 10
826.6626565028924
 20
304.0474446182137
 10
826.6626565028924
 20
304.0474446182137
 10
823.6988044507407
 20
304.0474446182137
 10
823.6988044507407
 20
304.0474446182137
 10
823.2714400738654
 20
304.0474446182137
 10
822.934406160204
 20
303.6945977058433
 10
822.9235541022665
 20
303.2826329159462
 10
822.9235541022665
 20
303.2826329159462
 10
822.9226239258718
 20
300.9895413972694
 10
822.9226239258718
 20
300.7451117113419
 10
822.9226239258718
 20
300.5704452550133
 10
823.0597732676164
 20
300.4828019680507
 10
823.1890677864726
 20
300.4828019680507
 10
823.2824988376686
 20
300.4828019680507
 10
826.6626565028924
 20
300.4828019680507
 10
826.6626565028924
 20
300.4828019680507
 10
827.2801902760071
 20
300.4828019680507
 10
827.7990219983562
 20
300.9594656938423
 10
827.7990219983562
 20
301.5540551158889
 10
827.7990219983562
 20
301.7580738051154
 10
827.7282252394302
 20
302.0209003130704
 10
827.5614136059896
 20
302.2350475897052
 10
827.7990219983562
 20
302.4250102800792
 10
827.7990219983562
 20
302.7758934867276
 10
827.7990219983562
 20
302.9500431783926
 97
0
 97
1
330
8CA
 75
0
 76
1
 98
1
 10
-162.4348509459
 20
379.1323727122111
  0
HATCH
  5
260
330
254
100
AcDbEntity
  8
DIM
 62
0
100
AcDbHatch
 10
0.0
 20
0.0
 30
0.0
210
0.0
220
0.0
230
1.0
  2
SOLID
 70
1
 71
0
 91
1
 92
1
 93
1
 72
4
 94
3
 73
0
 74
0
 95
80
 96
76
 40
0.0
 40
0.0
 40
0.0
 40
0.0
 40
1.0
 40
1.0
 40
1.0
 40
2.0
 40
2.0
 40
2.0
 40
3.0
 40
3.0
 40
3.0
 40
4.0
 40
4.0
 40
4.0
 40
5.0
 40
5.0
 40
5.0
 40
6.0
 40
6.0
 40
6.0
 40
7.0
 40
7.0
 40
7.0
 40
8.0
 40
8.0
 40
8.0
 40
9.0
 40
9.0
 40
9.0
 40
10.0
 40
10.0
 40
10.0
 40
11.0
 40
11.0
 40
11.0
 40
12.0
 40
12.0
 40
12.0
 40
13.0
 40
13.0
 40
13.0
 40
14.0
 40
14.0
 40
14.0
 40
15.0
 40
15.0
 40
15.0
 40
16.0
 40
16.0
 40
16.0
 40
17.0
 40
17.0
 40
17.0
 40
18.0
 40
18.0
 40
18.0
 40
19.0
 40
19.0
 40
19.0
 40
20.0
 40
20.0
 40
20.0
 40
21.0
 40
21.0
 40
21.0
 40
22.0
 40
22.0
 40
22.0
 40
23.0
 40
23.0
 40
23.0
 40
24.0
 40
24.0
 40
24.0
 40
25.0
 40
25.0
 40
25.0
 40
25.0
 10
834.7899177217447
 20
304.0684252635597
 10
834.2621976471802
 20
304.0684252635597
 10
833.9831447287854
 20
303.6559437089989
 10
833.9463510847304
 20
303.6038538308986
 10
833.909660793608
 20
303.5520740115964
 10
832.1588621130119
 20
301.0873132716402
 10
832.1588621130119
 20
301.0873132716402
 10
832.1588621130119
 20
301.0873132716402
 10
829.118218831835
 20
301.0873132716402
 10
829.118218831835
 20
301.0873132716402
 10
828.9919215480281
 20
301.0873132716402
 10
828.8986972026977
 20
301.1977975567381
 10
828.8972502616394
 20
301.3162400176568
 10
828.8972502616394
 20
301.3162400176568
 10
828.8976636733703
 20
303.1506512208387
 10
828.8976636733703
 20
303.1506512208387
 10
828.8976636733703
 20
303.3351362057775
 10
829.0514528372854
 20
303.4878918403655
 10
829.2295299403949
 20
303.4878918403655
 10
829.2295299403949
 20
303.4878918403655
 10
832.205991050341
 20
303.4878918403655
 10
832.205991050341
 20
303.4878918403655
 10
832.4450463837658
 20
303.4878918403655
 10
832.6394532502476
 20
303.6862261182914
 10
832.6463778967413
 20
303.9275552162367
 10
832.6463778967413
 20
303.9275552162367
 10
832.6463778967413
 20
304.0533357353798
 10
832.6463778967413
 20
304.0533357353798
 10
832.6463778967413
 20
304.0533357353798
 10
829.0274749568903
 20
304.0533357353798
 10
829.0274749568903
 20
304.0533357353798
 10
828.6278091659891
 20
304.0533357353798
 10
828.3065882510367
 20
303.7126844690726
 10
828.297389840023
 20
303.3112616783149
 10
828.297389840023
 20
303.3112616783149
 10
828.297389840023
 20
300.7172064195025
 10
828.297389840023
 20
300.7029437147845
 10
828.297389840023
 20
300.5660010789055
 10
828.4254441236864
 20
300.4733968511715
 10
828.5552554072065
 20
300.4733968511715
 10
828.5552554072065
 20
300.4733968511715
 10
832.446596677757
 20
300.4733968511715
 10
832.446596677757
 20
300.4733968511715
 10
832.6113412525426
 20
300.4860059089656
 10
832.6182658990361
 20
300.6256357210958
 10
832.9281179913872
 20
301.0290222175755
 10
832.9281179913872
 20
301.0290222175755
 10
834.417847163885
 20
303.1949896289837
 10
834.4619788661644
 20
303.2574148003579
 10
834.5017697452689
 20
303.3141555604316
 10
834.6476007333634
 20
303.4878918403655
 10
834.8155492490642
 20
303.4878918403655
 10
834.9300642985388
 20
303.4878918403655
 10
835.0124365859317
 20
303.4409696089022
 10
835.0928451676024
 20
303.3290383827459
 10
835.3847138496568
 20
302.9212077101584
 10
836.527280521085
 20
301.0749109197115
 10
836.527280521085
 20
301.0749109197115
 10
836.527280521085
 20
301.0749109197115
 10
834.2732564109834
 20
301.0749109197115
 10
834.2732564109834
 20
301.0749109197115
 10
834.0897016024392
 20
301.0749109197115
 10
833.8518865042072
 20
300.8674815837047
 10
833.8518865042072
 20
300.6103394870505
 10
833.8518865042072
 20
300.6103394870505
 10
833.8518865042072
 20
300.4733968511715
 10
833.8518865042072
 20
300.4733968511715
 10
833.8518865042072
 20
300.4733968511715
 10
837.6321233720632
 20
300.4733968511715
 10
837.6321233720632
 20
300.4733968511715
 10
837.6321233720632
 20
300.4733968511715
 10
835.827581166443
 20
303.317152795481
 10
835.5031563105756
 20
303.7171286451804
 10
835.3327273244895
 20
303.9275552162367
 10
835.1189934595855
 20
304.0684252635597
 10
834.7899177217447
 20
304.0684252635597
 97
0
 97
1
330
8C9
 75
0
 76
1
 98
1
 10
-162.4348509459
 20
379.1323727122111
  0
HATCH
  5
261
330
254
100
AcDbEntity
  8
DIM
 62
0
100
AcDbHatch
 10
0.0
 20
0.0
 30
0.0
210
0.0
220
0.0
230
1.0
  2
SOLID
 70
1
 71
0
 91
4
 92
1
 93
1
 72
4
 94
3
 73
0
 74
0
 95
35
 96
31
 40
0.0
 40
0.0
 40
0.0
 40
0.0
 40
1.0
 40
1.0
 40
1.0
 40
2.0
 40
2.0
 40
2.0
 40
3.0
 40
3.0
 40
3.0
 40
4.0
 40
4.0
 40
4.0
 40
5.0
 40
5.0
 40
5.0
 40
6.0
 40
6.0
 40
6.0
 40
7.0
 40
7.0
 40
7.0
 40
8.0
 40
8.0
 40
8.0
 40
9.0
 40
9.0
 40
9.0
 40
10.0
 40
10.0
 40
10.0
 40
10.0
 10
841.6122448118365
 20
301.0789416840884
 10
841.6122448118365
 20
301.0789416840884
 10
839.2289261828787
 20
301.0789416840884
 10
839.2289261828787
 20
301.0789416840884
 10
838.4566730694537
 20
301.0789416840884
 10
837.8270470032088
 20
301.5842341722487
 10
837.8270470032088
 20
302.3040873487747
 10
837.8270470032088
 20
303.0240438782336
 10
838.4349689535786
 20
303.4913024871459
 10
839.2074287728689
 20
303.4913024871459
 10
839.2074287728689
 20
303.4913024871459
 10
841.6159655174149
 20
303.4913024871459
 10
841.6159655174149
 20
303.4913024871459
 10
841.7783329747475
 20
303.7054497637809
 10
841.9813181346469
 20
303.8944822777602
 10
842.2164460566277
 20
304.0474446182137
 10
842.2164460566277
 20
304.0474446182137
 10
839.1691881877555
 20
304.0474446182137
 10
839.1691881877555
 20
304.0474446182137
 10
838.0772644533694
 20
304.0474446182137
 10
837.1940102901833
 20
303.3230439126471
 10
837.1940102901833
 20
302.3040873487747
 10
837.1940102901833
 20
301.2861643142298
 10
838.1016557454959
 20
300.4756706156917
 10
839.1938895386799
 20
300.4756706156917
 10
839.1938895386799
 20
300.4756706156917
 10
842.2285383497582
 20
300.4756706156917
 10
842.2285383497582
 20
300.4756706156917
 10
841.9941338983065
 20
300.6293564266744
 10
841.7750256809002
 20
300.8637608781262
 10
841.6122448118365
 20
301.0789416840884
 97
0
 97
1
330
8C8
 92
1
 93
1
 72
4
 94
3
 73
0
 74
0
 95
53
 96
49
 40
0.0
 40
0.0
 40
0.0
 40
0.0
 40
1.0
 40
1.0
 40
1.0
 40
2.0
 40
2.0
 40
2.0
 40
3.0
 40
3.0
 40
3.0
 40
4.0
 40
4.0
 40
4.0
 40
5.0
 40
5.0
 40
5.0
 40
6.0
 40
6.0
 40
6.0
 40
7.0
 40
7.0
 40
7.0
 40
8.0
 40
8.0
 40
8.0
 40
9.0
 40
9.0
 40
9.0
 40
10.0
 40
10.0
 40
10.0
 40
11.0
 40
11.0
 40
11.0
 40
12.0
 40
12.0
 40
12.0
 40
13.0
 40
13.0
 40
13.0
 40
14.0
 40
14.0
 40
14.0
 40
15.0
 40
15.0
 40
15.0
 40
16.0
 40
16.0
 40
16.0
 40
16.0
 10
851.0241829846327
 20
304.0474446182137
 10
851.0241829846327
 20
304.0474446182137
 10
851.0241829846327
 20
301.2486471996457
 10
851.0241829846327
 20
301.2486471996457
 10
851.0241829846327
 20
301.0401843343114
 10
850.9097712880906
 20
301.0133125717993
 10
850.7962897679433
 20
301.0133125717993
 10
850.751331242202
 20
301.0133125717993
 10
850.6780540128902
 20
301.0350166876744
 10
850.6017795485288
 20
301.1237968568971
 10
850.5255050841677
 20
301.2121636143888
 10
849.1392321973414
 20
303.3857791428196
 10
849.0316417943601
 20
303.5517639527982
 10
848.7464910529338
 20
303.9931843285258
 10
848.4233064322593
 20
304.0474446182137
 10
848.2155670374545
 20
304.0474446182137
 10
847.72257354829
 20
304.0474446182137
 10
847.3197038164739
 20
303.6739271192955
 10
847.3197038164739
 20
303.2293028026529
 10
847.3197038164739
 20
303.2293028026529
 10
847.3197038164739
 20
300.4497290295743
 10
847.3197038164739
 20
300.4497290295743
 10
847.3197038164739
 20
300.4497290295743
 10
847.978682115617
 20
300.4497290295743
 10
847.978682115617
 20
300.4497290295743
 10
847.978682115617
 20
300.4497290295743
 10
847.978682115617
 20
303.2964822089332
 10
847.978682115617
 20
303.2964822089332
 10
847.978682115617
 20
303.4325980213503
 10
848.0946441061499
 20
303.4913024871459
 10
848.203888156055
 20
303.4913024871459
 10
848.2436790351593
 20
303.4913024871459
 10
848.3250177932248
 20
303.4755928413696
 10
848.3778311418542
 20
303.3975613771517
 10
848.4096638451379
 20
303.3511559103521
 10
849.970189776562
 20
300.9336274606576
 10
849.970189776562
 20
300.9336274606576
 10
850.151780879384
 20
300.6456861900472
 10
850.5077283797366
 20
300.457377146597
 10
850.7880215333242
 20
300.457377146597
 10
851.3701052505096
 20
300.457377146597
 10
851.6829545779101
 20
300.8114642941603
 10
851.6829545779101
 20
301.2565020225337
 10
851.6829545779101
 20
301.2565020225337
 10
851.6829545779101
 20
304.0474446182137
 10
851.6829545779101
 20
304.0474446182137
 10
851.6829545779101
 20
304.0474446182137
 10
851.0241829846327
 20
304.0474446182137
 10
851.0241829846327
 20
304.0474446182137
 97
0
 97
1
330
8C7
 92
16
 93
1
 72
4
 94
3
 73
0
 74
0
 95
23
 96
19
 40
0.0
 40
0.0
 40
0.0
 40
0.0
 40
1.0
 40
1.0
 40
1.0
 40
2.0
 40
2.0
 40
2.0
 40
3.0
 40
3.0
 40
3.0
 40
4.0
 40
4.0
 40
4.0
 40
5.0
 40
5.0
 40
5.0
 40
6.0
 40
6.0
 40
6.0
 40
6.0
 10
844.8743734278728
 20
301.0789416840884
 10
844.8743734278728
 20
301.0789416840884
 10
843.6945997006588
 20
301.0789416840884
 10
843.6945997006588
 20
301.0789416840884
 10
842.9015726477537
 20
301.0789416840884
 10
842.2559268769342
 20
301.5607730565169
 10
842.2559268769342
 20
302.2503438237505
 10
842.2559268769342
 20
302.9393978263204
 10
842.9015726477537
 20
303.5007076040252
 10
843.6945997006588
 20
303.5007076040252
 10
843.6945997006588
 20
303.5007076040252
 10
844.8743734278728
 20
303.5007076040252
 10
844.8743734278728
 20
303.5007076040252
 10
845.667400480778
 20
303.5007076040252
 10
846.312529486934
 20
302.9393978263204
 10
846.312529486934
 20
302.2503438237505
 10
846.312529486934
 20
301.5607730565169
 10
845.667400480778
 20
301.0789416840884
 10
844.8743734278728
 20
301.0789416840884
 97
0
 97
1
330
8C6
 92
1
 93
1
 72
4
 94
3
 73
0
 74
0
 95
23
 96
19
 40
0.0
 40
0.0
 40
0.0
 40
0.0
 40
1.0
 40
1.0
 40
1.0
 40
2.0
 40
2.0
 40
2.0
 40
3.0
 40
3.0
 40
3.0
 40
4.0
 40
4.0
 40
4.0
 40
5.0
 40
5.0
 40
5.0
 40
6.0
 40
6.0
 40
6.0
 40
6.0
 10
845.057928236417
 20
304.0474446182137
 10
845.057928236417
 20
304.0474446182137
 10
843.5494921830937
 20
304.0474446182137
 10
843.5494921830937
 20
304.0474446182137
 10
842.4864039169418
 20
304.0474446182137
 10
841.6216499287156
 20
303.241188389918
 10
841.6216499287156
 20
302.2503438237505
 10
841.6216499287156
 20
301.2600160222469
 10
842.4864039169418
 20
300.4828019680507
 10
843.5494921830937
 20
300.4828019680507
 10
843.5494921830937
 20
300.4828019680507
 10
845.057928236417
 20
300.4828019680507
 10
845.057928236417
 20
300.4828019680507
 10
846.1203963849722
 20
300.4828019680507
 10
846.9848403144
 20
301.2600160222469
 10
846.9848403144
 20
302.2503438237505
 10
846.9848403144
 20
303.241188389918
 10
846.1203963849722
 20
304.0474446182137
 10
845.057928236417
 20
304.0474446182137
 97
0
 97
1
330
8C5
 75
0
 76
1
 98
1
 10
-162.4348509459
 20
379.1323727122111
  0
HATCH
  5
262
330
254
100
AcDbEntity
  8
DIM
 62
4
100
AcDbHatch
 10
0.0
 20
0.0
 30
0.0
210
0.0
220
0.0
230
1.0
  2
SOLID
 70
1
 71
0
 91
1
 92
1
 93
1
 72
4
 94
3
 73
0
 74
0
 95
29
 96
25
 40
0.0
 40
0.0
 40
0.0
 40
0.0
 40
1.0
 40
1.0
 40
1.0
 40
2.0
 40
2.0
 40
2.0
 40
3.0
 40
3.0
 40
3.0
 40
4.0
 40
4.0
 40
4.0
 40
5.0
 40
5.0
 40
5.0
 40
6.0
 40
6.0
 40
6.0
 40
7.0
 40
7.0
 40
7.0
 40
8.0
 40
8.0
 40
8.0
 40
8.0
 10
831.6686591530316
 20
302.1886421229055
 10
831.6686591530316
 20
302.0771243084803
 10
831.5785353956835
 20
301.986587139401
 10
831.4668108753926
 20
301.986587139401
 10
831.4668108753926
 20
301.986587139401
 10
829.959615057262
 20
301.986587139401
 10
829.959615057262
 20
301.986587139401
 10
829.8480972428366
 20
301.986587139401
 10
829.7577667796229
 20
302.0771243084803
 10
829.7577667796229
 20
302.1886421229055
 10
829.7577667796229
 20
302.1886421229055
 10
829.7577667796229
 20
302.5518243285498
 10
829.7577667796229
 20
302.5518243285498
 10
829.7577667796229
 20
302.663342142975
 10
829.8480972428366
 20
302.7536726061887
 10
829.959615057262
 20
302.7536726061887
 10
829.959615057262
 20
302.7536726061887
 10
831.4668108753926
 20
302.7536726061887
 10
831.4668108753926
 20
302.7536726061887
 10
831.5785353956835
 20
302.7536726061887
 10
831.6686591530316
 20
302.663342142975
 10
831.6686591530316
 20
302.5518243285498
 10
831.6686591530316
 20
302.5518243285498
 10
831.6686591530316
 20
302.1886421229055
 10
831.6686591530316
 20
302.1886421229055
 97
0
 97
1
330
8C4
 75
0
 76
1
 98
1
 10
-162.4348509459
 20
379.1323727122111
  0
ENDBLK
  5
256
330
254
100
AcDbEntity
  8
0
100
AcDbBlockEnd
  0
BLOCK
  5
4A9
330
4A8
100
AcDbEntity
  8
0
100
AcDbBlockBegin
  2
*D1
 70
1
 10
0.0
 20
0.0
 30
0.0
  3
*D1
  1

  0
LINE
  5
4AB
330
4A8
100
AcDbEntity
  8
0
 62
2
100
AcDbLine
 10
389.70200000000114
 20
577.1990000000001
 30
0.0
 11
389.70200000000114
 21
562.2830000000001
 31
0.0
  0
LINE
  5
4AC
330
4A8
100
AcDbEntity
  8
0
 62
2
100
AcDbLine
 10
485.9212000000007
 20
577.1990000000001
 30
0.0
 11
485.9212000000007
 21
562.2830000000001
 31
0.0
  0
INSERT
  5
4AD
330
4A8
100
AcDbEntity
  8
DIM
 62
2
100
AcDbBlockReference
  2
_ARCHTICK
 10
389.70200000000114
 20
564.2830000000001
 30
0.0
 41
2.5
 42
2.5
 50
180.0
  0
INSERT
  5
4AF
330
4A8
100
AcDbEntity
  8
DIM
 62
2
100
AcDbBlockReference
  2
_ARCHTICK
 10
485.9212000000007
 20
564.2830000000001
 30
0.0
 41
2.5
 42
2.5
  0
LINE
  5
4B1
330
4A8
100
AcDbEntity
  8
0
 62
2
100
AcDbLine
 10
389.70200000000114
 20
564.2830000000001
 30
0.0
 11
485.9212000000007
 21
564.2830000000001
 31
0.0
  0
MTEXT
  5
4B2
330
4A8
100
AcDbEntity
  8
DIM
 62
7
100
AcDbMText
 10
437.8116000000009
 20
567.0330000000001
 30
0.0
 40
3.5
 71
5
  1
96.2
  7
SimSun
  0
POINT
  5
4B3
330
4A8
100
AcDbEntity
  8
Defpoints
100
AcDbPoint
 10
389.70200000000114
 20
564.2830000000001
 30
0.0
  0
POINT
  5
4B4
330
4A8
100
AcDbEntity
  8
Defpoints
100
AcDbPoint
 10
389.70200000000114
 20
578.1990000000001
 30
0.0
  0
POINT
  5
4B5
330
4A8
100
AcDbEntity
  8
Defpoints
100
AcDbPoint
 10
485.9212000000007
 20
578.1990000000001
 30
0.0
  0
ENDBLK
  5
4AA
330
4A8
100
AcDbEntity
  8
0
100
AcDbBlockEnd
  0
BLOCK
  5
4B8
330
4B7
100
AcDbEntity
  8
0
100
AcDbBlockBegin
  2
*D2
 70
1
 10
0.0
 20
0.0
 30
0.0
  3
*D2
  1

  0
LINE
  5
4BA
330
4B7
100
AcDbEntity
  8
0
 62
2
100
AcDbLine
 10
388.70200000000114
 20
578.1990000000001
 30
0.0
 11
373.78600000000006
 21
578.1990000000001
 31
0.0
  0
LINE
  5
4BB
330
4B7
100
AcDbEntity
  8
0
 62
2
100
AcDbLine
 10
388.70200000000114
 20
633.54492
 30
0.0
 11
373.78600000000006
 21
633.54492
 31
0.0
  0
INSERT
  5
4BC
330
4B7
100
AcDbEntity
  8
DIM
 62
2
100
AcDbBlockReference
  2
_ARCHTICK
 10
375.78600000000006
 20
578.1990000000001
 30
0.0
 41
2.5
 42
2.5
 50
-90.00000000000001
  0
INSERT
  5
4BE
330
4B7
100
AcDbEntity
  8
DIM
 62
2
100
AcDbBlockReference
  2
_ARCHTICK
 10
375.78600000000006
 20
633.54492
 30
0.0
 41
2.5
 42
2.5
 50
90.0
  0
LINE
  5
4C0
330
4B7
100
AcDbEntity
  8
0
 62
2
100
AcDbLine
 10
375.78600000000006
 20
578.1990000000001
 30
0.0
 11
375.78600000000006
 21
633.54492
 31
0.0
  0
MTEXT
  5
4C1
330
4B7
100
AcDbEntity
  8
DIM
 62
7
100
AcDbMText
 10
373.03600000000006
 20
605.87196
 30
0.0
 40
3.5
 71
5
  1
55.3
  7
SimSun
 11
6.123233995736766e-17
 21
1.0
 31
0.0
  0
POINT
  5
4C2
330
4B7
100
AcDbEntity
  8
Defpoints
100
AcDbPoint
 10
375.78600000000006
 20
578.1990000000001
 30
0.0
  0
POINT
  5
4C3
330
4B7
100
AcDbEntity
  8
Defpoints
100
AcDbPoint
 10
389.70200000000114
 20
578.1990000000001
 30
0.0
  0
POINT
  5
4C4
330
4B7
100
AcDbEntity
  8
Defpoints
100
AcDbPoint
 10
389.70200000000114
 20
633.54492
 30
0.0
  0
ENDBLK
  5
4B9
330
4B7
100
AcDbEntity
  8
0
100
AcDbBlockEnd
  0
BLOCK
  5
4E3
330
4E2
100
AcDbEntity
  8
0
100
AcDbBlockBegin
  2
*D3
 70
1
 10
0.0
 20
0.0
 30
0.0
  3
*D3
  1

  0
LINE
  5
4E5
330
4E2
100
AcDbEntity
  8
0
 62
2
100
AcDbLine
 10
359.1260000000002
 20
576.7220452097195
 30
0.0
 11
359.1260000000002
 21
565.7820452097194
 31
0.0
  0
LINE
  5
4E6
330
4E2
100
AcDbEntity
  8
0
 62
2
100
AcDbLine
 10
371.80944000030286
 20
576.7220452097195
 30
0.0
 11
371.80944000030286
 21
565.7820452097194
 31
0.0
  0
INSERT
  5
4E7
330
4E2
100
AcDbEntity
  8
DIM
 62
2
100
AcDbBlockReference
  2
_ARCHTICK
 10
359.1260000000002
 20
567.7820452097194
 30
0.0
 41
2.5
 42
2.5
 50
180.0
  0
INSERT
  5
4E9
330
4E2
100
AcDbEntity
  8
DIM
 62
2
100
AcDbBlockReference
  2
_ARCHTICK
 10
371.80944000030286
 20
567.7820452097194
 30
0.0
 41
2.5
 42
2.5
  0
LINE
  5
4EB
330
4E2
100
AcDbEntity
  8
0
 62
2
100
AcDbLine
 10
359.1260000000002
 20
567.7820452097194
 30
0.0
 11
371.80944000030286
 21
567.7820452097194
 31
0.0
  0
MTEXT
  5
4EC
330
4E2
100
AcDbEntity
  8
DIM
 62
7
100
AcDbMText
 10
365.4677200001497
 20
572.5320452097194
 30
0.0
 40
3.5
 71
5
  1
12.7
  7
SimSun
  0
POINT
  5
4ED
330
4E2
100
AcDbEntity
  8
Defpoints
100
AcDbPoint
 10
359.1260000000002
 20
567.7820452097194
 30
0.0
  0
POINT
  5
4EE
330
4E2
100
AcDbEntity
  8
Defpoints
100
AcDbPoint
 10
359.1260000000002
 20
577.7220452097195
 30
0.0
  0
POINT
  5
4EF
330
4E2
100
AcDbEntity
  8
Defpoints
100
AcDbPoint
 10
371.80944000030286
 20
577.7220452097195
 30
0.0
  0
ENDBLK
  5
4E4
330
4E2
100
AcDbEntity
  8
0
100
AcDbBlockEnd
  0
BLOCK
  5
4F2
330
4F1
100
AcDbEntity
  8
0
100
AcDbBlockBegin
  2
*D4
 70
1
 10
0.0
 20
0.0
 30
0.0
  3
*D4
  1

  0
LINE
  5
4F4
330
4F1
100
AcDbEntity
  8
0
 62
2
100
AcDbLine
 10
484.5293999999958
 20
576.7220452097195
 30
0.0
 11
484.5293999999958
 21
565.7820452097194
 31
0.0
  0
LINE
  5
4F5
330
4F1
100
AcDbEntity
  8
0
 62
2
100
AcDbLine
 10
497.2128400003021
 20
576.7220452097195
 30
0.0
 11
497.2128400003021
 21
565.7820452097194
 31
0.0
  0
INSERT
  5
4F6
330
4F1
100
AcDbEntity
  8
DIM
 62
2
100
AcDbBlockReference
  2
_ARCHTICK
 10
484.5293999999958
 20
567.7820452097194
 30
0.0
 41
2.5
 42
2.5
 50
180.0
  0
INSERT
  5
4F8
330
4F1
100
AcDbEntity
  8
DIM
 62
2
100
AcDbBlockReference
  2
_ARCHTICK
 10
497.2128400003021
 20
567.7820452097194
 30
0.0
 41
2.5
 42
2.5
  0
LINE
  5
4FA
330
4F1
100
AcDbEntity
  8
0
 62
2
100
AcDbLine
 10
484.5293999999958
 20
567.7820452097194
 30
0.0
 11
497.2128400003021
 21
567.7820452097194
 31
0.0
  0
MTEXT
  5
4FB
330
4F1
100
AcDbEntity
  8
DIM
 62
7
100
AcDbMText
 10
490.87112000014895
 20
572.5320452097194
 30
0.0
 40
3.5
 71
5
  1
12.7
  7
SimSun
  0
POINT
  5
4FC
330
4F1
100
AcDbEntity
  8
Defpoints
100
AcDbPoint
 10
484.5293999999958
 20
567.7820452097194
 30
0.0
  0
POINT
  5
4FD
330
4F1
100
AcDbEntity
  8
Defpoints
100
AcDbPoint
 10
484.5293999999958
 20
577.7220452097195
 30
0.0
  0
POINT
  5
4FE
330
4F1
100
AcDbEntity
  8
Defpoints
100
AcDbPoint
 10
497.2128400003021
 20
577.7220452097195
 30
0.0
  0
ENDBLK
  5
4F3
330
4F1
100
AcDbEntity
  8
0
100
AcDbBlockEnd
  0
BLOCK
  5
501
330
500
100
AcDbEntity
  8
0
100
AcDbBlockBegin
  2
*D5
 70
1
 10
0.0
 20
0.0
 30
0.0
  3
*D5
  1

  0
LINE
  5
503
330
500
100
AcDbEntity
  8
0
 62
2
100
AcDbLine
 10
389.70200000000114
 20
645.4670000000001
 30
0.0
 11
389.70200000000114
 21
634.527
 31
0.0
  0
LINE
  5
504
330
500
100
AcDbEntity
  8
0
 62
2
100
AcDbLine
 10
485.9212000000007
 20
645.4670000000001
 30
0.0
 11
485.9212000000007
 21
634.527
 31
0.0
  0
INSERT
  5
505
330
500
100
AcDbEntity
  8
DIM
 62
2
100
AcDbBlockReference
  2
_ARCHTICK
 10
389.70200000000114
 20
636.527
 30
0.0
 41
2.5
 42
2.5
 50
180.0
  0
INSERT
  5
507
330
500
100
AcDbEntity
  8
DIM
 62
2
100
AcDbBlockReference
  2
_ARCHTICK
 10
485.9212000000007
 20
636.527
 30
0.0
 41
2.5
 42
2.5
  0
LINE
  5
509
330
500
100
AcDbEntity
  8
0
 62
2
100
AcDbLine
 10
389.70200000000114
 20
636.527
 30
0.0
 11
485.9212000000007
 21
636.527
 31
0.0
  0
MTEXT
  5
50A
330
500
100
AcDbEntity
  8
DIM
 62
7
100
AcDbMText
 10
437.8116000000009
 20
639.277
 30
0.0
 40
3.5
 71
5
  1
96.2
  7
SimSun
  0
POINT
  5
50B
330
500
100
AcDbEntity
  8
Defpoints
100
AcDbPoint
 10
389.70200000000114
 20
636.527
 30
0.0
  0
POINT
  5
50C
330
500
100
AcDbEntity
  8
Defpoints
100
AcDbPoint
 10
389.70200000000114
 20
646.4670000000001
 30
0.0
  0
POINT
  5
50D
330
500
100
AcDbEntity
  8
Defpoints
100
AcDbPoint
 10
485.9212000000007
 20
646.4670000000001
 30
0.0
  0
ENDBLK
  5
502
330
500
100
AcDbEntity
  8
0
100
AcDbBlockEnd
  0
BLOCK
  5
510
330
50F
100
AcDbEntity
  8
0
100
AcDbBlockBegin
  2
*D6
 70
1
 10
0.0
 20
0.0
 30
0.0
  3
*D6
  1

  0
LINE
  5
512
330
50F
100
AcDbEntity
  8
0
 62
2
100
AcDbLine
 10
388.70200000000114
 20
646.4670000000001
 30
0.0
 11
377.76200000000244
 21
646.4670000000001
 31
0.0
  0
LINE
  5
513
330
50F
100
AcDbEntity
  8
0
 62
2
100
AcDbLine
 10
388.70200000000114
 20
701.8129200000001
 30
0.0
 11
377.76200000000244
 21
701.8129200000001
 31
0.0
  0
INSERT
  5
514
330
50F
100
AcDbEntity
  8
DIM
 62
2
100
AcDbBlockReference
  2
_ARCHTICK
 10
379.76200000000244
 20
646.4670000000001
 30
0.0
 41
2.5
 42
2.5
 50
-90.00000000000001
  0
INSERT
  5
516
330
50F
100
AcDbEntity
  8
DIM
 62
2
100
AcDbBlockReference
  2
_ARCHTICK
 10
379.76200000000244
 20
701.8129200000001
 30
0.0
 41
2.5
 42
2.5
 50
90.0
  0
LINE
  5
518
330
50F
100
AcDbEntity
  8
0
 62
2
100
AcDbLine
 10
379.76200000000244
 20
646.4670000000001
 30
0.0
 11
379.76200000000244
 21
701.8129200000001
 31
0.0
  0
MTEXT
  5
519
330
50F
100
AcDbEntity
  8
DIM
 62
7
100
AcDbMText
 10
377.01200000000244
 20
674.13996
 30
0.0
 40
3.5
 71
5
  1
55.3
  7
SimSun
 11
6.123233995736766e-17
 21
1.0
 31
0.0
  0
POINT
  5
51A
330
50F
100
AcDbEntity
  8
Defpoints
100
AcDbPoint
 10
379.76200000000244
 20
646.4670000000001
 30
0.0
  0
POINT
  5
51B
330
50F
100
AcDbEntity
  8
Defpoints
100
AcDbPoint
 10
389.70200000000114
 20
646.4670000000001
 30
0.0
  0
POINT
  5
51C
330
50F
100
AcDbEntity
  8
Defpoints
100
AcDbPoint
 10
389.70200000000114
 20
701.8129200000001
 30
0.0
  0
ENDBLK
  5
511
330
50F
100
AcDbEntity
  8
0
100
AcDbBlockEnd
  0
BLOCK
  5
51F
330
51E
100
AcDbEntity
  8
0
100
AcDbBlockBegin
  2
*D7
 70
1
 10
0.0
 20
0.0
 30
0.0
  3
*D7
  1

  0
LINE
  5
521
330
51E
100
AcDbEntity
  8
0
 62
2
100
AcDbLine
 10
389.70200000000114
 20
589.1270000000002
 30
0.0
 11
389.70200000000114
 21
578.1870000000001
 31
0.0
  0
LINE
  5
522
330
51E
100
AcDbEntity
  8
0
 62
2
100
AcDbLine
 10
485.9212000000007
 20
589.1270000000002
 30
0.0
 11
485.9212000000007
 21
578.1870000000001
 31
0.0
  0
INSERT
  5
523
330
51E
100
AcDbEntity
  8
DIM
 62
2
100
AcDbBlockReference
  2
_ARCHTICK
 10
389.70200000000114
 20
580.1870000000001
 30
0.0
 41
2.5
 42
2.5
 50
180.0
  0
INSERT
  5
525
330
51E
100
AcDbEntity
  8
DIM
 62
2
100
AcDbBlockReference
  2
_ARCHTICK
 10
485.9212000000007
 20
580.1870000000001
 30
0.0
 41
2.5
 42
2.5
  0
LINE
  5
527
330
51E
100
AcDbEntity
  8
0
 62
2
100
AcDbLine
 10
389.70200000000114
 20
580.1870000000001
 30
0.0
 11
485.9212000000007
 21
580.1870000000001
 31
0.0
  0
MTEXT
  5
528
330
51E
100
AcDbEntity
  8
DIM
 62
7
100
AcDbMText
 10
437.8116000000009
 20
582.9370000000001
 30
0.0
 40
3.5
 71
5
  1
96.2
  7
SimSun
  0
POINT
  5
529
330
51E
100
AcDbEntity
  8
Defpoints
100
AcDbPoint
 10
389.70200000000114
 20
580.1870000000001
 30
0.0
  0
POINT
  5
52A
330
51E
100
AcDbEntity
  8
Defpoints
100
AcDbPoint
 10
389.70200000000114
 20
590.1270000000002
 30
0.0
  0
POINT
  5
52B
330
51E
100
AcDbEntity
  8
Defpoints
100
AcDbPoint
 10
485.9212000000007
 20
590.1270000000002
 30
0.0
  0
ENDBLK
  5
520
330
51E
100
AcDbEntity
  8
0
100
AcDbBlockEnd
  0
BLOCK
  5
52E
330
52D
100
AcDbEntity
  8
0
100
AcDbBlockBegin
  2
*D8
 70
1
 10
0.0
 20
0.0
 30
0.0
  3
*D8
  1

  0
LINE
  5
530
330
52D
100
AcDbEntity
  8
0
 62
2
100
AcDbLine
 10
388.70200000000114
 20
590.1270000000002
 30
0.0
 11
377.76200000000244
 21
590.1270000000002
 31
0.0
  0
LINE
  5
531
330
52D
100
AcDbEntity
  8
0
 62
2
100
AcDbLine
 10
388.70200000000114
 20
602.81044
 30
0.0
 11
377.76200000000244
 21
602.81044
 31
0.0
  0
INSERT
  5
532
330
52D
100
AcDbEntity
  8
DIM
 62
2
100
AcDbBlockReference
  2
_ARCHTICK
 10
379.76200000000244
 20
590.1270000000002
 30
0.0
 41
2.5
 42
2.5
 50
-90.00000000000001
  0
INSERT
  5
534
330
52D
100
AcDbEntity
  8
DIM
 62
2
100
AcDbBlockReference
  2
_ARCHTICK
 10
379.76200000000244
 20
602.81044
 30
0.0
 41
2.5
 42
2.5
 50
90.0
  0
LINE
  5
536
330
52D
100
AcDbEntity
  8
0
 62
2
100
AcDbLine
 10
379.76200000000244
 20
590.1270000000002
 30
0.0
 11
379.76200000000244
 21
602.81044
 31
0.0
  0
MTEXT
  5
537
330
52D
100
AcDbEntity
  8
DIM
 62
7
100
AcDbMText
 10
375.01200000000244
 20
596.4687200000001
 30
0.0
 40
3.5
 71
5
  1
12.7
  7
SimSun
 11
6.123233995736766e-17
 21
1.0
 31
0.0
  0
POINT
  5
538
330
52D
100
AcDbEntity
  8
Defpoints
100
AcDbPoint
 10
379.76200000000244
 20
590.1270000000002
 30
0.0
  0
POINT
  5
539
330
52D
100
AcDbEntity
  8
Defpoints
100
AcDbPoint
 10
389.70200000000114
 20
590.1270000000002
 30
0.0
  0
POINT
  5
53A
330
52D
100
AcDbEntity
  8
Defpoints
100
AcDbPoint
 10
389.70200000000114
 20
602.81044
 30
0.0
  0
ENDBLK
  5
52F
330
52D
100
AcDbEntity
  8
0
100
AcDbBlockEnd
  0
BLOCK
  5
53D
330
53C
100
AcDbEntity
  8
0
100
AcDbBlockBegin
  2
*D9
 70
1
 10
0.0
 20
0.0
 30
0.0
  3
*D9
  1

  0
LINE
  5
53F
330
53C
100
AcDbEntity
  8
0
 62
2
100
AcDbLine
 10
347.1980000000003
 20
588.6498800000002
 30
0.0
 11
347.1980000000003
 21
577.7098800000001
 31
0.0
  0
LINE
  5
540
330
53C
100
AcDbEntity
  8
0
 62
2
100
AcDbLine
 10
402.54392000000007
 20
588.6498800000002
 30
0.0
 11
402.54392000000007
 21
577.7098800000001
 31
0.0
  0
INSERT
  5
541
330
53C
100
AcDbEntity
  8
DIM
 62
2
100
AcDbBlockReference
  2
_ARCHTICK
 10
347.1980000000003
 20
579.7098800000001
 30
0.0
 41
2.5
 42
2.5
 50
180.0
  0
INSERT
  5
543
330
53C
100
AcDbEntity
  8
DIM
 62
2
100
AcDbBlockReference
  2
_ARCHTICK
 10
402.54392000000007
 20
579.7098800000001
 30
0.0
 41
2.5
 42
2.5
  0
LINE
  5
545
330
53C
100
AcDbEntity
  8
0
 62
2
100
AcDbLine
 10
347.1980000000003
 20
579.7098800000001
 30
0.0
 11
402.54392000000007
 21
579.7098800000001
 31
0.0
  0
MTEXT
  5
546
330
53C
100
AcDbEntity
  8
DIM
 62
7
100
AcDbMText
 10
374.8709600000002
 20
582.4598800000001
 30
0.0
 40
3.5
 71
5
  1
55.3
  7
SimSun
  0
POINT
  5
547
330
53C
100
AcDbEntity
  8
Defpoints
100
AcDbPoint
 10
347.1980000000003
 20
579.7098800000001
 30
0.0
  0
POINT
  5
548
330
53C
100
AcDbEntity
  8
Defpoints
100
AcDbPoint
 10
347.1980000000003
 20
589.6498800000002
 30
0.0
  0
POINT
  5
549
330
53C
100
AcDbEntity
  8
Defpoints
100
AcDbPoint
 10
402.54392000000007
 20
589.6498800000002
 30
0.0
  0
ENDBLK
  5
53E
330
53C
100
AcDbEntity
  8
0
100
AcDbBlockEnd
  0
BLOCK
  5
54C
330
54B
100
AcDbEntity
  8
0
100
AcDbBlockBegin
  2
*D10
 70
1
 10
0.0
 20
0.0
 30
0.0
  3
*D10
  1

  0
LINE
  5
54E
330
54B
100
AcDbEntity
  8
0
 62
2
100
AcDbLine
 10
346.1980000000003
 20
589.6498800000002
 30
0.0
 11
335.25800000000163
 21
589.6498800000002
 31
0.0
  0
LINE
  5
54F
330
54B
100
AcDbEntity
  8
0
 62
2
100
AcDbLine
 10
346.1980000000003
 20
602.33332
 30
0.0
 11
335.25800000000163
 21
602.33332
 31
0.0
  0
INSERT
  5
550
330
54B
100
AcDbEntity
  8
DIM
 62
2
100
AcDbBlockReference
  2
_ARCHTICK
 10
337.25800000000163
 20
589.6498800000002
 30
0.0
 41
2.5
 42
2.5
 50
-90.00000000000001
  0
INSERT
  5
552
330
54B
100
AcDbEntity
  8
DIM
 62
2
100
AcDbBlockReference
  2
_ARCHTICK
 10
337.25800000000163
 20
602.33332
 30
0.0
 41
2.5
 42
2.5
 50
90.0
  0
LINE
  5
554
330
54B
100
AcDbEntity
  8
0
 62
2
100
AcDbLine
 10
337.25800000000163
 20
589.6498800000002
 30
0.0
 11
337.25800000000163
 21
602.33332
 31
0.0
  0
MTEXT
  5
555
330
54B
100
AcDbEntity
  8
DIM
 62
7
100
AcDbMText
 10
332.50800000000163
 20
595.9916000000001
 30
0.0
 40
3.5
 71
5
  1
12.7
  7
SimSun
 11
6.123233995736766e-17
 21
1.0
 31
0.0
  0
POINT
  5
556
330
54B
100
AcDbEntity
  8
Defpoints
100
AcDbPoint
 10
337.25800000000163
 20
589.6498800000002
 30
0.0
  0
POINT
  5
557
330
54B
100
AcDbEntity
  8
Defpoints
100
AcDbPoint
 10
347.1980000000003
 20
589.6498800000002
 30
0.0
  0
POINT
  5
558
330
54B
100
AcDbEntity
  8
Defpoints
100
AcDbPoint
 10
347.1980000000003
 20
602.33332
 30
0.0
  0
ENDBLK
  5
54D
330
54B
100
AcDbEntity
  8
0
100
AcDbBlockEnd
  0
BLOCK
  5
55B
330
55A
100
AcDbEntity
  8
0
100
AcDbBlockBegin
  2
*D11
 70
1
 10
0.0
 20
0.0
 30
0.0
  3
*D11
  1

  0
LINE
  5
55D
330
55A
100
AcDbEntity
  8
0
 62
2
100
AcDbLine
 10
389.70200000000114
 20
645.4670000000001
 30
0.0
 11
389.70200000000114
 21
627.3702000000001
 31
0.0
  0
LINE
  5
55E
330
55A
100
AcDbEntity
  8
0
 62
2
100
AcDbLine
 10
391.6900000000023
 20
645.4670000000001
 30
0.0
 11
391.6900000000023
 21
627.3702000000001
 31
0.0
  0
INSERT
  5
55F
330
55A
100
AcDbEntity
  8
DIM
 62
2
100
AcDbBlockReference
  2
_ARCHTICK
 10
389.70200000000114
 20
629.3702000000001
 30
0.0
 41
2.5
 42
2.5
  0
INSERT
  5
561
330
55A
100
AcDbEntity
  8
DIM
 62
2
100
AcDbBlockReference
  2
_ARCHTICK
 10
391.6900000000023
 20
629.3702000000001
 30
0.0
 41
2.5
 42
2.5
 50
180.0
  0
LINE
  5
563
330
55A
100
AcDbEntity
  8
0
 62
2
100
AcDbLine
 10
389.70200000000114
 20
629.3702000000001
 30
0.0
 11
391.6900000000023
 21
629.3702000000001
 31
0.0
  0
MTEXT
  5
564
330
55A
100
AcDbEntity
  8
DIM
 62
7
100
AcDbMText
 10
390.6959999999999
 20
634.1202000000001
 30
0.0
 40
3.5
 71
5
  1
2
  7
SimSun
  0
POINT
  5
565
330
55A
100
AcDbEntity
  8
Defpoints
100
AcDbPoint
 10
389.70200000000114
 20
629.3702000000001
 30
0.0
  0
POINT
  5
566
330
55A
100
AcDbEntity
  8
Defpoints
100
AcDbPoint
 10
389.70200000000114
 20
646.4670000000001
 30
0.0
  0
POINT
  5
567
330
55A
100
AcDbEntity
  8
Defpoints
100
AcDbPoint
 10
391.6900000000023
 20
646.4670000000001
 30
0.0
  0
ENDBLK
  5
55C
330
55A
100
AcDbEntity
  8
0
100
AcDbBlockEnd
  0
BLOCK
  5
56A
330
569
100
AcDbEntity
  8
0
100
AcDbBlockBegin
  2
*D12
 70
1
 10
0.0
 20
0.0
 30
0.0
  3
*D12
  1

  0
LINE
  5
56C
330
569
100
AcDbEntity
  8
0
 62
2
100
AcDbLine
 10
391.6900000000023
 20
645.4670000000001
 30
0.0
 11
391.6900000000023
 21
627.3702000000001
 31
0.0
  0
LINE
  5
56D
330
569
100
AcDbEntity
  8
0
 62
2
100
AcDbLine
 10
394.8708000000006
 20
645.4670000000001
 30
0.0
 11
394.8708000000006
 21
627.3702000000001
 31
0.0
  0
INSERT
  5
56E
330
569
100
AcDbEntity
  8
DIM
 62
2
100
AcDbBlockReference
  2
_ARCHTICK
 10
391.6900000000023
 20
629.3702000000001
 30
0.0
 41
2.5
 42
2.5
  0
INSERT
  5
570
330
569
100
AcDbEntity
  8
DIM
 62
2
100
AcDbBlockReference
  2
_ARCHTICK
 10
394.8708000000006
 20
629.3702000000001
 30
0.0
 41
2.5
 42
2.5
 50
180.0
  0
LINE
  5
572
330
569
100
AcDbEntity
  8
0
 62
2
100
AcDbLine
 10
391.6900000000023
 20
629.3702000000001
 30
0.0
 11
394.8708000000006
 21
629.3702000000001
 31
0.0
  0
MTEXT
  5
573
330
569
100
AcDbEntity
  8
DIM
 62
7
100
AcDbMText
 10
393.28039999999964
 20
634.1202000000001
 30
0.0
 40
3.5
 71
5
  1
3.2
  7
SimSun
  0
POINT
  5
574
330
569
100
AcDbEntity
  8
Defpoints
100
AcDbPoint
 10
391.6900000000023
 20
629.3702000000001
 30
0.0
  0
POINT
  5
575
330
569
100
AcDbEntity
  8
Defpoints
100
AcDbPoint
 10
391.6900000000023
 20
646.4670000000001
 30
0.0
  0
POINT
  5
576
330
569
100
AcDbEntity
  8
Defpoints
100
AcDbPoint
 10
394.8708000000006
 20
646.4670000000001
 30
0.0
  0
ENDBLK
  5
56B
330
569
100
AcDbEntity
  8
0
100
AcDbBlockEnd
  0
BLOCK
  5
579
330
578
100
AcDbEntity
  8
0
100
AcDbBlockBegin
  2
*D13
 70
1
 10
0.0
 20
0.0
 30
0.0
  3
*D13
  1

  0
LINE
  5
57B
330
578
100
AcDbEntity
  8
0
 62
2
100
AcDbLine
 10
394.8708000000006
 20
645.4670000000001
 30
0.0
 11
394.8708000000006
 21
627.3702000000001
 31
0.0
  0
LINE
  5
57C
330
578
100
AcDbEntity
  8
0
 62
2
100
AcDbLine
 10
397.65400000000227
 20
645.4670000000001
 30
0.0
 11
397.65400000000227
 21
627.3702000000001
 31
0.0
  0
INSERT
  5
57D
330
578
100
AcDbEntity
  8
DIM
 62
2
100
AcDbBlockReference
  2
_ARCHTICK
 10
394.8708000000006
 20
629.3702000000001
 30
0.0
 41
2.5
 42
2.5
  0
INSERT
  5
57F
330
578
100
AcDbEntity
  8
DIM
 62
2
100
AcDbBlockReference
  2
_ARCHTICK
 10
397.65400000000227
 20
629.3702000000001
 30
0.0
 41
2.5
 42
2.5
 50
180.0
  0
LINE
  5
581
330
578
100
AcDbEntity
  8
0
 62
2
100
AcDbLine
 10
394.8708000000006
 20
629.3702000000001
 30
0.0
 11
397.65400000000227
 21
629.3702000000001
 31
0.0
  0
MTEXT
  5
582
330
578
100
AcDbEntity
  8
DIM
 62
7
100
AcDbMText
 10
396.26240000000325
 20
634.1202000000001
 30
0.0
 40
3.5
 71
5
  1
2.8
  7
SimSun
  0
POINT
  5
583
330
578
100
AcDbEntity
  8
Defpoints
100
AcDbPoint
 10
394.8708000000006
 20
629.3702000000001
 30
0.0
  0
POINT
  5
584
330
578
100
AcDbEntity
  8
Defpoints
100
AcDbPoint
 10
394.8708000000006
 20
646.4670000000001
 30
0.0
  0
POINT
  5
585
330
578
100
AcDbEntity
  8
Defpoints
100
AcDbPoint
 10
397.65400000000227
 20
646.4670000000001
 30
0.0
  0
ENDBLK
  5
57A
330
578
100
AcDbEntity
  8
0
100
AcDbBlockEnd
  0
BLOCK
  5
588
330
587
100
AcDbEntity
  8
0
100
AcDbBlockBegin
  2
*D14
 70
1
 10
0.0
 20
0.0
 30
0.0
  3
*D14
  1

  0
LINE
  5
58A
330
587
100
AcDbEntity
  8
0
 62
2
100
AcDbLine
 10
397.65400000000227
 20
645.4670000000001
 30
0.0
 11
397.65400000000227
 21
627.3702000000001
 31
0.0
  0
LINE
  5
58B
330
587
100
AcDbEntity
  8
0
 62
2
100
AcDbLine
 10
405.40720000000147
 20
645.4670000000001
 30
0.0
 11
405.40720000000147
 21
627.3702000000001
 31
0.0
  0
INSERT
  5
58C
330
587
100
AcDbEntity
  8
DIM
 62
2
100
AcDbBlockReference
  2
_ARCHTICK
 10
397.65400000000227
 20
629.3702000000001
 30
0.0
 41
2.5
 42
2.5
 50
180.0
  0
INSERT
  5
58E
330
587
100
AcDbEntity
  8
DIM
 62
2
100
AcDbBlockReference
  2
_ARCHTICK
 10
405.40720000000147
 20
629.3702000000001
 30
0.0
 41
2.5
 42
2.5
  0
LINE
  5
590
330
587
100
AcDbEntity
  8
0
 62
2
100
AcDbLine
 10
397.65400000000227
 20
629.3702000000001
 30
0.0
 11
405.40720000000147
 21
629.3702000000001
 31
0.0
  0
MTEXT
  5
591
330
587
100
AcDbEntity
  8
DIM
 62
7
100
AcDbMText
 10
401.53060000000187
 20
634.1202000000001
 30
0.0
 40
3.5
 71
5
  1
7.8
  7
SimSun
  0
POINT
  5
592
330
587
100
AcDbEntity
  8
Defpoints
100
AcDbPoint
 10
397.65400000000227
 20
629.3702000000001
 30
0.0
  0
POINT
  5
593
330
587
100
AcDbEntity
  8
Defpoints
100
AcDbPoint
 10
397.65400000000227
 20
646.4670000000001
 30
0.0
  0
POINT
  5
594
330
587
100
AcDbEntity
  8
Defpoints
100
AcDbPoint
 10
405.40720000000147
 20
646.4670000000001
 30
0.0
  0
ENDBLK
  5
589
330
587
100
AcDbEntity
  8
0
100
AcDbBlockEnd
  0
BLOCK
  5
597
330
596
100
AcDbEntity
  8
0
100
AcDbBlockBegin
  2
*D15
 70
1
 10
0.0
 20
0.0
 30
0.0
  3
*D15
  1

  0
LINE
  5
599
330
596
100
AcDbEntity
  8
0
 62
2
100
AcDbLine
 10
405.40720000000147
 20
645.4670000000001
 30
0.0
 11
405.40720000000147
 21
627.3702000000001
 31
0.0
  0
LINE
  5
59A
330
596
100
AcDbEntity
  8
0
 62
2
100
AcDbLine
 10
408.38920000000144
 20
645.4670000000001
 30
0.0
 11
408.38920000000144
 21
627.3702000000001
 31
0.0
  0
INSERT
  5
59B
330
596
100
AcDbEntity
  8
DIM
 62
2
100
AcDbBlockReference
  2
_ARCHTICK
 10
405.40720000000147
 20
629.3702000000001
 30
0.0
 41
2.5
 42
2.5
  0
INSERT
  5
59D
330
596
100
AcDbEntity
  8
DIM
 62
2
100
AcDbBlockReference
  2
_ARCHTICK
 10
408.38920000000144
 20
629.3702000000001
 30
0.0
 41
2.5
 42
2.5
 50
180.0
  0
LINE
  5
59F
330
596
100
AcDbEntity
  8
0
 62
2
100
AcDbLine
 10
405.40720000000147
 20
629.3702000000001
 30
0.0
 11
408.38920000000144
 21
629.3702000000001
 31
0.0
  0
MTEXT
  5
5A0
330
596
100
AcDbEntity
  8
DIM
 62
7
100
AcDbMText
 10
406.89819999999963
 20
634.1202000000001
 30
0.0
 40
3.5
 71
5
  1
3
  7
SimSun
  0
POINT
  5
5A1
330
596
100
AcDbEntity
  8
Defpoints
100
AcDbPoint
 10
405.40720000000147
 20
629.3702000000001
 30
0.0
  0
POINT
  5
5A2
330
596
100
AcDbEntity
  8
Defpoints
100
AcDbPoint
 10
405.40720000000147
 20
646.4670000000001
 30
0.0
  0
POINT
  5
5A3
330
596
100
AcDbEntity
  8
Defpoints
100
AcDbPoint
 10
408.38920000000144
 20
646.4670000000001
 30
0.0
  0
ENDBLK
  5
598
330
596
100
AcDbEntity
  8
0
100
AcDbBlockEnd
  0
BLOCK
  5
5A6
330
5A5
100
AcDbEntity
  8
0
100
AcDbBlockBegin
  2
*D16
 70
1
 10
0.0
 20
0.0
 30
0.0
  3
*D16
  1

  0
LINE
  5
5A8
330
5A5
100
AcDbEntity
  8
0
 62
2
100
AcDbLine
 10
408.38920000000144
 20
645.4670000000001
 30
0.0
 11
408.38920000000144
 21
627.3702000000001
 31
0.0
  0
LINE
  5
5A9
330
5A5
100
AcDbEntity
  8
0
 62
2
100
AcDbLine
 10
440.7936000000009
 20
645.4670000000001
 30
0.0
 11
440.7936000000009
 21
627.3702000000001
 31
0.0
  0
INSERT
  5
5AA
330
5A5
100
AcDbEntity
  8
DIM
 62
2
100
AcDbBlockReference
  2
_ARCHTICK
 10
408.38920000000144
 20
629.3702000000001
 30
0.0
 41
2.5
 42
2.5
 50
180.0
  0
INSERT
  5
5AC
330
5A5
100
AcDbEntity
  8
DIM
 62
2
100
AcDbBlockReference
  2
_ARCHTICK
 10
440.7936000000009
 20
629.3702000000001
 30
0.0
 41
2.5
 42
2.5
  0
LINE
  5
5AE
330
5A5
100
AcDbEntity
  8
0
 62
2
100
AcDbLine
 10
408.38920000000144
 20
629.3702000000001
 30
0.0
 11
440.7936000000009
 21
629.3702000000001
 31
0.0
  0
MTEXT
  5
5AF
330
5A5
100
AcDbEntity
  8
DIM
 62
7
100
AcDbMText
 10
424.59140000000116
 20
632.1202000000001
 30
0.0
 40
3.5
 71
5
  1
32.4
  7
SimSun
  0
POINT
  5
5B0
330
5A5
100
AcDbEntity
  8
Defpoints
100
AcDbPoint
 10
408.38920000000144
 20
629.3702000000001
 30
0.0
  0
POINT
  5
5B1
330
5A5
100
AcDbEntity
  8
Defpoints
100
AcDbPoint
 10
408.38920000000144
 20
646.4670000000001
 30
0.0
  0
POINT
  5
5B2
330
5A5
100
AcDbEntity
  8
Defpoints
100
AcDbPoint
 10
440.7936000000009
 20
646.4670000000001
 30
0.0
  0
ENDBLK
  5
5A7
330
5A5
100
AcDbEntity
  8
0
100
AcDbBlockEnd
  0
BLOCK
  5
5B5
330
5B4
100
AcDbEntity
  8
0
100
AcDbBlockBegin
  2
*D17
 70
1
 10
0.0
 20
0.0
 30
0.0
  3
*D17
  1

  0
LINE
  5
5B7
330
5B4
100
AcDbEntity
  8
0
 62
2
100
AcDbLine
 10
440.7936000000009
 20
645.4670000000001
 30
0.0
 11
440.7936000000009
 21
627.3702000000001
 31
0.0
  0
LINE
  5
5B8
330
5B4
100
AcDbEntity
  8
0
 62
2
100
AcDbLine
 10
445.16719999999987
 20
645.4670000000001
 30
0.0
 11
445.16719999999987
 21
627.3702000000001
 31
0.0
  0
INSERT
  5
5B9
330
5B4
100
AcDbEntity
  8
DIM
 62
2
100
AcDbBlockReference
  2
_ARCHTICK
 10
440.7936000000009
 20
629.3702000000001
 30
0.0
 41
2.5
 42
2.5
  0
INSERT
  5
5BB
330
5B4
100
AcDbEntity
  8
DIM
 62
2
100
AcDbBlockReference
  2
_ARCHTICK
 10
445.16719999999987
 20
629.3702000000001
 30
0.0
 41
2.5
 42
2.5
 50
180.0
  0
LINE
  5
5BD
330
5B4
100
AcDbEntity
  8
0
 62
2
100
AcDbLine
 10
440.7936000000009
 20
629.3702000000001
 30
0.0
 11
445.16719999999987
 21
629.3702000000001
 31
0.0
  0
MTEXT
  5
5BE
330
5B4
100
AcDbEntity
  8
DIM
 62
7
100
AcDbMText
 10
442.9804000000004
 20
634.1202000000001
 30
0.0
 40
3.5
 71
5
  1
4.4
  7
SimSun
  0
POINT
  5
5BF
330
5B4
100
AcDbEntity
  8
Defpoints
100
AcDbPoint
 10
440.7936000000009
 20
629.3702000000001
 30
0.0
  0
POINT
  5
5C0
330
5B4
100
AcDbEntity
  8
Defpoints
100
AcDbPoint
 10
440.7936000000009
 20
646.4670000000001
 30
0.0
  0
POINT
  5
5C1
330
5B4
100
AcDbEntity
  8
Defpoints
100
AcDbPoint
 10
445.16719999999987
 20
646.4670000000001
 30
0.0
  0
ENDBLK
  5
5B6
330
5B4
100
AcDbEntity
  8
0
100
AcDbBlockEnd
  0
BLOCK
  5
5C4
330
5C3
100
AcDbEntity
  8
0
100
AcDbBlockBegin
  2
*D18
 70
1
 10
0.0
 20
0.0
 30
0.0
  3
*D18
  1

  0
LINE
  5
5C6
330
5C3
100
AcDbEntity
  8
0
 62
2
100
AcDbLine
 10
445.16719999999987
 20
645.4670000000001
 30
0.0
 11
445.16719999999987
 21
627.3702000000001
 31
0.0
  0
LINE
  5
5C7
330
5C3
100
AcDbEntity
  8
0
 62
2
100
AcDbLine
 10
456.3000000000029
 20
645.4670000000001
 30
0.0
 11
456.3000000000029
 21
627.3702000000001
 31
0.0
  0
INSERT
  5
5C8
330
5C3
100
AcDbEntity
  8
DIM
 62
2
100
AcDbBlockReference
  2
_ARCHTICK
 10
445.16719999999987
 20
629.3702000000001
 30
0.0
 41
2.5
 42
2.5
 50
180.0
  0
INSERT
  5
5CA
330
5C3
100
AcDbEntity
  8
DIM
 62
2
100
AcDbBlockReference
  2
_ARCHTICK
 10
456.3000000000029
 20
629.3702000000001
 30
0.0
 41
2.5
 42
2.5
  0
LINE
  5
5CC
330
5C3
100
AcDbEntity
  8
0
 62
2
100
AcDbLine
 10
445.16719999999987
 20
629.3702000000001
 30
0.0
 11
456.3000000000029
 21
629.3702000000001
 31
0.0
  0
MTEXT
  5
5CD
330
5C3
100
AcDbEntity
  8
DIM
 62
7
100
AcDbMText
 10
450.7336000000032
 20
634.1202000000001
 30
0.0
 40
3.5
 71
5
  1
11.1
  7
SimSun
  0
POINT
  5
5CE
330
5C3
100
AcDbEntity
  8
Defpoints
100
AcDbPoint
 10
445.16719999999987
 20
629.3702000000001
 30
0.0
  0
POINT
  5
5CF
330
5C3
100
AcDbEntity
  8
Defpoints
100
AcDbPoint
 10
445.16719999999987
 20
646.4670000000001
 30
0.0
  0
POINT
  5
5D0
330
5C3
100
AcDbEntity
  8
Defpoints
100
AcDbPoint
 10
456.3000000000029
 20
646.4670000000001
 30
0.0
  0
ENDBLK
  5
5C5
330
5C3
100
AcDbEntity
  8
0
100
AcDbBlockEnd
  0
BLOCK
  5
5D3
330
5D2
100
AcDbEntity
  8
0
100
AcDbBlockBegin
  2
*D19
 70
1
 10
0.0
 20
0.0
 30
0.0
  3
*D19
  1

  0
LINE
  5
5D5
330
5D2
100
AcDbEntity
  8
0
 62
2
100
AcDbLine
 10
456.3000000000029
 20
645.4670000000001
 30
0.0
 11
456.3000000000029
 21
627.3702000000001
 31
0.0
  0
LINE
  5
5D6
330
5D2
100
AcDbEntity
  8
0
 62
2
100
AcDbLine
 10
459.4808000000012
 20
645.4670000000001
 30
0.0
 11
459.4808000000012
 21
627.3702000000001
 31
0.0
  0
INSERT
  5
5D7
330
5D2
100
AcDbEntity
  8
DIM
 62
2
100
AcDbBlockReference
  2
_ARCHTICK
 10
456.3000000000029
 20
629.3702000000001
 30
0.0
 41
2.5
 42
2.5
  0
INSERT
  5
5D9
330
5D2
100
AcDbEntity
  8
DIM
 62
2
100
AcDbBlockReference
  2
_ARCHTICK
 10
459.4808000000012
 20
629.3702000000001
 30
0.0
 41
2.5
 42
2.5
 50
180.0
  0
LINE
  5
5DB
330
5D2
100
AcDbEntity
  8
0
 62
2
100
AcDbLine
 10
456.3000000000029
 20
629.3702000000001
 30
0.0
 11
459.4808000000012
 21
629.3702000000001
 31
0.0
  0
MTEXT
  5
5DC
330
5D2
100
AcDbEntity
  8
DIM
 62
7
100
AcDbMText
 10
457.8904000000002
 20
634.1202000000001
 30
0.0
 40
3.5
 71
5
  1
3.2
  7
SimSun
  0
POINT
  5
5DD
330
5D2
100
AcDbEntity
  8
Defpoints
100
AcDbPoint
 10
456.3000000000029
 20
629.3702000000001
 30
0.0
  0
POINT
  5
5DE
330
5D2
100
AcDbEntity
  8
Defpoints
100
AcDbPoint
 10
456.3000000000029
 20
646.4670000000001
 30
0.0
  0
POINT
  5
5DF
330
5D2
100
AcDbEntity
  8
Defpoints
100
AcDbPoint
 10
459.4808000000012
 20
646.4670000000001
 30
0.0
  0
ENDBLK
  5
5D4
330
5D2
100
AcDbEntity
  8
0
100
AcDbBlockEnd
  0
BLOCK
  5
5E2
330
5E1
100
AcDbEntity
  8
0
100
AcDbBlockBegin
  2
*D20
 70
1
 10
0.0
 20
0.0
 30
0.0
  3
*D20
  1

  0
LINE
  5
5E4
330
5E1
100
AcDbEntity
  8
0
 62
2
100
AcDbLine
 10
459.4808000000012
 20
645.4670000000001
 30
0.0
 11
459.4808000000012
 21
627.3702000000001
 31
0.0
  0
LINE
  5
5E5
330
5E1
100
AcDbEntity
  8
0
 62
2
100
AcDbLine
 10
464.0532000000021
 20
645.4670000000001
 30
0.0
 11
464.0532000000021
 21
627.3702000000001
 31
0.0
  0
INSERT
  5
5E6
330
5E1
100
AcDbEntity
  8
DIM
 62
2
100
AcDbBlockReference
  2
_ARCHTICK
 10
459.4808000000012
 20
629.3702000000001
 30
0.0
 41
2.5
 42
2.5
  0
INSERT
  5
5E8
330
5E1
100
AcDbEntity
  8
DIM
 62
2
100
AcDbBlockReference
  2
_ARCHTICK
 10
464.0532000000021
 20
629.3702000000001
 30
0.0
 41
2.5
 42
2.5
 50
180.0
  0
LINE
  5
5EA
330
5E1
100
AcDbEntity
  8
0
 62
2
100
AcDbLine
 10
459.4808000000012
 20
629.3702000000001
 30
0.0
 11
464.0532000000021
 21
629.3702000000001
 31
0.0
  0
MTEXT
  5
5EB
330
5E1
100
AcDbEntity
  8
DIM
 62
7
100
AcDbMText
 10
461.76700000000346
 20
634.1202000000001
 30
0.0
 40
3.5
 71
5
  1
4.6
  7
SimSun
  0
POINT
  5
5EC
330
5E1
100
AcDbEntity
  8
Defpoints
100
AcDbPoint
 10
459.4808000000012
 20
629.3702000000001
 30
0.0
  0
POINT
  5
5ED
330
5E1
100
AcDbEntity
  8
Defpoints
100
AcDbPoint
 10
459.4808000000012
 20
646.4670000000001
 30
0.0
  0
POINT
  5
5EE
330
5E1
100
AcDbEntity
  8
Defpoints
100
AcDbPoint
 10
464.0532000000021
 20
646.4670000000001
 30
0.0
  0
ENDBLK
  5
5E3
330
5E1
100
AcDbEntity
  8
0
100
AcDbBlockEnd
  0
BLOCK
  5
5F1
330
5F0
100
AcDbEntity
  8
0
100
AcDbBlockBegin
  2
*D21
 70
1
 10
0.0
 20
0.0
 30
0.0
  3
*D21
  1

  0
LINE
  5
5F3
330
5F0
100
AcDbEntity
  8
0
 62
2
100
AcDbLine
 10
464.0532000000021
 20
645.4670000000001
 30
0.0
 11
464.0532000000021
 21
627.3702000000001
 31
0.0
  0
LINE
  5
5F4
330
5F0
100
AcDbEntity
  8
0
 62
2
100
AcDbLine
 10
471.8064000000013
 20
645.4670000000001
 30
0.0
 11
471.8064000000013
 21
627.3702000000001
 31
0.0
  0
INSERT
  5
5F5
330
5F0
100
AcDbEntity
  8
DIM
 62
2
100
AcDbBlockReference
  2
_ARCHTICK
 10
464.0532000000021
 20
629.3702000000001
 30
0.0
 41
2.5
 42
2.5
 50
180.0
  0
INSERT
  5
5F7
330
5F0
100
AcDbEntity
  8
DIM
 62
2
100
AcDbBlockReference
  2
_ARCHTICK
 10
471.8064000000013
 20
629.3702000000001
 30
0.0
 41
2.5
 42
2.5
  0
LINE
  5
5F9
330
5F0
100
AcDbEntity
  8
0
 62
2
100
AcDbLine
 10
464.0532000000021
 20
629.3702000000001
 30
0.0
 11
471.8064000000013
 21
629.3702000000001
 31
0.0
  0
MTEXT
  5
5FA
330
5F0
100
AcDbEntity
  8
DIM
 62
7
100
AcDbMText
 10
467.9298000000017
 20
634.1202000000001
 30
0.0
 40
3.5
 71
5
  1
7.8
  7
SimSun
  0
POINT
  5
5FB
330
5F0
100
AcDbEntity
  8
Defpoints
100
AcDbPoint
 10
464.0532000000021
 20
629.3702000000001
 30
0.0
  0
POINT
  5
5FC
330
5F0
100
AcDbEntity
  8
Defpoints
100
AcDbPoint
 10
464.0532000000021
 20
646.4670000000001
 30
0.0
  0
POINT
  5
5FD
330
5F0
100
AcDbEntity
  8
Defpoints
100
AcDbPoint
 10
471.8064000000013
 20
646.4670000000001
 30
0.0
  0
ENDBLK
  5
5F2
330
5F0
100
AcDbEntity
  8
0
100
AcDbBlockEnd
  0
BLOCK
  5
600
330
5FF
100
AcDbEntity
  8
0
100
AcDbBlockBegin
  2
*D22
 70
1
 10
0.0
 20
0.0
 30
0.0
  3
*D22
  1

  0
LINE
  5
602
330
5FF
100
AcDbEntity
  8
0
 62
2
100
AcDbLine
 10
471.8064000000013
 20
645.4670000000001
 30
0.0
 11
471.8064000000013
 21
627.3702000000001
 31
0.0
  0
LINE
  5
603
330
5FF
100
AcDbEntity
  8
0
 62
2
100
AcDbLine
 10
474.9871999999996
 20
645.4670000000001
 30
0.0
 11
474.9871999999996
 21
627.3702000000001
 31
0.0
  0
INSERT
  5
604
330
5FF
100
AcDbEntity
  8
DIM
 62
2
100
AcDbBlockReference
  2
_ARCHTICK
 10
471.8064000000013
 20
629.3702000000001
 30
0.0
 41
2.5
 42
2.5
  0
INSERT
  5
606
330
5FF
100
AcDbEntity
  8
DIM
 62
2
100
AcDbBlockReference
  2
_ARCHTICK
 10
474.9871999999996
 20
629.3702000000001
 30
0.0
 41
2.5
 42
2.5
 50
180.0
  0
LINE
  5
608
330
5FF
100
AcDbEntity
  8
0
 62
2
100
AcDbLine
 10
471.8064000000013
 20
629.3702000000001
 30
0.0
 11
474.9871999999996
 21
629.3702000000001
 31
0.0
  0
MTEXT
  5
609
330
5FF
100
AcDbEntity
  8
DIM
 62
7
100
AcDbMText
 10
473.3967999999986
 20
634.1202000000001
 30
0.0
 40
3.5
 71
5
  1
3.2
  7
SimSun
  0
POINT
  5
60A
330
5FF
100
AcDbEntity
  8
Defpoints
100
AcDbPoint
 10
471.8064000000013
 20
629.3702000000001
 30
0.0
  0
POINT
  5
60B
330
5FF
100
AcDbEntity
  8
Defpoints
100
AcDbPoint
 10
471.8064000000013
 20
646.4670000000001
 30
0.0
  0
POINT
  5
60C
330
5FF
100
AcDbEntity
  8
Defpoints
100
AcDbPoint
 10
474.9871999999996
 20
646.4670000000001
 30
0.0
  0
ENDBLK
  5
601
330
5FF
100
AcDbEntity
  8
0
100
AcDbBlockEnd
  0
BLOCK
  5
60F
330
60E
100
AcDbEntity
  8
0
100
AcDbBlockBegin
  2
*D23
 70
1
 10
0.0
 20
0.0
 30
0.0
  3
*D23
  1

  0
LINE
  5
611
330
60E
100
AcDbEntity
  8
0
 62
2
100
AcDbLine
 10
474.9871999999996
 20
645.4670000000001
 30
0.0
 11
474.9871999999996
 21
627.3702000000001
 31
0.0
  0
LINE
  5
612
330
60E
100
AcDbEntity
  8
0
 62
2
100
AcDbLine
 10
478.1680000000015
 20
645.4670000000001
 30
0.0
 11
478.1680000000015
 21
627.3702000000001
 31
0.0
  0
INSERT
  5
613
330
60E
100
AcDbEntity
  8
DIM
 62
2
100
AcDbBlockReference
  2
_ARCHTICK
 10
474.9871999999996
 20
629.3702000000001
 30
0.0
 41
2.5
 42
2.5
  0
INSERT
  5
615
330
60E
100
AcDbEntity
  8
DIM
 62
2
100
AcDbBlockReference
  2
_ARCHTICK
 10
478.1680000000015
 20
629.3702000000001
 30
0.0
 41
2.5
 42
2.5
 50
180.0
  0
LINE
  5
617
330
60E
100
AcDbEntity
  8
0
 62
2
100
AcDbLine
 10
474.9871999999996
 20
629.3702000000001
 30
0.0
 11
478.1680000000015
 21
629.3702000000001
 31
0.0
  0
MTEXT
  5
618
330
60E
100
AcDbEntity
  8
DIM
 62
7
100
AcDbMText
 10
476.57760000000053
 20
634.1202000000001
 30
0.0
 40
3.5
 71
5
  1
3.2
  7
SimSun
  0
POINT
  5
619
330
60E
100
AcDbEntity
  8
Defpoints
100
AcDbPoint
 10
474.9871999999996
 20
629.3702000000001
 30
0.0
  0
POINT
  5
61A
330
60E
100
AcDbEntity
  8
Defpoints
100
AcDbPoint
 10
474.9871999999996
 20
646.4670000000001
 30
0.0
  0
POINT
  5
61B
330
60E
100
AcDbEntity
  8
Defpoints
100
AcDbPoint
 10
478.1680000000015
 20
646.4670000000001
 30
0.0
  0
ENDBLK
  5
610
330
60E
100
AcDbEntity
  8
0
100
AcDbBlockEnd
  0
BLOCK
  5
61E
330
61D
100
AcDbEntity
  8
0
100
AcDbBlockBegin
  2
*D24
 70
1
 10
0.0
 20
0.0
 30
0.0
  3
*D24
  1

  0
LINE
  5
620
330
61D
100
AcDbEntity
  8
0
 62
2
100
AcDbLine
 10
478.1680000000015
 20
645.4670000000001
 30
0.0
 11
478.1680000000015
 21
627.3702000000001
 31
0.0
  0
LINE
  5
621
330
61D
100
AcDbEntity
  8
0
 62
2
100
AcDbLine
 10
480.9511999999995
 20
645.4670000000001
 30
0.0
 11
480.9511999999995
 21
627.3702000000001
 31
0.0
  0
INSERT
  5
622
330
61D
100
AcDbEntity
  8
DIM
 62
2
100
AcDbBlockReference
  2
_ARCHTICK
 10
478.1680000000015
 20
629.3702000000001
 30
0.0
 41
2.5
 42
2.5
  0
INSERT
  5
624
330
61D
100
AcDbEntity
  8
DIM
 62
2
100
AcDbBlockReference
  2
_ARCHTICK
 10
480.9511999999995
 20
629.3702000000001
 30
0.0
 41
2.5
 42
2.5
 50
180.0
  0
LINE
  5
626
330
61D
100
AcDbEntity
  8
0
 62
2
100
AcDbLine
 10
478.1680000000015
 20
629.3702000000001
 30
0.0
 11
480.9511999999995
 21
629.3702000000001
 31
0.0
  0
MTEXT
  5
627
330
61D
100
AcDbEntity
  8
DIM
 62
7
100
AcDbMText
 10
479.5596000000005
 20
634.1202000000001
 30
0.0
 40
3.5
 71
5
  1
2.8
  7
SimSun
  0
POINT
  5
628
330
61D
100
AcDbEntity
  8
Defpoints
100
AcDbPoint
 10
478.1680000000015
 20
629.3702000000001
 30
0.0
  0
POINT
  5
629
330
61D
100
AcDbEntity
  8
Defpoints
100
AcDbPoint
 10
478.1680000000015
 20
646.4670000000001
 30
0.0
  0
POINT
  5
62A
330
61D
100
AcDbEntity
  8
Defpoints
100
AcDbPoint
 10
480.9511999999995
 20
646.4670000000001
 30
0.0
  0
ENDBLK
  5
61F
330
61D
100
AcDbEntity
  8
0
100
AcDbBlockEnd
  0
BLOCK
  5
62D
330
62C
100
AcDbEntity
  8
0
100
AcDbBlockBegin
  2
*D25
 70
1
 10
0.0
 20
0.0
 30
0.0
  3
*D25
  1

  0
LINE
  5
62F
330
62C
100
AcDbEntity
  8
0
 62
2
100
AcDbLine
 10
480.9511999999995
 20
645.4670000000001
 30
0.0
 11
480.9511999999995
 21
627.3702000000001
 31
0.0
  0
LINE
  5
630
330
62C
100
AcDbEntity
  8
0
 62
2
100
AcDbLine
 10
483.9331999999995
 20
645.4670000000001
 30
0.0
 11
483.9331999999995
 21
627.3702000000001
 31
0.0
  0
INSERT
  5
631
330
62C
100
AcDbEntity
  8
DIM
 62
2
100
AcDbBlockReference
  2
_ARCHTICK
 10
480.9511999999995
 20
629.3702000000001
 30
0.0
 41
2.5
 42
2.5
  0
INSERT
  5
633
330
62C
100
AcDbEntity
  8
DIM
 62
2
100
AcDbBlockReference
  2
_ARCHTICK
 10
483.9331999999995
 20
629.3702000000001
 30
0.0
 41
2.5
 42
2.5
 50
180.0
  0
LINE
  5
635
330
62C
100
AcDbEntity
  8
0
 62
2
100
AcDbLine
 10
480.9511999999995
 20
629.3702000000001
 30
0.0
 11
483.9331999999995
 21
629.3702000000001
 31
0.0
  0
MTEXT
  5
636
330
62C
100
AcDbEntity
  8
DIM
 62
7
100
AcDbMText
 10
482.4422000000013
 20
634.1202000000001
 30
0.0
 40
3.5
 71
5
  1
3
  7
SimSun
  0
POINT
  5
637
330
62C
100
AcDbEntity
  8
Defpoints
100
AcDbPoint
 10
480.9511999999995
 20
629.3702000000001
 30
0.0
  0
POINT
  5
638
330
62C
100
AcDbEntity
  8
Defpoints
100
AcDbPoint
 10
480.9511999999995
 20
646.4670000000001
 30
0.0
  0
POINT
  5
639
330
62C
100
AcDbEntity
  8
Defpoints
100
AcDbPoint
 10
483.9331999999995
 20
646.4670000000001
 30
0.0
  0
ENDBLK
  5
62E
330
62C
100
AcDbEntity
  8
0
100
AcDbBlockEnd
  0
BLOCK
  5
63C
330
63B
100
AcDbEntity
  8
0
100
AcDbBlockBegin
  2
*D26
 70
1
 10
0.0
 20
0.0
 30
0.0
  3
*D26
  1

  0
LINE
  5
63E
330
63B
100
AcDbEntity
  8
0
 62
2
100
AcDbLine
 10
483.9331999999995
 20
645.4670000000001
 30
0.0
 11
483.9331999999995
 21
627.3702000000001
 31
0.0
  0
LINE
  5
63F
330
63B
100
AcDbEntity
  8
0
 62
2
100
AcDbLine
 10
485.9212000000007
 20
645.4670000000001
 30
0.0
 11
485.9212000000007
 21
627.3702000000001
 31
0.0
  0
INSERT
  5
640
330
63B
100
AcDbEntity
  8
DIM
 62
2
100
AcDbBlockReference
  2
_ARCHTICK
 10
483.9331999999995
 20
629.3702000000001
 30
0.0
 41
2.5
 42
2.5
  0
INSERT
  5
642
330
63B
100
AcDbEntity
  8
DIM
 62
2
100
AcDbBlockReference
  2
_ARCHTICK
 10
485.9212000000007
 20
629.3702000000001
 30
0.0
 41
2.5
 42
2.5
 50
180.0
  0
LINE
  5
644
330
63B
100
AcDbEntity
  8
0
 62
2
100
AcDbLine
 10
483.9331999999995
 20
629.3702000000001
 30
0.0
 11
485.9212000000007
 21
629.3702000000001
 31
0.0
  0
MTEXT
  5
645
330
63B
100
AcDbEntity
  8
DIM
 62
7
100
AcDbMText
 10
484.9272000000019
 20
634.1202000000001
 30
0.0
 40
3.5
 71
5
  1
2
  7
SimSun
  0
POINT
  5
646
330
63B
100
AcDbEntity
  8
Defpoints
100
AcDbPoint
 10
483.9331999999995
 20
629.3702000000001
 30
0.0
  0
POINT
  5
647
330
63B
100
AcDbEntity
  8
Defpoints
100
AcDbPoint
 10
483.9331999999995
 20
646.4670000000001
 30
0.0
  0
POINT
  5
648
330
63B
100
AcDbEntity
  8
Defpoints
100
AcDbPoint
 10
485.9212000000007
 20
646.4670000000001
 30
0.0
  0
ENDBLK
  5
63D
330
63B
100
AcDbEntity
  8
0
100
AcDbBlockEnd
  0
BLOCK
  5
64B
330
64A
100
AcDbEntity
  8
0
100
AcDbBlockBegin
  2
*D27
 70
1
 10
0.0
 20
0.0
 30
0.0
  3
*D27
  1

  0
LINE
  5
64D
330
64A
100
AcDbEntity
  8
0
 62
2
100
AcDbLine
 10
388.70200000000114
 20
646.4670000000001
 30
0.0
 11
370.6052000000018
 21
646.4670000000001
 31
0.0
  0
LINE
  5
64E
330
64A
100
AcDbEntity
  8
0
 62
2
100
AcDbLine
 10
388.70200000000114
 20
648.4549999999999
 30
0.0
 11
370.6052000000018
 21
648.4549999999999
 31
0.0
  0
INSERT
  5
64F
330
64A
100
AcDbEntity
  8
DIM
 62
2
100
AcDbBlockReference
  2
_ARCHTICK
 10
372.6052000000018
 20
646.4670000000001
 30
0.0
 41
2.5
 42
2.5
 50
90.0
  0
INSERT
  5
651
330
64A
100
AcDbEntity
  8
DIM
 62
2
100
AcDbBlockReference
  2
_ARCHTICK
 10
372.6052000000018
 20
648.4549999999999
 30
0.0
 41
2.5
 42
2.5
 50
-90.00000000000001
  0
LINE
  5
653
330
64A
100
AcDbEntity
  8
0
 62
2
100
AcDbLine
 10
372.6052000000018
 20
646.4670000000001
 30
0.0
 11
372.6052000000018
 21
648.4549999999999
 31
0.0
  0
MTEXT
  5
654
330
64A
100
AcDbEntity
  8
DIM
 62
7
100
AcDbMText
 10
367.8552000000018
 20
647.461
 30
0.0
 40
3.5
 71
5
  1
2
  7
SimSun
 11
6.123233995736766e-17
 21
1.0
 31
0.0
  0
POINT
  5
655
330
64A
100
AcDbEntity
  8
Defpoints
100
AcDbPoint
 10
372.6052000000018
 20
646.4670000000001
 30
0.0
  0
POINT
  5
656
330
64A
100
AcDbEntity
  8
Defpoints
100
AcDbPoint
 10
389.70200000000114
 20
646.4670000000001
 30
0.0
  0
POINT
  5
657
330
64A
100
AcDbEntity
  8
Defpoints
100
AcDbPoint
 10
389.70200000000114
 20
648.4549999999999
 30
0.0
  0
ENDBLK
  5
64C
330
64A
100
AcDbEntity
  8
0
100
AcDbBlockEnd
  0
BLOCK
  5
65A
330
659
100
AcDbEntity
  8
0
100
AcDbBlockBegin
  2
*D28
 70
1
 10
0.0
 20
0.0
 30
0.0
  3
*D28
  1

  0
LINE
  5
65C
330
659
100
AcDbEntity
  8
0
 62
2
100
AcDbLine
 10
388.70200000000114
 20
648.4549999999999
 30
0.0
 11
370.6052000000018
 21
648.4549999999999
 31
0.0
  0
LINE
  5
65D
330
659
100
AcDbEntity
  8
0
 62
2
100
AcDbLine
 10
388.70200000000114
 20
649.2899600000001
 30
0.0
 11
370.6052000000018
 21
649.2899600000001
 31
0.0
  0
INSERT
  5
65E
330
659
100
AcDbEntity
  8
DIM
 62
2
100
AcDbBlockReference
  2
_ARCHTICK
 10
372.6052000000018
 20
648.4549999999999
 30
0.0
 41
2.5
 42
2.5
 50
90.0
  0
INSERT
  5
660
330
659
100
AcDbEntity
  8
DIM
 62
2
100
AcDbBlockReference
  2
_ARCHTICK
 10
372.6052000000018
 20
649.2899600000001
 30
0.0
 41
2.5
 42
2.5
 50
-90.00000000000001
  0
LINE
  5
662
330
659
100
AcDbEntity
  8
0
 62
2
100
AcDbLine
 10
372.6052000000018
 20
648.4549999999999
 30
0.0
 11
372.6052000000018
 21
649.2899600000001
 31
0.0
  0
MTEXT
  5
663
330
659
100
AcDbEntity
  8
DIM
 62
7
100
AcDbMText
 10
367.8552000000018
 20
648.87248
 30
0.0
 40
3.5
 71
5
  1
.8
  7
SimSun
 11
6.123233995736766e-17
 21
1.0
 31
0.0
  0
POINT
  5
664
330
659
100
AcDbEntity
  8
Defpoints
100
AcDbPoint
 10
372.6052000000018
 20
648.4549999999999
 30
0.0
  0
POINT
  5
665
330
659
100
AcDbEntity
  8
Defpoints
100
AcDbPoint
 10
389.70200000000114
 20
648.4549999999999
 30
0.0
  0
POINT
  5
666
330
659
100
AcDbEntity
  8
Defpoints
100
AcDbPoint
 10
389.70200000000114
 20
649.2899600000001
 30
0.0
  0
ENDBLK
  5
65B
330
659
100
AcDbEntity
  8
0
100
AcDbBlockEnd
  0
BLOCK
  5
669
330
668
100
AcDbEntity
  8
0
100
AcDbBlockBegin
  2
*D29
 70
1
 10
0.0
 20
0.0
 30
0.0
  3
*D29
  1

  0
LINE
  5
66B
330
668
100
AcDbEntity
  8
0
 62
2
100
AcDbLine
 10
388.70200000000114
 20
649.2899600000001
 30
0.0
 11
370.6052000000018
 21
649.2899600000001
 31
0.0
  0
LINE
  5
66C
330
668
100
AcDbEntity
  8
0
 62
2
100
AcDbLine
 10
388.70200000000114
 20
653.34548
 30
0.0
 11
370.6052000000018
 21
653.34548
 31
0.0
  0
INSERT
  5
66D
330
668
100
AcDbEntity
  8
DIM
 62
2
100
AcDbBlockReference
  2
_ARCHTICK
 10
372.6052000000018
 20
649.2899600000001
 30
0.0
 41
2.5
 42
2.5
 50
90.0
  0
INSERT
  5
66F
330
668
100
AcDbEntity
  8
DIM
 62
2
100
AcDbBlockReference
  2
_ARCHTICK
 10
372.6052000000018
 20
653.34548
 30
0.0
 41
2.5
 42
2.5
 50
-90.00000000000001
  0
LINE
  5
671
330
668
100
AcDbEntity
  8
0
 62
2
100
AcDbLine
 10
372.6052000000018
 20
649.2899600000001
 30
0.0
 11
372.6052000000018
 21
653.34548
 31
0.0
  0
MTEXT
  5
672
330
668
100
AcDbEntity
  8
DIM
 62
7
100
AcDbMText
 10
367.8552000000018
 20
651.31772
 30
0.0
 40
3.5
 71
5
  1
4.1
  7
SimSun
 11
6.123233995736766e-17
 21
1.0
 31
0.0
  0
POINT
  5
673
330
668
100
AcDbEntity
  8
Defpoints
100
AcDbPoint
 10
372.6052000000018
 20
649.2899600000001
 30
0.0
  0
POINT
  5
674
330
668
100
AcDbEntity
  8
Defpoints
100
AcDbPoint
 10
389.70200000000114
 20
649.2899600000001
 30
0.0
  0
POINT
  5
675
330
668
100
AcDbEntity
  8
Defpoints
100
AcDbPoint
 10
389.70200000000114
 20
653.34548
 30
0.0
  0
ENDBLK
  5
66A
330
668
100
AcDbEntity
  8
0
100
AcDbBlockEnd
  0
BLOCK
  5
678
330
677
100
AcDbEntity
  8
0
100
AcDbBlockBegin
  2
*D30
 70
1
 10
0.0
 20
0.0
 30
0.0
  3
*D30
  1

  0
LINE
  5
67A
330
677
100
AcDbEntity
  8
0
 62
2
100
AcDbLine
 10
388.70200000000114
 20
653.34548
 30
0.0
 11
370.6052000000018
 21
653.34548
 31
0.0
  0
LINE
  5
67B
330
677
100
AcDbEntity
  8
0
 62
2
100
AcDbLine
 10
388.70200000000114
 20
653.6238000000001
 30
0.0
 11
370.6052000000018
 21
653.6238000000001
 31
0.0
  0
INSERT
  5
67C
330
677
100
AcDbEntity
  8
DIM
 62
2
100
AcDbBlockReference
  2
_ARCHTICK
 10
372.6052000000018
 20
653.34548
 30
0.0
 41
2.5
 42
2.5
 50
90.0
  0
INSERT
  5
67E
330
677
100
AcDbEntity
  8
DIM
 62
2
100
AcDbBlockReference
  2
_ARCHTICK
 10
372.6052000000018
 20
653.6238000000001
 30
0.0
 41
2.5
 42
2.5
 50
-90.00000000000001
  0
LINE
  5
680
330
677
100
AcDbEntity
  8
0
 62
2
100
AcDbLine
 10
372.6052000000018
 20
653.34548
 30
0.0
 11
372.6052000000018
 21
653.6238000000001
 31
0.0
  0
MTEXT
  5
681
330
677
100
AcDbEntity
  8
DIM
 62
7
100
AcDbMText
 10
367.8552000000018
 20
653.4846400000001
 30
0.0
 40
3.5
 71
5
  1
.3
  7
SimSun
 11
6.123233995736766e-17
 21
1.0
 31
0.0
  0
POINT
  5
682
330
677
100
AcDbEntity
  8
Defpoints
100
AcDbPoint
 10
372.6052000000018
 20
653.34548
 30
0.0
  0
POINT
  5
683
330
677
100
AcDbEntity
  8
Defpoints
100
AcDbPoint
 10
389.70200000000114
 20
653.34548
 30
0.0
  0
POINT
  5
684
330
677
100
AcDbEntity
  8
Defpoints
100
AcDbPoint
 10
389.70200000000114
 20
653.6238000000001
 30
0.0
  0
ENDBLK
  5
679
330
677
100
AcDbEntity
  8
0
100
AcDbBlockEnd
  0
BLOCK
  5
687
330
686
100
AcDbEntity
  8
0
100
AcDbBlockBegin
  2
*D31
 70
1
 10
0.0
 20
0.0
 30
0.0
  3
*D31
  1

  0
LINE
  5
689
330
686
100
AcDbEntity
  8
0
 62
2
100
AcDbLine
 10
388.70200000000114
 20
653.6238000000001
 30
0.0
 11
370.6052000000018
 21
653.6238000000001
 31
0.0
  0
LINE
  5
68A
330
686
100
AcDbEntity
  8
0
 62
2
100
AcDbLine
 10
388.70200000000114
 20
654.45876
 30
0.0
 11
370.6052000000018
 21
654.45876
 31
0.0
  0
INSERT
  5
68B
330
686
100
AcDbEntity
  8
DIM
 62
2
100
AcDbBlockReference
  2
_ARCHTICK
 10
372.6052000000018
 20
653.6238000000001
 30
0.0
 41
2.5
 42
2.5
 50
90.0
  0
INSERT
  5
68D
330
686
100
AcDbEntity
  8
DIM
 62
2
100
AcDbBlockReference
  2
_ARCHTICK
 10
372.6052000000018
 20
654.45876
 30
0.0
 41
2.5
 42
2.5
 50
-90.00000000000001
  0
LINE
  5
68F
330
686
100
AcDbEntity
  8
0
 62
2
100
AcDbLine
 10
372.6052000000018
 20
653.6238000000001
 30
0.0
 11
372.6052000000018
 21
654.45876
 31
0.0
  0
MTEXT
  5
690
330
686
100
AcDbEntity
  8
DIM
 62
7
100
AcDbMText
 10
367.8552000000018
 20
654.0412799999999
 30
0.0
 40
3.5
 71
5
  1
.8
  7
SimSun
 11
6.123233995736766e-17
 21
1.0
 31
0.0
  0
POINT
  5
691
330
686
100
AcDbEntity
  8
Defpoints
100
AcDbPoint
 10
372.6052000000018
 20
653.6238000000001
 30
0.0
  0
POINT
  5
692
330
686
100
AcDbEntity
  8
Defpoints
100
AcDbPoint
 10
389.70200000000114
 20
653.6238000000001
 30
0.0
  0
POINT
  5
693
330
686
100
AcDbEntity
  8
Defpoints
100
AcDbPoint
 10
389.70200000000114
 20
654.45876
 30
0.0
  0
ENDBLK
  5
688
330
686
100
AcDbEntity
  8
0
100
AcDbBlockEnd
  0
BLOCK
  5
696
330
695
100
AcDbEntity
  8
0
100
AcDbBlockBegin
  2
*D32
 70
1
 10
0.0
 20
0.0
 30
0.0
  3
*D32
  1

  0
LINE
  5
698
330
695
100
AcDbEntity
  8
0
 62
2
100
AcDbLine
 10
388.70200000000114
 20
654.45876
 30
0.0
 11
370.6052000000018
 21
654.45876
 31
0.0
  0
LINE
  5
699
330
695
100
AcDbEntity
  8
0
 62
2
100
AcDbLine
 10
388.70200000000114
 20
659.66732
 30
0.0
 11
370.6052000000018
 21
659.66732
 31
0.0
  0
INSERT
  5
69A
330
695
100
AcDbEntity
  8
DIM
 62
2
100
AcDbBlockReference
  2
_ARCHTICK
 10
372.6052000000018
 20
654.45876
 30
0.0
 41
2.5
 42
2.5
 50
90.0
  0
INSERT
  5
69C
330
695
100
AcDbEntity
  8
DIM
 62
2
100
AcDbBlockReference
  2
_ARCHTICK
 10
372.6052000000018
 20
659.66732
 30
0.0
 41
2.5
 42
2.5
 50
-90.00000000000001
  0
LINE
  5
69E
330
695
100
AcDbEntity
  8
0
 62
2
100
AcDbLine
 10
372.6052000000018
 20
654.45876
 30
0.0
 11
372.6052000000018
 21
659.66732
 31
0.0
  0
MTEXT
  5
69F
330
695
100
AcDbEntity
  8
DIM
 62
7
100
AcDbMText
 10
367.8552000000018
 20
657.06304
 30
0.0
 40
3.5
 71
5
  1
5.2
  7
SimSun
 11
6.123233995736766e-17
 21
1.0
 31
0.0
  0
POINT
  5
6A0
330
695
100
AcDbEntity
  8
Defpoints
100
AcDbPoint
 10
372.6052000000018
 20
654.45876
 30
0.0
  0
POINT
  5
6A1
330
695
100
AcDbEntity
  8
Defpoints
100
AcDbPoint
 10
389.70200000000114
 20
654.45876
 30
0.0
  0
POINT
  5
6A2
330
695
100
AcDbEntity
  8
Defpoints
100
AcDbPoint
 10
389.70200000000114
 20
659.66732
 30
0.0
  0
ENDBLK
  5
697
330
695
100
AcDbEntity
  8
0
100
AcDbBlockEnd
  0
BLOCK
  5
6A5
330
6A4
100
AcDbEntity
  8
0
100
AcDbBlockBegin
  2
*D33
 70
1
 10
0.0
 20
0.0
 30
0.0
  3
*D33
  1

  0
LINE
  5
6A7
330
6A4
100
AcDbEntity
  8
0
 62
2
100
AcDbLine
 10
388.70200000000114
 20
659.66732
 30
0.0
 11
370.6052000000018
 21
659.66732
 31
0.0
  0
LINE
  5
6A8
330
6A4
100
AcDbEntity
  8
0
 62
2
100
AcDbLine
 10
388.70200000000114
 20
679.6666
 30
0.0
 11
370.6052000000018
 21
679.6666
 31
0.0
  0
INSERT
  5
6A9
330
6A4
100
AcDbEntity
  8
DIM
 62
2
100
AcDbBlockReference
  2
_ARCHTICK
 10
372.6052000000018
 20
659.66732
 30
0.0
 41
2.5
 42
2.5
 50
-90.00000000000001
  0
INSERT
  5
6AB
330
6A4
100
AcDbEntity
  8
DIM
 62
2
100
AcDbBlockReference
  2
_ARCHTICK
 10
372.6052000000018
 20
679.6666
 30
0.0
 41
2.5
 42
2.5
 50
90.0
  0
LINE
  5
6AD
330
6A4
100
AcDbEntity
  8
0
 62
2
100
AcDbLine
 10
372.6052000000018
 20
659.66732
 30
0.0
 11
372.6052000000018
 21
679.6666
 31
0.0
  0
MTEXT
  5
6AE
330
6A4
100
AcDbEntity
  8
DIM
 62
7
100
AcDbMText
 10
369.8552000000018
 20
669.66696
 30
0.0
 40
3.5
 71
5
  1
20
  7
SimSun
 11
6.123233995736766e-17
 21
1.0
 31
0.0
  0
POINT
  5
6AF
330
6A4
100
AcDbEntity
  8
Defpoints
100
AcDbPoint
 10
372.6052000000018
 20
659.66732
 30
0.0
  0
POINT
  5
6B0
330
6A4
100
AcDbEntity
  8
Defpoints
100
AcDbPoint
 10
389.70200000000114
 20
659.66732
 30
0.0
  0
POINT
  5
6B1
330
6A4
100
AcDbEntity
  8
Defpoints
100
AcDbPoint
 10
389.70200000000114
 20
679.6666
 30
0.0
  0
ENDBLK
  5
6A6
330
6A4
100
AcDbEntity
  8
0
100
AcDbBlockEnd
  0
BLOCK
  5
6B4
330
6B3
100
AcDbEntity
  8
0
100
AcDbBlockBegin
  2
*D34
 70
1
 10
0.0
 20
0.0
 30
0.0
  3
*D34
  1

  0
LINE
  5
6B6
330
6B3
100
AcDbEntity
  8
0
 62
2
100
AcDbLine
 10
388.70200000000114
 20
679.6666
 30
0.0
 11
370.6052000000018
 21
679.6666
 31
0.0
  0
LINE
  5
6B7
330
6B3
100
AcDbEntity
  8
0
 62
2
100
AcDbLine
 10
388.70200000000114
 20
682.6486
 30
0.0
 11
370.6052000000018
 21
682.6486
 31
0.0
  0
INSERT
  5
6B8
330
6B3
100
AcDbEntity
  8
DIM
 62
2
100
AcDbBlockReference
  2
_ARCHTICK
 10
372.6052000000018
 20
679.6666
 30
0.0
 41
2.5
 42
2.5
 50
90.0
  0
INSERT
  5
6BA
330
6B3
100
AcDbEntity
  8
DIM
 62
2
100
AcDbBlockReference
  2
_ARCHTICK
 10
372.6052000000018
 20
682.6486
 30
0.0
 41
2.5
 42
2.5
 50
-90.00000000000001
  0
LINE
  5
6BC
330
6B3
100
AcDbEntity
  8
0
 62
2
100
AcDbLine
 10
372.6052000000018
 20
679.6666
 30
0.0
 11
372.6052000000018
 21
682.6486
 31
0.0
  0
MTEXT
  5
6BD
330
6B3
100
AcDbEntity
  8
DIM
 62
7
100
AcDbMText
 10
367.8552000000018
 20
681.1576
 30
0.0
 40
3.5
 71
5
  1
3
  7
SimSun
 11
6.123233995736766e-17
 21
1.0
 31
0.0
  0
POINT
  5
6BE
330
6B3
100
AcDbEntity
  8
Defpoints
100
AcDbPoint
 10
372.6052000000018
 20
679.6666
 30
0.0
  0
POINT
  5
6BF
330
6B3
100
AcDbEntity
  8
Defpoints
100
AcDbPoint
 10
389.70200000000114
 20
679.6666
 30
0.0
  0
POINT
  5
6C0
330
6B3
100
AcDbEntity
  8
Defpoints
100
AcDbPoint
 10
389.70200000000114
 20
682.6486
 30
0.0
  0
ENDBLK
  5
6B5
330
6B3
100
AcDbEntity
  8
0
100
AcDbBlockEnd
  0
BLOCK
  5
6C3
330
6C2
100
AcDbEntity
  8
0
100
AcDbBlockBegin
  2
*D35
 70
1
 10
0.0
 20
0.0
 30
0.0
  3
*D35
  1

  0
LINE
  5
6C5
330
6C2
100
AcDbEntity
  8
0
 62
2
100
AcDbLine
 10
388.70200000000114
 20
682.6486
 30
0.0
 11
370.6052000000018
 21
682.6486
 31
0.0
  0
LINE
  5
6C6
330
6C2
100
AcDbEntity
  8
0
 62
2
100
AcDbLine
 10
388.70200000000114
 20
697.0417199999999
 30
0.0
 11
370.6052000000018
 21
697.0417199999999
 31
0.0
  0
INSERT
  5
6C7
330
6C2
100
AcDbEntity
  8
DIM
 62
2
100
AcDbBlockReference
  2
_ARCHTICK
 10
372.6052000000018
 20
682.6486
 30
0.0
 41
2.5
 42
2.5
 50
-90.00000000000001
  0
INSERT
  5
6C9
330
6C2
100
AcDbEntity
  8
DIM
 62
2
100
AcDbBlockReference
  2
_ARCHTICK
 10
372.6052000000018
 20
697.0417199999999
 30
0.0
 41
2.5
 42
2.5
 50
90.0
  0
LINE
  5
6CB
330
6C2
100
AcDbEntity
  8
0
 62
2
100
AcDbLine
 10
372.6052000000018
 20
682.6486
 30
0.0
 11
372.6052000000018
 21
697.0417199999999
 31
0.0
  0
MTEXT
  5
6CC
330
6C2
100
AcDbEntity
  8
DIM
 62
7
100
AcDbMText
 10
369.8552000000018
 20
689.8451599999999
 30
0.0
 40
3.5
 71
5
  1
14.4
  7
SimSun
 11
6.123233995736766e-17
 21
1.0
 31
0.0
  0
POINT
  5
6CD
330
6C2
100
AcDbEntity
  8
Defpoints
100
AcDbPoint
 10
372.6052000000018
 20
682.6486
 30
0.0
  0
POINT
  5
6CE
330
6C2
100
AcDbEntity
  8
Defpoints
100
AcDbPoint
 10
389.70200000000114
 20
682.6486
 30
0.0
  0
POINT
  5
6CF
330
6C2
100
AcDbEntity
  8
Defpoints
100
AcDbPoint
 10
389.70200000000114
 20
697.0417199999999
 30
0.0
  0
ENDBLK
  5
6C4
330
6C2
100
AcDbEntity
  8
0
100
AcDbBlockEnd
  0
BLOCK
  5
6D2
330
6D1
100
AcDbEntity
  8
0
100
AcDbBlockBegin
  2
*D36
 70
1
 10
0.0
 20
0.0
 30
0.0
  3
*D36
  1

  0
LINE
  5
6D4
330
6D1
100
AcDbEntity
  8
0
 62
2
100
AcDbLine
 10
388.70200000000114
 20
697.0417199999999
 30
0.0
 11
370.6052000000018
 21
697.0417199999999
 31
0.0
  0
LINE
  5
6D5
330
6D1
100
AcDbEntity
  8
0
 62
2
100
AcDbLine
 10
388.70200000000114
 20
698.4333200000001
 30
0.0
 11
370.6052000000018
 21
698.4333200000001
 31
0.0
  0
INSERT
  5
6D6
330
6D1
100
AcDbEntity
  8
DIM
 62
2
100
AcDbBlockReference
  2
_ARCHTICK
 10
372.6052000000018
 20
697.0417199999999
 30
0.0
 41
2.5
 42
2.5
 50
90.0
  0
INSERT
  5
6D8
330
6D1
100
AcDbEntity
  8
DIM
 62
2
100
AcDbBlockReference
  2
_ARCHTICK
 10
372.6052000000018
 20
698.4333200000001
 30
0.0
 41
2.5
 42
2.5
 50
-90.00000000000001
  0
LINE
  5
6DA
330
6D1
100
AcDbEntity
  8
0
 62
2
100
AcDbLine
 10
372.6052000000018
 20
697.0417199999999
 30
0.0
 11
372.6052000000018
 21
698.4333200000001
 31
0.0
  0
MTEXT
  5
6DB
330
6D1
100
AcDbEntity
  8
DIM
 62
7
100
AcDbMText
 10
367.8552000000018
 20
697.7375200000001
 30
0.0
 40
3.5
 71
5
  1
1.4
  7
SimSun
 11
6.123233995736766e-17
 21
1.0
 31
0.0
  0
POINT
  5
6DC
330
6D1
100
AcDbEntity
  8
Defpoints
100
AcDbPoint
 10
372.6052000000018
 20
697.0417199999999
 30
0.0
  0
POINT
  5
6DD
330
6D1
100
AcDbEntity
  8
Defpoints
100
AcDbPoint
 10
389.70200000000114
 20
697.0417199999999
 30
0.0
  0
POINT
  5
6DE
330
6D1
100
AcDbEntity
  8
Defpoints
100
AcDbPoint
 10
389.70200000000114
 20
698.4333200000001
 30
0.0
  0
ENDBLK
  5
6D3
330
6D1
100
AcDbEntity
  8
0
100
AcDbBlockEnd
  0
BLOCK
  5
6E1
330
6E0
100
AcDbEntity
  8
0
100
AcDbBlockBegin
  2
*D37
 70
1
 10
0.0
 20
0.0
 30
0.0
  3
*D37
  1

  0
LINE
  5
6E3
330
6E0
100
AcDbEntity
  8
0
 62
2
100
AcDbLine
 10
388.70200000000114
 20
698.4333200000001
 30
0.0
 11
370.6052000000018
 21
698.4333200000001
 31
0.0
  0
LINE
  5
6E4
330
6E0
100
AcDbEntity
  8
0
 62
2
100
AcDbLine
 10
388.70200000000114
 20
698.63212
 30
0.0
 11
370.6052000000018
 21
698.63212
 31
0.0
  0
INSERT
  5
6E5
330
6E0
100
AcDbEntity
  8
DIM
 62
2
100
AcDbBlockReference
  2
_ARCHTICK
 10
372.6052000000018
 20
698.4333200000001
 30
0.0
 41
2.5
 42
2.5
 50
90.0
  0
INSERT
  5
6E7
330
6E0
100
AcDbEntity
  8
DIM
 62
2
100
AcDbBlockReference
  2
_ARCHTICK
 10
372.6052000000018
 20
698.63212
 30
0.0
 41
2.5
 42
2.5
 50
-90.00000000000001
  0
LINE
  5
6E9
330
6E0
100
AcDbEntity
  8
0
 62
2
100
AcDbLine
 10
372.6052000000018
 20
698.4333200000001
 30
0.0
 11
372.6052000000018
 21
698.63212
 31
0.0
  0
MTEXT
  5
6EA
330
6E0
100
AcDbEntity
  8
DIM
 62
7
100
AcDbMText
 10
367.8552000000018
 20
698.5327200000002
 30
0.0
 40
3.5
 71
5
  1
.2
  7
SimSun
 11
6.123233995736766e-17
 21
1.0
 31
0.0
  0
POINT
  5
6EB
330
6E0
100
AcDbEntity
  8
Defpoints
100
AcDbPoint
 10
372.6052000000018
 20
698.4333200000001
 30
0.0
  0
POINT
  5
6EC
330
6E0
100
AcDbEntity
  8
Defpoints
100
AcDbPoint
 10
389.70200000000114
 20
698.4333200000001
 30
0.0
  0
POINT
  5
6ED
330
6E0
100
AcDbEntity
  8
Defpoints
100
AcDbPoint
 10
389.70200000000114
 20
698.63212
 30
0.0
  0
ENDBLK
  5
6E2
330
6E0
100
AcDbEntity
  8
0
100
AcDbBlockEnd
  0
BLOCK
  5
6F0
330
6EF
100
AcDbEntity
  8
0
100
AcDbBlockBegin
  2
*D38
 70
1
 10
0.0
 20
0.0
 30
0.0
  3
*D38
  1

  0
LINE
  5
6F2
330
6EF
100
AcDbEntity
  8
0
 62
2
100
AcDbLine
 10
388.70200000000114
 20
698.63212
 30
0.0
 11
370.6052000000018
 21
698.63212
 31
0.0
  0
LINE
  5
6F3
330
6EF
100
AcDbEntity
  8
0
 62
2
100
AcDbLine
 10
388.70200000000114
 20
699.82492
 30
0.0
 11
370.6052000000018
 21
699.82492
 31
0.0
  0
INSERT
  5
6F4
330
6EF
100
AcDbEntity
  8
DIM
 62
2
100
AcDbBlockReference
  2
_ARCHTICK
 10
372.6052000000018
 20
698.63212
 30
0.0
 41
2.5
 42
2.5
 50
90.0
  0
INSERT
  5
6F6
330
6EF
100
AcDbEntity
  8
DIM
 62
2
100
AcDbBlockReference
  2
_ARCHTICK
 10
372.6052000000018
 20
699.82492
 30
0.0
 41
2.5
 42
2.5
 50
-90.00000000000001
  0
LINE
  5
6F8
330
6EF
100
AcDbEntity
  8
0
 62
2
100
AcDbLine
 10
372.6052000000018
 20
698.63212
 30
0.0
 11
372.6052000000018
 21
699.82492
 31
0.0
  0
MTEXT
  5
6F9
330
6EF
100
AcDbEntity
  8
DIM
 62
7
100
AcDbMText
 10
367.8552000000018
 20
699.2285200000001
 30
0.0
 40
3.5
 71
5
  1
1.2
  7
SimSun
 11
6.123233995736766e-17
 21
1.0
 31
0.0
  0
POINT
  5
6FA
330
6EF
100
AcDbEntity
  8
Defpoints
100
AcDbPoint
 10
372.6052000000018
 20
698.63212
 30
0.0
  0
POINT
  5
6FB
330
6EF
100
AcDbEntity
  8
Defpoints
100
AcDbPoint
 10
389.70200000000114
 20
698.63212
 30
0.0
  0
POINT
  5
6FC
330
6EF
100
AcDbEntity
  8
Defpoints
100
AcDbPoint
 10
389.70200000000114
 20
699.82492
 30
0.0
  0
ENDBLK
  5
6F1
330
6EF
100
AcDbEntity
  8
0
100
AcDbBlockEnd
  0
BLOCK
  5
6FF
330
6FE
100
AcDbEntity
  8
0
100
AcDbBlockBegin
  2
*D39
 70
1
 10
0.0
 20
0.0
 30
0.0
  3
*D39
  1

  0
LINE
  5
701
330
6FE
100
AcDbEntity
  8
0
 62
2
100
AcDbLine
 10
388.70200000000114
 20
699.82492
 30
0.0
 11
370.6052000000018
 21
699.82492
 31
0.0
  0
LINE
  5
702
330
6FE
100
AcDbEntity
  8
0
 62
2
100
AcDbLine
 10
388.70200000000114
 20
701.8129200000001
 30
0.0
 11
370.6052000000018
 21
701.8129200000001
 31
0.0
  0
INSERT
  5
703
330
6FE
100
AcDbEntity
  8
DIM
 62
2
100
AcDbBlockReference
  2
_ARCHTICK
 10
372.6052000000018
 20
699.82492
 30
0.0
 41
2.5
 42
2.5
 50
90.0
  0
INSERT
  5
705
330
6FE
100
AcDbEntity
  8
DIM
 62
2
100
AcDbBlockReference
  2
_ARCHTICK
 10
372.6052000000018
 20
701.8129200000001
 30
0.0
 41
2.5
 42
2.5
 50
-90.00000000000001
  0
LINE
  5
707
330
6FE
100
AcDbEntity
  8
0
 62
2
100
AcDbLine
 10
372.6052000000018
 20
699.82492
 30
0.0
 11
372.6052000000018
 21
701.8129200000001
 31
0.0
  0
MTEXT
  5
708
330
6FE
100
AcDbEntity
  8
DIM
 62
7
100
AcDbMText
 10
367.8552000000018
 20
700.8189200000002
 30
0.0
 40
3.5
 71
5
  1
2
  7
SimSun
 11
6.123233995736766e-17
 21
1.0
 31
0.0
  0
POINT
  5
709
330
6FE
100
AcDbEntity
  8
Defpoints
100
AcDbPoint
 10
372.6052000000018
 20
699.82492
 30
0.0
  0
POINT
  5
70A
330
6FE
100
AcDbEntity
  8
Defpoints
100
AcDbPoint
 10
389.70200000000114
 20
699.82492
 30
0.0
  0
POINT
  5
70B
330
6FE
100
AcDbEntity
  8
Defpoints
100
AcDbPoint
 10
389.70200000000114
 20
701.8129200000001
 30
0.0
  0
ENDBLK
  5
700
330
6FE
100
AcDbEntity
  8
0
100
AcDbBlockEnd
  0
BLOCK
  5
70E
330
70D
100
AcDbEntity
  8
0
100
AcDbBlockBegin
  2
*D40
 70
1
 10
0.0
 20
0.0
 30
0.0
  3
*D40
  1

  0
LINE
  5
710
330
70D
100
AcDbEntity
  8
0
 62
2
100
AcDbLine
 10
483.9331999999995
 20
702.8129200000001
 30
0.0
 11
483.9331999999995
 21
713.7529200000001
 31
0.0
  0
LINE
  5
711
330
70D
100
AcDbEntity
  8
0
 62
2
100
AcDbLine
 10
485.9212000000007
 20
702.8129200000001
 30
0.0
 11
485.9212000000007
 21
713.7529200000001
 31
0.0
  0
INSERT
  5
712
330
70D
100
AcDbEntity
  8
DIM
 62
2
100
AcDbBlockReference
  2
_ARCHTICK
 10
483.9331999999995
 20
711.7529200000001
 30
0.0
 41
2.5
 42
2.5
  0
INSERT
  5
714
330
70D
100
AcDbEntity
  8
DIM
 62
2
100
AcDbBlockReference
  2
_ARCHTICK
 10
485.9212000000007
 20
711.7529200000001
 30
0.0
 41
2.5
 42
2.5
 50
180.0
  0
LINE
  5
716
330
70D
100
AcDbEntity
  8
0
 62
2
100
AcDbLine
 10
483.9331999999995
 20
711.7529200000001
 30
0.0
 11
485.9212000000007
 21
711.7529200000001
 31
0.0
  0
MTEXT
  5
717
330
70D
100
AcDbEntity
  8
DIM
 62
7
100
AcDbMText
 10
484.9272000000019
 20
716.5029200000001
 30
0.0
 40
3.5
 71
5
  1
2
  7
SimSun
  0
POINT
  5
718
330
70D
100
AcDbEntity
  8
Defpoints
100
AcDbPoint
 10
483.9331999999995
 20
711.7529200000001
 30
0.0
  0
POINT
  5
719
330
70D
100
AcDbEntity
  8
Defpoints
100
AcDbPoint
 10
483.9331999999995
 20
701.8129200000001
 30
0.0
  0
POINT
  5
71A
330
70D
100
AcDbEntity
  8
Defpoints
100
AcDbPoint
 10
485.9212000000007
 20
701.8129200000001
 30
0.0
  0
ENDBLK
  5
70F
330
70D
100
AcDbEntity
  8
0
100
AcDbBlockEnd
  0
BLOCK
  5
71D
330
71C
100
AcDbEntity
  8
0
100
AcDbBlockBegin
  2
*D41
 70
1
 10
0.0
 20
0.0
 30
0.0
  3
*D41
  1

  0
LINE
  5
71F
330
71C
100
AcDbEntity
  8
0
 62
2
100
AcDbLine
 10
486.9212000000007
 20
648.4549999999999
 30
0.0
 11
497.86119999999937
 21
648.4549999999999
 31
0.0
  0
LINE
  5
720
330
71C
100
AcDbEntity
  8
0
 62
2
100
AcDbLine
 10
486.9212000000007
 20
701.8129200000001
 30
0.0
 11
497.86119999999937
 21
701.8129200000001
 31
0.0
  0
INSERT
  5
721
330
71C
100
AcDbEntity
  8
DIM
 62
2
100
AcDbBlockReference
  2
_ARCHTICK
 10
495.86119999999937
 20
648.4549999999999
 30
0.0
 41
2.5
 42
2.5
 50
-90.00000000000001
  0
INSERT
  5
723
330
71C
100
AcDbEntity
  8
DIM
 62
2
100
AcDbBlockReference
  2
_ARCHTICK
 10
495.86119999999937
 20
701.8129200000001
 30
0.0
 41
2.5
 42
2.5
 50
90.0
  0
LINE
  5
725
330
71C
100
AcDbEntity
  8
0
 62
2
100
AcDbLine
 10
495.86119999999937
 20
648.4549999999999
 30
0.0
 11
495.86119999999937
 21
701.8129200000001
 31
0.0
  0
MTEXT
  5
726
330
71C
100
AcDbEntity
  8
DIM
 62
7
100
AcDbMText
 10
493.11119999999937
 20
675.1339600000001
 30
0.0
 40
3.5
 71
5
  1
53.4
  7
SimSun
 11
6.123233995736766e-17
 21
1.0
 31
0.0
  0
POINT
  5
727
330
71C
100
AcDbEntity
  8
Defpoints
100
AcDbPoint
 10
495.86119999999937
 20
648.4549999999999
 30
0.0
  0
POINT
  5
728
330
71C
100
AcDbEntity
  8
Defpoints
100
AcDbPoint
 10
485.9212000000007
 20
648.4549999999999
 30
0.0
  0
POINT
  5
729
330
71C
100
AcDbEntity
  8
Defpoints
100
AcDbPoint
 10
485.9212000000007
 20
701.8129200000001
 30
0.0
  0
ENDBLK
  5
71E
330
71C
100
AcDbEntity
  8
0
100
AcDbBlockEnd
  0
BLOCK
  5
72C
330
72B
100
AcDbEntity
  8
0
100
AcDbBlockBegin
  2
*D42
 70
1
 10
0.0
 20
0.0
 30
0.0
  3
*D42
  1

  0
LINE
  5
72E
330
72B
100
AcDbEntity
  8
0
 62
2
100
AcDbLine
 10
483.9331999999995
 20
702.8129200000001
 30
0.0
 11
483.9331999999995
 21
720.9097200000001
 31
0.0
  0
LINE
  5
72F
330
72B
100
AcDbEntity
  8
0
 62
2
100
AcDbLine
 10
485.9212000000007
 20
702.8129200000001
 30
0.0
 11
485.9212000000007
 21
720.9097200000001
 31
0.0
  0
INSERT
  5
730
330
72B
100
AcDbEntity
  8
DIM
 62
2
100
AcDbBlockReference
  2
_ARCHTICK
 10
483.9331999999995
 20
718.9097200000001
 30
0.0
 41
2.5
 42
2.5
  0
INSERT
  5
732
330
72B
100
AcDbEntity
  8
DIM
 62
2
100
AcDbBlockReference
  2
_ARCHTICK
 10
485.9212000000007
 20
718.9097200000001
 30
0.0
 41
2.5
 42
2.5
 50
180.0
  0
LINE
  5
734
330
72B
100
AcDbEntity
  8
0
 62
2
100
AcDbLine
 10
483.9331999999995
 20
718.9097200000001
 30
0.0
 11
485.9212000000007
 21
718.9097200000001
 31
0.0
  0
MTEXT
  5
735
330
72B
100
AcDbEntity
  8
DIM
 62
7
100
AcDbMText
 10
484.9272000000019
 20
723.6597200000001
 30
0.0
 40
3.5
 71
5
  1
2
  7
SimSun
  0
POINT
  5
736
330
72B
100
AcDbEntity
  8
Defpoints
100
AcDbPoint
 10
483.9331999999995
 20
718.9097200000001
 30
0.0
  0
POINT
  5
737
330
72B
100
AcDbEntity
  8
Defpoints
100
AcDbPoint
 10
483.9331999999995
 20
701.8129200000001
 30
0.0
  0
POINT
  5
738
330
72B
100
AcDbEntity
  8
Defpoints
100
AcDbPoint
 10
485.9212000000007
 20
701.8129200000001
 30
0.0
  0
ENDBLK
  5
72D
330
72B
100
AcDbEntity
  8
0
100
AcDbBlockEnd
  0
BLOCK
  5
73B
330
73A
100
AcDbEntity
  8
0
100
AcDbBlockBegin
  2
*D43
 70
1
 10
0.0
 20
0.0
 30
0.0
  3
*D43
  1

  0
LINE
  5
73D
330
73A
100
AcDbEntity
  8
0
 62
2
100
AcDbLine
 10
486.9212000000007
 20
699.82492
 30
0.0
 11
505.01800000000003
 21
699.82492
 31
0.0
  0
LINE
  5
73E
330
73A
100
AcDbEntity
  8
0
 62
2
100
AcDbLine
 10
486.9212000000007
 20
701.8129200000001
 30
0.0
 11
505.01800000000003
 21
701.8129200000001
 31
0.0
  0
INSERT
  5
73F
330
73A
100
AcDbEntity
  8
DIM
 62
2
100
AcDbBlockReference
  2
_ARCHTICK
 10
503.01800000000003
 20
699.82492
 30
0.0
 41
2.5
 42
2.5
 50
90.0
  0
INSERT
  5
741
330
73A
100
AcDbEntity
  8
DIM
 62
2
100
AcDbBlockReference
  2
_ARCHTICK
 10
503.01800000000003
 20
701.8129200000001
 30
0.0
 41
2.5
 42
2.5
 50
-90.00000000000001
  0
LINE
  5
743
330
73A
100
AcDbEntity
  8
0
 62
2
100
AcDbLine
 10
503.01800000000003
 20
699.82492
 30
0.0
 11
503.01800000000003
 21
701.8129200000001
 31
0.0
  0
MTEXT
  5
744
330
73A
100
AcDbEntity
  8
DIM
 62
7
100
AcDbMText
 10
498.26800000000003
 20
700.8189200000002
 30
0.0
 40
3.5
 71
5
  1
2
  7
SimSun
 11
6.123233995736766e-17
 21
1.0
 31
0.0
  0
POINT
  5
745
330
73A
100
AcDbEntity
  8
Defpoints
100
AcDbPoint
 10
503.01800000000003
 20
699.82492
 30
0.0
  0
POINT
  5
746
330
73A
100
AcDbEntity
  8
Defpoints
100
AcDbPoint
 10
485.9212000000007
 20
699.82492
 30
0.0
  0
POINT
  5
747
330
73A
100
AcDbEntity
  8
Defpoints
100
AcDbPoint
 10
485.9212000000007
 20
701.8129200000001
 30
0.0
  0
ENDBLK
  5
73C
330
73A
100
AcDbEntity
  8
0
100
AcDbBlockEnd
  0
BLOCK
  5
74A
330
749
100
AcDbEntity
  8
0
100
AcDbBlockBegin
  2
*D44
 70
1
 10
0.0
 20
0.0
 30
0.0
  3
*D44
  1

  0
LINE
  5
74C
330
749
100
AcDbEntity
  8
0
 62
2
100
AcDbLine
 10
397.6734824000014
 20
702.8129200000001
 30
0.0
 11
397.6734824000014
 21
728.0665200000001
 31
0.0
  0
LINE
  5
74D
330
749
100
AcDbEntity
  8
0
 62
2
100
AcDbLine
 10
485.9212000000007
 20
702.8129200000001
 30
0.0
 11
485.9212000000007
 21
728.0665200000001
 31
0.0
  0
INSERT
  5
74E
330
749
100
AcDbEntity
  8
DIM
 62
2
100
AcDbBlockReference
  2
_ARCHTICK
 10
397.6734824000014
 20
726.0665200000001
 30
0.0
 41
2.5
 42
2.5
 50
180.0
  0
INSERT
  5
750
330
749
100
AcDbEntity
  8
DIM
 62
2
100
AcDbBlockReference
  2
_ARCHTICK
 10
485.9212000000007
 20
726.0665200000001
 30
0.0
 41
2.5
 42
2.5
  0
LINE
  5
752
330
749
100
AcDbEntity
  8
0
 62
2
100
AcDbLine
 10
397.6734824000014
 20
726.0665200000001
 30
0.0
 11
485.9212000000007
 21
726.0665200000001
 31
0.0
  0
MTEXT
  5
753
330
749
100
AcDbEntity
  8
DIM
 62
7
100
AcDbMText
 10
441.79734120000285
 20
728.8165200000001
 30
0.0
 40
3.5
 71
5
  1
88.2
  7
SimSun
  0
POINT
  5
754
330
749
100
AcDbEntity
  8
Defpoints
100
AcDbPoint
 10
397.6734824000014
 20
726.0665200000001
 30
0.0
  0
POINT
  5
755
330
749
100
AcDbEntity
  8
Defpoints
100
AcDbPoint
 10
397.6734824000014
 20
701.8129200000001
 30
0.0
  0
POINT
  5
756
330
749
100
AcDbEntity
  8
Defpoints
100
AcDbPoint
 10
485.9212000000007
 20
701.8129200000001
 30
0.0
  0
ENDBLK
  5
74B
330
749
100
AcDbEntity
  8
0
100
AcDbBlockEnd
  0
BLOCK
  5
759
330
758
100
AcDbEntity
  8
0
100
AcDbBlockBegin
  2
*D45
 70
1
 10
0.0
 20
0.0
 30
0.0
  3
*D45
  1

  0
LINE
  5
75B
330
758
100
AcDbEntity
  8
0
 62
2
100
AcDbLine
 10
486.9212000000007
 20
648.4549999999999
 30
0.0
 11
512.1748000000007
 21
648.4549999999999
 31
0.0
  0
LINE
  5
75C
330
758
100
AcDbEntity
  8
0
 62
2
100
AcDbLine
 10
486.9212000000007
 20
701.8129200000001
 30
0.0
 11
512.1748000000007
 21
701.8129200000001
 31
0.0
  0
INSERT
  5
75D
330
758
100
AcDbEntity
  8
DIM
 62
2
100
AcDbBlockReference
  2
_ARCHTICK
 10
510.1748000000007
 20
648.4549999999999
 30
0.0
 41
2.5
 42
2.5
 50
-90.00000000000001
  0
INSERT
  5
75F
330
758
100
AcDbEntity
  8
DIM
 62
2
100
AcDbBlockReference
  2
_ARCHTICK
 10
510.1748000000007
 20
701.8129200000001
 30
0.0
 41
2.5
 42
2.5
 50
90.0
  0
LINE
  5
761
330
758
100
AcDbEntity
  8
0
 62
2
100
AcDbLine
 10
510.1748000000007
 20
648.4549999999999
 30
0.0
 11
510.1748000000007
 21
701.8129200000001
 31
0.0
  0
MTEXT
  5
762
330
758
100
AcDbEntity
  8
DIM
 62
7
100
AcDbMText
 10
507.4248000000007
 20
675.1339600000001
 30
0.0
 40
3.5
 71
5
  1
53.4
  7
SimSun
 11
6.123233995736766e-17
 21
1.0
 31
0.0
  0
POINT
  5
763
330
758
100
AcDbEntity
  8
Defpoints
100
AcDbPoint
 10
510.1748000000007
 20
648.4549999999999
 30
0.0
  0
POINT
  5
764
330
758
100
AcDbEntity
  8
Defpoints
100
AcDbPoint
 10
485.9212000000007
 20
648.4549999999999
 30
0.0
  0
POINT
  5
765
330
758
100
AcDbEntity
  8
Defpoints
100
AcDbPoint
 10
485.9212000000007
 20
701.8129200000001
 30
0.0
  0
ENDBLK
  5
75A
330
758
100
AcDbEntity
  8
0
100
AcDbBlockEnd
  0
BLOCK
  5
768
330
767
100
AcDbEntity
  8
0
100
AcDbBlockBegin
  2
*D46
 70
1
 10
0.0
 20
0.0
 30
0.0
  3
*D46
  1

  0
LINE
  5
76A
330
767
100
AcDbEntity
  8
0
 62
2
100
AcDbLine
 10
391.6900000000023
 20
702.8129200000001
 30
0.0
 11
391.6900000000023
 21
735.2233200000001
 31
0.0
  0
LINE
  5
76B
330
767
100
AcDbEntity
  8
0
 62
2
100
AcDbLine
 10
485.9212000000007
 20
702.8129200000001
 30
0.0
 11
485.9212000000007
 21
735.2233200000001
 31
0.0
  0
INSERT
  5
76C
330
767
100
AcDbEntity
  8
DIM
 62
2
100
AcDbBlockReference
  2
_ARCHTICK
 10
391.6900000000023
 20
733.2233200000001
 30
0.0
 41
2.5
 42
2.5
 50
180.0
  0
INSERT
  5
76E
330
767
100
AcDbEntity
  8
DIM
 62
2
100
AcDbBlockReference
  2
_ARCHTICK
 10
485.9212000000007
 20
733.2233200000001
 30
0.0
 41
2.5
 42
2.5
  0
LINE
  5
770
330
767
100
AcDbEntity
  8
0
 62
2
100
AcDbLine
 10
391.6900000000023
 20
733.2233200000001
 30
0.0
 11
485.9212000000007
 21
733.2233200000001
 31
0.0
  0
MTEXT
  5
771
330
767
100
AcDbEntity
  8
DIM
 62
7
100
AcDbMText
 10
438.8056000000033
 20
735.9733200000001
 30
0.0
 40
3.5
 71
5
  1
94.2
  7
SimSun
  0
POINT
  5
772
330
767
100
AcDbEntity
  8
Defpoints
100
AcDbPoint
 10
391.6900000000023
 20
733.2233200000001
 30
0.0
  0
POINT
  5
773
330
767
100
AcDbEntity
  8
Defpoints
100
AcDbPoint
 10
391.6900000000023
 20
701.8129200000001
 30
0.0
  0
POINT
  5
774
330
767
100
AcDbEntity
  8
Defpoints
100
AcDbPoint
 10
485.9212000000007
 20
701.8129200000001
 30
0.0
  0
ENDBLK
  5
769
330
767
100
AcDbEntity
  8
0
100
AcDbBlockEnd
  0
BLOCK
  5
777
330
776
100
AcDbEntity
  8
0
100
AcDbBlockBegin
  2
*D47
 70
1
 10
0.0
 20
0.0
 30
0.0
  3
*D47
  1

  0
LINE
  5
779
330
776
100
AcDbEntity
  8
0
 62
2
100
AcDbLine
 10
486.9212000000007
 20
654.4388799999999
 30
0.0
 11
519.3316000000013
 21
654.4388799999999
 31
0.0
  0
LINE
  5
77A
330
776
100
AcDbEntity
  8
0
 62
2
100
AcDbLine
 10
486.9212000000007
 20
701.8129200000001
 30
0.0
 11
519.3316000000013
 21
701.8129200000001
 31
0.0
  0
INSERT
  5
77B
330
776
100
AcDbEntity
  8
DIM
 62
2
100
AcDbBlockReference
  2
_ARCHTICK
 10
517.3316000000013
 20
654.4388799999999
 30
0.0
 41
2.5
 42
2.5
 50
-90.00000000000001
  0
INSERT
  5
77D
330
776
100
AcDbEntity
  8
DIM
 62
2
100
AcDbBlockReference
  2
_ARCHTICK
 10
517.3316000000013
 20
701.8129200000001
 30
0.0
 41
2.5
 42
2.5
 50
90.0
  0
LINE
  5
77F
330
776
100
AcDbEntity
  8
0
 62
2
100
AcDbLine
 10
517.3316000000013
 20
654.4388799999999
 30
0.0
 11
517.3316000000013
 21
701.8129200000001
 31
0.0
  0
MTEXT
  5
780
330
776
100
AcDbEntity
  8
DIM
 62
7
100
AcDbMText
 10
514.5816000000013
 20
678.1259
 30
0.0
 40
3.5
 71
5
  1
47.4
  7
SimSun
 11
6.123233995736766e-17
 21
1.0
 31
0.0
  0
POINT
  5
781
330
776
100
AcDbEntity
  8
Defpoints
100
AcDbPoint
 10
517.3316000000013
 20
654.4388799999999
 30
0.0
  0
POINT
  5
782
330
776
100
AcDbEntity
  8
Defpoints
100
AcDbPoint
 10
485.9212000000007
 20
654.4388799999999
 30
0.0
  0
POINT
  5
783
330
776
100
AcDbEntity
  8
Defpoints
100
AcDbPoint
 10
485.9212000000007
 20
701.8129200000001
 30
0.0
  0
ENDBLK
  5
778
330
776
100
AcDbEntity
  8
0
100
AcDbBlockEnd
  0
BLOCK
  5
786
330
785
100
AcDbEntity
  8
0
100
AcDbBlockBegin
  2
*D48
 70
1
 10
0.0
 20
0.0
 30
0.0
  3
*D48
  1

  0
INSERT
  5
788
330
785
100
AcDbEntity
  8
DIM
 62
2
100
AcDbBlockReference
  2
_ARCHTICK
 10
464.4749184843022
 20
698.8550384842997
 30
0.0
 41
2.5
 42
2.5
 50
-135.0000000000309
  0
LINE
  5
78A
330
785
100
AcDbEntity
  8
0
 62
2
100
AcDbLine
 10
464.0532000000021
 20
698.4333200000001
 30
0.0
 11
464.4749184843022
 21
698.8550384842997
 31
0.0
  0
LINE
  5
78B
330
785
100
AcDbEntity
  8
0
 62
2
100
AcDbLine
 10
464.4749184843022
 20
698.8550384842997
 30
0.0
 11
472.6066464679534
 21
706.9867664679407
 31
0.0
  0
MTEXT
  5
78C
330
785
100
AcDbEntity
  8
DIM
 62
7
100
AcDbMText
 10
468.71755917142946
 20
706.9867664679427
 30
0.0
 40
3.5
 71
5
  1
R.6
  7
SimSun
 11
0.7071067811869287
 21
0.7071067811861663
 31
0.0
  0
POINT
  5
78D
330
785
100
AcDbEntity
  8
Defpoints
100
AcDbPoint
 10
464.0532000000021
 20
698.4333200000001
 30
0.0
  0
POINT
  5
78E
330
785
100
AcDbEntity
  8
Defpoints
100
AcDbPoint
 10
464.4749184843022
 20
698.8550384842997
 30
0.0
  0
ENDBLK
  5
787
330
785
100
AcDbEntity
  8
0
100
AcDbBlockEnd
  0
BLOCK
  5
791
330
790
100
AcDbEntity
  8
0
100
AcDbBlockBegin
  2
*D49
 70
1
 10
0.0
 20
0.0
 30
0.0
  3
*D49
  1

  0
INSERT
  5
793
330
790
100
AcDbEntity
  8
DIM
 62
2
100
AcDbBlockReference
  2
_ARCHTICK
 10
395.4330913123995
 20
654.1860913123996
 30
0.0
 41
2.5
 42
2.5
 50
-134.99999999996527
  0
LINE
  5
795
330
790
100
AcDbEntity
  8
0
 62
2
100
AcDbLine
 10
394.8708000000006
 20
653.6238000000001
 30
0.0
 11
395.4330913123995
 21
654.1860913123996
 31
0.0
  0
LINE
  5
796
330
790
100
AcDbEntity
  8
0
 62
2
100
AcDbLine
 10
395.4330913123995
 20
654.1860913123996
 30
0.0
 11
403.5648192960398
 21
662.31781929605
 31
0.0
  0
MTEXT
  5
797
330
790
100
AcDbEntity
  8
DIM
 62
7
100
AcDbMText
 10
399.67573199951585
 20
662.3178192960474
 30
0.0
 40
3.5
 71
5
  1
R.8
  7
SimSun
 11
0.7071067811861186
 21
0.7071067811869765
 31
0.0
  0
POINT
  5
798
330
790
100
AcDbEntity
  8
Defpoints
100
AcDbPoint
 10
394.8708000000006
 20
653.6238000000001
 30
0.0
  0
POINT
  5
799
330
790
100
AcDbEntity
  8
Defpoints
100
AcDbPoint
 10
395.4330913123995
 20
654.1860913123996
 30
0.0
  0
ENDBLK
  5
792
330
790
100
AcDbEntity
  8
0
100
AcDbBlockEnd
  0
BLOCK
  5
79C
330
79B
100
AcDbEntity
  8
0
100
AcDbBlockBegin
  2
*D50
 70
1
 10
0.0
 20
0.0
 30
0.0
  3
*D50
  1

  0
INSERT
  5
79E
330
79B
100
AcDbEntity
  8
DIM
 62
2
100
AcDbBlockReference
  2
_ARCHTICK
 10
392.3928641405
 20
655.1417441404994
 30
0.0
 41
2.5
 42
2.5
 50
-134.99999999992588
  0
LINE
  5
7A0
330
79B
100
AcDbEntity
  8
0
 62
2
100
AcDbLine
 10
391.6900000000023
 20
654.4388799999999
 30
0.0
 11
392.3928641405
 21
655.1417441404994
 31
0.0
  0
LINE
  5
7A1
330
79B
100
AcDbEntity
  8
0
 62
2
100
AcDbLine
 10
392.3928641405
 20
655.1417441404994
 30
0.0
 11
398.0497183899861
 21
660.7985983899991
 31
0.0
  0
MTEXT
  5
7A2
330
79B
100
AcDbEntity
  8
DIM
 62
7
100
AcDbMText
 10
395.39806796053745
 20
662.036035257072
 30
0.0
 40
3.5
 71
5
  1
R1
  7
SimSun
 11
0.7071067811856325
 21
0.7071067811874625
 31
0.0
  0
POINT
  5
7A3
330
79B
100
AcDbEntity
  8
Defpoints
100
AcDbPoint
 10
391.6900000000023
 20
654.4388799999999
 30
0.0
  0
POINT
  5
7A4
330
79B
100
AcDbEntity
  8
Defpoints
100
AcDbPoint
 10
392.3928641405
 20
655.1417441404994
 30
0.0
  0
ENDBLK
  5
79D
330
79B
100
AcDbEntity
  8
0
100
AcDbBlockEnd
  0
BLOCK
  5
7A7
330
7A6
100
AcDbEntity
  8
0
100
AcDbBlockBegin
  2
*D51
 70
1
 10
0.0
 20
0.0
 30
0.0
  3
*D51
  1

  0
INSERT
  5
7A9
330
7A6
100
AcDbEntity
  8
DIM
 62
2
100
AcDbBlockReference
  2
_ARCHTICK
 10
457.14343696860305
 20
697.8851569685992
 30
0.0
 41
2.5
 42
2.5
 50
-135.0000000000309
  0
LINE
  5
7AB
330
7A6
100
AcDbEntity
  8
0
 62
2
100
AcDbLine
 10
456.3000000000029
 20
697.0417199999999
 30
0.0
 11
457.14343696860305
 21
697.8851569685992
 31
0.0
  0
LINE
  5
7AC
330
7A6
100
AcDbEntity
  8
0
 62
2
100
AcDbLine
 10
457.14343696860305
 20
697.8851569685992
 30
0.0
 11
467.7500386864085
 21
708.4917586863917
 31
0.0
  0
MTEXT
  5
7AD
330
7A6
100
AcDbEntity
  8
DIM
 62
7
100
AcDbMText
 10
462.62351452280564
 20
707.254321819318
 30
0.0
 40
3.5
 71
5
  1
R1.2
  7
SimSun
 11
0.7071067811869287
 21
0.7071067811861663
 31
0.0
  0
POINT
  5
7AE
330
7A6
100
AcDbEntity
  8
Defpoints
100
AcDbPoint
 10
456.3000000000029
 20
697.0417199999999
 30
0.0
  0
POINT
  5
7AF
330
7A6
100
AcDbEntity
  8
Defpoints
100
AcDbPoint
 10
457.14343696860305
 20
697.8851569685992
 30
0.0
  0
ENDBLK
  5
7A8
330
7A6
100
AcDbEntity
  8
0
100
AcDbBlockEnd
  0
ENDSEC
  0
SECTION
  2
ENTITIES
  0
MTEXT
  5
9A
330
17
100
AcDbEntity
  8
注释
100
AcDbMText
 10
-22102.77265950617
 20
2272.1570010526134
 30
0.0
 40
2.5
 41
0.0
 71
9
  1

  7
汉字专用
  0
LINE
  5
9B
330
17
100
AcDbEntity
  8
图框
 62
7
370
9
100
AcDbLine
 10
553.7896499521594
 20
29.422118356372266
 30
0.0
 11
550.5205256903319
 21
22.883869832733126
 31
0.0
  0
LINE
  5
9C
330
17
100
AcDbEntity
  8
图框
 62
7
370
9
100
AcDbLine
 10
547.2514014285407
 20
29.422118356372266
 30
0.0
 11
553.7896499521594
 21
29.422118356372266
 31
0.0
  0
LINE
  5
9D
330
17
100
AcDbEntity
  8
图框
 62
7
370
9
100
AcDbLine
 10
485.13804045394136
 20
19.614745570914238
 30
0.0
 11
615.9030109267223
 21
19.614745570914238
 31
0.0
  0
LINE
  5
9E
330
17
100
AcDbEntity
  8
图框
 62
7
370
9
100
AcDbLine
 10
1073.5804075814412
 20
750.5909305136852
 30
0.0
 11
26.152994094551104
 21
750.5909305136852
 31
0.0
  0
LINE
  5
9F
330
17
100
AcDbEntity
  8
图框
 62
7
370
9
100
AcDbLine
 10
26.152994094551104
 20
26.152994094553378
 30
0.0
 11
1073.5804075814412
 21
26.152994094553378
 31
0.0
  0
LINE
  5
A0
330
17
100
AcDbEntity
  8
图框
 62
7
370
9
100
AcDbLine
 10
29.422118356371357
 20
385.10283804229925
 30
0.0
 11
22.883869832712662
 21
388.3719623041202
 31
0.0
  0
LINE
  5
A1
330
17
100
AcDbEntity
  8
图框
 62
7
370
9
100
AcDbLine
 10
29.422118356371357
 20
391.64108656593817
 30
0.0
 11
29.422118356371357
 21
385.10283804229925
 31
0.0
  0
LINE
  5
A2
330
17
100
AcDbEntity
  8
图框
 62
7
370
9
100
AcDbLine
 10
26.152994094551104
 20
750.5909305136852
 30
0.0
 11
26.152994094551104
 21
26.152994094553378
 31
0.0
  0
LINE
  5
A3
330
17
100
AcDbEntity
  8
图框
 62
7
370
9
100
AcDbLine
 10
0.0
 20
0.0
 30
0.0
 11
13.076497047270095
 21
0.0
 31
0.0
  0
LINE
  5
A4
330
17
100
AcDbEntity
  8
图框
 62
7
370
9
100
AcDbLine
 10
0.0
 20
0.0
 30
0.0
 11
0.0
 21
13.076497047276007
 31
0.0
  0
TEXT
  5
A5
330
17
100
AcDbEntity
  8
图框
 62
7
370
9
100
AcDbText
 10
20.24725004763968
 20
68.81506571129421
 30
0.0
 40
5.230598818910699
  1
H
  7
ISO Proportional
 72
4
 11
22.883869832712662
 21
71.43036512074923
 31
0.0
100
AcDbText
  0
LINE
  5
A6
330
17
100
AcDbEntity
  8
图框
 62
7
370
9
100
AcDbLine
 10
19.6147455709106
 20
116.70773614694417
 30
0.0
 11
26.152994094551104
 21
116.70773614694417
 31
0.0
  0
TEXT
  5
A7
330
17
100
AcDbEntity
  8
图框
 62
7
370
9
100
AcDbText
 10
58.14777110913201
 20
20.21171608829036
 30
0.0
 40
5.230598818910699
  1
1
  7
ISO Proportional
 72
4
 11
60.151886417461355
 21
22.883869832733126
 31
0.0
100
AcDbText
  0
LINE
  5
A8
330
17
100
AcDbEntity
  8
图框
 62
7
370
9
100
AcDbLine
 10
92.84312903566024
 20
19.614745570914238
 30
0.0
 11
92.84312903566024
 21
26.152994094553378
 31
0.0
  0
TEXT
  5
A9
330
17
100
AcDbEntity
  8
图框
 62
7
370
9
100
AcDbText
 10
123.5302563455225
 20
20.225929672037182
 30
0.0
 40
5.230598818910699
  1
2
  7
ISO Proportional
 72
4
 11
125.53437165385185
 21
22.883869832733126
 31
0.0
100
AcDbText
  0
LINE
  5
AA
330
17
100
AcDbEntity
  8
图框
 62
7
370
9
100
AcDbLine
 10
158.22561427205073
 20
19.614745570914238
 30
0.0
 11
158.22561427205073
 21
26.152994094553378
 31
0.0
  0
TEXT
  5
AB
330
17
100
AcDbEntity
  8
图框
 62
7
370
9
100
AcDbText
 10
188.91274158190936
 20
20.270347121246232
 30
0.0
 40
5.230598818910699
  1
3
  7
ISO Proportional
 72
4
 11
190.91685689024234
 21
22.883869832733126
 31
0.0
100
AcDbText
  0
TEXT
  5
AC
330
17
100
AcDbEntity
  8
图框
 62
7
370
9
100
AcDbText
 10
20.330754852151586
 20
159.37158446165517
 30
0.0
 40
5.230598818910699
  1
G
  7
ISO Proportional
 72
4
 11
22.883869832712662
 21
161.98510717314116
 31
0.0
100
AcDbText
  0
LINE
  5
AD
330
17
100
AcDbEntity
  8
图框
 62
7
370
9
100
AcDbLine
 10
19.6147455709106
 20
207.26247819933633
 30
0.0
 11
26.152994094551104
 21
207.26247819933633
 31
0.0
  0
TEXT
  5
AE
330
17
100
AcDbEntity
  8
图框
 62
7
370
9
100
AcDbText
 10
21.06986120700094
 20
249.9245498160751
 30
0.0
 40
5.230598818910699
  1
F
  7
ISO Proportional
 72
4
 11
22.883869832712662
 21
252.53984922553013
 31
0.0
100
AcDbText
  0
LINE
  5
AF
330
17
100
AcDbEntity
  8
图框
 62
7
370
9
100
AcDbLine
 10
19.6147455709106
 20
297.81722025172826
 30
0.0
 11
26.152994094551104
 21
297.81722025172826
 31
0.0
  0
TEXT
  5
B0
330
17
100
AcDbEntity
  8
图框
 62
7
370
9
100
AcDbText
 10
21.002346684199438
 20
340.4792918684682
 30
0.0
 40
5.230598818910699
  1
E
  7
ISO Proportional
 72
4
 11
22.883869832712662
 21
343.0945912779232
 31
0.0
100
AcDbText
  0
LINE
  5
B1
330
17
100
AcDbEntity
  8
图框
 62
7
370
9
100
AcDbLine
 10
223.60809950844123
 20
19.614745570914238
 30
0.0
 11
223.60809950844123
 21
26.152994094553378
 31
0.0
  0
TEXT
  5
B2
330
17
100
AcDbEntity
  8
图框
 62
7
370
9
100
AcDbText
 10
254.29522681829985
 20
20.268570423278106
 30
0.0
 40
5.230598818910699
  1
4
  7
ISO Proportional
 72
4
 11
256.2993421266292
 21
22.883869832733126
 31
0.0
100
AcDbText
  0
LINE
  5
B3
330
17
100
AcDbEntity
  8
图框
 62
7
370
9
100
AcDbLine
 10
288.9905847448317
 20
19.614745570914238
 30
0.0
 11
288.9905847448317
 21
26.152994094553378
 31
0.0
  0
TEXT
  5
B4
330
17
100
AcDbEntity
  8
图框
 62
7
370
9
100
AcDbText
 10
319.67771205469035
 20
20.312987872487156
 30
0.0
 40
5.230598818910699
  1
5
  7
ISO Proportional
 72
4
 11
321.6818273630197
 21
22.883869832733126
 31
0.0
100
AcDbText
  0
LINE
  5
B5
330
17
100
AcDbEntity
  8
图框
 62
7
370
9
100
AcDbLine
 10
354.3730699811822
 20
19.614745570914238
 30
0.0
 11
354.3730699811822
 21
26.152994094553378
 31
0.0
  0
TEXT
  5
B6
330
17
100
AcDbEntity
  8
图框
 62
7
370
9
100
AcDbText
 10
385.0601972910408
 20
20.270347121246232
 30
0.0
 40
5.230598818910699
  1
6
  7
ISO Proportional
 72
4
 11
387.0643125993811
 21
22.883869832733126
 31
0.0
100
AcDbText
  0
LINE
  5
B7
330
17
100
AcDbEntity
  8
图框
 62
7
370
9
100
AcDbLine
 10
419.7555552175727
 20
19.614745570914238
 30
0.0
 11
419.7555552175727
 21
26.152994094553378
 31
0.0
  0
TEXT
  5
B8
330
17
100
AcDbEntity
  8
图框
 62
7
370
9
100
AcDbText
 10
450.4426825274313
 20
20.268570423278106
 30
0.0
 40
5.230598818910699
  1
7
  7
ISO Proportional
 72
4
 11
452.4467978357716
 21
22.883869832733126
 31
0.0
100
AcDbText
  0
LINE
  5
B9
330
17
100
AcDbEntity
  8
图框
 62
7
370
9
100
AcDbLine
 10
485.13804045394136
 20
19.614745570914238
 30
0.0
 11
485.13804045394136
 21
26.152994094553378
 31
0.0
  0
LINE
  5
BA
330
17
100
AcDbEntity
  8
图框
 62
7
370
9
100
AcDbLine
 10
498.21453750124056
 20
19.614745570914238
 30
0.0
 11
498.21453750124056
 21
26.152994094553378
 31
0.0
  0
LINE
  5
BB
330
17
100
AcDbEntity
  8
图框
 62
7
370
9
100
AcDbLine
 10
524.3675315957807
 20
19.614745570914238
 30
0.0
 11
524.3675315957807
 21
26.152994094553378
 31
0.0
  0
LINE
  5
BC
330
17
100
AcDbEntity
  8
图框
 62
7
370
9
100
AcDbLine
 10
511.29103454852157
 20
19.614745570914238
 30
0.0
 11
511.29103454852157
 21
26.152994094553378
 31
0.0
  0
LINE
  5
BD
330
17
100
AcDbEntity
  8
图框
 62
7
370
9
100
AcDbLine
 10
550.5205256903319
 20
22.883869832733126
 30
0.0
 11
547.2514014285407
 21
29.422118356372266
 31
0.0
  0
LINE
  5
BE
330
17
100
AcDbEntity
  8
图框
 62
7
370
9
100
AcDbLine
 10
550.5205256903319
 20
26.152994094553378
 30
0.0
 11
550.5205256903319
 21
32.691242618191154
 31
0.0
  0
LINE
  5
BF
330
17
100
AcDbEntity
  8
图框
 62
7
370
9
100
AcDbLine
 10
537.4440286430727
 20
19.614745570914238
 30
0.0
 11
537.4440286430727
 21
26.152994094553378
 31
0.0
  0
LINE
  5
C0
330
17
100
AcDbEntity
  8
图框
 62
7
370
9
100
AcDbLine
 10
550.5205256903319
 20
26.152994094553378
 30
0.0
 11
550.5205256903319
 21
19.614745570914238
 31
0.0
  0
LINE
  5
C1
330
17
100
AcDbEntity
  8
图框
 62
7
370
9
100
AcDbLine
 10
22.883869832712662
 20
388.3719623041202
 30
0.0
 11
29.422118356371357
 21
391.64108656593817
 31
0.0
  0
LINE
  5
C2
330
17
100
AcDbEntity
  8
图框
 62
7
370
9
100
AcDbLine
 10
19.6147455709106
 20
388.3719623041202
 30
0.0
 11
32.69124261819161
 21
388.3719623041202
 31
0.0
  0
TEXT
  5
C3
330
17
100
AcDbEntity
  8
图框
 62
7
370
9
100
AcDbText
 10
20.273900517160655
 20
431.0340339208592
 30
0.0
 40
5.230598818910699
  1
D
  7
ISO Proportional
 72
4
 11
22.883869832712662
 21
433.6493333303142
 31
0.0
100
AcDbText
  0
LINE
  5
C4
330
17
100
AcDbEntity
  8
图框
 62
7
370
9
100
AcDbLine
 10
19.6147455709106
 20
478.9267043565112
 30
0.0
 11
26.152994094551104
 21
478.9267043565112
 31
0.0
  0
TEXT
  5
C5
330
17
100
AcDbEntity
  8
图框
 62
7
370
9
100
AcDbText
 10
20.57416247382207
 20
521.5905526712193
 30
0.0
 40
5.230598818910699
  1
C
  7
ISO Proportional
 72
4
 11
22.883869832712662
 21
524.2040753827052
 31
0.0
100
AcDbText
  0
LINE
  5
C6
330
17
100
AcDbEntity
  8
图框
 62
7
370
9
100
AcDbLine
 10
19.6147455709106
 20
569.4814464089031
 30
0.0
 11
26.152994094551104
 21
569.4814464089031
 31
0.0
  0
TEXT
  5
C7
330
17
100
AcDbEntity
  8
图框
 62
7
370
9
100
AcDbText
 10
20.760715760501625
 20
612.1435180256422
 30
0.0
 40
5.230598818910699
  1
B
  7
ISO Proportional
 72
4
 11
22.883869832712662
 21
614.7588174350972
 31
0.0
100
AcDbText
  0
LINE
  5
C8
330
17
100
AcDbEntity
  8
图框
 62
7
370
9
100
AcDbLine
 10
19.6147455709106
 20
660.0361884612953
 30
0.0
 11
26.152994094551104
 21
660.0361884612953
 31
0.0
  0
TEXT
  5
C9
330
17
100
AcDbEntity
  8
图框
 62
7
370
9
100
AcDbText
 10
20.488880971341132
 20
702.6982600780343
 30
0.0
 40
5.230598818910699
  1
A
  7
ISO Proportional
 72
4
 11
22.883869832712662
 21
705.3135594874902
 31
0.0
100
AcDbText
  0
LINE
  5
CA
330
17
100
AcDbEntity
  8
图框
 62
7
370
9
100
AcDbLine
 10
13.076497047270095
 20
776.7439246082392
 30
0.0
 11
0.0
 21
776.7439246082392
 31
0.0
  0
LINE
  5
CB
330
17
100
AcDbEntity
  8
图框
 62
7
370
9
100
AcDbLine
 10
0.0
 20
776.7439246082392
 30
0.0
 11
0.0
 21
763.6674275609623
 31
0.0
  0
TEXT
  5
CC
330
17
100
AcDbEntity
  8
图框
 62
7
370
9
100
AcDbText
 10
188.91274158190936
 20
751.2465320640172
 30
0.0
 40
5.230598818910699
  1
3
  7
ISO Proportional
 72
4
 11
190.91685689024234
 21
753.8600547755043
 31
0.0
100
AcDbText
  0
TEXT
  5
CD
330
17
100
AcDbEntity
  8
图框
 62
7
370
9
100
AcDbText
 10
58.14777110913201
 20
751.1879010310613
 30
0.0
 40
5.230598818910699
  1
1
  7
ISO Proportional
 72
4
 11
60.151886417461355
 21
753.8600547755043
 31
0.0
100
AcDbText
  0
TEXT
  5
CE
330
17
100
AcDbEntity
  8
图框
 62
7
370
9
100
AcDbText
 10
123.5302563455225
 20
751.2021146148081
 30
0.0
 40
5.230598818910699
  1
2
  7
ISO Proportional
 72
4
 11
125.53437165385185
 21
753.8600547755043
 31
0.0
100
AcDbText
  0
LINE
  5
CF
330
17
100
AcDbEntity
  8
图框
 62
7
370
9
100
AcDbLine
 10
92.84312903566024
 20
750.5909305136852
 30
0.0
 11
92.84312903566024
 21
757.1291790373243
 31
0.0
  0
LINE
  5
D0
330
17
100
AcDbEntity
  8
图框
 62
7
370
9
100
AcDbLine
 10
158.22561427205073
 20
750.5909305136852
 30
0.0
 11
158.22561427205073
 21
757.1291790373243
 31
0.0
  0
TEXT
  5
D1
330
17
100
AcDbEntity
  8
图框
 62
7
370
9
100
AcDbText
 10
319.67771205469035
 20
751.2891728152592
 30
0.0
 40
5.230598818910699
  1
5
  7
ISO Proportional
 72
4
 11
321.6818273630197
 21
753.8600547755043
 31
0.0
100
AcDbText
  0
TEXT
  5
D2
330
17
100
AcDbEntity
  8
图框
 62
7
370
9
100
AcDbText
 10
254.29522681829985
 20
751.2447553660493
 30
0.0
 40
5.230598818910699
  1
4
  7
ISO Proportional
 72
4
 11
256.2993421266292
 21
753.8600547755043
 31
0.0
100
AcDbText
  0
LINE
  5
D3
330
17
100
AcDbEntity
  8
图框
 62
7
370
9
100
AcDbLine
 10
223.60809950844123
 20
750.5909305136852
 30
0.0
 11
223.60809950844123
 21
757.1291790373243
 31
0.0
  0
LINE
  5
D4
330
17
100
AcDbEntity
  8
图框
 62
7
370
9
100
AcDbLine
 10
354.3730699811822
 20
750.5909305136852
 30
0.0
 11
354.3730699811822
 21
757.1291790373243
 31
0.0
  0
LINE
  5
D5
330
17
100
AcDbEntity
  8
图框
 62
7
370
9
100
AcDbLine
 10
288.9905847448317
 20
750.5909305136852
 30
0.0
 11
288.9905847448317
 21
757.1291790373243
 31
0.0
  0
TEXT
  5
D6
330
17
100
AcDbEntity
  8
图框
 62
7
370
9
100
AcDbText
 10
515.8251677638327
 20
751.2465320640172
 30
0.0
 40
5.230598818910699
  1
8
  7
ISO Proportional
 72
4
 11
517.8292830721621
 21
753.8600547755043
 31
0.0
100
AcDbText
  0
TEXT
  5
D7
330
17
100
AcDbEntity
  8
图框
 62
7
370
9
100
AcDbText
 10
450.4426825274313
 20
751.2447553660493
 30
0.0
 40
5.230598818910699
  1
7
  7
ISO Proportional
 72
4
 11
452.4467978357716
 21
753.8600547755043
 31
0.0
100
AcDbText
  0
TEXT
  5
D8
330
17
100
AcDbEntity
  8
图框
 62
7
370
9
100
AcDbText
 10
385.0601972910408
 20
751.2465320640172
 30
0.0
 40
5.230598818910699
  1
6
  7
ISO Proportional
 72
4
 11
387.0643125993811
 21
753.8600547755043
 31
0.0
100
AcDbText
  0
LINE
  5
D9
330
17
100
AcDbEntity
  8
图框
 62
7
370
9
100
AcDbLine
 10
485.13804045394136
 20
750.5909305136852
 30
0.0
 11
485.13804045394136
 21
757.1291790373243
 31
0.0
  0
LINE
  5
DA
330
17
100
AcDbEntity
  8
图框
 62
7
370
9
100
AcDbLine
 10
419.7555552175727
 20
750.5909305136852
 30
0.0
 11
419.7555552175727
 21
757.1291790373243
 31
0.0
  0
LINE
  5
DB
330
17
100
AcDbEntity
  8
图框
 62
7
370
9
100
AcDbLine
 10
550.5205256903319
 20
744.0526819900472
 30
0.0
 11
550.5205256903319
 21
757.1291790373243
 31
0.0
  0
LINE
  5
DC
330
17
100
AcDbEntity
  8
图框
 62
7
370
9
100
AcDbLine
 10
1073.5804075814412
 20
26.152994094553378
 30
0.0
 11
1073.5804075814412
 21
750.5909305136852
 31
0.0
  0
LINE
  5
DD
330
17
100
AcDbEntity
  8
图框
 62
7
370
9
100
AcDbLine
 10
563.5970227376092
 20
19.614745570914238
 30
0.0
 11
563.5970227376092
 21
26.152994094553378
 31
0.0
  0
LINE
  5
DE
330
17
100
AcDbEntity
  8
图框
 62
7
370
9
100
AcDbLine
 10
589.7500168321712
 20
19.614745570914238
 30
0.0
 11
589.7500168321712
 21
26.152994094553378
 31
0.0
  0
LINE
  5
DF
330
17
100
AcDbEntity
  8
图框
 62
7
370
9
100
AcDbLine
 10
576.6735197848902
 20
19.614745570914238
 30
0.0
 11
576.6735197848902
 21
26.152994094553378
 31
0.0
  0
LINE
  5
E0
330
17
100
AcDbEntity
  8
图框
 62
7
370
9
100
AcDbLine
 10
602.8265138794522
 20
19.614745570914238
 30
0.0
 11
602.8265138794522
 21
26.152994094553378
 31
0.0
  0
LINE
  5
E1
330
17
100
AcDbEntity
  8
图框
 62
7
370
9
100
AcDbLine
 10
615.9030109267223
 20
19.614745570914238
 30
0.0
 11
615.9030109267223
 21
26.152994094553378
 31
0.0
  0
TEXT
  5
E2
330
17
100
AcDbEntity
  8
图框
 62
7
370
9
100
AcDbText
 10
644.5860229282516
 20
20.25613353749941
 30
0.0
 40
5.230598818910699
  1
10
  7
ISO Proportional
 72
4
 11
648.5942535449212
 21
22.883869832733126
 31
0.0
100
AcDbText
  0
LINE
  5
E3
330
17
100
AcDbEntity
  8
图框
 62
7
370
9
100
AcDbLine
 10
681.2854961631092
 20
19.614745570914238
 30
0.0
 11
681.2854961631092
 21
26.152994094553378
 31
0.0
  0
TEXT
  5
E4
330
17
100
AcDbEntity
  8
图框
 62
7
370
9
100
AcDbText
 10
709.9685081646421
 20
20.21171608829036
 30
0.0
 40
5.230598818910699
  1
11
  7
ISO Proportional
 72
4
 11
713.9767387813117
 21
22.883869832733126
 31
0.0
100
AcDbText
  0
LINE
  5
E5
330
17
100
AcDbEntity
  8
图框
 62
7
370
9
100
AcDbLine
 10
746.6679813994997
 20
19.614745570914238
 30
0.0
 11
746.6679813994997
 21
26.152994094553378
 31
0.0
  0
TEXT
  5
E6
330
17
100
AcDbEntity
  8
图框
 62
7
370
9
100
AcDbText
 10
775.3509934010326
 20
20.21171608829036
 30
0.0
 40
5.230598818910699
  1
12
  7
ISO Proportional
 72
4
 11
779.3592240177022
 21
22.883869832733126
 31
0.0
100
AcDbText
  0
LINE
  5
E7
330
17
100
AcDbEntity
  8
图框
 62
7
370
9
100
AcDbLine
 10
812.0504666358793
 20
19.614745570914238
 30
0.0
 11
812.0504666358793
 21
26.152994094553378
 31
0.0
  0
TEXT
  5
E8
330
17
100
AcDbEntity
  8
图框
 62
7
370
9
100
AcDbText
 10
840.7334786374122
 20
20.25613353749941
 30
0.0
 40
5.230598818910699
  1
13
  7
ISO Proportional
 72
4
 11
844.7417092540818
 21
22.883869832733126
 31
0.0
100
AcDbText
  0
LINE
  5
E9
330
17
100
AcDbEntity
  8
图框
 62
7
370
9
100
AcDbLine
 10
877.4329518722698
 20
19.614745570914238
 30
0.0
 11
877.4329518722698
 21
26.152994094553378
 31
0.0
  0
TEXT
  5
EA
330
17
100
AcDbEntity
  8
图框
 62
7
370
9
100
AcDbText
 10
906.1159638738027
 20
20.21171608829036
 30
0.0
 40
5.230598818910699
  1
14
  7
ISO Proportional
 72
4
 11
910.1241944904614
 21
22.883869832733126
 31
0.0
100
AcDbText
  0
LINE
  5
EB
330
17
100
AcDbEntity
  8
图框
 62
7
370
9
100
AcDbLine
 10
942.8154371086603
 20
19.614745570914238
 30
0.0
 11
942.8154371086603
 21
26.152994094553378
 31
0.0
  0
TEXT
  5
EC
330
17
100
AcDbEntity
  8
图框
 62
7
370
9
100
AcDbText
 10
971.4984491101495
 20
20.25613353749941
 30
0.0
 40
5.230598818910699
  1
15
  7
ISO Proportional
 72
4
 11
975.5066797268191
 21
22.883869832733126
 31
0.0
100
AcDbText
  0
LINE
  5
ED
330
17
100
AcDbEntity
  8
图框
 62
7
370
9
100
AcDbLine
 10
1008.1979223450508
 20
19.614745570914238
 30
0.0
 11
1008.1979223450508
 21
26.152994094553378
 31
0.0
  0
TEXT
  5
EE
330
17
100
AcDbEntity
  8
图框
 62
7
370
9
100
AcDbText
 10
1036.88093434658
 20
20.25613353749941
 30
0.0
 40
5.230598818910699
  1
16
  7
ISO Proportional
 72
4
 11
1040.8891649632424
 21
22.883869832733126
 31
0.0
100
AcDbText
  0
LINE
  5
EF
330
17
100
AcDbEntity
  8
图框
 62
7
370
9
100
AcDbLine
 10
1099.7334016759596
 20
0.0
 30
0.0
 11
1086.6569046286822
 21
0.0
 31
0.0
  0
LINE
  5
F0
330
17
100
AcDbEntity
  8
图框
 62
7
370
9
100
AcDbLine
 10
1099.7334016759596
 20
0.0
 30
0.0
 11
1099.7334016759596
 21
13.076497047276007
 31
0.0
  0
TEXT
  5
F1
330
17
100
AcDbEntity
  8
图框
 62
7
370
9
100
AcDbText
 10
1074.2129120581812
 20
68.81506571129421
 30
0.0
 40
5.230598818910699
  1
H
  7
ISO Proportional
 72
4
 11
1076.8495318432615
 21
71.43036512074923
 31
0.0
100
AcDbText
  0
LINE
  5
F2
330
17
100
AcDbEntity
  8
图框
 62
7
370
9
100
AcDbLine
 10
1073.5804075814412
 20
116.70773614694417
 30
0.0
 11
1080.1186561050417
 21
116.70773614694417
 31
0.0
  0
TEXT
  5
F3
330
17
100
AcDbEntity
  8
图框
 62
7
370
9
100
AcDbText
 10
1074.2964168626895
 20
159.37158446165517
 30
0.0
 40
5.230598818910699
  1
G
  7
ISO Proportional
 72
4
 11
1076.8495318432615
 21
161.98510717314116
 31
0.0
100
AcDbText
  0
LINE
  5
F4
330
17
100
AcDbEntity
  8
图框
 62
7
370
9
100
AcDbLine
 10
1073.5804075814412
 20
207.26247819933633
 30
0.0
 11
1080.1186561050417
 21
207.26247819933633
 31
0.0
  0
TEXT
  5
F5
330
17
100
AcDbEntity
  8
图框
 62
7
370
9
100
AcDbText
 10
1075.0355232175425
 20
249.9245498160751
 30
0.0
 40
5.230598818910699
  1
F
  7
ISO Proportional
 72
4
 11
1076.8495318432615
 21
252.53984922553013
 31
0.0
100
AcDbText
  0
LINE
  5
F6
330
17
100
AcDbEntity
  8
图框
 62
7
370
9
100
AcDbLine
 10
1073.5804075814412
 20
297.81722025172826
 30
0.0
 11
1080.1186561050417
 21
297.81722025172826
 31
0.0
  0
TEXT
  5
F7
330
17
100
AcDbEntity
  8
图框
 62
7
370
9
100
AcDbText
 10
1074.968008694741
 20
340.4792918684682
 30
0.0
 40
5.230598818910699
  1
E
  7
ISO Proportional
 72
4
 11
1076.8495318432615
 21
343.0945912779232
 31
0.0
100
AcDbText
  0
TEXT
  5
F8
330
17
100
AcDbEntity
  8
图框
 62
7
370
9
100
AcDbText
 10
709.9685081646421
 20
751.1879010310613
 30
0.0
 40
5.230598818910699
  1
11
  7
ISO Proportional
 72
4
 11
713.9767387813117
 21
753.8600547755043
 31
0.0
100
AcDbText
  0
TEXT
  5
F9
330
17
100
AcDbEntity
  8
图框
 62
7
370
9
100
AcDbText
 10
644.5860229282516
 20
751.2323184802713
 30
0.0
 40
5.230598818910699
  1
10
  7
ISO Proportional
 72
4
 11
648.5942535449212
 21
753.8600547755043
 31
0.0
100
AcDbText
  0
TEXT
  5
FA
330
17
100
AcDbEntity
  8
图框
 62
7
370
9
100
AcDbText
 10
581.2076530001905
 20
751.2465320640172
 30
0.0
 40
5.230598818910699
  1
9
  7
ISO Proportional
 72
4
 11
583.2117683085307
 21
753.8600547755043
 31
0.0
100
AcDbText
  0
LINE
  5
FB
330
17
100
AcDbEntity
  8
图框
 62
7
370
9
100
AcDbLine
 10
681.2854961631092
 20
750.5909305136852
 30
0.0
 11
681.2854961631092
 21
757.1291790373243
 31
0.0
  0
LINE
  5
FC
330
17
100
AcDbEntity
  8
图框
 62
7
370
9
100
AcDbLine
 10
615.9030109267223
 20
750.5909305136852
 30
0.0
 11
615.9030109267223
 21
757.1291790373243
 31
0.0
  0
TEXT
  5
FD
330
17
100
AcDbEntity
  8
图框
 62
7
370
9
100
AcDbText
 10
840.7334786374122
 20
751.2323184802713
 30
0.0
 40
5.230598818910699
  1
13
  7
ISO Proportional
 72
4
 11
844.7417092540818
 21
753.8600547755043
 31
0.0
100
AcDbText
  0
TEXT
  5
FE
330
17
100
AcDbEntity
  8
图框
 62
7
370
9
100
AcDbText
 10
775.3509934010326
 20
751.1879010310613
 30
0.0
 40
5.230598818910699
  1
12
  7
ISO Proportional
 72
4
 11
779.3592240177022
 21
753.8600547755043
 31
0.0
100
AcDbText
  0
LINE
  5
FF
330
17
100
AcDbEntity
  8
图框
 62
7
370
9
100
AcDbLine
 10
812.0504666358793
 20
750.5909305136852
 30
0.0
 11
812.0504666358793
 21
757.1291790373243
 31
0.0
  0
LINE
  5
100
330
17
100
AcDbEntity
  8
图框
 62
7
370
9
100
AcDbLine
 10
877.4329518722698
 20
750.5909305136852
 30
0.0
 11
877.4329518722698
 21
757.1291790373243
 31
0.0
  0
LINE
  5
101
330
17
100
AcDbEntity
  8
图框
 62
7
370
9
100
AcDbLine
 10
746.6679813994997
 20
750.5909305136852
 30
0.0
 11
746.6679813994997
 21
757.1291790373243
 31
0.0
  0
LINE
  5
102
330
17
100
AcDbEntity
  8
图框
 62
7
370
9
100
AcDbLine
 10
1067.0421590577607
 20
388.3719623041202
 30
0.0
 11
1080.1186561050417
 21
388.3719623041202
 31
0.0
  0
TEXT
  5
103
330
17
100
AcDbEntity
  8
图框
 62
7
370
9
100
AcDbText
 10
1074.2395625277022
 20
431.0340339208592
 30
0.0
 40
5.230598818910699
  1
D
  7
ISO Proportional
 72
4
 11
1076.8495318432615
 21
433.6493333303142
 31
0.0
100
AcDbText
  0
LINE
  5
104
330
17
100
AcDbEntity
  8
图框
 62
7
370
9
100
AcDbLine
 10
1073.5804075814412
 20
478.9267043565112
 30
0.0
 11
1080.1186561050417
 21
478.9267043565112
 31
0.0
  0
TEXT
  5
105
330
17
100
AcDbEntity
  8
图框
 62
7
370
9
100
AcDbText
 10
1074.53982448436
 20
521.5905526712193
 30
0.0
 40
5.230598818910699
  1
C
  7
ISO Proportional
 72
4
 11
1076.8495318432615
 21
524.2040753827052
 31
0.0
100
AcDbText
  0
LINE
  5
106
330
17
100
AcDbEntity
  8
图框
 62
7
370
9
100
AcDbLine
 10
1073.5804075814412
 20
569.4814464089031
 30
0.0
 11
1080.1186561050417
 21
569.4814464089031
 31
0.0
  0
TEXT
  5
107
330
17
100
AcDbEntity
  8
图框
 62
7
370
9
100
AcDbText
 10
1074.7263777710396
 20
612.1435180256422
 30
0.0
 40
5.230598818910699
  1
B
  7
ISO Proportional
 72
4
 11
1076.8495318432615
 21
614.7588174350972
 31
0.0
100
AcDbText
  0
TEXT
  5
108
330
17
100
AcDbEntity
  8
图框
 62
7
370
9
100
AcDbText
 10
971.4984491101495
 20
751.2323184802713
 30
0.0
 40
5.230598818910699
  1
15
  7
ISO Proportional
 72
4
 11
975.5066797268191
 21
753.8600547755043
 31
0.0
100
AcDbText
  0
TEXT
  5
109
330
17
100
AcDbEntity
  8
图框
 62
7
370
9
100
AcDbText
 10
1036.88093434658
 20
751.2323184802713
 30
0.0
 40
5.230598818910699
  1
16
  7
ISO Proportional
 72
4
 11
1040.8891649632424
 21
753.8600547755043
 31
0.0
100
AcDbText
  0
TEXT
  5
10A
330
17
100
AcDbEntity
  8
图框
 62
7
370
9
100
AcDbText
 10
906.1159638738027
 20
751.1879010310613
 30
0.0
 40
5.230598818910699
  1
14
  7
ISO Proportional
 72
4
 11
910.1241944904614
 21
753.8600547755043
 31
0.0
100
AcDbText
  0
LINE
  5
10B
330
17
100
AcDbEntity
  8
图框
 62
7
370
9
100
AcDbLine
 10
942.8154371086603
 20
750.5909305136852
 30
0.0
 11
942.8154371086603
 21
757.1291790373243
 31
0.0
  0
LINE
  5
10C
330
17
100
AcDbEntity
  8
图框
 62
7
370
9
100
AcDbLine
 10
1008.1979223450508
 20
750.5909305136852
 30
0.0
 11
1008.1979223450508
 21
757.1291790373243
 31
0.0
  0
LINE
  5
10D
330
17
100
AcDbEntity
  8
图框
 62
7
370
9
100
AcDbLine
 10
1073.5804075814412
 20
660.0361884612953
 30
0.0
 11
1080.1186561050417
 21
660.0361884612953
 31
0.0
  0
TEXT
  5
10E
330
17
100
AcDbEntity
  8
图框
 62
7
370
9
100
AcDbText
 10
1074.4545429818827
 20
702.6982600780343
 30
0.0
 40
5.230598818910699
  1
A
  7
ISO Proportional
 72
4
 11
1076.8495318432615
 21
705.3135594874902
 31
0.0
100
AcDbText
  0
LINE
  5
10F
330
17
100
AcDbEntity
  8
图框
 62
7
370
9
100
AcDbLine
 10
1099.7334016759596
 20
776.7439246082392
 30
0.0
 11
1086.6569046286822
 21
776.7439246082392
 31
0.0
  0
LINE
  5
110
330
17
100
AcDbEntity
  8
图框
 62
7
370
9
100
AcDbLine
 10
1099.7334016759596
 20
763.6674275609623
 30
0.0
 11
1099.7334016759596
 21
776.7439246082392
 31
0.0
  0
LINE
  5
111
330
17
100
AcDbEntity
  8
图框
 62
7
370
9
100
AcDbLine
 10
1073.5804075814412
 20
130.7649704727653
 30
0.0
 11
1073.5804075814412
 21
26.152994094553378
 31
0.0
  0
LINE
  5
112
330
17
100
AcDbEntity
  8
图框
 62
7
370
9
100
AcDbLine
 10
812.0504666358793
 20
26.152994094550195
 30
0.0
 11
1073.5804075814412
 21
26.152994094550195
 31
0.0
  0
LINE
  5
113
330
17
100
AcDbEntity
  8
图框
 62
7
370
9
100
AcDbLine
 10
1073.5804075814412
 20
130.7649704727653
 30
0.0
 11
1073.5804075814412
 21
26.152994094553378
 31
0.0
  0
LINE
  5
114
330
17
100
AcDbEntity
  8
图框
 62
7
370
9
100
AcDbLine
 10
812.0504666358793
 20
26.152994094550195
 30
0.0
 11
1073.5804075814412
 21
26.152994094550195
 31
0.0
  0
LINE
  5
115
330
17
100
AcDbEntity
  8
明细栏
100
AcDbLine
 10
700.9002417340416
 20
26.152994094554288
 30
0.0
 11
1073.5804075814412
 21
26.152994094554288
 31
0.0
  0
LINE
  5
116
330
17
100
AcDbEntity
  8
明细栏
100
AcDbLine
 10
1073.5804075814412
 20
104.61197637821624
 30
0.0
 11
1073.5804075814412
 21
26.152994094554288
 31
0.0
  0
LINE
  5
117
330
17
100
AcDbEntity
  8
明细栏
370
9
100
AcDbLine
 10
1073.5804075814412
 20
734.8991340569521
 30
0.0
 11
863.2706088835512
 21
734.8991340569521
 31
0.0
  0
LINE
  5
118
330
17
100
AcDbEntity
  8
明细栏
370
9
100
AcDbLine
 10
1073.5804075814412
 20
719.2073376002202
 30
0.0
 11
863.2706088835512
 21
719.2073376002202
 31
0.0
  0
LINE
  5
119
330
17
100
AcDbEntity
  8
明细栏
370
9
100
AcDbLine
 10
1073.5804075814412
 20
703.5155411434891
 30
0.0
 11
863.2706088835512
 21
703.5155411434891
 31
0.0
  0
LINE
  5
11A
330
17
100
AcDbEntity
  8
明细栏
370
9
100
AcDbLine
 10
904.3967148693991
 20
734.8991340569521
 30
0.0
 11
904.3967148693991
 21
703.5155411434891
 31
0.0
  0
LINE
  5
11B
330
17
100
AcDbEntity
  8
明细栏
370
9
100
AcDbLine
 10
863.2706088835512
 20
750.5909305136852
 30
0.0
 11
863.2706088835512
 21
703.5155411434891
 31
0.0
  0
MTEXT
  5
11C
330
17
100
AcDbEntity
  8
注释
100
AcDbMText
 10
1044.1582892250226
 20
742.7450322853201
 30
0.0
 40
4.903686392728785
 41
19.61474557091514
 71
5
 72
5
  1
签名
  7
汉字专用
  0
LINE
  5
11D
330
17
100
AcDbEntity
  8
明细栏
100
AcDbLine
 10
1053.9656620104797
 20
703.5155411434891
 30
0.0
 11
1053.9656620104797
 21
750.5909305136852
 31
0.0
  0
LINE
  5
11E
330
17
100
AcDbEntity
  8
明细栏
100
AcDbLine
 10
1034.3509164395691
 20
703.5155411434891
 30
0.0
 11
1034.3509164395691
 21
750.5909305136852
 31
0.0
  0
MTEXT
  5
11F
330
17
100
AcDbEntity
  8
注释
100
AcDbMText
 10
1063.7730347959405
 20
742.7450322853201
 30
0.0
 40
4.903686392728785
 41
19.61474557091514
 71
5
 72
5
  1
日期
  7
汉字专用
  0
MTEXT
  5
120
330
17
100
AcDbEntity
  8
注释
100
AcDbMText
 10
948.810762661542
 20
742.7450322853201
 30
0.0
 40
4.903686392728785
 41
171.0803075560307
 71
5
 72
5
  1
版本变更说明
  7
汉字专用
  0
LINE
  5
121
330
17
100
AcDbEntity
  8
图框
 62
7
370
9
100
AcDbLine
 10
510.63720969617134
 20
26.152994094557016
 30
0.0
 11
510.63720969617134
 21
35.960366880015044
 31
0.0
  0
INSERT
  5
122
330
17
100
AcDbEntity
  8
注释
100
AcDbBlockReference
  2
A$C7B1938C3
 10
-1037.4527348395604
 20
-643.4958935414979
 30
0.0
 41
2.353769468516475
 42
2.353769468509597
 43
2.353769468509459
  0
LINE
  5
124
330
17
100
AcDbEntity
  8
明细栏
370
9
100
AcDbLine
 10
867.6255790868126
 20
143.84146752004813
 30
0.0
 11
867.6255790868126
 21
114.41934916367723
 31
0.0
  0
LINE
  5
125
330
17
100
AcDbEntity
  8
明细栏
370
9
100
AcDbLine
 10
700.9002417340416
 20
143.84146752004813
 30
0.0
 11
1073.5804075814412
 21
143.84146752004813
 31
0.0
  0
LINE
  5
126
330
17
100
AcDbEntity
  8
明细栏
370
9
100
AcDbLine
 10
514.56015881032
 20
129.13040834186222
 30
0.0
 11
1073.5804075814412
 21
129.13040834186222
 31
0.0
  0
LINE
  5
127
330
17
100
AcDbEntity
  8
明细栏
370
9
100
AcDbLine
 10
661.6707505922022
 20
70.28617162911632
 30
0.0
 11
867.6255790868126
 21
70.28617162911632
 31
0.0
  0
LINE
  5
128
330
17
100
AcDbEntity
  8
明细栏
370
9
100
AcDbLine
 10
867.6255790868126
 20
84.99723080730337
 30
0.0
 11
1073.5804075814012
 21
84.99723080730337
 31
0.0
  0
LINE
  5
129
330
17
100
AcDbEntity
  8
明细栏
370
9
100
AcDbLine
 10
867.6255790868126
 20
114.41934916367723
 30
0.0
 11
867.6255790868126
 21
26.152994094557016
 31
0.0
  0
MTEXT
  5
12A
330
17
100
AcDbEntity
  8
注释
370
-3
100
AcDbMText
 10
868.8583794708393
 20
105.99109541795633
 30
0.0
 40
8.82663550691181
 41
55.17565190809639
 71
1
 72
5
  1
{\fSimSun|b0|i0|c134|p54;料号：}
  7
汉字专用
  0
LINE
  5
12B
330
17
100
AcDbEntity
  8
明细栏
370
9
100
AcDbLine
 10
661.6707505922022
 20
114.41934916367723
 30
0.0
 11
1073.5804075814412
 21
114.41934916367723
 31
0.0
  0
MTEXT
  5
12C
330
17
100
AcDbEntity
  8
注释
370
-3
100
AcDbMText
 10
897.2114249905426
 20
126.92869632885322
 30
0.0
 40
7.355529589093174
 41
150.4086112491022
 71
1
 72
5
  1
{\fSimSun|b0|i0|c134|p54;第   1   页}
  7
汉字专用
  0
MTEXT
  5
12D
330
17
100
AcDbEntity
  8
注释
370
-3
100
AcDbMText
 10
978.6046787002924
 20
127.39271465035813
 30
0.0
 40
7.355529589093174
 41
150.4086112491022
 71
1
 72
5
  1
{\fSimSun|b0|i0|c134|p54;总共:  1   页}
  7
汉字专用
  0
MTEXT
  5
12E
330
17
100
AcDbEntity
  8
注释
370
-3
100
AcDbMText
 10
713.109987463642
 20
109.43952943416616
 30
0.0
 40
8.82663550691181
 41
75.82583793476596
 71
1
 72
5
  1
品名：
  7
汉字专用
  0
MTEXT
  5
12F
330
17
100
AcDbEntity
  8
注释
370
-3
100
AcDbMText
 10
764.8361467152899
 20
89.10201874152335
 30
0.0
 40
7.208418997311312
 41
116.7130931956533
 71
1
 72
5
  1
后壳
  7
字母和汉字
  0
MTEXT
  5
130
330
17
100
AcDbEntity
  8
注释
370
-3
100
AcDbMText
 10
705.5759943796693
 20
141.97534855578124
 30
0.0
 40
7.355529589093174
 41
150.4086112491022
 71
1
 72
5
  1
数量：   1PCS/套
  7
汉字专用
  0
MTEXT
  5
131
330
17
100
AcDbEntity
  8
注释
370
-3
100
AcDbMText
 10
798.81201042885
 20
126.84387037692022
 30
0.0
 40
7.355529589093174
 41
150.4086112491022
 71
1
 72
5
  1
单位:MM
  7
汉字专用
  0
MTEXT
  5
132
330
17
100
AcDbEntity
  8
注释
370
-3
100
AcDbMText
 10
795.4451378457707
 20
142.2022736286333
 30
0.0
 40
7.355529589093174
 41
150.4086112491022
 71
1
 72
5
  1
{\C256;表面处理}
  7
汉字专用
  0
MTEXT
  5
133
330
17
100
AcDbEntity
  8
注释
370
-3
100
AcDbMText
 10
707.0995683777219
 20
127.38082695992512
 30
0.0
 40
7.355529589093174
 41
150.4086112491022
 71
1
 72
5
  1
比例
  7
汉字专用
  0
MTEXT
  5
134
330
17
100
AcDbEntity
  8
注释
370
-3
100
AcDbMText
 10
747.6048597621921
 20
126.61328591648021
 30
0.0
 40
7.355529589093174
 41
150.4086112491022
 71
1
 72
5
  1
1:2
  7
汉字专用
  0
LINE
  5
135
330
17
100
AcDbEntity
  8
明细栏
370
9
100
AcDbLine
 10
514.56015881032
 20
40.86405327274224
 30
0.0
 11
700.9002417340416
 21
40.86405327274224
 31
0.0
  0
LINE
  5
136
330
17
100
AcDbEntity
  8
明细栏
370
9
100
AcDbLine
 10
514.56015881032
 20
55.57511245093019
 30
0.0
 11
700.9002417340416
 21
55.57511245093019
 31
0.0
  0
LINE
  5
137
330
17
100
AcDbEntity
  8
明细栏
370
9
100
AcDbLine
 10
661.6707505922022
 20
70.28617162911632
 30
0.0
 11
661.6707505922022
 21
26.152994094557016
 31
0.0
  0
MTEXT
  5
138
330
17
100
AcDbEntity
  8
注释
370
-3
100
AcDbMText
 10
714.973601062291
 20
57.446202510439434
 30
0.0
 40
8.82663550691181
 41
41.5777069697381
 71
1
 72
5
  1
材料：
  7
汉字专用
  0
MTEXT
  5
139
330
17
100
AcDbEntity
  8
注释
370
-3
100
AcDbMText
 10
761.3227187181219
 20
52.36524420038222
 30
0.0
 40
8.82663550691181
 41
121.9375722796196
 71
1
 72
5
  1
AL5052
  7
字母和汉字
  0
MTEXT
  5
13A
330
17
100
AcDbEntity
  8
注释
100
AcDbMText
 10
532.9489827830403
 20
62.93064204002212
 30
0.0
 40
7.355529589093174
 41
36.77764794546521
 71
5
 72
5
  1
设  计
  7
汉字专用
  0
MTEXT
  5
13B
330
17
100
AcDbEntity
  8
注释
100
AcDbMText
 10
532.9489827830403
 20
48.21958286183826
 30
0.0
 40
7.355529589093174
 41
36.77764794546521
 71
5
 72
5
  1
标准化
  7
汉字专用
  0
MTEXT
  5
13C
330
17
100
AcDbEntity
  8
注释
100
AcDbMText
 10
532.9489827830403
 20
33.50852368365031
 30
0.0
 40
7.355529589093174
 41
36.77764794546521
 71
5
 72
5
  1
批  准
  7
汉字专用
  0
MTEXT
  5
13D
330
17
100
AcDbEntity
  8
注释
100
AcDbMText
 10
606.5042786739796
 20
33.50852368365304
 30
0.0
 40
7.355529589093174
 41
36.77764794546521
 71
5
 72
5
  1
日 期
  7
汉字专用
  0
MTEXT
  5
13E
330
17
100
AcDbEntity
  8
注释
100
AcDbMText
 10
606.5042786739796
 20
48.21958286183826
 30
0.0
 40
7.355529589093174
 41
36.77764794546521
 71
5
 72
5
  1
日 期
  7
汉字专用
  0
MTEXT
  5
13F
330
17
100
AcDbEntity
  8
注释
100
AcDbMText
 10
606.5042786739796
 20
62.93064204002212
 30
0.0
 40
7.355529589093174
 41
36.77764794546521
 71
5
 72
5
  1
日 期
  7
汉字专用
  0
LINE
  5
140
330
17
100
AcDbEntity
  8
明细栏
370
9
100
AcDbLine
 10
624.8931026467326
 20
26.15299409456111
 30
0.0
 11
624.8931026467326
 21
70.28617162911632
 31
0.0
  0
LINE
  5
141
330
17
100
AcDbEntity
  8
明细栏
370
9
100
AcDbLine
 10
588.1154547012593
 20
26.15299409456111
 30
0.0
 11
588.1154547012593
 21
70.28617162911632
 31
0.0
  0
LINE
  5
142
330
17
100
AcDbEntity
  8
明细栏
370
9
100
AcDbLine
 10
551.3378067557896
 20
26.15299409456111
 30
0.0
 11
551.3378067557896
 21
70.28617162911632
 31
0.0
  0
LINE
  5
143
330
17
100
AcDbEntity
  8
明细栏
370
9
100
AcDbLine
 10
514.56015881032
 20
70.28617162911632
 30
0.0
 11
661.6707505922022
 21
70.28617162911632
 31
0.0
  0
LINE
  5
144
330
17
100
AcDbEntity
  8
明细栏
370
9
100
AcDbLine
 10
573.40439552307
 20
129.13040834186222
 30
0.0
 11
573.40439552307
 21
70.28617162911632
 31
0.0
  0
LINE
  5
145
330
17
100
AcDbEntity
  8
明细栏
370
9
100
AcDbLine
 10
514.56015881032
 20
114.41934916367427
 30
0.0
 11
661.6707505922022
 21
114.41934916367427
 31
0.0
  0
MTEXT
  5
146
330
17
100
AcDbEntity
  8
注释
370
9
100
AcDbMText
 10
531.4530932704292
 20
83.49400267177907
 30
0.0
 40
7.355529589093174
 41
75.82583793476596
 71
1
 72
5
  1
版 本
  7
汉字专用
  0
LINE
  5
147
330
17
100
AcDbEntity
  8
明细栏
370
9
100
AcDbLine
 10
514.56015881032
 20
84.99723080730337
 30
0.0
 11
700.9002417340416
 21
84.99723080730337
 31
0.0
  0
LINE
  5
148
330
17
100
AcDbEntity
  8
明细栏
370
9
100
AcDbLine
 10
514.56015881032
 20
99.70828998548905
 30
0.0
 11
573.40439552307
 21
99.70828998548905
 31
0.0
  0
MTEXT
  5
149
330
17
100
AcDbEntity
  8
注释
370
-3
100
AcDbMText
 10
527.9628291557092
 20
96.76151578352028
 30
0.0
 40
7.355529589093174
 41
58.95451638806271
 71
1
 72
5
  1
第一视角
  7
汉字专用
  0
LINE
  5
14A
330
17
100
AcDbEntity
  8
注释
370
-3
100
AcDbLine
 10
659.3471375506415
 20
104.38848472795416
 30
0.0
 11
659.3471375506415
 21
95.36093483870536
 31
0.0
  0
LINE
  5
14B
330
17
100
AcDbEntity
  8
注释
370
-3
100
AcDbLine
 10
664.8113103401301
 20
99.87470978332703
 30
0.0
 11
643.2435041001227
 21
99.87470978332703
 31
0.0
  0
LINE
  5
14C
330
17
100
AcDbEntity
  8
注释
370
-3
100
AcDbLine
 10
659.3471375506415
 20
95.36093483870536
 30
0.0
 11
648.7823334397908
 21
91.75862454770004
 31
0.0
  0
LINE
  5
14D
330
17
100
AcDbEntity
  8
注释
370
-3
100
AcDbLine
 10
648.7823334397908
 20
107.99079501895812
 30
0.0
 11
648.7823334397908
 21
91.75862454770004
 31
0.0
  0
LINE
  5
14E
330
17
100
AcDbEntity
  8
注释
370
-3
100
AcDbLine
 10
659.3471375506415
 20
104.38848472795416
 30
0.0
 11
648.7823334397908
 21
107.99079501895812
 31
0.0
  0
CIRCLE
  5
14F
330
17
100
AcDbEntity
  8
注释
370
-3
100
AcDbCircle
 10
615.5099291617298
 20
99.87470978332703
 30
0.0
 40
4.513774944623595
  0
LINE
  5
150
330
17
100
AcDbEntity
  8
注释
370
-3
100
AcDbLine
 10
615.5099291617298
 20
109.80791579912625
 30
0.0
 11
615.5099291617298
 21
90.39325155757706
 31
0.0
  0
CIRCLE
  5
151
330
17
100
AcDbEntity
  8
注释
370
-3
100
AcDbCircle
 10
615.5099291617298
 20
99.87470978332703
 30
0.0
 40
8.116085235629168
  0
CIRCLE
  5
152
330
17
100
AcDbEntity
  8
注释
370
-3
100
AcDbCircle
 10
615.5099291617298
 20
99.87470978332703
 30
0.0
 40
8.116085235629168
  0
LINE
  5
153
330
17
100
AcDbEntity
  8
注释
370
-3
100
AcDbLine
 10
602.6885649495998
 20
99.87470978332703
 30
0.0
 11
629.1525154254523
 21
99.87470978332703
 31
0.0
  0
MTEXT
  5
154
330
17
100
AcDbEntity
  8
注释
100
AcDbMText
 10
543.9822771667023
 20
121.77487875276825
 30
0.0
 40
7.355529589093174
 41
58.84423671274539
 71
5
 72
5
  1
图号
  7
汉字专用
  0
MTEXT
  5
155
330
17
100
AcDbEntity
  8
注释
100
AcDbMText
 10
543.9822771667023
 20
107.06381957458211
 30
0.0
 40
7.355529589093174
 41
58.84423671274574
 71
5
 72
5
  1
视角
  7
汉字专用
  0
LINE
  5
156
330
17
100
AcDbEntity
  8
明细栏
370
9
100
AcDbLine
 10
514.5601588103418
 20
129.13040834186222
 30
0.0
 11
514.5601588103418
 21
26.152994094557016
 31
0.0
  0
MTEXT
  5
157
330
17
100
AcDbEntity
  8
注释
100
AcDbMText
 10
59.492776608542044
 20
166.10432111051614
 30
0.0
 40
4.049236692066959
 41
39.43901707170015
 71
1
 72
5
  1
未注公差\P{\H0.5813x;（中等\fArial|b0|i0|c0|p32;\H0.9723x;M\fSimSun|b0|i0|c134|p2;\H1.028x;级 ）}
  7
汉字专用
  0
MTEXT
  5
158
330
17
100
AcDbEntity
  8
注释
100
AcDbMText
 10
241.2927743084001
 20
163.40880898911132
 30
0.0
 40
4.049236692066959
 41
26.5230102636422
 71
1
 72
5
  1
%%p1.2
  7
汉字专用
  0
MTEXT
  5
159
330
17
100
AcDbEntity
  8
注释
100
AcDbMText
 10
202.32310836009128
 20
163.2385402723653
 30
0.0
 40
4.049236692066959
 41
26.5230102636422
 71
1
 72
5
  1
%%p0.8
  7
汉字专用
  0
MTEXT
  5
15A
330
17
100
AcDbEntity
  8
注释
100
AcDbMText
 10
160.2222056865794
 20
163.23234512830618
 30
0.0
 40
4.049236692066959
 41
26.5230102636422
 71
1
 72
5
  1
%%p0.5
  7
汉字专用
  0
MTEXT
  5
15B
330
17
100
AcDbEntity
  8
注释
100
AcDbMText
 10
124.70902459034187
 20
163.28595043747214
 30
0.0
 40
4.049236692066959
 41
26.5230102636422
 71
1
 72
5
  1
%%p0.30
  7
汉字专用
  0
MTEXT
  5
15C
330
17
100
AcDbEntity
  8
注释
100
AcDbMText
 10
92.7634239636318
 20
163.28595043747214
 30
0.0
 40
4.049236692066959
 41
26.5230102636422
 71
1
 72
5
  1
%%p0.1
  7
汉字专用
  0
LINE
  5
15D
330
17
100
AcDbEntity
  8
明细栏
370
9
100
AcDbLine
 10
54.63946496432982
 20
166.93622888717914
 30
0.0
 11
269.50354501426045
 21
166.95224320018315
 31
0.0
  0
LINE
  5
15E
330
17
100
AcDbEntity
  8
明细栏
370
9
100
AcDbLine
 10
269.3322995609524
 20
153.08510988170133
 30
0.0
 11
54.63157828117983
 21
153.1132489404033
 31
0.0
  0
LINE
  5
15F
330
17
100
AcDbEntity
  8
明细栏
370
9
100
AcDbLine
 10
54.65108660783153
 20
194.97628267120717
 30
0.0
 11
269.53091766225043
 21
194.98806768432814
 31
0.0
  0
LINE
  5
160
330
17
100
AcDbEntity
  8
明细栏
370
9
100
AcDbLine
 10
269.3596722089096
 20
166.95223247701233
 30
0.0
 11
54.65895092912251
 21
166.98037153571613
 31
0.0
  0
LINE
  5
161
330
17
100
AcDbEntity
  8
明细栏
370
9
100
AcDbLine
 10
54.66683761226159
 20
180.80335148249014
 30
0.0
 11
269.53091766225043
 21
180.8193657954962
 31
0.0
  0
LINE
  5
162
330
17
100
AcDbEntity
  8
明细栏
370
9
100
AcDbLine
 10
186.0711130589807
 20
194.98806768432814
 30
0.0
 11
186.01626130113073
 21
153.09602942997913
 31
0.0
  0
LINE
  5
163
330
17
100
AcDbEntity
  8
明细栏
370
9
100
AcDbLine
 10
149.3642645830805
 20
194.98806768432814
 30
0.0
 11
149.3642645830805
 21
153.10083310591017
 31
0.0
  0
LINE
  5
164
330
17
100
AcDbEntity
  8
明细栏
370
9
100
AcDbLine
 10
116.27465108055912
 20
194.98806768432814
 30
0.0
 11
116.2553485508106
 21
153.1051724193792
 31
0.0
  0
LINE
  5
165
330
17
100
AcDbEntity
  8
明细栏
370
9
100
AcDbLine
 10
88.6328400563325
 20
194.98806768432814
 30
0.0
 11
88.6328400563325
 21
153.1087926745122
 31
0.0
  0
LINE
  5
166
330
17
100
AcDbEntity
  8
明细栏
370
9
100
AcDbLine
 10
54.66721471642086
 20
194.99555697284313
 30
0.0
 11
54.63157828117983
 21
153.1132489404033
 31
0.0
  0
LINE
  5
167
330
17
100
AcDbEntity
  8
明细栏
370
9
100
AcDbLine
 10
269.3854019099017
 20
194.9476400697913
 30
0.0
 11
269.3322995609524
 21
153.08510988170133
 31
0.0
  0
MTEXT
  5
168
330
17
100
AcDbEntity
  8
注释
100
AcDbMText
 10
59.37168937253955
 20
191.0091658239512
 30
0.0
 40
4.049236692066959
 41
26.5230102636422
 71
1
 72
5
  1
尺寸分段
  7
汉字专用
  0
MTEXT
  5
169
330
17
100
AcDbEntity
  8
注释
100
AcDbMText
 10
59.52014925648109
 20
179.9714437058292
 30
0.0
 40
4.049236692066959
 41
39.43901707170015
 71
1
 72
5
  1
配合公差\P{\H0.5813x;（精密\fArial|b0|i0|c0|p32;F\fSimSun|b0|i0|c134|p2;级 ）}
  7
汉字专用
  0
MTEXT
  5
16A
330
17
100
AcDbEntity
  8
注释
100
AcDbMText
 10
91.8584423350294
 20
189.80874085042024
 30
0.0
 40
4.049236692066959
 41
50.90863103524423
 71
1
 72
5
  1
{\fSimSun|b0|i0|c134|p6;\H1x;＞\fSimSun|b0|i0|c134|p2;0\fSimSun|b0|i0|c134|p6;\C1;   \fSimSun|b0|i0|c134|p2;\C256;30}
  7
汉字专用
  0
SPLINE
  5
16B
330
17
100
AcDbEntity
  8
注释
100
AcDbSpline
 70
1064
 71
3
 72
10
 73
6
 74
4
 40
0.0
 40
0.0
 40
0.0
 40
0.0
 40
1.692373490403505
 40
3.954686483035759
 40
6.21640965681354
 40
6.21640965681354
 40
6.21640965681354
 40
6.21640965681354
 10
100.17386652636924
 20
187.01457481749912
 30
0.0
 10
100.54567521823992
 20
187.60190781501933
 30
0.0
 10
101.41450636948139
 20
188.9743695555892
 30
0.0
 10
103.36439609558147
 20
186.39157987222916
 30
0.0
 10
104.71616195068054
 20
187.5417708714192
 30
0.0
 10
105.39195676036252
 20
188.11679139323724
 30
0.0
 11
100.17386652636924
 21
187.01457481749912
 31
0.0
 11
101.35735022745212
 21
188.2243245272782
 31
0.0
 11
103.3477566652291
 21
187.1489909562133
 31
0.0
 11
105.39195676036252
 21
188.11679139323724
 31
0.0
  0
MTEXT
  5
16C
330
17
100
AcDbEntity
  8
注释
100
AcDbMText
 10
121.23965043017233
 20
189.60314791889914
 30
0.0
 40
4.049236692066959
 41
50.90863103524423
 71
1
 72
5
  1
{\fSimSun|b0|i0|c134|p6;＞}30   120
  7
汉字专用
  0
MTEXT
  5
16D
330
17
100
AcDbEntity
  8
注释
100
AcDbMText
 10
156.5073617393209
 20
189.54919916409017
 30
0.0
 40
4.049236692066959
 41
50.90863103524423
 71
1
 72
5
  1
{\fSimSun|b0|i0|c134|p6;＞}120   400
  7
汉字专用
  0
SPLINE
  5
16E
330
17
100
AcDbEntity
  8
注释
100
AcDbSpline
 70
1064
 71
3
 72
10
 73
6
 74
4
 40
0.0
 40
0.0
 40
0.0
 40
0.0
 40
1.692373490386291
 40
3.954686483036453
 40
6.21640965681404
 40
6.21640965681404
 40
6.21640965681404
 40
6.21640965681404
 10
168.22885136607147
 20
186.75503313116928
 30
0.0
 10
168.60066005793124
 20
187.34236612868517
 30
0.0
 10
169.46949120913996
 20
188.71482786925912
 30
0.0
 10
171.41938093529097
 20
186.13203818589932
 30
0.0
 10
172.77114679039005
 20
187.28222918508914
 30
0.0
 10
173.4469416000502
 20
187.85724970690717
 30
0.0
 11
168.22885136607147
 21
186.75503313116928
 31
0.0
 11
169.41233506713252
 21
187.9647828409452
 31
0.0
 11
171.40274150493133
 21
186.88944926988324
 31
0.0
 11
173.4469416000502
 21
187.85724970690717
 31
0.0
  0
MTEXT
  5
16F
330
17
100
AcDbEntity
  8
注释
100
AcDbMText
 10
193.76453825771023
 20
189.6248263903433
 30
0.0
 40
4.049236692066959
 41
50.90863103524423
 71
1
 72
5
  1
{\fSimSun|b0|i0|c134|p6;＞}400   1000
  7
汉字专用
  0
SPLINE
  5
170
330
17
100
AcDbEntity
  8
注释
100
AcDbSpline
 70
1064
 71
3
 72
10
 73
6
 74
4
 40
0.0
 40
0.0
 40
0.0
 40
0.0
 40
1.692373490428946
 40
3.954686483022792
 40
6.216409656808123
 40
6.216409656808123
 40
6.216409656808123
 40
6.216409656808123
 10
208.1682472718894
 20
187.1740084176563
 30
0.0
 10
208.540055963771
 20
187.7613414151822
 30
0.0
 10
209.40888711501248
 20
189.13380315573932
 30
0.0
 10
211.35877684111983
 20
186.55101347238815
 30
0.0
 10
212.71054269620072
 20
187.7012044715732
 30
0.0
 10
213.38633750587178
 20
188.27622499339623
 30
0.0
 11
208.1682472718894
 21
187.1740084176563
 31
0.0
 11
209.3517309730014
 21
188.38375812743516
 31
0.0
 11
211.342137410742
 21
187.30842455636912
 31
0.0
 11
213.38633750587178
 21
188.27622499339623
 31
0.0
  0
SPLINE
  5
171
330
17
100
AcDbEntity
  8
注释
100
AcDbSpline
 70
1064
 71
3
 72
10
 73
6
 74
4
 40
0.0
 40
0.0
 40
0.0
 40
0.0
 40
1.692373490402855
 40
3.954686483034677
 40
6.216409656813043
 40
6.216409656813043
 40
6.216409656813043
 40
6.216409656813043
 10
130.75925107293006
 20
186.9544219949223
 30
0.0
 10
131.13105976478982
 20
187.5417549924423
 30
0.0
 10
131.99989091602038
 20
188.9142167330101
 30
0.0
 10
133.94978064214956
 20
186.33142704965212
 30
0.0
 10
135.30154649725228
 20
187.48161804884217
 30
0.0
 10
135.97734130691242
 20
188.0566385706611
 30
0.0
 11
130.75925107293006
 21
186.9544219949223
 31
0.0
 11
131.94273477400202
 21
188.16417170470027
 31
0.0
 11
133.93314121178264
 21
187.08883813363627
 31
0.0
 11
135.97734130691242
 21
188.0566385706611
 31
0.0
  0
MTEXT
  5
172
330
17
100
AcDbEntity
  8
注释
100
AcDbMText
 10
92.79079661158175
 20
177.1530730327852
 30
0.0
 40
4.049236692066959
 41
26.5230102636422
 71
1
 72
5
  1
%%p0.1
  7
汉字专用
  0
MTEXT
  5
173
330
17
100
AcDbEntity
  8
注释
100
AcDbMText
 10
124.73639723831002
 20
177.1530730327852
 30
0.0
 40
4.049236692066959
 41
26.5230102636422
 71
1
 72
5
  1
%%p0.15
  7
汉字专用
  0
MTEXT
  5
174
330
17
100
AcDbEntity
  8
注释
100
AcDbMText
 10
160.2495783345621
 20
177.09946772361832
 30
0.0
 40
4.049236692066959
 41
26.5230102636422
 71
1
 72
5
  1
%%p0.2
  7
汉字专用
  0
MTEXT
  5
175
330
17
100
AcDbEntity
  8
注释
100
AcDbMText
 10
202.35048100801941
 20
177.1056628676772
 30
0.0
 40
4.049236692066959
 41
26.5230102636422
 71
1
 72
5
  1
%%p0.3
  7
汉字专用
  0
LINE
  5
176
330
17
100
AcDbEntity
  8
明细栏
370
9
100
AcDbLine
 10
230.43573418617234
 20
194.81766563743918
 30
0.0
 11
230.38109793260082
 21
153.09021489551924
 31
0.0
  0
MTEXT
  5
177
330
17
100
AcDbEntity
  8
注释
100
AcDbMText
 10
235.49671619716173
 20
190.43046363889925
 30
0.0
 40
4.049236692066959
 41
50.90863103524423
 71
1
 72
5
  1
{\fSimSun|b0|i0|c134|p6;＞}1000   2000
  7
汉字专用
  0
SPLINE
  5
178
330
17
100
AcDbEntity
  8
注释
100
AcDbSpline
 70
1064
 71
3
 72
10
 73
6
 74
4
 40
0.0
 40
0.0
 40
0.0
 40
0.0
 40
1.692373490387591
 40
3.954686483031567
 40
6.216409656815925
 40
6.216409656815925
 40
6.216409656815925
 40
6.216409656815925
 10
250.70321690486162
 20
187.63629760597814
 30
0.0
 10
251.07502559671047
 20
188.22363060349517
 30
0.0
 10
251.94385674794103
 20
189.5960923440682
 30
0.0
 10
253.8937464740702
 20
187.01330266070818
 30
0.0
 10
255.2455123291802
 20
188.1634936598973
 30
0.0
 10
255.92130713884035
 20
188.73851418171625
 30
0.0
 11
250.70321690486162
 21
187.63629760597814
 31
0.0
 11
251.88670060591176
 21
188.8460473157552
 31
0.0
 11
253.87710704371057
 21
187.77071374469233
 31
0.0
 11
255.92130713884035
 21
188.73851418171625
 31
0.0
  0
MTEXT
  5
179
330
17
100
AcDbEntity
  8
注释
100
AcDbMText
 10
241.32014695637918
 20
177.27593158442232
 30
0.0
 40
4.049236692066959
 41
26.5230102636422
 71
1
 72
5
  1
%%p0.5
  7
汉字专用
  0
MTEXT
  5
17A
330
17
100
AcDbEntity
  8
注释
370
-3
100
AcDbMText
 10
52.20226509086933
 20
293.6276676601253
 30
0.0
 40
5.884423671274536
 41
229.8328834805372
 71
1
 72
5
  3
    技术要求\P1、未注折弯内圆角不超过R0.6\P2、未注倒角为2x45%%D\P3、去毛刺，不允许切边位置留有毛刺刮手；\P4、去油污，不得划碰伤工件表面，具体外观检验标准参照巨烽五金件检验要求：《PG.D0036-五金件通用检验规范》\P5、未特别标明的所有配合部位的孔位、柱位等配合公差均依照下表(GB/T 1804-2000)精密F级公差要求。非配合部位的未注公差依照如下中等M级精度公差要求。角度公差为%%P0.5%%D\P\P\P\P\P\P6、标识"    " 为：轮廓尺寸，客户
  1
安装尺寸，易产生问题的尺寸等需要重点控制的尺寸。\P7、紧固件说明：Y1:9-S-M3-1 Y2: 5-BSO-3.5M3-8  Y3: 1-M4x15螺杆\P8、切口需做防锈（喷漆）处理。\P9、零件必须符合RoHS。\P10、盐雾测试48H，符合GB/T10125-1997要求。
  7
汉字专用
  0
LWPOLYLINE
  5
17B
330
17
100
AcDbEntity
  8
注释
100
AcDbPolyline
 90
4
 70
1
 10
80.02741279817928
 20
144.54507880207325
 10
90.87186575094165
 20
144.54507880207325
 10
90.87186575094165
 20
139.12953319701114
 10
80.02741279817928
 20
139.12953319701114
  0
LINE
  5
17C
330
17
100
AcDbEntity
  8
明细栏
370
9
100
AcDbLine
 10
700.9002417340416
 20
143.84146752004813
 30
0.0
 11
700.9002417340416
 21
26.152994094557016
 31
0.0
  0
LINE
  5
17D
330
17
100
AcDbEntity
  8
明细栏
370
9
100
AcDbLine
 10
784.2629104104126
 20
143.84146752004722
 30
0.0
 11
784.2629104104126
 21
114.41934916367723
 31
0.0
  0
LINE
  5
17E
330
17
100
AcDbEntity
  8
明细栏
370
9
100
AcDbLine
 10
730.3223600904021
 20
143.84146752004813
 30
0.0
 11
730.3223600904021
 21
114.41934916367723
 31
0.0
  0
MTEXT
  5
17F
330
17
100
AcDbEntity
  8
注释
100
AcDbMText
 10
569.7266307285317
 20
62.93064204002212
 30
0.0
 40
7.355529589093174
 41
36.77764794546521
 71
5
 72
5
  1
杨阳
  7
汉字专用
  0
MTEXT
  5
180
330
17
100
AcDbEntity
  8
注释
100
AcDbMText
 10
642.8630359154522
 20
63.5330341708941
 30
0.0
 40
5.884423671274536
 41
29.42211835637217
 71
5
 72
5
  1
2020-01-16
  7
汉字专用
  0
MTEXT
  5
181
330
17
100
AcDbEntity
  8
注释
370
-3
100
AcDbMText
 10
905.7913780340095
 20
142.2022736286333
 30
0.0
 40
7.355529589093174
 41
150.4086112491022
 71
1
 72
5
  1
无
  7
汉字专用
  0
LINE
  5
182
330
17
100
AcDbEntity
  8
0
  6
Continuous
 62
7
100
AcDbLine
 10
89.31012017276225
 20
713.9455468758943
 30
0.0
 11
26.152994094551104
 21
713.9455468758943
 31
0.0
  0
LINE
  5
183
330
17
100
AcDbEntity
  8
0
  6
Continuous
 62
7
100
AcDbLine
 10
89.31012017276225
 20
713.9455468758943
 30
0.0
 11
89.31012017276225
 21
750.5909305136863
 31
0.0
  0
MTEXT
  5
184
330
17
100
AcDbEntity
  8
注释
 62
0
370
-3
100
AcDbMText
 10
36.67187176685184
 20
745.2682036212802
 30
0.0
 40
9.731365646370271
 41
134.4361734382806
 71
1
 72
5
  1
{\fSimSun|b0|i0|c134|p2; 归档图纸}
  7
字母和汉字
  0
MTEXT
  5
185
330
17
100
AcDbEntity
  8
注释
 62
0
370
-3
100
AcDbMText
 10
25.25981298067927
 20
729.3447952332172
 30
0.0
 40
9.731365646370271
 41
134.4361734382806
 71
1
 72
5
  1
{\fSimSun|b0|i0|c134|p2;   打样图纸}
  7
字母和汉字
  0
LINE
  5
186
330
17
100
AcDbEntity
  8
DIM
 62
0
100
AcDbLine
 10
30.339801623569656
 20
743.2944221817672
 30
0.0
 11
39.73370728758164
 21
743.2944221817672
 31
0.0
  0
LINE
  5
187
330
17
100
AcDbEntity
  8
DIM
 62
0
100
AcDbLine
 10
39.73370728758164
 20
743.2944221817672
 30
0.0
 11
39.73370728758164
 21
733.9005165177662
 31
0.0
  0
LINE
  5
188
330
17
100
AcDbEntity
  8
DIM
 62
0
100
AcDbLine
 10
39.73370728758164
 20
733.9005165177662
 30
0.0
 11
30.339801623569656
 21
733.9005165177662
 31
0.0
  0
LINE
  5
189
330
17
100
AcDbEntity
  8
DIM
 62
0
100
AcDbLine
 10
30.339801623569656
 20
733.9005165177662
 30
0.0
 11
30.339801623569656
 21
743.2944221817672
 31
0.0
  0
HATCH
  5
18A
330
17
100
AcDbEntity
  8
注释
 62
0
100
AcDbHatch
 10
0.0
 20
0.0
 30
0.0
210
0.0
220
0.0
230
1.0
  2
SOLID
 70
1
 71
0
 91
1
 92
1
 93
4
 72
1
 10
30.339801623569656
 20
727.1471373107663
 11
39.73370728758164
 21
727.1471373107663
 72
1
 10
39.73370728758164
 20
727.1471373107663
 11
39.73370728758164
 21
717.7532316467652
 72
1
 10
39.73370728758164
 20
717.7532316467652
 11
30.339801623569656
 21
717.7532316467652
 72
1
 10
30.339801623569656
 20
717.7532316467652
 11
30.339801623569656
 21
727.1471373107663
 97
4
330
2CA70
330
2CA71
330
2CA72
330
2CA73
 75
0
 76
1
 98
1
 10
-33775.59325505706
 20
-98.6913057685066
  0
LINE
  5
18B
330
17
100
AcDbEntity
  8
DIM
 62
0
100
AcDbLine
 10
30.339801623569656
 20
727.1471373107663
 30
0.0
 11
39.73370728758164
 21
727.1471373107663
 31
0.0
  0
LINE
  5
18C
330
17
100
AcDbEntity
  8
DIM
 62
0
100
AcDbLine
 10
39.73370728758164
 20
727.1471373107663
 30
0.0
 11
39.73370728758164
 21
717.7532316467652
 31
0.0
  0
LINE
  5
18D
330
17
100
AcDbEntity
  8
DIM
 62
0
100
AcDbLine
 10
39.73370728758164
 20
717.7532316467652
 30
0.0
 11
30.339801623569656
 21
717.7532316467652
 31
0.0
  0
LINE
  5
18E
330
17
100
AcDbEntity
  8
DIM
 62
0
100
AcDbLine
 10
30.339801623569656
 20
717.7532316467652
 30
0.0
 11
30.339801623569656
 21
727.1471373107663
 31
0.0
  0
LINE
  5
18F
330
17
100
AcDbEntity
  8
0
  6
Continuous
 62
7
100
AcDbLine
 10
268.3953744019127
 20
671.4496120541562
 30
0.0
 11
268.3953744019127
 21
672.6496120544562
 31
0.0
  0
LINE
  5
190
330
17
100
AcDbEntity
  8
0
  6
Continuous
 62
7
100
AcDbLine
 10
270.3953744024111
 20
671.4496120541562
 30
0.0
 11
270.3953744024111
 21
672.6496120544562
 31
0.0
  0
LINE
  5
191
330
17
100
AcDbEntity
  8
0
  6
Continuous
 62
7
100
AcDbLine
 10
276.4953744020313
 20
671.2496120553762
 30
0.0
 11
276.4953744020313
 21
660.6496120539962
 31
0.0
  0
LINE
  5
192
330
17
100
AcDbEntity
  8
0
  6
Continuous
 62
7
100
AcDbLine
 10
277.69537440233034
 20
671.2496120553762
 30
0.0
 11
277.69537440233034
 21
660.6496120539962
 31
0.0
  0
LINE
  5
193
330
17
100
AcDbEntity
  8
0
  6
Continuous
 62
7
100
AcDbLine
 10
305.0253744005895
 20
660.6496120539962
 30
0.0
 11
305.0253744005895
 21
672.6496120544562
 31
0.0
  0
LINE
  5
194
330
17
100
AcDbEntity
  8
0
  6
Continuous
 62
7
100
AcDbLine
 10
305.52537440134984
 20
671.4496120541562
 30
0.0
 11
305.52537440134984
 21
672.6496120544562
 31
0.0
  0
LINE
  5
195
330
17
100
AcDbEntity
  8
0
  6
Continuous
 62
7
100
AcDbLine
 10
307.5253744018519
 20
671.4496120541562
 30
0.0
 11
307.5253744018519
 21
672.6496120544562
 31
0.0
  0
LINE
  5
196
330
17
100
AcDbEntity
  8
0
  6
Continuous
 62
7
100
AcDbLine
 10
316.5253744002912
 20
671.4496120541562
 30
0.0
 11
316.5253744002912
 21
672.6496120544562
 31
0.0
  0
LINE
  5
197
330
17
100
AcDbEntity
  8
0
  6
Continuous
 62
7
100
AcDbLine
 10
318.5253744007896
 20
671.4496120541562
 30
0.0
 11
318.5253744007896
 21
672.6496120544562
 31
0.0
  0
LINE
  5
198
330
17
100
AcDbEntity
  8
0
  6
Continuous
 62
7
100
AcDbLine
 10
319.0253744015499
 20
660.6496120539962
 30
0.0
 11
319.0253744015499
 21
672.6496120544562
 31
0.0
  0
LINE
  5
199
330
17
100
AcDbEntity
  8
0
  6
Continuous
 62
7
100
AcDbLine
 10
344.09434026047165
 20
679.4496120536162
 30
0.0
 11
344.09434026047165
 21
672.6496120544562
 31
0.0
  0
LINE
  5
19A
330
17
100
AcDbEntity
  8
0
  6
Continuous
 62
7
100
AcDbLine
 10
349.1953744017919
 20
672.6496120544562
 30
0.0
 11
349.1953744017919
 21
675.4496120551562
 31
0.0
  0
LINE
  5
19B
330
17
100
AcDbEntity
  8
0
  6
Continuous
 62
7
100
AcDbLine
 10
349.4943402605495
 20
679.4496120536162
 30
0.0
 11
349.4943402605495
 21
675.4496120551562
 31
0.0
  0
LINE
  5
19C
330
17
100
AcDbEntity
  8
0
  6
Continuous
 62
7
100
AcDbLine
 10
352.1953744012717
 20
672.6496120544562
 30
0.0
 11
352.1953744012717
 21
675.4496120551562
 31
0.0
  0
LINE
  5
19D
330
17
100
AcDbEntity
  8
0
  6
Continuous
 62
7
100
AcDbLine
 10
380.43665079897255
 20
674.2496120548562
 30
0.0
 11
380.43665079897255
 21
675.4496120551562
 31
0.0
  0
LINE
  5
19E
330
17
100
AcDbEntity
  8
0
  6
Continuous
 62
7
100
AcDbLine
 10
386.5540980027108
 20
674.2496120548562
 30
0.0
 11
386.5540980027108
 21
675.4496120551562
 31
0.0
  0
LINE
  5
19F
330
17
100
AcDbEntity
  8
0
  6
Continuous
 62
7
100
AcDbLine
 10
377.3862185203725
 20
674.1366283184161
 30
0.0
 11
376.5114261221315
 21
673.2123193694763
 31
0.0
  0
LINE
  5
1A0
330
17
100
AcDbEntity
  8
0
  6
Continuous
 62
7
100
AcDbLine
 10
378.257770599972
 20
673.3117665289762
 30
0.0
 11
377.6310886859501
 21
672.6496120544562
 31
0.0
  0
LINE
  5
1A1
330
17
100
AcDbEntity
  8
0
  6
Continuous
 62
7
100
AcDbLine
 10
377.1059847958495
 20
672.6496120544562
 30
0.0
 11
376.5114261221315
 21
673.2123193694763
 31
0.0
  0
LINE
  5
1A2
330
17
100
AcDbEntity
  8
0
  6
Continuous
 62
7
100
AcDbLine
 10
395.99537440079075
 20
672.6496120544562
 30
0.0
 11
395.99537440079075
 21
675.4496120551562
 31
0.0
  0
LINE
  5
1A3
330
17
100
AcDbEntity
  8
0
  6
Continuous
 62
7
100
AcDbLine
 10
398.9953744002705
 20
672.6496120544562
 30
0.0
 11
398.9953744002705
 21
675.4496120551562
 31
0.0
  0
LINE
  5
1A4
330
17
100
AcDbEntity
  8
0
  6
Continuous
 62
7
100
AcDbLine
 10
388.7329782017114
 20
673.3117665289762
 30
0.0
 11
389.6045302813109
 21
674.1366283184161
 31
0.0
  0
LINE
  5
1A5
330
17
100
AcDbEntity
  8
0
  6
Continuous
 62
7
100
AcDbLine
 10
389.88476400836953
 20
672.6496120544562
 30
0.0
 11
390.47932267955184
 21
673.2123193694763
 31
0.0
  0
LINE
  5
1A6
330
17
100
AcDbEntity
  8
0
  6
Continuous
 62
7
100
AcDbLine
 10
378.257770599972
 20
673.3117665289762
 30
0.0
 11
377.3862185203725
 21
674.1366283184161
 31
0.0
  0
LINE
  5
1A7
330
17
100
AcDbEntity
  8
0
  6
Continuous
 62
7
100
AcDbLine
 10
389.35966011572964
 20
672.6496120544562
 30
0.0
 11
388.7329782017114
 21
673.3117665289762
 31
0.0
  0
LINE
  5
1A8
330
17
100
AcDbEntity
  8
0
  6
Continuous
 62
7
100
AcDbLine
 10
390.47932267955184
 20
673.2123193694763
 30
0.0
 11
389.6045302813109
 21
674.1366283184161
 31
0.0
  0
LINE
  5
1A9
330
17
100
AcDbEntity
  8
0
  6
Continuous
 62
7
100
AcDbLine
 10
405.4366507988707
 20
674.2496120548562
 30
0.0
 11
405.4366507988707
 21
675.4496120551562
 31
0.0
  0
LINE
  5
1AA
330
17
100
AcDbEntity
  8
0
  6
Continuous
 62
7
100
AcDbLine
 10
401.51142612202966
 20
673.2123193694763
 30
0.0
 11
402.38621852027063
 21
674.1366283184161
 31
0.0
  0
LINE
  5
1AB
330
17
100
AcDbEntity
  8
0
  6
Continuous
 62
7
100
AcDbLine
 10
402.63108868585186
 20
672.6496120544562
 30
0.0
 11
403.2577705998701
 21
673.3117665289762
 31
0.0
  0
LINE
  5
1AC
330
17
100
AcDbEntity
  8
0
  6
Continuous
 62
7
100
AcDbLine
 10
277.69537440233034
 20
660.6496120539962
 30
0.0
 11
305.0253744005895
 21
660.6496120539962
 31
0.0
  0
LINE
  5
1AD
330
17
100
AcDbEntity
  8
0
  6
Continuous
 62
7
100
AcDbLine
 10
277.69537440233034
 20
660.6496120539962
 30
0.0
 11
276.4953744020313
 21
660.6496120539962
 31
0.0
  0
LINE
  5
1AE
330
17
100
AcDbEntity
  8
0
  6
Continuous
 62
7
100
AcDbLine
 10
319.0253744015499
 20
660.6496120539962
 30
0.0
 11
423.7943402607125
 21
660.6496120539962
 31
0.0
  0
LINE
  5
1AF
330
17
100
AcDbEntity
  8
0
  6
Continuous
 62
7
100
AcDbLine
 10
438.79434026065064
 20
660.6496120539962
 30
0.0
 11
524.563306118871
 21
660.6496120539962
 31
0.0
  0
LINE
  5
1B0
330
17
100
AcDbEntity
  8
0
  6
Continuous
 62
7
100
AcDbLine
 10
524.563306118871
 20
660.6496120539962
 30
0.0
 11
531.7943402597703
 21
660.6496120539962
 31
0.0
  0
LINE
  5
1B1
330
17
100
AcDbEntity
  8
0
  6
Continuous
 62
7
100
AcDbLine
 10
545.2943402599703
 20
660.6496120539962
 30
0.0
 11
558.8933061201496
 21
660.6496120539962
 31
0.0
  0
LINE
  5
1B2
330
17
100
AcDbEntity
  8
0
  6
Continuous
 62
7
100
AcDbLine
 10
558.8933061201496
 20
660.6496120539962
 30
0.0
 11
560.0933061204523
 21
660.6496120539962
 31
0.0
  0
LINE
  5
1B3
330
17
100
AcDbEntity
  8
0
  6
Continuous
 62
7
100
AcDbLine
 10
402.1059847957513
 20
672.6496120544562
 30
0.0
 11
401.51142612202966
 21
673.2123193694763
 31
0.0
  0
LINE
  5
1B4
330
17
100
AcDbEntity
  8
0
  6
Continuous
 62
7
100
AcDbLine
 10
403.2577705998701
 20
673.3117665289762
 30
0.0
 11
402.38621852027063
 21
674.1366283184161
 31
0.0
  0
LINE
  5
1B5
330
17
100
AcDbEntity
  8
0
  6
Continuous
 62
7
100
AcDbLine
 10
411.5540980026126
 20
674.2496120548562
 30
0.0
 11
411.5540980026126
 21
675.4496120551562
 31
0.0
  0
LINE
  5
1B6
330
17
100
AcDbEntity
  8
0
  6
Continuous
 62
7
100
AcDbLine
 10
417.79537440243075
 20
672.6496120544562
 30
0.0
 11
417.79537440243075
 21
675.4496120551562
 31
0.0
  0
LINE
  5
1B7
330
17
100
AcDbEntity
  8
0
  6
Continuous
 62
7
100
AcDbLine
 10
413.7329782016095
 20
673.3117665289762
 30
0.0
 11
414.60453028121265
 21
674.1366283184161
 31
0.0
  0
LINE
  5
1B8
330
17
100
AcDbEntity
  8
0
  6
Continuous
 62
7
100
AcDbLine
 10
414.8847640082713
 20
672.6496120544562
 30
0.0
 11
415.47932267945
 21
673.2123193694763
 31
0.0
  0
LINE
  5
1B9
330
17
100
AcDbEntity
  8
0
  6
Continuous
 62
7
100
AcDbLine
 10
432.99434026046947
 20
670.2496120538563
 30
0.0
 11
423.7943402607125
 21
670.2496120538563
 31
0.0
  0
LINE
  5
1BA
330
17
100
AcDbEntity
  8
0
  6
Continuous
 62
7
100
AcDbLine
 10
277.69537440233034
 20
671.2496120553762
 30
0.0
 11
305.0253744005895
 21
671.2496120553762
 31
0.0
  0
LINE
  5
1BB
330
17
100
AcDbEntity
  8
0
  6
Continuous
 62
7
100
AcDbLine
 10
277.69537440233034
 20
671.2496120553762
 30
0.0
 11
276.4953744020313
 21
671.2496120553762
 31
0.0
  0
LINE
  5
1BC
330
17
100
AcDbEntity
  8
0
  6
Continuous
 62
7
100
AcDbLine
 10
319.0253744015499
 20
671.2496120553762
 30
0.0
 11
423.7943402607125
 21
671.2496120553762
 31
0.0
  0
LINE
  5
1BD
330
17
100
AcDbEntity
  8
0
  6
Continuous
 62
7
100
AcDbLine
 10
438.79434026065064
 20
671.2496120553762
 30
0.0
 11
524.563306118871
 21
671.2496120553762
 31
0.0
  0
LINE
  5
1BE
330
17
100
AcDbEntity
  8
0
  6
Continuous
 62
7
100
AcDbLine
 10
524.563306118871
 20
671.2496120553762
 30
0.0
 11
531.7943402597703
 21
671.2496120553762
 31
0.0
  0
LINE
  5
1BF
330
17
100
AcDbEntity
  8
0
  6
Continuous
 62
7
100
AcDbLine
 10
545.2943402599703
 20
671.2496120553762
 30
0.0
 11
558.8933061201496
 21
671.2496120553762
 31
0.0
  0
LINE
  5
1C0
330
17
100
AcDbEntity
  8
0
  6
Continuous
 62
7
100
AcDbLine
 10
558.8933061201496
 20
671.2496120553762
 30
0.0
 11
560.0933061204523
 21
671.2496120553762
 31
0.0
  0
LINE
  5
1C1
330
17
100
AcDbEntity
  8
0
  6
Continuous
 62
7
100
AcDbLine
 10
545.2943402599703
 20
671.4496120541562
 30
0.0
 11
524.563306118871
 21
671.4496120541562
 31
0.0
  0
LINE
  5
1C2
330
17
100
AcDbEntity
  8
0
  6
Continuous
 62
7
100
AcDbLine
 10
438.79434026065064
 20
671.4496120541562
 30
0.0
 11
423.7943402607125
 21
671.4496120541562
 31
0.0
  0
LINE
  5
1C3
330
17
100
AcDbEntity
  8
0
  6
Continuous
 62
7
100
AcDbLine
 10
319.0253744015499
 20
671.4496120541562
 30
0.0
 11
305.0253744005895
 21
671.4496120541562
 31
0.0
  0
LINE
  5
1C4
330
17
100
AcDbEntity
  8
0
  6
Continuous
 62
7
100
AcDbLine
 10
276.4953744020313
 20
671.4496120541562
 30
0.0
 11
268.3953744019127
 21
671.4496120541562
 31
0.0
  0
LINE
  5
1C5
330
17
100
AcDbEntity
  8
0
  6
Continuous
 62
7
100
AcDbLine
 10
560.0933061204523
 20
671.4496120541562
 30
0.0
 11
568.1933061205709
 21
671.4496120541562
 31
0.0
  0
LINE
  5
1C6
330
17
100
AcDbEntity
  8
0
  6
Continuous
 62
7
100
AcDbLine
 10
268.3953744019127
 20
672.6496120544562
 30
0.0
 11
568.1933061205709
 21
672.6496120544562
 31
0.0
  0
LINE
  5
1C7
330
17
100
AcDbEntity
  8
0
  6
Continuous
 62
7
100
AcDbLine
 10
420.7953744019105
 20
673.2123193694763
 30
0.0
 11
417.79537440243075
 21
673.2123193694763
 31
0.0
  0
LINE
  5
1C8
330
17
100
AcDbEntity
  8
0
  6
Continuous
 62
7
100
AcDbLine
 10
398.9953744002705
 20
673.2123193694763
 30
0.0
 11
395.99537440079075
 21
673.2123193694763
 31
0.0
  0
LINE
  5
1C9
330
17
100
AcDbEntity
  8
0
  6
Continuous
 62
7
100
AcDbLine
 10
352.1953744012717
 20
673.2123193694763
 30
0.0
 11
349.1953744017919
 21
673.2123193694763
 31
0.0
  0
LINE
  5
1CA
330
17
100
AcDbEntity
  8
0
  6
Continuous
 62
7
100
AcDbLine
 10
349.1953744017919
 20
674.1366283184161
 30
0.0
 11
352.1953744012717
 21
674.1366283184161
 31
0.0
  0
LINE
  5
1CB
330
17
100
AcDbEntity
  8
0
  6
Continuous
 62
7
100
AcDbLine
 10
395.99537440079075
 20
674.1366283184161
 30
0.0
 11
398.9953744002705
 21
674.1366283184161
 31
0.0
  0
LINE
  5
1CC
330
17
100
AcDbEntity
  8
0
  6
Continuous
 62
7
100
AcDbLine
 10
417.79537440243075
 20
674.1366283184161
 30
0.0
 11
420.7953744019105
 21
674.1366283184161
 31
0.0
  0
LINE
  5
1CD
330
17
100
AcDbEntity
  8
0
  6
Continuous
 62
7
100
AcDbLine
 10
436.5540980025107
 20
674.2496120548562
 30
0.0
 11
430.43665079877246
 21
674.2496120548562
 31
0.0
  0
LINE
  5
1CE
330
17
100
AcDbEntity
  8
0
  6
Continuous
 62
7
100
AcDbLine
 10
386.5540980027108
 20
674.2496120548562
 30
0.0
 11
380.43665079897255
 21
674.2496120548562
 31
0.0
  0
LINE
  5
1CF
330
17
100
AcDbEntity
  8
0
  6
Continuous
 62
7
100
AcDbLine
 10
405.4366507988707
 20
674.2496120548562
 30
0.0
 11
411.5540980026126
 21
674.2496120548562
 31
0.0
  0
LINE
  5
1D0
330
17
100
AcDbEntity
  8
0
  6
Continuous
 62
7
100
AcDbLine
 10
413.7329782016095
 20
673.3117665289762
 30
0.0
 11
414.3596601156314
 21
672.6496120544562
 31
0.0
  0
LINE
  5
1D1
330
17
100
AcDbEntity
  8
0
  6
Continuous
 62
7
100
AcDbLine
 10
414.60453028121265
 20
674.1366283184161
 30
0.0
 11
415.47932267945
 21
673.2123193694763
 31
0.0
  0
LINE
  5
1D2
330
17
100
AcDbEntity
  8
0
  6
Continuous
 62
7
100
AcDbLine
 10
420.7953744019105
 20
672.6496120544562
 30
0.0
 11
420.7953744019105
 21
675.4496120551562
 31
0.0
  0
LINE
  5
1D3
330
17
100
AcDbEntity
  8
0
  6
Continuous
 62
7
100
AcDbLine
 10
423.7943402607125
 20
660.6496120539962
 30
0.0
 11
423.7943402607125
 21
672.6496120544562
 31
0.0
  0
LINE
  5
1D4
330
17
100
AcDbEntity
  8
0
  6
Continuous
 62
7
100
AcDbLine
 10
424.2943402614692
 20
671.4496120541562
 30
0.0
 11
424.2943402614692
 21
672.6496120544562
 31
0.0
  0
LINE
  5
1D5
330
17
100
AcDbEntity
  8
0
  6
Continuous
 62
7
100
AcDbLine
 10
426.2943402594319
 20
671.4496120541562
 30
0.0
 11
426.2943402594319
 21
672.6496120544562
 31
0.0
  0
LINE
  5
1D6
330
17
100
AcDbEntity
  8
0
  6
Continuous
 62
7
100
AcDbLine
 10
427.3862185201724
 20
674.1366283184161
 30
0.0
 11
426.51142612193144
 21
673.2123193694763
 31
0.0
  0
LINE
  5
1D7
330
17
100
AcDbEntity
  8
0
  6
Continuous
 62
7
100
AcDbLine
 10
428.2577705997719
 20
673.3117665289762
 30
0.0
 11
427.6310886882893
 21
672.6496120544562
 31
0.0
  0
LINE
  5
1D8
330
17
100
AcDbEntity
  8
0
  6
Continuous
 62
7
100
AcDbLine
 10
433.4943402612298
 20
686.4496120540962
 30
0.0
 11
433.29434025991213
 21
686.2496120553162
 31
0.0
  0
LINE
  5
1D9
330
17
100
AcDbEntity
  8
0
  6
Continuous
 62
7
100
AcDbLine
 10
436.5540980025107
 20
675.4496120551562
 30
0.0
 11
430.43665079877246
 21
675.4496120551562
 31
0.0
  0
LINE
  5
1DA
330
17
100
AcDbEntity
  8
0
  6
Continuous
 62
7
100
AcDbLine
 10
386.5540980027108
 20
675.4496120551562
 30
0.0
 11
380.43665079897255
 21
675.4496120551562
 31
0.0
  0
LINE
  5
1DB
330
17
100
AcDbEntity
  8
0
  6
Continuous
 62
7
100
AcDbLine
 10
349.1953744017919
 20
675.4496120551562
 30
0.0
 11
352.1953744012717
 21
675.4496120551562
 31
0.0
  0
LINE
  5
1DC
330
17
100
AcDbEntity
  8
0
  6
Continuous
 62
7
100
AcDbLine
 10
395.99537440079075
 20
675.4496120551562
 30
0.0
 11
398.9953744002705
 21
675.4496120551562
 31
0.0
  0
LINE
  5
1DD
330
17
100
AcDbEntity
  8
0
  6
Continuous
 62
7
100
AcDbLine
 10
405.4366507988707
 20
675.4496120551562
 30
0.0
 11
411.5540980026126
 21
675.4496120551562
 31
0.0
  0
LINE
  5
1DE
330
17
100
AcDbEntity
  8
0
  6
Continuous
 62
7
100
AcDbLine
 10
417.79537440243075
 20
675.4496120551562
 30
0.0
 11
420.7953744019105
 21
675.4496120551562
 31
0.0
  0
LINE
  5
1DF
330
17
100
AcDbEntity
  8
0
  6
Continuous
 62
7
100
AcDbLine
 10
487.49434025949085
 20
679.4496120536162
 30
0.0
 11
482.09434025940936
 21
679.4496120536162
 31
0.0
  0
LINE
  5
1E0
330
17
100
AcDbEntity
  8
0
  6
Continuous
 62
7
100
AcDbLine
 10
437.49434025969094
 20
679.4496120536162
 30
0.0
 11
437.2943402609126
 21
679.4496120536162
 31
0.0
  0
LINE
  5
1E1
330
17
100
AcDbEntity
  8
0
  6
Continuous
 62
7
100
AcDbLine
 10
433.29434025991213
 20
679.4496120536162
 30
0.0
 11
432.09434025960945
 21
679.4496120536162
 31
0.0
  0
LINE
  5
1E2
330
17
100
AcDbEntity
  8
0
  6
Continuous
 62
7
100
AcDbLine
 10
349.4943402605495
 20
679.4496120536162
 30
0.0
 11
344.09434026047165
 21
679.4496120536162
 31
0.0
  0
LINE
  5
1E3
330
17
100
AcDbEntity
  8
0
  6
Continuous
 62
7
100
AcDbLine
 10
427.1059847956494
 20
672.6496120544562
 30
0.0
 11
426.51142612193144
 21
673.2123193694763
 31
0.0
  0
LINE
  5
1E4
330
17
100
AcDbEntity
  8
0
  6
Continuous
 62
7
100
AcDbLine
 10
428.2577705997719
 20
673.3117665289762
 30
0.0
 11
427.3862185201724
 21
674.1366283184161
 31
0.0
  0
LINE
  5
1E5
330
17
100
AcDbEntity
  8
0
  6
Continuous
 62
7
100
AcDbLine
 10
430.43665079877246
 20
674.2496120548562
 30
0.0
 11
430.43665079877246
 21
675.4496120551562
 31
0.0
  0
LINE
  5
1E6
330
17
100
AcDbEntity
  8
0
  6
Continuous
 62
7
100
AcDbLine
 10
432.09434025960945
 20
679.4496120536162
 30
0.0
 11
432.09434025960945
 21
675.4496120551562
 31
0.0
  0
LINE
  5
1E7
330
17
100
AcDbEntity
  8
0
  6
Continuous
 62
7
100
AcDbLine
 10
432.09434025960945
 20
674.2496120548562
 30
0.0
 11
432.09434025960945
 21
672.6496120544562
 31
0.0
  0
LINE
  5
1E8
330
17
100
AcDbEntity
  8
0
  6
Continuous
 62
7
100
AcDbLine
 10
432.99434026046947
 20
670.2496120538563
 30
0.0
 11
432.99434026046947
 21
671.4496120541562
 31
0.0
  0
LINE
  5
1E9
330
17
100
AcDbEntity
  8
0
  6
Continuous
 62
7
100
AcDbLine
 10
433.29434025991213
 20
672.6496120544562
 30
0.0
 11
433.29434025991213
 21
674.2496120548562
 31
0.0
  0
LINE
  5
1EA
330
17
100
AcDbEntity
  8
0
  6
Continuous
 62
7
100
AcDbLine
 10
433.29434025991213
 20
675.4496120551562
 30
0.0
 11
433.29434025991213
 21
686.2496120553162
 31
0.0
  0
LINE
  5
1EB
330
17
100
AcDbEntity
  8
0
  6
Continuous
 62
7
100
AcDbLine
 10
436.2943402593919
 20
671.4496120541562
 30
0.0
 11
436.2943402593919
 21
672.6496120544562
 31
0.0
  0
LINE
  5
1EC
330
17
100
AcDbEntity
  8
0
  6
Continuous
 62
7
100
AcDbLine
 10
436.5540980025107
 20
674.2496120548562
 30
0.0
 11
436.5540980025107
 21
675.4496120551562
 31
0.0
  0
LINE
  5
1ED
330
17
100
AcDbEntity
  8
0
  6
Continuous
 62
7
100
AcDbLine
 10
437.2943402609126
 20
672.6496120544562
 30
0.0
 11
437.2943402609126
 21
674.1486223711363
 31
0.0
  0
LINE
  5
1EE
330
17
100
AcDbEntity
  8
0
  6
Continuous
 62
7
100
AcDbLine
 10
437.2943402609126
 20
675.3486223714362
 30
0.0
 11
437.2943402609126
 21
686.2496120553162
 31
0.0
  0
LINE
  5
1EF
330
17
100
AcDbEntity
  8
0
  6
Continuous
 62
7
100
AcDbLine
 10
437.49434025969094
 20
679.4496120536162
 30
0.0
 11
437.49434025969094
 21
675.3213367973563
 31
0.0
  0
LINE
  5
1F0
330
17
100
AcDbEntity
  8
0
  6
Continuous
 62
7
100
AcDbLine
 10
437.49434025969094
 20
674.0811672533162
 30
0.0
 11
437.49434025969094
 21
672.6496120544562
 31
0.0
  0
LINE
  5
1F1
330
17
100
AcDbEntity
  8
0
  6
Continuous
 62
7
100
AcDbLine
 10
438.2943402598903
 20
671.4496120541562
 30
0.0
 11
438.2943402598903
 21
672.6496120544562
 31
0.0
  0
LINE
  5
1F2
330
17
100
AcDbEntity
  8
0
  6
Continuous
 62
7
100
AcDbLine
 10
438.79434026065064
 20
660.6496120539962
 30
0.0
 11
438.79434026065064
 21
672.6496120544562
 31
0.0
  0
LINE
  5
1F3
330
17
100
AcDbEntity
  8
0
  6
Continuous
 62
7
100
AcDbLine
 10
438.7329782015113
 20
673.3117665289762
 30
0.0
 11
439.6045302811108
 21
674.1366283184161
 31
0.0
  0
LINE
  5
1F4
330
17
100
AcDbEntity
  8
0
  6
Continuous
 62
7
100
AcDbLine
 10
439.88476400816944
 20
672.6496120544562
 30
0.0
 11
440.47932267935175
 21
673.2123193694763
 31
0.0
  0
LINE
  5
1F5
330
17
100
AcDbEntity
  8
0
  6
Continuous
 62
7
100
AcDbLine
 10
437.2943402609126
 20
686.2496120553162
 30
0.0
 11
433.29434025991213
 21
686.2496120553162
 31
0.0
  0
LINE
  5
1F6
330
17
100
AcDbEntity
  8
0
  6
Continuous
 62
7
100
AcDbLine
 10
437.09434025959126
 20
686.4496120540962
 30
0.0
 11
433.4943402612298
 21
686.4496120540962
 31
0.0
  0
LINE
  5
1F7
330
17
100
AcDbEntity
  8
0
  6
Continuous
 62
7
100
AcDbLine
 10
439.35966011552955
 20
672.6496120544562
 30
0.0
 11
438.7329782015113
 21
673.3117665289762
 31
0.0
  0
LINE
  5
1F8
330
17
100
AcDbEntity
  8
0
  6
Continuous
 62
7
100
AcDbLine
 10
440.47932267935175
 20
673.2123193694763
 30
0.0
 11
439.6045302811108
 21
674.1366283184161
 31
0.0
  0
LINE
  5
1F9
330
17
100
AcDbEntity
  8
0
  6
Continuous
 62
7
100
AcDbLine
 10
437.09434025959126
 20
686.4496120540962
 30
0.0
 11
437.2943402609126
 21
686.2496120553162
 31
0.0
  0
LINE
  5
1FA
330
17
100
AcDbEntity
  8
0
  6
Continuous
 62
7
100
AcDbLine
 10
482.09434025940936
 20
679.4496120536162
 30
0.0
 11
482.09434025940936
 21
672.6496120544562
 31
0.0
  0
LINE
  5
1FB
330
17
100
AcDbEntity
  8
0
  6
Continuous
 62
7
100
AcDbLine
 10
487.49434025949085
 20
679.4496120536162
 30
0.0
 11
487.49434025949085
 21
672.6496120544562
 31
0.0
  0
LINE
  5
1FC
330
17
100
AcDbEntity
  8
0
  6
Continuous
 62
7
100
AcDbLine
 10
524.563306118871
 20
660.6496120539962
 30
0.0
 11
524.563306118871
 21
672.6496120544562
 31
0.0
  0
LINE
  5
1FD
330
17
100
AcDbEntity
  8
0
  6
Continuous
 62
7
100
AcDbLine
 10
525.0633061196313
 20
671.4496120541562
 30
0.0
 11
525.0633061196313
 21
672.6496120544562
 31
0.0
  0
LINE
  5
1FE
330
17
100
AcDbEntity
  8
0
  6
Continuous
 62
7
100
AcDbLine
 10
527.0633061201297
 20
671.4496120541562
 30
0.0
 11
527.0633061201297
 21
672.6496120544562
 31
0.0
  0
LINE
  5
1FF
330
17
100
AcDbEntity
  8
0
  6
Continuous
 62
7
100
AcDbLine
 10
531.7943402597703
 20
660.6496120539962
 30
0.0
 11
531.7943402597703
 21
671.4496120541562
 31
0.0
  0
LINE
  5
200
330
17
100
AcDbEntity
  8
0
  6
Continuous
 62
7
100
AcDbLine
 10
542.7943402612509
 20
671.4496120541562
 30
0.0
 11
542.7943402612509
 21
672.6496120544562
 31
0.0
  0
LINE
  5
201
330
17
100
AcDbEntity
  8
0
  6
Continuous
 62
7
100
AcDbLine
 10
544.79434025921
 20
671.4496120541562
 30
0.0
 11
544.79434025921
 21
672.6496120544562
 31
0.0
  0
LINE
  5
202
330
17
100
AcDbEntity
  8
0
  6
Continuous
 62
7
100
AcDbLine
 10
545.2943402599703
 20
660.6496120539962
 30
0.0
 11
545.2943402599703
 21
672.6496120544562
 31
0.0
  0
LINE
  5
203
330
17
100
AcDbEntity
  8
0
  6
Continuous
 62
7
100
AcDbLine
 10
558.8933061201496
 20
671.2496120553762
 30
0.0
 11
558.8933061201496
 21
660.6496120539962
 31
0.0
  0
LINE
  5
204
330
17
100
AcDbEntity
  8
0
  6
Continuous
 62
7
100
AcDbLine
 10
560.0933061204523
 20
671.2496120553762
 30
0.0
 11
560.0933061204523
 21
660.6496120539962
 31
0.0
  0
LINE
  5
205
330
17
100
AcDbEntity
  8
0
  6
Continuous
 62
7
100
AcDbLine
 10
566.1933061200725
 20
671.4496120541562
 30
0.0
 11
566.1933061200725
 21
672.6496120544562
 31
0.0
  0
LINE
  5
206
330
17
100
AcDbEntity
  8
0
  6
Continuous
 62
7
100
AcDbLine
 10
568.1933061205709
 20
671.4496120541562
 30
0.0
 11
568.1933061205709
 21
672.6496120544562
 31
0.0
  0
LINE
  5
207
330
17
100
AcDbEntity
  8
0
  6
Continuous
 62
7
100
AcDbLine
 10
959.6307103151521
 20
334.90730724599916
 30
0.0
 11
968.6307103135914
 21
334.90730724599916
 31
0.0
  0
LINE
  5
208
330
17
100
AcDbEntity
  8
0
  6
Continuous
 62
7
100
AcDbLine
 10
998.4607103131093
 20
343.0073072461191
 30
0.0
 11
971.1307103148501
 21
343.0073072461191
 31
0.0
  0
LINE
  5
209
330
17
100
AcDbEntity
  8
0
  6
Continuous
 62
7
100
AcDbLine
 10
971.1307103148501
 20
344.20730724641817
 30
0.0
 11
999.660710313412
 21
344.20730724641817
 31
0.0
  0
LINE
  5
20A
330
17
100
AcDbEntity
  8
0
  6
Continuous
 62
7
100
AcDbLine
 10
970.6307103140898
 20
344.40730724519926
 30
0.0
 11
998.2607103143418
 21
344.40730724519926
 31
0.0
  0
LINE
  5
20B
330
17
100
AcDbEntity
  8
0
  6
Continuous
 62
7
100
AcDbLine
 10
989.8617444554511
 20
368.25730724639925
 30
0.0
 11
992.8617444549418
 21
368.25730724639925
 31
0.0
  0
LINE
  5
20C
330
17
100
AcDbEntity
  8
0
  6
Continuous
 62
7
100
AcDbLine
 10
992.8617444549418
 20
372.25730724485925
 30
0.0
 11
989.8617444554511
 21
372.25730724485925
 31
0.0
  0
LINE
  5
20D
330
17
100
AcDbEntity
  8
0
  6
Continuous
 62
7
100
AcDbLine
 10
999.660710313412
 20
376.5073072462392
 30
0.0
 11
998.2607103143418
 21
376.5073072462392
 31
0.0
  0
LINE
  5
20E
330
17
100
AcDbEntity
  8
0
  6
Continuous
 62
7
100
AcDbLine
 10
998.2607103143418
 20
388.0073072459393
 30
0.0
 11
1005.7607103130322
 21
388.0073072459393
 31
0.0
  0
LINE
  5
20F
330
17
100
AcDbEntity
  8
0
  6
Continuous
 62
7
100
AcDbLine
 10
998.2607103143418
 20
402.00730724435925
 30
0.0
 11
1005.7607103130322
 21
402.00730724435925
 31
0.0
  0
LINE
  5
210
330
17
100
AcDbEntity
  8
0
  6
Continuous
 62
7
100
AcDbLine
 10
999.660710313412
 20
402.50730724511914
 30
0.0
 11
998.4607103131093
 21
402.50730724511914
 31
0.0
  0
LINE
  5
211
330
17
100
AcDbEntity
  8
0
  6
Continuous
 62
7
100
AcDbLine
 10
996.6117444555493
 20
427.75730724539926
 30
0.0
 11
998.4607103131093
 21
427.75730724539926
 31
0.0
  0
LINE
  5
212
330
17
100
AcDbEntity
  8
0
  6
Continuous
 62
7
100
AcDbLine
 10
998.4607103131093
 20
446.2573072455782
 30
0.0
 11
996.6117444555493
 21
446.2573072455782
 31
0.0
  0
LINE
  5
213
330
17
100
AcDbEntity
  8
0
  6
Continuous
 62
7
100
AcDbLine
 10
999.660710313412
 20
474.50730724533923
 30
0.0
 11
998.4607103131093
 21
474.50730724533923
 31
0.0
  0
LINE
  5
214
330
17
100
AcDbEntity
  8
0
  6
Continuous
 62
7
100
AcDbLine
 10
998.2607103143418
 20
475.0073072460991
 30
0.0
 11
1005.7607103130322
 21
475.0073072460991
 31
0.0
  0
LINE
  5
215
330
17
100
AcDbEntity
  8
0
  6
Continuous
 62
7
100
AcDbLine
 10
998.2607103143418
 20
487.00730724401933
 30
0.0
 11
1005.7607103130322
 21
487.00730724401933
 31
0.0
  0
LINE
  5
216
330
17
100
AcDbEntity
  8
0
  6
Continuous
 62
7
100
AcDbLine
 10
999.660710313412
 20
498.5073072462592
 30
0.0
 11
998.2607103143418
 21
498.5073072462592
 31
0.0
  0
LINE
  5
217
330
17
100
AcDbEntity
  8
0
  6
Continuous
 62
7
100
AcDbLine
 10
989.8617444554511
 20
501.7573072461182
 30
0.0
 11
992.8617444549418
 21
501.7573072461182
 31
0.0
  0
LINE
  5
218
330
17
100
AcDbEntity
  8
0
  6
Continuous
 62
7
100
AcDbLine
 10
992.8617444549418
 20
505.7573072445791
 30
0.0
 11
989.8617444554511
 21
505.7573072445791
 31
0.0
  0
LINE
  5
219
330
17
100
AcDbEntity
  8
0
  6
Continuous
 62
7
100
AcDbLine
 10
998.2607103143418
 20
529.6073072457791
 30
0.0
 11
971.6307103130821
 21
529.6073072457791
 31
0.0
  0
LINE
  5
21A
330
17
100
AcDbEntity
  8
0
  6
Continuous
 62
7
100
AcDbLine
 10
972.1307103138315
 20
529.8073072445582
 30
0.0
 11
999.660710313412
 21
529.8073072445582
 31
0.0
  0
LINE
  5
21B
330
17
100
AcDbEntity
  8
0
  6
Continuous
 62
7
100
AcDbLine
 10
972.1307103138315
 20
531.0073072448592
 30
0.0
 11
998.4607103131093
 21
531.0073072448592
 31
0.0
  0
LINE
  5
21C
330
17
100
AcDbEntity
  8
0
  6
Continuous
 62
7
100
AcDbLine
 10
969.6307103151121
 20
538.6073072442193
 30
0.0
 11
954.6307103151812
 21
538.6073072442193
 31
0.0
  0
LINE
  5
21D
330
17
100
AcDbEntity
  8
0
  6
Continuous
 62
7
100
AcDbLine
 10
970.6307103140898
 20
344.40730724519926
 30
0.0
 11
970.6307103140898
 21
336.90730724395917
 31
0.0
  0
LINE
  5
21E
330
17
100
AcDbEntity
  8
0
  6
Continuous
 62
7
100
AcDbLine
 10
971.1307103148501
 20
343.0073072461191
 30
0.0
 11
971.1307103148501
 21
344.20730724641817
 31
0.0
  0
LINE
  5
21F
330
17
100
AcDbEntity
  8
0
  6
Continuous
 62
7
100
AcDbLine
 10
971.6307103130821
 20
536.6073072462593
 30
0.0
 11
971.6307103130821
 21
529.6073072457791
 31
0.0
  0
LINE
  5
220
330
17
100
AcDbEntity
  8
0
  6
Continuous
 62
7
100
AcDbLine
 10
972.1307103138315
 20
531.0073072448592
 30
0.0
 11
972.1307103138315
 21
529.8073072445582
 31
0.0
  0
LINE
  5
221
330
17
100
AcDbEntity
  8
0
  6
Continuous
 62
7
100
AcDbLine
 10
996.6117444555493
 20
446.2573072455782
 30
0.0
 11
996.6117444555493
 21
427.75730724539926
 31
0.0
  0
LINE
  5
222
330
17
100
AcDbEntity
  8
0
  6
Continuous
 62
7
100
AcDbLine
 10
998.2607103143418
 20
344.40730724519926
 30
0.0
 11
998.2607103143418
 21
388.0073072459393
 31
0.0
  0
LINE
  5
223
330
17
100
AcDbEntity
  8
0
  6
Continuous
 62
7
100
AcDbLine
 10
998.2607103143418
 20
402.00730724435925
 30
0.0
 11
998.2607103143418
 21
427.75730724539926
 31
0.0
  0
LINE
  5
224
330
17
100
AcDbEntity
  8
0
  6
Continuous
 62
7
100
AcDbLine
 10
998.2607103143418
 20
446.2573072455782
 30
0.0
 11
998.2607103143418
 21
475.0073072460991
 31
0.0
  0
LINE
  5
225
330
17
100
AcDbEntity
  8
0
  6
Continuous
 62
7
100
AcDbLine
 10
998.2607103143418
 20
487.00730724401933
 30
0.0
 11
998.2607103143418
 21
529.6073072457791
 31
0.0
  0
LINE
  5
226
330
17
100
AcDbEntity
  8
0
  6
Continuous
 62
7
100
AcDbLine
 10
998.4607103131093
 20
343.0073072461191
 30
0.0
 11
998.4607103131093
 21
376.5073072462392
 31
0.0
  0
LINE
  5
227
330
17
100
AcDbEntity
  8
0
  6
Continuous
 62
7
100
AcDbLine
 10
998.4607103131093
 20
402.50730724511914
 30
0.0
 11
998.4607103131093
 21
474.50730724533923
 31
0.0
  0
LINE
  5
228
330
17
100
AcDbEntity
  8
0
  6
Continuous
 62
7
100
AcDbLine
 10
998.4607103131093
 20
498.5073072462592
 30
0.0
 11
998.4607103131093
 21
531.0073072448592
 31
0.0
  0
LINE
  5
229
330
17
100
AcDbEntity
  8
0
  6
Continuous
 62
7
100
AcDbLine
 10
999.660710313412
 20
529.8073072445582
 30
0.0
 11
999.660710313412
 21
498.5073072462592
 31
0.0
  0
LINE
  5
22A
330
17
100
AcDbEntity
  8
0
  6
Continuous
 62
7
100
AcDbLine
 10
999.660710313412
 20
474.50730724533923
 30
0.0
 11
999.660710313412
 21
402.50730724511914
 31
0.0
  0
LINE
  5
22B
330
17
100
AcDbEntity
  8
0
  6
Continuous
 62
7
100
AcDbLine
 10
999.660710313412
 20
376.5073072462392
 30
0.0
 11
999.660710313412
 21
344.20730724641817
 31
0.0
  0
LINE
  5
22C
330
17
100
AcDbEntity
  8
0
  6
Continuous
 62
7
100
AcDbLine
 10
1007.7607103135306
 20
390.00730724389814
 30
0.0
 11
1007.7607103135306
 21
400.00730724639925
 31
0.0
  0
LINE
  5
22D
330
17
100
AcDbEntity
  8
0
  6
Continuous
 62
7
100
AcDbLine
 10
1007.7607103135306
 20
477.0073072440591
 30
0.0
 11
1007.7607103135306
 21
485.0073072460593
 31
0.0
  0
CIRCLE
  5
22E
330
17
100
AcDbEntity
  8
0
  6
Continuous
 62
7
100
AcDbCircle
 10
1004.3617444546326
 20
395.00730724641926
 30
0.0
 40
2.0000000005
  0
CIRCLE
  5
22F
330
17
100
AcDbEntity
  8
0
  6
Continuous
 62
7
100
AcDbCircle
 10
965.8617444545307
 20
338.50730724435925
 30
0.0
 40
2.0000000005
  0
CIRCLE
  5
230
330
17
100
AcDbEntity
  8
0
  6
Continuous
 62
7
100
AcDbCircle
 10
1004.3617444546326
 20
481.0073072450591
 30
0.0
 40
2.0000000005
  0
CIRCLE
  5
231
330
17
100
AcDbEntity
  8
0
  6
Continuous
 62
7
100
AcDbCircle
 10
966.8617444560514
 20
535.5073072440791
 30
0.0
 40
2.0000000005
  0
LINE
  5
232
330
17
100
AcDbEntity
  8
0
  6
Continuous
 62
7
100
AcDbLine
 10
558.8933061201496
 20
671.2496120553762
 30
0.0
 11
558.8433061185497
 21
671.7853688604162
 31
0.0
  0
LINE
  5
233
330
17
100
AcDbEntity
  8
0
  6
Continuous
 62
7
100
AcDbLine
 10
277.69537440233034
 20
671.2496120553762
 30
0.0
 11
277.745374401391
 21
671.7853688604162
 31
0.0
  0
MTEXT
  5
234
330
17
100
AcDbEntity
  8
注释
370
-3
100
AcDbMText
 10
340.3556360665316
 20
514.8987913649962
 30
0.0
 40
5.045893298117918
 41
81.69916523695734
 71
1
 72
5
  1
{\fSimSun|b0|i0|c134|p2;Y1}
  7
字母和汉字
  0
MTEXT
  5
235
330
17
100
AcDbEntity
  8
注释
370
-3
100
AcDbMText
 10
400.4600207498297
 20
515.6530862709992
 30
0.0
 40
5.045893298117918
 41
81.69916523695734
 71
1
 72
5
  1
{\fSimSun|b0|i0|c134|p2;Y1}
  7
字母和汉字
  0
MTEXT
  5
236
330
17
100
AcDbEntity
  8
注释
370
-3
100
AcDbMText
 10
458.75692801875994
 20
523.7288223688513
 30
0.0
 40
5.045893298117918
 41
81.69916523695734
 71
1
 72
5
  1
{\fSimSun|b0|i0|c134|p2;Y1}
  7
字母和汉字
  0
MTEXT
  5
237
330
17
100
AcDbEntity
  8
注释
370
-3
100
AcDbMText
 10
516.1270362797623
 20
499.1024296263481
 30
0.0
 40
5.045893298117918
 41
81.69916523695734
 71
1
 72
5
  1
{\fSimSun|b0|i0|c134|p2;Y1}
  7
字母和汉字
  0
MTEXT
  5
238
330
17
100
AcDbEntity
  8
注释
370
-3
100
AcDbMText
 10
517.5884207193703
 20
454.99805200919127
 30
0.0
 40
5.045893298117918
 41
81.69916523695734
 71
1
 72
5
  1
{\fSimSun|b0|i0|c134|p2;Y1}
  7
字母和汉字
  0
MTEXT
  5
239
330
17
100
AcDbEntity
  8
注释
370
-3
100
AcDbMText
 10
516.9443247761701
 20
407.6612888738491
 30
0.0
 40
5.045893298117918
 41
81.69916523695734
 71
1
 72
5
  1
{\fSimSun|b0|i0|c134|p2;Y1}
  7
字母和汉字
  0
MTEXT
  5
23A
330
17
100
AcDbEntity
  8
注释
370
-3
100
AcDbMText
 10
325.6403026719818
 20
499.6067223766672
 30
0.0
 40
5.045893298117918
 41
81.69916523695734
 71
1
 72
5
  1
{\fSimSun|b0|i0|c134|p2;Y1}
  7
字母和汉字
  0
MTEXT
  5
23B
330
17
100
AcDbEntity
  8
注释
370
-3
100
AcDbMText
 10
315.0677107189804
 20
454.11931812589614
 30
0.0
 40
5.045893298117918
 41
81.69916523695734
 71
1
 72
5
  1
{\fSimSun|b0|i0|c134|p2;Y1}
  7
字母和汉字
  0
MTEXT
  5
23C
330
17
100
AcDbEntity
  8
注释
370
-3
100
AcDbMText
 10
315.4328304890514
 20
409.60373375861127
 30
0.0
 40
5.045893298117918
 41
81.69916523695734
 71
1
 72
5
  1
{\fSimSun|b0|i0|c134|p2;Y1}
  7
字母和汉字
  0
MTEXT
  5
23D
330
17
100
AcDbEntity
  8
注释
370
-3
100
AcDbMText
 10
348.6768711387922
 20
470.95809944956613
 30
0.0
 40
5.045893298117918
 41
81.69916523695734
 71
1
 72
5
  1
{\fSimSun|b0|i0|c134|p2;\C6;Y2}
  7
字母和汉字
  0
MTEXT
  5
23E
330
17
100
AcDbEntity
  8
注释
370
-3
100
AcDbMText
 10
348.0386390904896
 20
415.23004277289215
 30
0.0
 40
5.045893298117918
 41
81.69916523695734
 71
1
 72
5
  1
{\fSimSun|b0|i0|c134|p2;\C6;Y2}
  7
字母和汉字
  0
MTEXT
  5
23F
330
17
100
AcDbEntity
  8
注释
370
-3
100
AcDbMText
 10
436.9651247596994
 20
428.7786398820483
 30
0.0
 40
5.045893298117918
 41
81.69916523695734
 71
1
 72
5
  1
{\fSimSun|b0|i0|c134|p2;\C6;Y2}
  7
字母和汉字
  0
MTEXT
  5
240
330
17
100
AcDbEntity
  8
注释
370
-3
100
AcDbMText
 10
477.74390727552964
 20
420.5604103712262
 30
0.0
 40
5.045893298117918
 41
81.69916523695734
 71
1
 72
5
  1
{\fSimSun|b0|i0|c134|p2;\C6;Y2}
  7
字母和汉字
  0
MTEXT
  5
241
330
17
100
AcDbEntity
  8
注释
370
-3
100
AcDbMText
 10
478.1681593184003
 20
470.9669090463642
 30
0.0
 40
5.045893298117918
 41
81.69916523695734
 71
1
 72
5
  1
{\fSimSun|b0|i0|c134|p2;\C6;Y2}
  7
字母和汉字
  0
MTEXT
  5
242
330
17
100
AcDbEntity
  8
注释
370
-3
100
AcDbMText
 10
439.1465543680715
 20
385.2119459444923
 30
0.0
 40
5.045893298117918
 41
81.69916523695734
 71
1
 72
5
  1
{\fSimSun|b0|i0|c134|p2;\C2;Y3}
  7
字母和汉字
  0
LINE
  5
243
330
17
100
AcDbEntity
  8
DIM
100
AcDbLine
 10
585.8142199175418
 20
675.1535291160812
 30
0.0
 11
594.4348271176314
 21
675.1535291160812
 31
0.0
  0
LINE
  5
244
330
17
100
AcDbEntity
  8
DIM
100
AcDbLine
 10
583.6590690145094
 20
670.8448117926982
 30
0.0
 11
592.2796762146027
 21
670.8448117926982
 31
0.0
  0
LINE
  5
245
330
17
100
AcDbEntity
  8
DIM
100
AcDbLine
 10
592.2796762146027
 20
670.8448117926982
 30
0.0
 11
594.4348271176314
 21
675.1535291160812
 31
0.0
  0
LINE
  5
246
330
17
100
AcDbEntity
  8
DIM
100
AcDbLine
 10
585.8142199175418
 20
675.1535291160812
 30
0.0
 11
583.6590690145094
 21
670.8448117926982
 31
0.0
  0
TEXT
  5
247
330
17
100
AcDbEntity
  8
DIM
100
AcDbText
 10
598.0840674138999
 20
671.1137847128323
 30
0.0
 40
4.0
  1
1.2mm
  7
字母和汉字
 41
0.8
100
AcDbText
  0
LINE
  5
248
330
17
100
AcDbEntity
  8
DIM
100
AcDbLine
 10
581.5285836619623
 20
676.6798678214332
 30
0.0
 11
615.0886089594023
 21
676.6798678214332
 31
0.0
  0
LINE
  5
249
330
17
100
AcDbEntity
  8
DIM
100
AcDbLine
 10
615.0886089594023
 20
676.6798678214332
 30
0.0
 11
615.0886089594023
 21
668.6401207285232
 31
0.0
  0
LINE
  5
24A
330
17
100
AcDbEntity
  8
DIM
100
AcDbLine
 10
615.0886089594023
 20
668.6401207285232
 30
0.0
 11
581.5285836619623
 21
668.6401207285232
 31
0.0
  0
LINE
  5
24B
330
17
100
AcDbEntity
  8
DIM
100
AcDbLine
 10
581.5285836619623
 20
668.6401207285232
 30
0.0
 11
581.5285836619623
 21
676.6798678214332
 31
0.0
  0
LINE
  5
24C
330
17
100
AcDbEntity
  8
DIM
100
AcDbLine
 10
596.5903834621022
 20
668.6401207285232
 30
0.0
 11
596.5903834621022
 21
676.6798678214332
 31
0.0
  0
MTEXT
  5
24D
330
17
100
AcDbEntity
  8
注释
370
-3
100
AcDbMText
 10
616.1149471807694
 20
597.3785218169953
 30
0.0
 40
8.82663550691181
 41
121.9375722796196
 71
1
 72
5
  1
{\fSimSun|b0|i0|c134|p2;\C1;修改位置}
  7
字母和汉字
  0
LINE
  5
26A
330
17
100
AcDbEntity
  8
OUTLINE
100
AcDbLine
 10
390.9870432000025
 20
585.4679232000001
 30
0.0
 11
396.9709232000023
 21
579.4844408000001
 31
0.0
  0
LINE
  5
26B
330
17
100
AcDbEntity
  8
OUTLINE
100
AcDbLine
 10
390.7059399999998
 20
585.1868200000001
 30
0.0
 11
396.6898199999996
 21
579.2033376000002
 31
0.0
  0
LINE
  5
26C
330
17
100
AcDbEntity
  8
OUTLINE
100
AcDbLine
 10
438.40799999999945
 20
579.193
 30
0.0
 11
438.40799999999945
 21
632.5509200000001
 31
0.0
  0
LINE
  5
26D
330
17
100
AcDbEntity
  8
OUTLINE
100
AcDbLine
 10
397.6734824000014
 20
579.193
 30
0.0
 11
442.9804000000004
 21
579.193
 31
0.0
  0
LINE
  5
26E
330
17
100
AcDbEntity
  8
OUTLINE
100
AcDbLine
 10
442.9804000000004
 20
578.7954
 30
0.0
 11
442.9804000000004
 21
579.193
 31
0.0
  0
LINE
  5
26F
330
17
100
AcDbEntity
  8
OUTLINE
100
AcDbLine
 10
397.6734824000014
 20
578.7954
 30
0.0
 11
442.9804000000004
 21
578.7954
 31
0.0
  0
LINE
  5
270
330
17
100
AcDbEntity
  8
OUTLINE
100
AcDbLine
 10
442.9804000000004
 20
582.8910776
 30
0.0
 11
442.9804000000004
 21
579.193
 31
0.0
  0
LINE
  5
271
330
17
100
AcDbEntity
  8
OUTLINE
100
AcDbLine
 10
442.9804000000004
 20
578.1990000000001
 30
0.0
 11
442.9804000000004
 21
578.7954
 31
0.0
  0
LINE
  5
272
330
17
100
AcDbEntity
  8
OUTLINE
100
AcDbLine
 10
475.981200000002
 20
582.8910776
 30
0.0
 11
475.981200000002
 21
579.193
 31
0.0
  0
LINE
  5
273
330
17
100
AcDbEntity
  8
OUTLINE
100
AcDbLine
 10
475.981200000002
 20
582.8910776
 30
0.0
 11
442.9804000000004
 21
582.8910776
 31
0.0
  0
LINE
  5
274
330
17
100
AcDbEntity
  8
OUTLINE
100
AcDbLine
 10
458.6856000000007
 20
632.5509200000001
 30
0.0
 11
458.6856000000007
 21
631.7557200000001
 31
0.0
  0
LINE
  5
275
330
17
100
AcDbEntity
  8
OUTLINE
100
AcDbLine
 10
460.27600000000166
 20
631.7557200000001
 30
0.0
 11
458.6856000000007
 21
631.7557200000001
 31
0.0
  0
LINE
  5
276
330
17
100
AcDbEntity
  8
OUTLINE
100
AcDbLine
 10
460.27600000000166
 20
632.5509200000001
 30
0.0
 11
460.27600000000166
 21
631.7557200000001
 31
0.0
  0
LINE
  5
277
330
17
100
AcDbEntity
  8
OUTLINE
100
AcDbLine
 10
467.83040000000256
 20
632.5509200000001
 30
0.0
 11
467.83040000000256
 21
631.7557200000001
 31
0.0
  0
LINE
  5
278
330
17
100
AcDbEntity
  8
OUTLINE
100
AcDbLine
 10
469.4207999999999
 20
631.7557200000001
 30
0.0
 11
467.83040000000256
 21
631.7557200000001
 31
0.0
  0
LINE
  5
279
330
17
100
AcDbEntity
  8
OUTLINE
100
AcDbLine
 10
469.4207999999999
 20
632.5509200000001
 30
0.0
 11
469.4207999999999
 21
631.7557200000001
 31
0.0
  0
LINE
  5
27A
330
17
100
AcDbEntity
  8
OUTLINE
100
AcDbLine
 10
483.9331999999995
 20
632.5509200000001
 30
0.0
 11
408.38920000000144
 21
632.5509200000001
 31
0.0
  0
LINE
  5
27B
330
17
100
AcDbEntity
  8
OUTLINE
100
AcDbLine
 10
408.38920000000144
 20
633.54492
 30
0.0
 11
483.9331999999995
 21
633.54492
 31
0.0
  0
LINE
  5
27C
330
17
100
AcDbEntity
  8
OUTLINE
100
AcDbLine
 10
397.6734824000014
 20
578.1990000000001
 30
0.0
 11
442.9804000000004
 21
578.1990000000001
 31
0.0
  0
LINE
  5
27D
330
17
100
AcDbEntity
  8
OUTLINE
100
AcDbLine
 10
396.2679664000025
 20
578.7814840000001
 30
0.0
 11
390.2840864000027
 21
584.7649664
 31
0.0
  0
LINE
  5
27E
330
17
100
AcDbEntity
  8
OUTLINE
100
AcDbLine
 10
389.70200000000114
 20
586.1708800000001
 30
0.0
 11
389.70200000000114
 21
611.3986
 31
0.0
  0
LINE
  5
27F
330
17
100
AcDbEntity
  8
OUTLINE
100
AcDbLine
 10
391.6900000000023
 20
613.3866
 30
0.0
 11
405.40720000000147
 21
613.3866
 31
0.0
  0
LINE
  5
280
330
17
100
AcDbEntity
  8
OUTLINE
100
AcDbLine
 10
406.40120000000024
 20
614.3806
 30
0.0
 11
406.40120000000024
 21
631.55692
 31
0.0
  0
LINE
  5
281
330
17
100
AcDbEntity
  8
OUTLINE
100
AcDbLine
 10
485.9212000000007
 20
580.1870000000001
 30
0.0
 11
485.9212000000007
 21
631.55692
 31
0.0
  0
LINE
  5
282
330
17
100
AcDbEntity
  8
OUTLINE
100
AcDbLine
 10
475.981200000002
 20
578.1990000000001
 30
0.0
 11
483.9331999999995
 21
578.1990000000001
 31
0.0
  0
LINE
  5
283
330
17
100
AcDbEntity
  8
OUTLINE
100
AcDbLine
 10
475.981200000002
 20
578.7954
 30
0.0
 11
475.981200000002
 21
578.1990000000001
 31
0.0
  0
LINE
  5
284
330
17
100
AcDbEntity
  8
OUTLINE
100
AcDbLine
 10
475.981200000002
 20
578.7954
 30
0.0
 11
483.9331999999995
 21
578.7954
 31
0.0
  0
LINE
  5
285
330
17
100
AcDbEntity
  8
OUTLINE
100
AcDbLine
 10
485.32480000000214
 20
580.1870000000001
 30
0.0
 11
485.32480000000214
 21
631.55692
 31
0.0
  0
LINE
  5
286
330
17
100
AcDbEntity
  8
OUTLINE
100
AcDbLine
 10
483.9331999999995
 20
632.9485200000001
 30
0.0
 11
408.38920000000144
 21
632.9485200000001
 31
0.0
  0
LINE
  5
287
330
17
100
AcDbEntity
  8
OUTLINE
100
AcDbLine
 10
406.9976000000024
 20
631.55692
 30
0.0
 11
406.9976000000024
 21
614.3806
 31
0.0
  0
LINE
  5
288
330
17
100
AcDbEntity
  8
OUTLINE
100
AcDbLine
 10
405.40720000000147
 20
612.7902000000001
 30
0.0
 11
391.6900000000023
 21
612.7902000000001
 31
0.0
  0
LINE
  5
289
330
17
100
AcDbEntity
  8
OUTLINE
100
AcDbLine
 10
390.2983999999997
 20
611.3986
 30
0.0
 11
390.2983999999997
 21
586.1708800000001
 31
0.0
  0
LINE
  5
28A
330
17
100
AcDbEntity
  8
OUTLINE
100
AcDbLine
 10
390.6959999999999
 20
611.3986
 30
0.0
 11
390.6959999999999
 21
586.1708800000001
 31
0.0
  0
LINE
  5
28B
330
17
100
AcDbEntity
  8
OUTLINE
100
AcDbLine
 10
405.40720000000147
 20
612.3926000000001
 30
0.0
 11
391.6900000000023
 21
612.3926000000001
 31
0.0
  0
LINE
  5
28C
330
17
100
AcDbEntity
  8
OUTLINE
100
AcDbLine
 10
407.39520000000266
 20
631.55692
 30
0.0
 11
407.39520000000266
 21
614.3806
 31
0.0
  0
LINE
  5
28D
330
17
100
AcDbEntity
  8
OUTLINE
100
AcDbLine
 10
484.9272000000019
 20
580.1870000000001
 30
0.0
 11
484.9272000000019
 21
631.55692
 31
0.0
  0
LINE
  5
28E
330
17
100
AcDbEntity
  8
OUTLINE
100
AcDbLine
 10
475.981200000002
 20
579.193
 30
0.0
 11
483.9331999999995
 21
579.193
 31
0.0
  0
LINE
  5
28F
330
17
100
AcDbEntity
  8
OUTLINE
100
AcDbLine
 10
475.981200000002
 20
579.193
 30
0.0
 11
475.981200000002
 21
578.7954
 31
0.0
  0
LINE
  5
290
330
17
100
AcDbEntity
  8
OUTLINE
100
AcDbLine
 10
396.6898199999996
 20
579.2033376000002
 30
0.0
 11
396.9709232000023
 21
579.4844408000001
 31
0.0
  0
LINE
  5
291
330
17
100
AcDbEntity
  8
OUTLINE
100
AcDbLine
 10
390.9870432000025
 20
585.4679232000001
 30
0.0
 11
390.7059399999998
 21
585.1868200000001
 31
0.0
  0
LINE
  5
292
330
17
100
AcDbEntity
  8
OUTLINE
100
AcDbLine
 10
397.6734824000014
 20
579.193
 30
0.0
 11
397.6734824000014
 21
578.7954
 31
0.0
  0
LINE
  5
293
330
17
100
AcDbEntity
  8
OUTLINE
100
AcDbLine
 10
390.2983999999997
 20
586.1708800000001
 30
0.0
 11
390.6959999999999
 21
586.1708800000001
 31
0.0
  0
LINE
  5
294
330
17
100
AcDbEntity
  8
OUTLINE
100
AcDbLine
 10
390.6959999999999
 20
611.3986
 30
0.0
 11
390.2983999999997
 21
611.3986
 31
0.0
  0
LINE
  5
295
330
17
100
AcDbEntity
  8
OUTLINE
100
AcDbLine
 10
391.6900000000023
 20
612.7902000000001
 30
0.0
 11
391.6900000000023
 21
612.3926000000001
 31
0.0
  0
LINE
  5
296
330
17
100
AcDbEntity
  8
OUTLINE
100
AcDbLine
 10
405.40720000000147
 20
612.3926000000001
 30
0.0
 11
405.40720000000147
 21
612.7902000000001
 31
0.0
  0
LINE
  5
297
330
17
100
AcDbEntity
  8
OUTLINE
100
AcDbLine
 10
406.9976000000024
 20
614.3806
 30
0.0
 11
407.39520000000266
 21
614.3806
 31
0.0
  0
LINE
  5
298
330
17
100
AcDbEntity
  8
OUTLINE
100
AcDbLine
 10
407.39520000000266
 20
631.55692
 30
0.0
 11
406.9976000000024
 21
631.55692
 31
0.0
  0
LINE
  5
299
330
17
100
AcDbEntity
  8
OUTLINE
100
AcDbLine
 10
408.38920000000144
 20
632.9485200000001
 30
0.0
 11
408.38920000000144
 21
632.5509200000001
 31
0.0
  0
LINE
  5
29A
330
17
100
AcDbEntity
  8
OUTLINE
100
AcDbLine
 10
483.9331999999995
 20
632.5509200000001
 30
0.0
 11
483.9331999999995
 21
632.9485200000001
 31
0.0
  0
LINE
  5
29B
330
17
100
AcDbEntity
  8
OUTLINE
100
AcDbLine
 10
485.32480000000214
 20
631.55692
 30
0.0
 11
484.9272000000019
 21
631.55692
 31
0.0
  0
LINE
  5
29C
330
17
100
AcDbEntity
  8
OUTLINE
100
AcDbLine
 10
484.9272000000019
 20
580.1870000000001
 30
0.0
 11
485.32480000000214
 21
580.1870000000001
 31
0.0
  0
LINE
  5
29D
330
17
100
AcDbEntity
  8
OUTLINE
100
AcDbLine
 10
483.9331999999995
 20
578.7954
 30
0.0
 11
483.9331999999995
 21
579.193
 31
0.0
  0
CIRCLE
  5
29E
330
17
100
AcDbEntity
  8
0
100
AcDbCircle
 10
397.6734824000014
 20
580.1870000000001
 30
0.0
 40
0.994
  0
ARC
  5
29F
330
17
100
AcDbEntity
  8
0
100
AcDbCircle
 10
397.6734824000014
 20
580.1870000000001
 30
0.0
 40
1.1431
100
AcDbArc
 50
150.0
 51
60.0
  0
LINE
  5
2A0
330
17
100
AcDbEntity
  8
中心线
100
AcDbLine
 10
395.8842824000021
 20
580.1870000000001
 30
0.0
 11
399.46268240000063
 21
580.1870000000001
 31
0.0
  0
LINE
  5
2A1
330
17
100
AcDbEntity
  8
中心线
100
AcDbLine
 10
397.6734824000014
 20
578.3978000000002
 30
0.0
 11
397.6734824000014
 21
581.9762000000001
 31
0.0
  0
ARC
  5
2A2
330
17
100
AcDbEntity
  8
OUTLINE
100
AcDbCircle
 10
397.6734824000014
 20
580.1870000000001
 30
0.0
 40
1.3916
100
AcDbArc
 50
-134.99974273092943
 51
-90.00021045914971
  0
ARC
  5
2A3
330
17
100
AcDbEntity
  8
OUTLINE
100
AcDbCircle
 10
483.9331999999995
 20
631.55692
 30
0.0
 40
1.988
100
AcDbArc
 50
0.0
 51
90.00021045914971
  0
ARC
  5
2A4
330
17
100
AcDbEntity
  8
OUTLINE
100
AcDbCircle
 10
397.6734824000014
 20
580.1870000000001
 30
0.0
 40
1.988
100
AcDbArc
 50
-134.99974273092943
 51
-90.00021045914971
  0
ARC
  5
2A5
330
17
100
AcDbEntity
  8
OUTLINE
100
AcDbCircle
 10
391.6900000000023
 20
586.1708800000001
 30
0.0
 40
1.988
100
AcDbArc
 50
179.9998479605043
 51
224.99995319007914
  0
ARC
  5
2A6
330
17
100
AcDbEntity
  8
OUTLINE
100
AcDbCircle
 10
391.6900000000023
 20
611.3986
 30
0.0
 40
1.988
100
AcDbArc
 50
90.00021045914971
 51
179.9998479605043
  0
CIRCLE
  5
2A7
330
17
100
AcDbEntity
  8
0
100
AcDbCircle
 10
405.40720000000147
 20
614.3806
 30
0.0
 40
0.994
  0
ARC
  5
2A8
330
17
100
AcDbEntity
  8
0
100
AcDbCircle
 10
405.40720000000147
 20
614.3806
 30
0.0
 40
1.1431
100
AcDbArc
 50
150.0
 51
60.0
  0
LINE
  5
2A9
330
17
100
AcDbEntity
  8
中心线
100
AcDbLine
 10
403.6180000000022
 20
614.3806
 30
0.0
 11
407.1964000000007
 21
614.3806
 31
0.0
  0
LINE
  5
2AA
330
17
100
AcDbEntity
  8
中心线
100
AcDbLine
 10
405.40720000000147
 20
612.5914
 30
0.0
 11
405.40720000000147
 21
616.1697999999999
 31
0.0
  0
ARC
  5
2AB
330
17
100
AcDbEntity
  8
OUTLINE
100
AcDbCircle
 10
408.38920000000144
 20
631.55692
 30
0.0
 40
1.988
100
AcDbArc
 50
90.00021045914971
 51
179.9998479605043
  0
ARC
  5
2AC
330
17
100
AcDbEntity
  8
OUTLINE
100
AcDbCircle
 10
483.9331999999995
 20
580.1870000000001
 30
0.0
 40
1.988
100
AcDbArc
 50
-90.00021045914971
 51
0.0
  0
ARC
  5
2AD
330
17
100
AcDbEntity
  8
OUTLINE
100
AcDbCircle
 10
483.9331999999995
 20
580.1870000000001
 30
0.0
 40
1.3916
100
AcDbArc
 50
-90.00021045914971
 51
-0.0
  0
ARC
  5
2AE
330
17
100
AcDbEntity
  8
OUTLINE
100
AcDbCircle
 10
483.9331999999995
 20
631.55692
 30
0.0
 40
1.3916
100
AcDbArc
 50
0.0
 51
90.00021045914971
  0
ARC
  5
2AF
330
17
100
AcDbEntity
  8
OUTLINE
100
AcDbCircle
 10
408.38920000000144
 20
631.55692
 30
0.0
 40
1.3916
100
AcDbArc
 50
90.00021045914971
 51
179.9998479605043
  0
ARC
  5
2B0
330
17
100
AcDbEntity
  8
OUTLINE
100
AcDbCircle
 10
405.40720000000147
 20
614.3806
 30
0.0
 40
1.5904
100
AcDbArc
 50
-90.00021045914971
 51
-0.0
  0
ARC
  5
2B1
330
17
100
AcDbEntity
  8
OUTLINE
100
AcDbCircle
 10
391.6900000000023
 20
611.3986
 30
0.0
 40
1.3916
100
AcDbArc
 50
90.00021045914971
 51
179.9998479605043
  0
ARC
  5
2B2
330
17
100
AcDbEntity
  8
OUTLINE
100
AcDbCircle
 10
391.6900000000023
 20
586.1708800000001
 30
0.0
 40
1.3916
100
AcDbArc
 50
-179.9998479605043
 51
-134.99974273092943
  0
CIRCLE
  5
2B3
330
17
100
AcDbEntity
  8
0
100
AcDbCircle
 10
391.6900000000023
 20
586.1708800000001
 30
0.0
 40
0.994
  0
ARC
  5
2B4
330
17
100
AcDbEntity
  8
0
100
AcDbCircle
 10
391.6900000000023
 20
586.1708800000001
 30
0.0
 40
1.1431
100
AcDbArc
 50
150.0
 51
60.0
  0
LINE
  5
2B5
330
17
100
AcDbEntity
  8
中心线
100
AcDbLine
 10
389.9008000000031
 20
586.1708800000001
 30
0.0
 11
393.4792000000016
 21
586.1708800000001
 31
0.0
  0
LINE
  5
2B6
330
17
100
AcDbEntity
  8
中心线
100
AcDbLine
 10
391.6900000000023
 20
584.3816800000002
 30
0.0
 11
391.6900000000023
 21
587.9600800000001
 31
0.0
  0
CIRCLE
  5
2B7
330
17
100
AcDbEntity
  8
0
100
AcDbCircle
 10
391.6900000000023
 20
611.3986
 30
0.0
 40
0.994
  0
ARC
  5
2B8
330
17
100
AcDbEntity
  8
0
100
AcDbCircle
 10
391.6900000000023
 20
611.3986
 30
0.0
 40
1.1431
100
AcDbArc
 50
150.0
 51
60.0
  0
LINE
  5
2B9
330
17
100
AcDbEntity
  8
中心线
100
AcDbLine
 10
389.9008000000031
 20
611.3986
 30
0.0
 11
393.4792000000016
 21
611.3986
 31
0.0
  0
LINE
  5
2BA
330
17
100
AcDbEntity
  8
中心线
100
AcDbLine
 10
391.6900000000023
 20
609.6094
 30
0.0
 11
391.6900000000023
 21
613.1877999999999
 31
0.0
  0
ARC
  5
2BB
330
17
100
AcDbEntity
  8
OUTLINE
100
AcDbCircle
 10
405.40720000000147
 20
614.3806
 30
0.0
 40
1.988
100
AcDbArc
 50
-90.00021045914971
 51
0.0
  0
CIRCLE
  5
2BC
330
17
100
AcDbEntity
  8
0
100
AcDbCircle
 10
408.38920000000144
 20
631.55692
 30
0.0
 40
0.994
  0
ARC
  5
2BD
330
17
100
AcDbEntity
  8
0
100
AcDbCircle
 10
408.38920000000144
 20
631.55692
 30
0.0
 40
1.1431
100
AcDbArc
 50
150.0
 51
60.0
  0
LINE
  5
2BE
330
17
100
AcDbEntity
  8
中心线
100
AcDbLine
 10
406.6000000000022
 20
631.55692
 30
0.0
 11
410.1784000000007
 21
631.55692
 31
0.0
  0
LINE
  5
2BF
330
17
100
AcDbEntity
  8
中心线
100
AcDbLine
 10
408.38920000000144
 20
629.76772
 30
0.0
 11
408.38920000000144
 21
633.3461199999999
 31
0.0
  0
CIRCLE
  5
2C0
330
17
100
AcDbEntity
  8
0
100
AcDbCircle
 10
483.9331999999995
 20
631.55692
 30
0.0
 40
0.994
  0
ARC
  5
2C1
330
17
100
AcDbEntity
  8
0
100
AcDbCircle
 10
483.9331999999995
 20
631.55692
 30
0.0
 40
1.1431
100
AcDbArc
 50
150.0
 51
60.0
  0
LINE
  5
2C2
330
17
100
AcDbEntity
  8
中心线
100
AcDbLine
 10
482.14400000000023
 20
631.55692
 30
0.0
 11
485.72239999999874
 21
631.55692
 31
0.0
  0
LINE
  5
2C3
330
17
100
AcDbEntity
  8
中心线
100
AcDbLine
 10
483.9331999999995
 20
629.76772
 30
0.0
 11
483.9331999999995
 21
633.3461199999999
 31
0.0
  0
CIRCLE
  5
2C4
330
17
100
AcDbEntity
  8
0
100
AcDbCircle
 10
483.9331999999995
 20
580.1870000000001
 30
0.0
 40
0.994
  0
ARC
  5
2C5
330
17
100
AcDbEntity
  8
0
100
AcDbCircle
 10
483.9331999999995
 20
580.1870000000001
 30
0.0
 40
1.1431
100
AcDbArc
 50
150.0
 51
60.0
  0
LINE
  5
2C6
330
17
100
AcDbEntity
  8
中心线
100
AcDbLine
 10
482.14400000000023
 20
580.1870000000001
 30
0.0
 11
485.72239999999874
 21
580.1870000000001
 31
0.0
  0
LINE
  5
2C7
330
17
100
AcDbEntity
  8
中心线
100
AcDbLine
 10
483.9331999999995
 20
578.3978000000002
 30
0.0
 11
483.9331999999995
 21
581.9762000000001
 31
0.0
  0
CIRCLE
  5
2C8
330
17
100
AcDbEntity
  8
0
100
AcDbCircle
 10
440.7936000000009
 20
581.02196
 30
0.0
 40
0.7952
  0
ARC
  5
2C9
330
17
100
AcDbEntity
  8
0
100
AcDbCircle
 10
440.7936000000009
 20
581.02196
 30
0.0
 40
0.91448
100
AcDbArc
 50
150.0
 51
60.0
  0
CIRCLE
  5
2CA
330
17
100
AcDbEntity
  8
0
100
AcDbCircle
 10
440.7936000000009
 20
581.02196
 30
0.0
 40
1.1928
  0
LINE
  5
2CB
330
17
100
AcDbEntity
  8
中心线
100
AcDbLine
 10
439.2031999999999
 20
581.02196
 30
0.0
 11
442.38400000000183
 21
581.02196
 31
0.0
  0
LINE
  5
2CC
330
17
100
AcDbEntity
  8
中心线
100
AcDbLine
 10
440.7936000000009
 20
579.43156
 30
0.0
 11
440.7936000000009
 21
582.6123600000001
 31
0.0
  0
CIRCLE
  5
2CD
330
17
100
AcDbEntity
  8
0
100
AcDbCircle
 10
459.4808000000012
 20
585.0579976000001
 30
0.0
 40
0.7952
  0
ARC
  5
2CE
330
17
100
AcDbEntity
  8
0
100
AcDbCircle
 10
459.4808000000012
 20
585.0579976000001
 30
0.0
 40
0.91448
100
AcDbArc
 50
150.0
 51
60.0
  0
CIRCLE
  5
2CF
330
17
100
AcDbEntity
  8
0
100
AcDbCircle
 10
459.4808000000012
 20
585.0579976000001
 30
0.0
 40
1.1928
  0
LINE
  5
2D0
330
17
100
AcDbEntity
  8
中心线
100
AcDbLine
 10
457.8904000000002
 20
585.0579976000001
 30
0.0
 11
461.07120000000214
 21
585.0579976000001
 31
0.0
  0
LINE
  5
2D1
330
17
100
AcDbEntity
  8
中心线
100
AcDbLine
 10
459.4808000000012
 20
583.4675976000001
 30
0.0
 11
459.4808000000012
 21
586.6483976000002
 31
0.0
  0
CIRCLE
  5
2D2
330
17
100
AcDbEntity
  8
0
100
AcDbCircle
 10
478.1680000000015
 20
581.02196
 30
0.0
 40
0.7952
  0
ARC
  5
2D3
330
17
100
AcDbEntity
  8
0
100
AcDbCircle
 10
478.1680000000015
 20
581.02196
 30
0.0
 40
0.91448
100
AcDbArc
 50
150.0
 51
60.0
  0
CIRCLE
  5
2D4
330
17
100
AcDbEntity
  8
0
100
AcDbCircle
 10
478.1680000000015
 20
581.02196
 30
0.0
 40
1.1928
  0
LINE
  5
2D5
330
17
100
AcDbEntity
  8
中心线
100
AcDbLine
 10
476.57760000000053
 20
581.02196
 30
0.0
 11
479.75840000000244
 21
581.02196
 31
0.0
  0
LINE
  5
2D6
330
17
100
AcDbEntity
  8
中心线
100
AcDbLine
 10
478.1680000000015
 20
579.43156
 30
0.0
 11
478.1680000000015
 21
582.6123600000001
 31
0.0
  0
CIRCLE
  5
2D7
330
17
100
AcDbEntity
  8
HOLE
100
AcDbCircle
 10
445.16719999999987
 20
630.36412
 30
0.0
 40
1.1928
  0
CIRCLE
  5
2D8
330
17
100
AcDbEntity
  8
HOLE
100
AcDbCircle
 10
445.16719999999987
 20
630.36412
 30
0.0
 40
0.994
  0
CIRCLE
  5
2D9
330
17
100
AcDbEntity
  8
0
100
AcDbCircle
 10
445.16719999999987
 20
630.36412
 30
0.0
 40
0.7952
  0
ARC
  5
2DA
330
17
100
AcDbEntity
  8
0
100
AcDbCircle
 10
445.16719999999987
 20
630.36412
 30
0.0
 40
0.91448
100
AcDbArc
 50
150.0
 51
60.0
  0
LINE
  5
2DB
330
17
100
AcDbEntity
  8
中心线
100
AcDbLine
 10
443.7358400000012
 20
630.36412
 30
0.0
 11
446.59855999999854
 21
630.36412
 31
0.0
  0
LINE
  5
2DC
330
17
100
AcDbEntity
  8
中心线
100
AcDbLine
 10
445.16719999999987
 20
628.9327599999999
 30
0.0
 11
445.16719999999987
 21
631.79548
 31
0.0
  0
CIRCLE
  5
2DD
330
17
100
AcDbEntity
  8
HOLE
100
AcDbCircle
 10
474.9871999999996
 20
630.36412
 30
0.0
 40
1.1928
  0
CIRCLE
  5
2DE
330
17
100
AcDbEntity
  8
HOLE
100
AcDbCircle
 10
474.9871999999996
 20
630.36412
 30
0.0
 40
0.994
  0
CIRCLE
  5
2DF
330
17
100
AcDbEntity
  8
0
100
AcDbCircle
 10
474.9871999999996
 20
630.36412
 30
0.0
 40
0.7952
  0
ARC
  5
2E0
330
17
100
AcDbEntity
  8
0
100
AcDbCircle
 10
474.9871999999996
 20
630.36412
 30
0.0
 40
0.91448
100
AcDbArc
 50
150.0
 51
60.0
  0
LINE
  5
2E1
330
17
100
AcDbEntity
  8
中心线
100
AcDbLine
 10
473.5558400000009
 20
630.36412
 30
0.0
 11
476.41855999999825
 21
630.36412
 31
0.0
  0
LINE
  5
2E2
330
17
100
AcDbEntity
  8
中心线
100
AcDbLine
 10
474.9871999999996
 20
628.9327599999999
 30
0.0
 11
474.9871999999996
 21
631.79548
 31
0.0
  0
CIRCLE
  5
2E3
330
17
100
AcDbEntity
  8
HOLE
100
AcDbCircle
 10
474.9871999999996
 20
591.39932
 30
0.0
 40
1.1928
  0
CIRCLE
  5
2E4
330
17
100
AcDbEntity
  8
HOLE
100
AcDbCircle
 10
474.9871999999996
 20
591.39932
 30
0.0
 40
0.994
  0
CIRCLE
  5
2E5
330
17
100
AcDbEntity
  8
0
100
AcDbCircle
 10
474.9871999999996
 20
591.39932
 30
0.0
 40
0.7952
  0
ARC
  5
2E6
330
17
100
AcDbEntity
  8
0
100
AcDbCircle
 10
474.9871999999996
 20
591.39932
 30
0.0
 40
0.91448
100
AcDbArc
 50
150.0
 51
60.0
  0
LINE
  5
2E7
330
17
100
AcDbEntity
  8
中心线
100
AcDbLine
 10
473.5558400000009
 20
591.39932
 30
0.0
 11
476.41855999999825
 21
591.39932
 31
0.0
  0
LINE
  5
2E8
330
17
100
AcDbEntity
  8
中心线
100
AcDbLine
 10
474.9871999999996
 20
589.96796
 30
0.0
 11
474.9871999999996
 21
592.83068
 31
0.0
  0
CIRCLE
  5
2E9
330
17
100
AcDbEntity
  8
HOLE
100
AcDbCircle
 10
445.16719999999987
 20
591.39932
 30
0.0
 40
1.1928
  0
CIRCLE
  5
2EA
330
17
100
AcDbEntity
  8
HOLE
100
AcDbCircle
 10
445.16719999999987
 20
591.39932
 30
0.0
 40
0.994
  0
CIRCLE
  5
2EB
330
17
100
AcDbEntity
  8
0
100
AcDbCircle
 10
445.16719999999987
 20
591.39932
 30
0.0
 40
0.7952
  0
ARC
  5
2EC
330
17
100
AcDbEntity
  8
0
100
AcDbCircle
 10
445.16719999999987
 20
591.39932
 30
0.0
 40
0.91448
100
AcDbArc
 50
150.0
 51
60.0
  0
LINE
  5
2ED
330
17
100
AcDbEntity
  8
中心线
100
AcDbLine
 10
443.7358400000012
 20
591.39932
 30
0.0
 11
446.59855999999854
 21
591.39932
 31
0.0
  0
LINE
  5
2EE
330
17
100
AcDbEntity
  8
中心线
100
AcDbLine
 10
445.16719999999987
 20
589.96796
 30
0.0
 11
445.16719999999987
 21
592.83068
 31
0.0
  0
CIRCLE
  5
2EF
330
17
100
AcDbEntity
  8
OUTLINE
100
AcDbCircle
 10
480.9511999999995
 20
591.39932
 30
0.0
 40
1.5904
  0
CIRCLE
  5
2F0
330
17
100
AcDbEntity
  8
0
100
AcDbCircle
 10
480.9511999999995
 20
591.39932
 30
0.0
 40
0.7952
  0
ARC
  5
2F1
330
17
100
AcDbEntity
  8
0
100
AcDbCircle
 10
480.9511999999995
 20
591.39932
 30
0.0
 40
0.87472
100
AcDbArc
 50
150.0
 51
60.0
  0
LINE
  5
2F2
330
17
100
AcDbEntity
  8
中心线
100
AcDbLine
 10
479.36079999999856
 20
591.39932
 30
0.0
 11
482.54160000000047
 21
591.39932
 31
0.0
  0
LINE
  5
2F3
330
17
100
AcDbEntity
  8
中心线
100
AcDbLine
 10
480.9511999999995
 20
589.80892
 30
0.0
 11
480.9511999999995
 21
592.98972
 31
0.0
  0
CIRCLE
  5
2F4
330
17
100
AcDbEntity
  8
OUTLINE
100
AcDbCircle
 10
464.0532000000021
 20
630.1653200000001
 30
0.0
 40
1.1331600000000002
  0
CIRCLE
  5
2F5
330
17
100
AcDbEntity
  8
0
100
AcDbCircle
 10
464.0532000000021
 20
630.1653200000001
 30
0.0
 40
0.5964
  0
ARC
  5
2F6
330
17
100
AcDbEntity
  8
0
100
AcDbCircle
 10
464.0532000000021
 20
630.1653200000001
 30
0.0
 40
0.68586
100
AcDbArc
 50
150.0
 51
60.0
  0
CIRCLE
  5
2F7
330
17
100
AcDbEntity
  8
0
100
AcDbCircle
 10
464.0532000000021
 20
630.1653200000001
 30
0.0
 40
0.8946000000000001
  0
LINE
  5
2F8
330
17
100
AcDbEntity
  8
中心线
100
AcDbLine
 10
462.8604000000014
 20
630.1653200000001
 30
0.0
 11
465.2460000000028
 21
630.1653200000001
 31
0.0
  0
LINE
  5
2F9
330
17
100
AcDbEntity
  8
中心线
100
AcDbLine
 10
464.0532000000021
 20
628.97252
 30
0.0
 11
464.0532000000021
 21
631.3581200000001
 31
0.0
  0
CIRCLE
  5
2FA
330
17
100
AcDbEntity
  8
OUTLINE
100
AcDbCircle
 10
464.0532000000021
 20
630.1653200000001
 30
0.0
 40
1.25244
  0
CIRCLE
  5
2FB
330
17
100
AcDbEntity
  8
OUTLINE
100
AcDbCircle
 10
394.8708000000006
 20
585.3558
 30
0.0
 40
1.5904
  0
CIRCLE
  5
2FC
330
17
100
AcDbEntity
  8
0
100
AcDbCircle
 10
394.8708000000006
 20
585.3558
 30
0.0
 40
0.7952
  0
ARC
  5
2FD
330
17
100
AcDbEntity
  8
0
100
AcDbCircle
 10
394.8708000000006
 20
585.3558
 30
0.0
 40
0.87472
100
AcDbArc
 50
150.0
 51
60.0
  0
LINE
  5
2FE
330
17
100
AcDbEntity
  8
中心线
100
AcDbLine
 10
393.28039999999964
 20
585.3558
 30
0.0
 11
396.46120000000155
 21
585.3558
 31
0.0
  0
LINE
  5
2FF
330
17
100
AcDbEntity
  8
中心线
100
AcDbLine
 10
394.8708000000006
 20
583.7654
 30
0.0
 11
394.8708000000006
 21
586.9462000000001
 31
0.0
  0
LINE
  5
300
330
17
100
AcDbEntity
  8
OUTLINE
100
AcDbLine
 10
577.3287999999993
 20
582.8910776
 30
0.0
 11
577.3287999999993
 21
578.1990000000001
 31
0.0
  0
LINE
  5
301
330
17
100
AcDbEntity
  8
OUTLINE
100
AcDbLine
 10
547.3099999999977
 20
633.54492
 30
0.0
 11
547.3099999999977
 21
628.7737200000001
 31
0.0
  0
LINE
  5
302
330
17
100
AcDbEntity
  8
OUTLINE
100
AcDbLine
 10
548.5027999999984
 20
627.5809200000001
 30
0.0
 11
564.0092000000004
 21
627.5809200000001
 31
0.0
  0
LINE
  5
303
330
17
100
AcDbEntity
  8
OUTLINE
100
AcDbLine
 10
565.2019999999975
 20
633.54492
 30
0.0
 11
565.2019999999975
 21
628.7737200000001
 31
0.0
  0
LINE
  5
304
330
17
100
AcDbEntity
  8
OUTLINE
100
AcDbLine
 10
565.2019999999975
 20
633.54492
 30
0.0
 11
582.895199999999
 21
633.54492
 31
0.0
  0
LINE
  5
305
330
17
100
AcDbEntity
  8
OUTLINE
100
AcDbLine
 10
582.895199999999
 20
578.1990000000001
 30
0.0
 11
582.895199999999
 21
633.54492
 31
0.0
  0
LINE
  5
306
330
17
100
AcDbEntity
  8
OUTLINE
100
AcDbLine
 10
582.895199999999
 20
578.1990000000001
 30
0.0
 11
577.3287999999993
 21
578.1990000000001
 31
0.0
  0
LINE
  5
307
330
17
100
AcDbEntity
  8
OUTLINE
100
AcDbLine
 10
544.3279999999977
 20
582.8910776
 30
0.0
 11
577.3287999999993
 21
582.8910776
 31
0.0
  0
LINE
  5
308
330
17
100
AcDbEntity
  8
OUTLINE
100
AcDbLine
 10
544.3279999999977
 20
582.8910776
 30
0.0
 11
544.3279999999977
 21
578.1990000000001
 31
0.0
  0
LINE
  5
309
330
17
100
AcDbEntity
  8
OUTLINE
100
AcDbLine
 10
544.3279999999977
 20
578.1990000000001
 30
0.0
 11
536.3760000000002
 21
578.1990000000001
 31
0.0
  0
LINE
  5
30A
330
17
100
AcDbEntity
  8
OUTLINE
100
AcDbLine
 10
534.387999999999
 20
631.55692
 30
0.0
 11
534.387999999999
 21
580.1870000000001
 31
0.0
  0
LINE
  5
30B
330
17
100
AcDbEntity
  8
OUTLINE
100
AcDbLine
 10
536.3760000000002
 20
633.54492
 30
0.0
 11
547.3099999999977
 21
633.54492
 31
0.0
  0
LINE
  5
30C
330
17
100
AcDbEntity
  8
OUTLINE
100
AcDbLine
 10
550.8883999999998
 20
633.54492
 30
0.0
 11
550.8883999999998
 21
631.7557200000001
 31
0.0
  0
LINE
  5
30D
330
17
100
AcDbEntity
  8
OUTLINE
100
AcDbLine
 10
550.8883999999998
 20
631.7557200000001
 30
0.0
 11
552.4788000000008
 21
631.7557200000001
 31
0.0
  0
LINE
  5
30E
330
17
100
AcDbEntity
  8
OUTLINE
100
AcDbLine
 10
552.4788000000008
 20
633.54492
 30
0.0
 11
552.4788000000008
 21
631.7557200000001
 31
0.0
  0
LINE
  5
30F
330
17
100
AcDbEntity
  8
OUTLINE
100
AcDbLine
 10
560.033199999998
 20
633.54492
 30
0.0
 11
552.4788000000008
 21
633.54492
 31
0.0
  0
LINE
  5
310
330
17
100
AcDbEntity
  8
OUTLINE
100
AcDbLine
 10
560.033199999998
 20
633.54492
 30
0.0
 11
560.033199999998
 21
631.7557200000001
 31
0.0
  0
LINE
  5
311
330
17
100
AcDbEntity
  8
OUTLINE
100
AcDbLine
 10
560.033199999998
 20
631.7557200000001
 30
0.0
 11
561.623599999999
 21
631.7557200000001
 31
0.0
  0
LINE
  5
312
330
17
100
AcDbEntity
  8
OUTLINE
100
AcDbLine
 10
561.623599999999
 20
633.54492
 30
0.0
 11
561.623599999999
 21
631.7557200000001
 31
0.0
  0
LINE
  5
313
330
17
100
AcDbEntity
  8
OUTLINE
100
AcDbLine
 10
565.2019999999975
 20
633.54492
 30
0.0
 11
561.623599999999
 21
633.54492
 31
0.0
  0
LINE
  5
314
330
17
100
AcDbEntity
  8
OUTLINE
100
AcDbLine
 10
550.8883999999998
 20
633.54492
 30
0.0
 11
547.3099999999977
 21
633.54492
 31
0.0
  0
LINE
  5
315
330
17
100
AcDbEntity
  8
OUTLINE
100
AcDbLine
 10
611.9199999999983
 20
633.54492
 30
0.0
 11
582.895199999999
 21
633.54492
 31
0.0
  0
LINE
  5
316
330
17
100
AcDbEntity
  8
OUTLINE
100
AcDbLine
 10
582.895199999999
 20
578.1990000000001
 30
0.0
 11
622.6357175999983
 21
578.1990000000001
 31
0.0
  0
LINE
  5
317
330
17
100
AcDbEntity
  8
OUTLINE
100
AcDbLine
 10
613.9079999999994
 20
614.3806
 30
0.0
 11
613.9079999999994
 21
631.55692
 31
0.0
  0
LINE
  5
318
330
17
100
AcDbEntity
  8
OUTLINE
100
AcDbLine
 10
628.6191999999974
 20
613.3866
 30
0.0
 11
614.9019999999982
 21
613.3866
 31
0.0
  0
LINE
  5
319
330
17
100
AcDbEntity
  8
OUTLINE
100
AcDbLine
 10
630.6071999999986
 20
586.1708800000001
 30
0.0
 11
630.6071999999986
 21
611.3986
 31
0.0
  0
LINE
  5
31A
330
17
100
AcDbEntity
  8
OUTLINE
100
AcDbLine
 10
630.0251136000006
 20
584.7649664
 30
0.0
 11
624.0412335999972
 21
578.7814840000001
 31
0.0
  0
LINE
  5
31B
330
17
100
AcDbEntity
  8
OUTLINE
100
AcDbLine
 10
574.3392456000001
 20
631.7557200000001
 30
0.0
 11
573.5360935999997
 21
630.36412
 31
0.0
  0
LINE
  5
31C
330
17
100
AcDbEntity
  8
OUTLINE
100
AcDbLine
 10
575.9443567999988
 20
631.7557200000001
 30
0.0
 11
574.3392456000001
 21
631.7557200000001
 31
0.0
  0
LINE
  5
31D
330
17
100
AcDbEntity
  8
OUTLINE
100
AcDbLine
 10
576.7510871999984
 20
630.36412
 30
0.0
 11
575.9443567999988
 21
631.7557200000001
 31
0.0
  0
LINE
  5
31E
330
17
100
AcDbEntity
  8
OUTLINE
100
AcDbLine
 10
575.9443567999988
 20
628.97252
 30
0.0
 11
576.7510871999984
 21
630.36412
 31
0.0
  0
LINE
  5
31F
330
17
100
AcDbEntity
  8
OUTLINE
100
AcDbLine
 10
574.3392456000001
 20
628.97252
 30
0.0
 11
575.9443567999988
 21
628.97252
 31
0.0
  0
LINE
  5
320
330
17
100
AcDbEntity
  8
OUTLINE
100
AcDbLine
 10
573.5360935999997
 20
630.36412
 30
0.0
 11
574.3392456000001
 21
628.97252
 31
0.0
  0
LINE
  5
321
330
17
100
AcDbEntity
  8
OUTLINE
100
AcDbLine
 10
544.5192456000004
 20
631.7557200000001
 30
0.0
 11
543.7160936
 21
630.36412
 31
0.0
  0
LINE
  5
322
330
17
100
AcDbEntity
  8
OUTLINE
100
AcDbLine
 10
546.1243567999991
 20
631.7557200000001
 30
0.0
 11
544.5192456000004
 21
631.7557200000001
 31
0.0
  0
LINE
  5
323
330
17
100
AcDbEntity
  8
OUTLINE
100
AcDbLine
 10
546.9310871999987
 20
630.36412
 30
0.0
 11
546.1243567999991
 21
631.7557200000001
 31
0.0
  0
LINE
  5
324
330
17
100
AcDbEntity
  8
OUTLINE
100
AcDbLine
 10
546.1243567999991
 20
628.97252
 30
0.0
 11
546.9310871999987
 21
630.36412
 31
0.0
  0
LINE
  5
325
330
17
100
AcDbEntity
  8
OUTLINE
100
AcDbLine
 10
544.5192456000004
 20
628.97252
 30
0.0
 11
546.1243567999991
 21
628.97252
 31
0.0
  0
LINE
  5
326
330
17
100
AcDbEntity
  8
OUTLINE
100
AcDbLine
 10
543.7160936
 20
630.36412
 30
0.0
 11
544.5192456000004
 21
628.97252
 31
0.0
  0
LINE
  5
327
330
17
100
AcDbEntity
  8
OUTLINE
100
AcDbLine
 10
544.5192456000004
 20
592.7909200000001
 30
0.0
 11
543.7160936
 21
591.39932
 31
0.0
  0
LINE
  5
328
330
17
100
AcDbEntity
  8
OUTLINE
100
AcDbLine
 10
546.1243567999991
 20
592.7909200000001
 30
0.0
 11
544.5192456000004
 21
592.7909200000001
 31
0.0
  0
LINE
  5
329
330
17
100
AcDbEntity
  8
OUTLINE
100
AcDbLine
 10
546.9310871999987
 20
591.39932
 30
0.0
 11
546.1243567999991
 21
592.7909200000001
 31
0.0
  0
LINE
  5
32A
330
17
100
AcDbEntity
  8
OUTLINE
100
AcDbLine
 10
546.1243567999991
 20
590.0077200000001
 30
0.0
 11
546.9310871999987
 21
591.39932
 31
0.0
  0
LINE
  5
32B
330
17
100
AcDbEntity
  8
OUTLINE
100
AcDbLine
 10
544.5192456000004
 20
590.0077200000001
 30
0.0
 11
546.1243567999991
 21
590.0077200000001
 31
0.0
  0
LINE
  5
32C
330
17
100
AcDbEntity
  8
OUTLINE
100
AcDbLine
 10
543.7160936
 20
591.39932
 30
0.0
 11
544.5192456000004
 21
590.0077200000001
 31
0.0
  0
LINE
  5
32D
330
17
100
AcDbEntity
  8
OUTLINE
100
AcDbLine
 10
574.3392456000001
 20
592.7909200000001
 30
0.0
 11
573.5360935999997
 21
591.39932
 31
0.0
  0
LINE
  5
32E
330
17
100
AcDbEntity
  8
OUTLINE
100
AcDbLine
 10
575.9443567999988
 20
592.7909200000001
 30
0.0
 11
574.3392456000001
 21
592.7909200000001
 31
0.0
  0
LINE
  5
32F
330
17
100
AcDbEntity
  8
OUTLINE
100
AcDbLine
 10
576.7510871999984
 20
591.39932
 30
0.0
 11
575.9443567999988
 21
592.7909200000001
 31
0.0
  0
LINE
  5
330
330
17
100
AcDbEntity
  8
OUTLINE
100
AcDbLine
 10
575.9443567999988
 20
590.0077200000001
 30
0.0
 11
576.7510871999984
 21
591.39932
 31
0.0
  0
LINE
  5
331
330
17
100
AcDbEntity
  8
OUTLINE
100
AcDbLine
 10
574.3392456000001
 20
590.0077200000001
 30
0.0
 11
575.9443567999988
 21
590.0077200000001
 31
0.0
  0
LINE
  5
332
330
17
100
AcDbEntity
  8
OUTLINE
100
AcDbLine
 10
573.5360935999997
 20
591.39932
 30
0.0
 11
574.3392456000001
 21
590.0077200000001
 31
0.0
  0
CIRCLE
  5
333
330
17
100
AcDbEntity
  8
0
100
AcDbCircle
 10
548.5027999999984
 20
628.7737200000001
 30
0.0
 40
1.1928
  0
CIRCLE
  5
334
330
17
100
AcDbEntity
  8
0
100
AcDbCircle
 10
564.0092000000004
 20
628.7737200000001
 30
0.0
 40
1.1928
  0
ARC
  5
335
330
17
100
AcDbEntity
  8
OUTLINE
100
AcDbCircle
 10
536.3760000000002
 20
580.1870000000001
 30
0.0
 40
1.988
100
AcDbArc
 50
179.9998479605043
 51
270.000058419654
  0
ARC
  5
336
330
17
100
AcDbEntity
  8
OUTLINE
100
AcDbCircle
 10
536.3760000000002
 20
631.55692
 30
0.0
 40
1.988
100
AcDbArc
 50
90.00021045914971
 51
179.9998479605043
  0
ARC
  5
337
330
17
100
AcDbEntity
  8
OUTLINE
100
AcDbCircle
 10
611.9199999999983
 20
631.55692
 30
0.0
 40
1.988
100
AcDbArc
 50
0.0
 51
90.00021045914971
  0
CIRCLE
  5
338
330
17
100
AcDbEntity
  8
0
100
AcDbCircle
 10
614.9019999999982
 20
614.3806
 30
0.0
 40
0.994
  0
ARC
  5
339
330
17
100
AcDbEntity
  8
0
100
AcDbCircle
 10
614.9019999999982
 20
614.3806
 30
0.0
 40
1.1431
100
AcDbArc
 50
150.0
 51
60.0
  0
CIRCLE
  5
33A
330
17
100
AcDbEntity
  8
0
100
AcDbCircle
 10
614.9019999999982
 20
614.3806
 30
0.0
 40
1.491
  0
LINE
  5
33B
330
17
100
AcDbEntity
  8
中心线
100
AcDbLine
 10
612.913999999997
 20
614.3806
 30
0.0
 11
616.8899999999994
 21
614.3806
 31
0.0
  0
LINE
  5
33C
330
17
100
AcDbEntity
  8
中心线
100
AcDbLine
 10
614.9019999999982
 20
612.3925999999999
 30
0.0
 11
614.9019999999982
 21
616.3686
 31
0.0
  0
ARC
  5
33D
330
17
100
AcDbEntity
  8
OUTLINE
100
AcDbCircle
 10
628.6191999999974
 20
611.3986
 30
0.0
 40
1.988
100
AcDbArc
 50
0.0
 51
90.00021045914971
  0
ARC
  5
33E
330
17
100
AcDbEntity
  8
OUTLINE
100
AcDbCircle
 10
628.6191999999974
 20
586.1708800000001
 30
0.0
 40
1.988
100
AcDbArc
 50
-45.00010522957486
 51
0.0
  0
ARC
  5
33F
330
17
100
AcDbEntity
  8
OUTLINE
100
AcDbCircle
 10
622.6357175999983
 20
580.1870000000001
 30
0.0
 40
1.988
100
AcDbArc
 50
-90.00021045914971
 51
-45.00010522957486
  0
SPLINE
  5
340
330
17
100
AcDbEntity
  8
OUTLINE
100
AcDbSpline
 70
0
 71
3
 72
0
 73
0
 74
25
 11
552.4788000000008
 21
632.5509200000001
 31
0.0
 11
552.467269599998
 21
632.5509200000001
 31
0.0
 11
552.4489799999974
 21
632.5509200000001
 31
0.0
 11
552.4147864000006
 21
632.5509200000001
 31
0.0
 11
552.3686648000003
 21
632.5509200000001
 31
0.0
 11
552.3133983999978
 21
632.5509200000001
 31
0.0
 11
552.2422279999992
 21
632.5509200000001
 31
0.0
 11
552.1666839999998
 21
632.5509200000001
 31
0.0
 11
552.0788143999998
 21
632.5509200000001
 31
0.0
 11
551.9865711999992
 21
632.5509200000001
 31
0.0
 11
551.8883639999985
 21
632.5509200000001
 31
0.0
 11
551.7869759999994
 21
632.5509200000001
 31
0.0
 11
551.6836000000003
 21
632.5509200000001
 31
0.0
 11
551.5802239999975
 21
632.5509200000001
 31
0.0
 11
551.4788359999984
 21
632.5509200000001
 31
0.0
 11
551.3806287999978
 21
632.5509200000001
 31
0.0
 11
551.2883856000008
 21
632.5509200000001
 31
0.0
 11
551.2005160000008
 21
632.5509200000001
 31
0.0
 11
551.1249719999978
 21
632.5509200000001
 31
0.0
 11
551.0538015999991
 21
632.5509200000001
 31
0.0
 11
550.9985352000003
 21
632.5509200000001
 31
0.0
 11
550.9524136
 21
632.5509200000001
 31
0.0
 11
550.9182199999996
 21
632.5509200000001
 31
0.0
 11
550.899930399999
 21
632.5509200000001
 31
0.0
 11
550.8883999999998
 21
632.5509200000001
 31
0.0
  0
SPLINE
  5
341
330
17
100
AcDbEntity
  8
OUTLINE
100
AcDbSpline
 70
0
 71
3
 72
0
 73
0
 74
25
 11
561.623599999999
 21
632.5509200000001
 31
0.0
 11
561.6120695999998
 21
632.5509200000001
 31
0.0
 11
561.5937799999992
 21
632.5509200000001
 31
0.0
 11
561.5595863999988
 21
632.5509200000001
 31
0.0
 11
561.5134647999985
 21
632.5509200000001
 31
0.0
 11
561.4581983999997
 21
632.5509200000001
 31
0.0
 11
561.3870279999974
 21
632.5509200000001
 31
0.0
 11
561.311483999998
 21
632.5509200000001
 31
0.0
 11
561.223614399998
 21
632.5509200000001
 31
0.0
 11
561.1313711999974
 21
632.5509200000001
 31
0.0
 11
561.0331640000004
 21
632.5509200000001
 31
0.0
 11
560.9317759999976
 21
632.5509200000001
 31
0.0
 11
560.8283999999985
 21
632.5509200000001
 31
0.0
 11
560.7250239999994
 21
632.5509200000001
 31
0.0
 11
560.6236360000003
 21
632.5509200000001
 31
0.0
 11
560.5254287999996
 21
632.5509200000001
 31
0.0
 11
560.433185599999
 21
632.5509200000001
 31
0.0
 11
560.345315999999
 21
632.5509200000001
 31
0.0
 11
560.2697719999996
 21
632.5509200000001
 31
0.0
 11
560.1986015999973
 21
632.5509200000001
 31
0.0
 11
560.1433351999985
 21
632.5509200000001
 31
0.0
 11
560.0972135999982
 21
632.5509200000001
 31
0.0
 11
560.0630199999978
 21
632.5509200000001
 31
0.0
 11
560.0447303999972
 21
632.5509200000001
 31
0.0
 11
560.033199999998
 21
632.5509200000001
 31
0.0
  0
SPLINE
  5
342
330
17
100
AcDbEntity
  8
OUTLINE
100
AcDbSpline
 70
0
 71
3
 72
0
 73
0
 74
25
 11
552.4788000000008
 21
633.54492
 31
0.0
 11
552.467269599998
 21
633.54492
 31
0.0
 11
552.4489799999974
 21
633.54492
 31
0.0
 11
552.4147864000006
 21
633.54492
 31
0.0
 11
552.3686648000003
 21
633.54492
 31
0.0
 11
552.3133983999978
 21
633.54492
 31
0.0
 11
552.2422279999992
 21
633.54492
 31
0.0
 11
552.1666839999998
 21
633.54492
 31
0.0
 11
552.0788143999998
 21
633.54492
 31
0.0
 11
551.9865711999992
 21
633.54492
 31
0.0
 11
551.8883639999985
 21
633.54492
 31
0.0
 11
551.7869759999994
 21
633.54492
 31
0.0
 11
551.6836000000003
 21
633.54492
 31
0.0
 11
551.5802239999975
 21
633.54492
 31
0.0
 11
551.4788359999984
 21
633.54492
 31
0.0
 11
551.3806287999978
 21
633.54492
 31
0.0
 11
551.2883856000008
 21
633.54492
 31
0.0
 11
551.2005160000008
 21
633.54492
 31
0.0
 11
551.1249719999978
 21
633.54492
 31
0.0
 11
551.0538015999991
 21
633.54492
 31
0.0
 11
550.9985352000003
 21
633.54492
 31
0.0
 11
550.9524136
 21
633.54492
 31
0.0
 11
550.9182199999996
 21
633.54492
 31
0.0
 11
550.899930399999
 21
633.54492
 31
0.0
 11
550.8883999999998
 21
633.54492
 31
0.0
  0
SPLINE
  5
343
330
17
100
AcDbEntity
  8
OUTLINE
100
AcDbSpline
 70
0
 71
3
 72
0
 73
0
 74
25
 11
561.623599999999
 21
633.54492
 31
0.0
 11
561.6120695999998
 21
633.54492
 31
0.0
 11
561.5937799999992
 21
633.54492
 31
0.0
 11
561.5595863999988
 21
633.54492
 31
0.0
 11
561.5134647999985
 21
633.54492
 31
0.0
 11
561.4581983999997
 21
633.54492
 31
0.0
 11
561.3870279999974
 21
633.54492
 31
0.0
 11
561.311483999998
 21
633.54492
 31
0.0
 11
561.223614399998
 21
633.54492
 31
0.0
 11
561.1313711999974
 21
633.54492
 31
0.0
 11
561.0331640000004
 21
633.54492
 31
0.0
 11
560.9317759999976
 21
633.54492
 31
0.0
 11
560.8283999999985
 21
633.54492
 31
0.0
 11
560.7250239999994
 21
633.54492
 31
0.0
 11
560.6236360000003
 21
633.54492
 31
0.0
 11
560.5254287999996
 21
633.54492
 31
0.0
 11
560.433185599999
 21
633.54492
 31
0.0
 11
560.345315999999
 21
633.54492
 31
0.0
 11
560.2697719999996
 21
633.54492
 31
0.0
 11
560.1986015999973
 21
633.54492
 31
0.0
 11
560.1433351999985
 21
633.54492
 31
0.0
 11
560.0972135999982
 21
633.54492
 31
0.0
 11
560.0630199999978
 21
633.54492
 31
0.0
 11
560.0447303999972
 21
633.54492
 31
0.0
 11
560.033199999998
 21
633.54492
 31
0.0
  0
CIRCLE
  5
344
330
17
100
AcDbEntity
  8
HOLE
100
AcDbCircle
 10
545.3220000000001
 20
591.39932
 30
0.0
 40
0.994
  0
CIRCLE
  5
345
330
17
100
AcDbEntity
  8
HOLE
100
AcDbCircle
 10
545.3220000000001
 20
630.36412
 30
0.0
 40
0.994
  0
CIRCLE
  5
346
330
17
100
AcDbEntity
  8
HOLE
100
AcDbCircle
 10
575.1419999999998
 20
630.36412
 30
0.0
 40
0.994
  0
CIRCLE
  5
347
330
17
100
AcDbEntity
  8
OUTLINE
100
AcDbCircle
 10
560.8283999999985
 20
585.0579976000001
 30
0.0
 40
1.393588
  0
CIRCLE
  5
348
330
17
100
AcDbEntity
  8
OUTLINE
100
AcDbCircle
 10
542.1411999999982
 20
581.02196
 30
0.0
 40
1.393588
  0
CIRCLE
  5
349
330
17
100
AcDbEntity
  8
OUTLINE
100
AcDbCircle
 10
579.5155999999988
 20
581.02196
 30
0.0
 40
1.393588
  0
CIRCLE
  5
34A
330
17
100
AcDbEntity
  8
HOLE
100
AcDbCircle
 10
575.1419999999998
 20
591.39932
 30
0.0
 40
0.994
  0
CIRCLE
  5
34B
330
17
100
AcDbEntity
  8
HOLE
100
AcDbCircle
 10
539.3580000000002
 20
591.39932
 30
0.0
 40
0.994
  0
CIRCLE
  5
34C
330
17
100
AcDbEntity
  8
HOLE
100
AcDbCircle
 10
556.2559999999976
 20
630.1653200000001
 30
0.0
 40
0.7952
  0
CIRCLE
  5
34D
330
17
100
AcDbEntity
  8
HOLE
100
AcDbCircle
 10
625.4383999999991
 20
585.3558
 30
0.0
 40
0.994
  0
CIRCLE
  5
34E
330
17
100
AcDbEntity
  8
0
100
AcDbCircle
 10
560.8283999999985
 20
585.0579976000001
 30
0.0
 40
0.7952
  0
ARC
  5
34F
330
17
100
AcDbEntity
  8
0
100
AcDbCircle
 10
560.8283999999985
 20
585.0579976000001
 30
0.0
 40
0.91448
100
AcDbArc
 50
150.0
 51
60.0
  0
LINE
  5
350
330
17
100
AcDbEntity
  8
中心线
100
AcDbLine
 10
559.3970399999998
 20
585.0579976000001
 30
0.0
 11
562.2597599999972
 21
585.0579976000001
 31
0.0
  0
LINE
  5
351
330
17
100
AcDbEntity
  8
中心线
100
AcDbLine
 10
560.8283999999985
 20
583.6266376000001
 30
0.0
 11
560.8283999999985
 21
586.4893576000002
 31
0.0
  0
CIRCLE
  5
352
330
17
100
AcDbEntity
  8
0
100
AcDbCircle
 10
542.1411999999982
 20
581.02196
 30
0.0
 40
0.7952
  0
ARC
  5
353
330
17
100
AcDbEntity
  8
0
100
AcDbCircle
 10
542.1411999999982
 20
581.02196
 30
0.0
 40
0.91448
100
AcDbArc
 50
150.0
 51
60.0
  0
LINE
  5
354
330
17
100
AcDbEntity
  8
中心线
100
AcDbLine
 10
540.7098399999995
 20
581.02196
 30
0.0
 11
543.5725599999969
 21
581.02196
 31
0.0
  0
LINE
  5
355
330
17
100
AcDbEntity
  8
中心线
100
AcDbLine
 10
542.1411999999982
 20
579.5906
 30
0.0
 11
542.1411999999982
 21
582.4533200000001
 31
0.0
  0
CIRCLE
  5
356
330
17
100
AcDbEntity
  8
0
100
AcDbCircle
 10
579.5155999999988
 20
581.02196
 30
0.0
 40
0.7952
  0
ARC
  5
357
330
17
100
AcDbEntity
  8
0
100
AcDbCircle
 10
579.5155999999988
 20
581.02196
 30
0.0
 40
0.91448
100
AcDbArc
 50
150.0
 51
60.0
  0
LINE
  5
358
330
17
100
AcDbEntity
  8
中心线
100
AcDbLine
 10
578.0842400000001
 20
581.02196
 30
0.0
 11
580.9469599999975
 21
581.02196
 31
0.0
  0
LINE
  5
359
330
17
100
AcDbEntity
  8
中心线
100
AcDbLine
 10
579.5155999999988
 20
579.5906
 30
0.0
 11
579.5155999999988
 21
582.4533200000001
 31
0.0
  0
CIRCLE
  5
35A
330
17
100
AcDbEntity
  8
OUTLINE
100
AcDbCircle
 10
539.3580000000002
 20
591.39932
 30
0.0
 40
1.07352
  0
CIRCLE
  5
35B
330
17
100
AcDbEntity
  8
OUTLINE
100
AcDbCircle
 10
556.2559999999976
 20
630.1653200000001
 30
0.0
 40
0.838936
  0
CIRCLE
  5
35C
330
17
100
AcDbEntity
  8
0
100
AcDbCircle
 10
556.2559999999976
 20
630.1653200000001
 30
0.0
 40
0.5964
  0
ARC
  5
35D
330
17
100
AcDbEntity
  8
0
100
AcDbCircle
 10
556.2559999999976
 20
630.1653200000001
 30
0.0
 40
0.68586
100
AcDbArc
 50
150.0
 51
60.0
  0
LINE
  5
35E
330
17
100
AcDbEntity
  8
中心线
100
AcDbLine
 10
555.1824799999958
 20
630.1653200000001
 30
0.0
 11
557.3295199999993
 21
630.1653200000001
 31
0.0
  0
LINE
  5
35F
330
17
100
AcDbEntity
  8
中心线
100
AcDbLine
 10
556.2559999999976
 20
629.0918000000001
 30
0.0
 11
556.2559999999976
 21
631.23884
 31
0.0
  0
CIRCLE
  5
360
330
17
100
AcDbEntity
  8
OUTLINE
100
AcDbCircle
 10
625.4383999999991
 20
585.3558
 30
0.0
 40
1.07352
  0
LINE
  5
361
330
17
100
AcDbEntity
  8
OUTLINE
100
AcDbLine
 10
442.9804000000004
 20
658.395
 30
0.0
 11
442.9804000000004
 21
671.07844
 31
0.0
  0
LINE
  5
362
330
17
100
AcDbEntity
  8
OUTLINE
100
AcDbLine
 10
475.981200000002
 20
659.3889999999999
 30
0.0
 11
442.9804000000004
 21
659.3889999999999
 31
0.0
  0
LINE
  5
363
330
17
100
AcDbEntity
  8
OUTLINE
100
AcDbLine
 10
437.41400000000067
 20
658.395
 30
0.0
 11
442.9804000000004
 21
658.395
 31
0.0
  0
LINE
  5
364
330
17
100
AcDbEntity
  8
OUTLINE
100
AcDbLine
 10
475.981200000002
 20
658.395
 30
0.0
 11
442.9804000000004
 21
658.395
 31
0.0
  0
LINE
  5
365
330
17
100
AcDbEntity
  8
OUTLINE
100
AcDbLine
 10
475.981200000002
 20
658.395
 30
0.0
 11
483.9331999999995
 21
658.395
 31
0.0
  0
LINE
  5
366
330
17
100
AcDbEntity
  8
OUTLINE
100
AcDbLine
 10
469.4207999999999
 20
661.45652
 30
0.0
 11
469.4207999999999
 21
659.3889999999999
 31
0.0
  0
LINE
  5
367
330
17
100
AcDbEntity
  8
OUTLINE
100
AcDbLine
 10
467.83040000000256
 20
659.3889999999999
 30
0.0
 11
467.83040000000256
 21
661.45652
 31
0.0
  0
LINE
  5
368
330
17
100
AcDbEntity
  8
OUTLINE
100
AcDbLine
 10
460.27600000000166
 20
661.45652
 30
0.0
 11
460.27600000000166
 21
659.3889999999999
 31
0.0
  0
LINE
  5
369
330
17
100
AcDbEntity
  8
OUTLINE
100
AcDbLine
 10
458.6856000000007
 20
659.3889999999999
 30
0.0
 11
458.6856000000007
 21
661.45652
 31
0.0
  0
LINE
  5
36A
330
17
100
AcDbEntity
  8
OUTLINE
100
AcDbLine
 10
475.981200000002
 20
670.68084
 30
0.0
 11
442.9804000000004
 21
670.68084
 31
0.0
  0
LINE
  5
36B
330
17
100
AcDbEntity
  8
OUTLINE
100
AcDbLine
 10
442.9804000000004
 20
664.5578
 30
0.0
 11
443.3780000000006
 21
664.5578
 31
0.0
  0
LINE
  5
36C
330
17
100
AcDbEntity
  8
OUTLINE
100
AcDbLine
 10
443.3780000000006
 20
664.5578
 30
0.0
 11
443.3780000000006
 21
666.5457999999999
 31
0.0
  0
LINE
  5
36D
330
17
100
AcDbEntity
  8
OUTLINE
100
AcDbLine
 10
443.3780000000006
 20
666.5457999999999
 30
0.0
 11
442.9804000000004
 21
666.5457999999999
 31
0.0
  0
LINE
  5
36E
330
17
100
AcDbEntity
  8
OUTLINE
100
AcDbLine
 10
448.3480000000018
 20
661.8143600000001
 30
0.0
 11
448.3480000000018
 21
666.58556
 31
0.0
  0
LINE
  5
36F
330
17
100
AcDbEntity
  8
OUTLINE
100
AcDbLine
 10
453.51680000000124
 20
661.8143600000001
 30
0.0
 11
448.3480000000018
 21
661.8143600000001
 31
0.0
  0
LINE
  5
370
330
17
100
AcDbEntity
  8
OUTLINE
100
AcDbLine
 10
453.51680000000124
 20
666.58556
 30
0.0
 11
453.51680000000124
 21
661.8143600000001
 31
0.0
  0
LINE
  5
371
330
17
100
AcDbEntity
  8
OUTLINE
100
AcDbLine
 10
448.3480000000018
 20
666.58556
 30
0.0
 11
453.51680000000124
 21
666.58556
 31
0.0
  0
LINE
  5
372
330
17
100
AcDbEntity
  8
OUTLINE
100
AcDbLine
 10
482.9392000000007
 20
664.5578
 30
0.0
 11
479.3608000000022
 21
664.5578
 31
0.0
  0
LINE
  5
373
330
17
100
AcDbEntity
  8
OUTLINE
100
AcDbLine
 10
482.9392000000007
 20
666.5457999999999
 30
0.0
 11
482.9392000000007
 21
664.5578
 31
0.0
  0
LINE
  5
374
330
17
100
AcDbEntity
  8
OUTLINE
100
AcDbLine
 10
482.9392000000007
 20
666.5457999999999
 30
0.0
 11
479.3608000000022
 21
666.5457999999999
 31
0.0
  0
LINE
  5
375
330
17
100
AcDbEntity
  8
OUTLINE
100
AcDbLine
 10
479.3608000000022
 20
664.5578
 30
0.0
 11
479.3608000000022
 21
666.5457999999999
 31
0.0
  0
LINE
  5
376
330
17
100
AcDbEntity
  8
OUTLINE
100
AcDbLine
 10
462.70136000000275
 20
663.52404
 30
0.0
 11
456.2602399999996
 21
663.52404
 31
0.0
  0
LINE
  5
377
330
17
100
AcDbEntity
  8
OUTLINE
100
AcDbLine
 10
462.70136000000275
 20
666.339048
 30
0.0
 11
462.70136000000275
 21
663.52404
 31
0.0
  0
LINE
  5
378
330
17
100
AcDbEntity
  8
OUTLINE
100
AcDbLine
 10
456.2602399999996
 20
666.339048
 30
0.0
 11
462.70136000000275
 21
666.339048
 31
0.0
  0
LINE
  5
379
330
17
100
AcDbEntity
  8
OUTLINE
100
AcDbLine
 10
456.2602399999996
 20
663.52404
 30
0.0
 11
456.2602399999996
 21
666.339048
 31
0.0
  0
LINE
  5
37A
330
17
100
AcDbEntity
  8
OUTLINE
100
AcDbLine
 10
471.84616000000096
 20
663.52404
 30
0.0
 11
465.40504000000146
 21
663.52404
 31
0.0
  0
LINE
  5
37B
330
17
100
AcDbEntity
  8
OUTLINE
100
AcDbLine
 10
471.84616000000096
 20
666.339048
 30
0.0
 11
471.84616000000096
 21
663.52404
 31
0.0
  0
LINE
  5
37C
330
17
100
AcDbEntity
  8
OUTLINE
100
AcDbLine
 10
465.40504000000146
 20
666.339048
 30
0.0
 11
471.84616000000096
 21
666.339048
 31
0.0
  0
LINE
  5
37D
330
17
100
AcDbEntity
  8
OUTLINE
100
AcDbLine
 10
465.40504000000146
 20
663.52404
 30
0.0
 11
465.40504000000146
 21
666.339048
 31
0.0
  0
LINE
  5
37E
330
17
100
AcDbEntity
  8
OUTLINE
100
AcDbLine
 10
397.6734824000014
 20
671.07844
 30
0.0
 11
442.9804000000004
 21
671.07844
 31
0.0
  0
LINE
  5
37F
330
17
100
AcDbEntity
  8
OUTLINE
100
AcDbLine
 10
396.2679664000025
 20
671.07844
 30
0.0
 11
390.2840864000027
 21
671.07844
 31
0.0
  0
LINE
  5
380
330
17
100
AcDbEntity
  8
OUTLINE
100
AcDbLine
 10
475.981200000002
 20
671.07844
 30
0.0
 11
483.9331999999995
 21
671.07844
 31
0.0
  0
LINE
  5
381
330
17
100
AcDbEntity
  8
OUTLINE
100
AcDbLine
 10
475.981200000002
 20
671.07844
 30
0.0
 11
408.38920000000144
 21
671.07844
 31
0.0
  0
LINE
  5
382
330
17
100
AcDbEntity
  8
OUTLINE
100
AcDbLine
 10
437.41400000000067
 20
658.395
 30
0.0
 11
437.41400000000067
 21
663.1661999999999
 31
0.0
  0
LINE
  5
383
330
17
100
AcDbEntity
  8
OUTLINE
100
AcDbLine
 10
437.41400000000067
 20
663.1661999999999
 30
0.0
 11
397.6734824000014
 21
663.1661999999999
 31
0.0
  0
LINE
  5
384
330
17
100
AcDbEntity
  8
OUTLINE
100
AcDbLine
 10
402.82280000000173
 20
666.5457999999999
 30
0.0
 11
402.82280000000173
 21
664.5578
 31
0.0
  0
LINE
  5
385
330
17
100
AcDbEntity
  8
OUTLINE
100
AcDbLine
 10
402.82280000000173
 20
664.5578
 30
0.0
 11
406.40120000000024
 21
664.5578
 31
0.0
  0
LINE
  5
386
330
17
100
AcDbEntity
  8
OUTLINE
100
AcDbLine
 10
406.40120000000024
 20
664.5578
 30
0.0
 11
406.40120000000024
 21
666.5457999999999
 31
0.0
  0
LINE
  5
387
330
17
100
AcDbEntity
  8
OUTLINE
100
AcDbLine
 10
406.40120000000024
 20
666.5457999999999
 30
0.0
 11
402.82280000000173
 21
666.5457999999999
 31
0.0
  0
LINE
  5
388
330
17
100
AcDbEntity
  8
OUTLINE
100
AcDbLine
 10
390.2840864000027
 20
663.1661999999999
 30
0.0
 11
396.2679664000025
 21
663.1661999999999
 31
0.0
  0
LINE
  5
389
330
17
100
AcDbEntity
  8
OUTLINE
100
AcDbLine
 10
389.70200000000114
 20
663.1661999999999
 30
0.0
 11
389.70200000000114
 21
671.07844
 31
0.0
  0
LINE
  5
38A
330
17
100
AcDbEntity
  8
OUTLINE
100
AcDbLine
 10
475.981200000002
 20
658.395
 30
0.0
 11
475.981200000002
 21
671.07844
 31
0.0
  0
LINE
  5
38B
330
17
100
AcDbEntity
  8
OUTLINE
100
AcDbLine
 10
485.9212000000007
 20
671.07844
 30
0.0
 11
485.9212000000007
 21
658.395
 31
0.0
  0
LINE
  5
38C
330
17
100
AcDbEntity
  8
OUTLINE
100
AcDbLine
 10
397.6734824000014
 20
671.07844
 30
0.0
 11
397.6734824000014
 21
663.1661999999999
 31
0.0
  0
LINE
  5
38D
330
17
100
AcDbEntity
  8
OUTLINE
100
AcDbLine
 10
390.2840864000027
 20
671.07844
 30
0.0
 11
390.2840864000027
 21
663.1661999999999
 31
0.0
  0
LINE
  5
38E
330
17
100
AcDbEntity
  8
OUTLINE
100
AcDbLine
 10
396.2679664000025
 20
663.1661999999999
 30
0.0
 11
396.2679664000025
 21
671.07844
 31
0.0
  0
LINE
  5
38F
330
17
100
AcDbEntity
  8
OUTLINE
100
AcDbLine
 10
405.40720000000147
 20
664.5578
 30
0.0
 11
405.40720000000147
 21
666.5457999999999
 31
0.0
  0
LINE
  5
390
330
17
100
AcDbEntity
  8
OUTLINE
100
AcDbLine
 10
483.9331999999995
 20
658.395
 30
0.0
 11
483.9331999999995
 21
671.07844
 31
0.0
  0
LINE
  5
391
330
17
100
AcDbEntity
  8
OUTLINE
100
AcDbLine
 10
473.7944000000025
 20
659.3889999999999
 30
0.0
 11
473.7944000000025
 21
666.347
 31
0.0
  0
LINE
  5
392
330
17
100
AcDbEntity
  8
OUTLINE
100
AcDbLine
 10
443.9744000000028
 20
659.3889999999999
 30
0.0
 11
443.9744000000028
 21
666.347
 31
0.0
  0
LINE
  5
393
330
17
100
AcDbEntity
  8
OUTLINE
100
AcDbLine
 10
446.3600000000006
 20
659.3889999999999
 30
0.0
 11
446.3600000000006
 21
666.347
 31
0.0
  0
LINE
  5
394
330
17
100
AcDbEntity
  8
OUTLINE
100
AcDbLine
 10
462.8007600000019
 20
659.3889999999999
 30
0.0
 11
462.8007600000019
 21
659.66732
 31
0.0
  0
LINE
  5
395
330
17
100
AcDbEntity
  8
OUTLINE
100
AcDbLine
 10
465.3056400000023
 20
659.3889999999999
 30
0.0
 11
465.3056400000023
 21
659.66732
 31
0.0
  0
SPLINE
  5
396
330
17
100
AcDbEntity
  8
OUTLINE
100
AcDbSpline
 70
0
 71
3
 72
0
 73
0
 74
25
 11
483.9331999999995
 21
658.395
 31
0.0
 11
484.06321519999983
 21
658.395
 31
0.0
 11
484.19243520000236
 21
658.395
 31
0.0
 11
484.3204624000027
 21
658.395
 31
0.0
 11
484.4468992000002
 21
658.395
 31
0.0
 11
484.57174560000203
 21
658.395
 31
0.0
 11
484.69261600000027
 21
658.395
 31
0.0
 11
484.8118960000029
 21
658.395
 31
0.0
 11
484.92600719999973
 21
658.395
 31
0.0
 11
485.03614240000024
 21
658.395
 31
0.0
 11
485.1423016000008
 21
658.395
 31
0.0
 11
485.24209920000067
 21
658.395
 31
0.0
 11
485.33911360000275
 21
658.395
 31
0.0
 11
485.4253927999998
 21
658.395
 31
0.0
 11
485.50888880000275
 21
658.395
 31
0.0
 11
485.5844328000021
 21
658.395
 31
0.0
 11
485.65242240000225
 21
658.395
 31
0.0
 11
485.71524320000026
 21
658.395
 31
0.0
 11
485.7669311999998
 21
658.395
 31
0.0
 11
485.8146431999994
 21
658.395
 31
0.0
 11
485.8508247999998
 21
658.395
 31
0.0
 11
485.8806447999996
 21
658.395
 31
0.0
 11
485.9025127999994
 21
658.395
 31
0.0
 11
485.9140432000022
 21
658.395
 31
0.0
 11
485.9212000000007
 21
658.395
 31
0.0
  0
SPLINE
  5
397
330
17
100
AcDbEntity
  8
OUTLINE
100
AcDbSpline
 70
0
 71
3
 72
0
 73
0
 74
25
 11
397.6734824000014
 21
671.07844
 31
0.0
 11
397.60867359999975
 21
671.07844
 31
0.0
 11
397.54386480000176
 21
671.07844
 31
0.0
 11
397.4790560000001
 21
671.07844
 31
0.0
 11
397.41424720000214
 21
671.07844
 31
0.0
 11
397.34983600000123
 21
671.07844
 31
0.0
 11
397.28582240000105
 21
671.07844
 31
0.0
 11
397.2222064000016
 21
671.07844
 31
0.0
 11
397.15938559999995
 21
671.07844
 31
0.0
 11
397.09696240000267
 21
671.07844
 31
0.0
 11
397.03493680000247
 21
671.07844
 31
0.0
 11
396.9737064000001
 21
671.07844
 31
0.0
 11
396.91287360000206
 21
671.07844
 31
0.0
 11
396.85363119999965
 21
671.07844
 31
0.0
 11
396.7947864000016
 21
671.07844
 31
0.0
 11
396.7367368000014
 21
671.07844
 31
0.0
 11
396.6798799999997
 21
671.07844
 31
0.0
 11
396.62381839999944
 21
671.07844
 31
0.0
 11
396.5697448000028
 21
671.07844
 31
0.0
 11
396.51567120000254
 21
671.07844
 31
0.0
 11
396.46398319999935
 21
671.07844
 31
0.0
 11
396.4126928000005
 21
671.07844
 31
0.0
 11
396.36299280000094
 21
671.07844
 31
0.0
 11
396.31528080000135
 21
671.07844
 31
0.0
 11
396.2679664000025
 21
671.07844
 31
0.0
  0
SPLINE
  5
398
330
17
100
AcDbEntity
  8
OUTLINE
100
AcDbSpline
 70
0
 71
3
 72
0
 73
0
 74
25
 11
390.2840864000027
 21
671.07844
 31
0.0
 11
390.23955520000163
 21
671.07844
 31
0.0
 11
390.195819200002
 21
671.07844
 31
0.0
 11
390.15367360000164
 21
671.07844
 31
0.0
 11
390.11351600000125
 21
671.07844
 31
0.0
 11
390.0741536000023
 21
671.07844
 31
0.0
 11
390.0375744000012
 21
671.07844
 31
0.0
 11
390.0021880000022
 21
671.07844
 31
0.0
 11
389.9687895999996
 21
671.07844
 31
0.0
 11
389.9373792000006
 21
671.07844
 31
0.0
 11
389.90755920000083
 21
671.07844
 31
0.0
 11
389.87972720000107
 21
671.07844
 31
0.0
 11
389.85348560000057
 21
671.07844
 31
0.0
 11
389.8300272000015
 21
671.07844
 31
0.0
 11
389.80776160000096
 21
671.07844
 31
0.0
 11
389.78827920000185
 21
671.07844
 31
0.0
 11
389.770387200002
 21
671.07844
 31
0.0
 11
389.7540856000014
 21
671.07844
 31
0.0
 11
389.74096479999935
 21
671.07844
 31
0.0
 11
389.72863920000236
 21
671.07844
 31
0.0
 11
389.719892000001
 21
671.07844
 31
0.0
 11
389.7123376000018
 21
671.07844
 31
0.0
 11
389.70677120000255
 21
671.07844
 31
0.0
 11
389.7039880000011
 21
671.07844
 31
0.0
 11
389.70200000000114
 21
671.07844
 31
0.0
  0
SPLINE
  5
399
330
17
100
AcDbEntity
  8
OUTLINE
100
AcDbSpline
 70
0
 71
3
 72
0
 73
0
 74
25
 11
485.9212000000007
 21
671.07844
 31
0.0
 11
485.9140432000022
 21
671.07844
 31
0.0
 11
485.9025127999994
 21
671.07844
 31
0.0
 11
485.8806447999996
 21
671.07844
 31
0.0
 11
485.8508247999998
 21
671.07844
 31
0.0
 11
485.8146431999994
 21
671.07844
 31
0.0
 11
485.7669311999998
 21
671.07844
 31
0.0
 11
485.71524320000026
 21
671.07844
 31
0.0
 11
485.65242240000225
 21
671.07844
 31
0.0
 11
485.5844328000021
 21
671.07844
 31
0.0
 11
485.50888880000275
 21
671.07844
 31
0.0
 11
485.4253927999998
 21
671.07844
 31
0.0
 11
485.33911360000275
 21
671.07844
 31
0.0
 11
485.24209920000067
 21
671.07844
 31
0.0
 11
485.1423016000008
 21
671.07844
 31
0.0
 11
485.03614240000024
 21
671.07844
 31
0.0
 11
484.92600719999973
 21
671.07844
 31
0.0
 11
484.8118960000029
 21
671.07844
 31
0.0
 11
484.69261600000027
 21
671.07844
 31
0.0
 11
484.57174560000203
 21
671.07844
 31
0.0
 11
484.4468992000002
 21
671.07844
 31
0.0
 11
484.3204624000027
 21
671.07844
 31
0.0
 11
484.19243520000236
 21
671.07844
 31
0.0
 11
484.06321519999983
 21
671.07844
 31
0.0
 11
483.9331999999995
 21
671.07844
 31
0.0
  0
SPLINE
  5
39A
330
17
100
AcDbEntity
  8
OUTLINE
100
AcDbSpline
 70
0
 71
3
 72
0
 73
0
 74
25
 11
389.70200000000114
 21
663.1661999999999
 31
0.0
 11
389.7039880000011
 21
663.1661999999999
 31
0.0
 11
389.70677120000255
 21
663.1661999999999
 31
0.0
 11
389.7123376000018
 21
663.1661999999999
 31
0.0
 11
389.719892000001
 21
663.1661999999999
 31
0.0
 11
389.72863920000236
 21
663.1661999999999
 31
0.0
 11
389.74096479999935
 21
663.1661999999999
 31
0.0
 11
389.7540856000014
 21
663.1661999999999
 31
0.0
 11
389.770387200002
 21
663.1661999999999
 31
0.0
 11
389.78827920000185
 21
663.1661999999999
 31
0.0
 11
389.80776160000096
 21
663.1661999999999
 31
0.0
 11
389.8300272000015
 21
663.1661999999999
 31
0.0
 11
389.85348560000057
 21
663.1661999999999
 31
0.0
 11
389.87972720000107
 21
663.1661999999999
 31
0.0
 11
389.90755920000083
 21
663.1661999999999
 31
0.0
 11
389.9373792000006
 21
663.1661999999999
 31
0.0
 11
389.9687895999996
 21
663.1661999999999
 31
0.0
 11
390.0021880000022
 21
663.1661999999999
 31
0.0
 11
390.0375744000012
 21
663.1661999999999
 31
0.0
 11
390.0741536000023
 21
663.1661999999999
 31
0.0
 11
390.11351600000125
 21
663.1661999999999
 31
0.0
 11
390.15367360000164
 21
663.1661999999999
 31
0.0
 11
390.195819200002
 21
663.1661999999999
 31
0.0
 11
390.23955520000163
 21
663.1661999999999
 31
0.0
 11
390.2840864000027
 21
663.1661999999999
 31
0.0
  0
SPLINE
  5
39B
330
17
100
AcDbEntity
  8
OUTLINE
100
AcDbSpline
 70
0
 71
3
 72
0
 73
0
 74
25
 11
396.2679664000025
 21
663.1661999999999
 31
0.0
 11
396.31528080000135
 21
663.1661999999999
 31
0.0
 11
396.36299280000094
 21
663.1661999999999
 31
0.0
 11
396.4126928000005
 21
663.1661999999999
 31
0.0
 11
396.46398319999935
 21
663.1661999999999
 31
0.0
 11
396.51567120000254
 21
663.1661999999999
 31
0.0
 11
396.5697448000028
 21
663.1661999999999
 31
0.0
 11
396.62381839999944
 21
663.1661999999999
 31
0.0
 11
396.6798799999997
 21
663.1661999999999
 31
0.0
 11
396.7367368000014
 21
663.1661999999999
 31
0.0
 11
396.7947864000016
 21
663.1661999999999
 31
0.0
 11
396.85363119999965
 21
663.1661999999999
 31
0.0
 11
396.91287360000206
 21
663.1661999999999
 31
0.0
 11
396.9737064000001
 21
663.1661999999999
 31
0.0
 11
397.03493680000247
 21
663.1661999999999
 31
0.0
 11
397.09696240000267
 21
663.1661999999999
 31
0.0
 11
397.15938559999995
 21
663.1661999999999
 31
0.0
 11
397.2222064000016
 21
663.1661999999999
 31
0.0
 11
397.28582240000105
 21
663.1661999999999
 31
0.0
 11
397.34983600000123
 21
663.1661999999999
 31
0.0
 11
397.41424720000214
 21
663.1661999999999
 31
0.0
 11
397.4790560000001
 21
663.1661999999999
 31
0.0
 11
397.54386480000176
 21
663.1661999999999
 31
0.0
 11
397.60867359999975
 21
663.1661999999999
 31
0.0
 11
397.6734824000014
 21
663.1661999999999
 31
0.0
  0
SPLINE
  5
39C
330
17
100
AcDbEntity
  8
OUTLINE
100
AcDbSpline
 70
0
 71
3
 72
0
 73
0
 74
25
 11
474.9871999999996
 21
666.347
 31
0.0
 11
474.9092703999995
 21
666.347
 31
0.0
 11
474.8317384000002
 21
666.347
 31
0.0
 11
474.75460400000156
 21
666.347
 31
0.0
 11
474.6790600000022
 21
666.347
 31
0.0
 11
474.60391359999994
 21
666.347
 31
0.0
 11
474.53155040000274
 21
666.347
 31
0.0
 11
474.4599823999997
 21
666.347
 31
0.0
 11
474.3915952000025
 21
666.347
 31
0.0
 11
474.3251960000016
 21
666.347
 31
0.0
 11
474.26158000000214
 21
666.347
 31
0.0
 11
474.20194000000265
 21
666.347
 31
0.0
 11
474.1438904000024
 21
666.347
 31
0.0
 11
474.09180480000214
 21
666.347
 31
0.0
 11
474.04170720000184
 21
666.347
 31
0.0
 11
473.9963807999993
 21
666.347
 31
0.0
 11
473.95582560000184
 21
666.347
 31
0.0
 11
473.91805360000217
 21
666.347
 31
0.0
 11
473.88704080000025
 21
666.347
 31
0.0
 11
473.8584136000027
 21
666.347
 31
0.0
 11
473.83654560000286
 21
666.347
 31
0.0
 11
473.8186535999994
 21
666.347
 31
0.0
 11
473.80553280000095
 21
666.347
 31
0.0
 11
473.79877359999955
 21
666.347
 31
0.0
 11
473.7944000000025
 21
666.347
 31
0.0
  0
SPLINE
  5
39D
330
17
100
AcDbEntity
  8
OUTLINE
100
AcDbSpline
 70
0
 71
3
 72
0
 73
0
 74
25
 11
475.981200000002
 21
666.347
 31
0.0
 11
475.9525728000008
 21
666.347
 31
0.0
 11
475.9235480000025
 21
666.347
 31
0.0
 11
475.89213759999984
 21
666.347
 31
0.0
 11
475.8595344000023
 21
666.347
 31
0.0
 11
475.8257384000026
 21
666.347
 31
0.0
 11
475.7899544000029
 21
666.347
 31
0.0
 11
475.75337520000176
 21
666.347
 31
0.0
 11
475.71520560000135
 21
666.347
 31
0.0
 11
475.6758432000024
 21
666.347
 31
0.0
 11
475.6352880000013
 21
666.347
 31
0.0
 11
475.59354000000167
 21
666.347
 31
0.0
 11
475.5513944000013
 21
666.347
 31
0.0
 11
475.50726080000095
 21
666.347
 31
0.0
 11
475.4631272000006
 21
666.347
 31
0.0
 11
475.4178008000017
 21
666.347
 31
0.0
 11
475.3716792000014
 21
666.347
 31
0.0
 11
475.3251600000003
 21
666.347
 31
0.0
 11
475.27784560000146
 21
666.347
 31
0.0
 11
475.23013360000186
 21
666.347
 31
0.0
 11
475.18202400000155
 21
666.347
 31
0.0
 11
475.1335168000005
 21
666.347
 31
0.0
 11
475.08500959999947
 21
666.347
 31
0.0
 11
475.03610480000134
 21
666.347
 31
0.0
 11
474.9871999999996
 21
666.347
 31
0.0
  0
SPLINE
  5
39E
330
17
100
AcDbEntity
  8
OUTLINE
100
AcDbSpline
 70
0
 71
3
 72
0
 73
0
 74
25
 11
445.16719999999987
 21
666.347
 31
0.0
 11
445.0892703999998
 21
666.347
 31
0.0
 11
445.01173840000047
 21
666.347
 31
0.0
 11
444.93460400000185
 21
666.347
 31
0.0
 11
444.8590600000025
 21
666.347
 31
0.0
 11
444.78391360000023
 21
666.347
 31
0.0
 11
444.7115503999994
 21
666.347
 31
0.0
 11
444.6399824
 21
666.347
 31
0.0
 11
444.5715952000028
 21
666.347
 31
0.0
 11
444.5051960000019
 21
666.347
 31
0.0
 11
444.44158000000243
 21
666.347
 31
0.0
 11
444.38194000000294
 21
666.347
 31
0.0
 11
444.3238904000027
 21
666.347
 31
0.0
 11
444.2718048000024
 21
666.347
 31
0.0
 11
444.22170720000213
 21
666.347
 31
0.0
 11
444.1763807999996
 21
666.347
 31
0.0
 11
444.13582560000214
 21
666.347
 31
0.0
 11
444.09805360000246
 21
666.347
 31
0.0
 11
444.06704080000054
 21
666.347
 31
0.0
 11
444.03841359999933
 21
666.347
 31
0.0
 11
444.0165455999995
 21
666.347
 31
0.0
 11
443.99865359999967
 21
666.347
 31
0.0
 11
443.98553280000124
 21
666.347
 31
0.0
 11
443.97877359999984
 21
666.347
 31
0.0
 11
443.9744000000028
 21
666.347
 31
0.0
  0
SPLINE
  5
39F
330
17
100
AcDbEntity
  8
OUTLINE
100
AcDbSpline
 70
0
 71
3
 72
0
 73
0
 74
25
 11
446.3600000000006
 21
666.347
 31
0.0
 11
446.3556263999999
 21
666.347
 31
0.0
 11
446.34886720000213
 21
666.347
 31
0.0
 11
446.33574640000006
 21
666.347
 31
0.0
 11
446.3178544000002
 21
666.347
 31
0.0
 11
446.2959864000004
 21
666.347
 31
0.0
 11
446.26735920000283
 21
666.347
 31
0.0
 11
446.2363464000009
 21
666.347
 31
0.0
 11
446.19857440000123
 21
666.347
 31
0.0
 11
446.1580192000001
 21
666.347
 31
0.0
 11
446.11269280000124
 21
666.347
 31
0.0
 11
446.06259520000094
 21
666.347
 31
0.0
 11
446.01050960000066
 21
666.347
 31
0.0
 11
445.9524600000004
 21
666.347
 31
0.0
 11
445.89282000000094
 21
666.347
 31
0.0
 11
445.8292040000015
 21
666.347
 31
0.0
 11
445.7628048000006
 21
666.347
 31
0.0
 11
445.6944175999997
 21
666.347
 31
0.0
 11
445.62284960000034
 21
666.347
 31
0.0
 11
445.5504863999995
 21
666.347
 31
0.0
 11
445.47534000000087
 21
666.347
 31
0.0
 11
445.3997960000015
 21
666.347
 31
0.0
 11
445.3226616000029
 21
666.347
 31
0.0
 11
445.2451295999999
 21
666.347
 31
0.0
 11
445.16719999999987
 21
666.347
 31
0.0
  0
SPLINE
  5
3A0
330
17
100
AcDbEntity
  8
OUTLINE
100
AcDbSpline
 70
0
 71
3
 72
0
 73
0
 74
25
 11
464.0532000000021
 21
659.7865999999999
 31
0.0
 11
463.979246400002
 21
659.7865999999999
 31
0.0
 11
463.9052928000019
 21
659.7865999999999
 31
0.0
 11
463.83253200000036
 21
659.7865999999999
 31
0.0
 11
463.7601687999995
 21
659.7865999999999
 31
0.0
 11
463.68899840000086
 21
659.7865999999999
 31
0.0
 11
463.6202136000029
 21
659.7865999999999
 31
0.0
 11
463.55222400000275
 21
659.7865999999999
 31
0.0
 11
463.4874152000011
 21
659.7865999999999
 31
0.0
 11
463.4245943999995
 21
659.7865999999999
 31
0.0
 11
463.36376160000145
 21
659.7865999999999
 31
0.0
 11
463.3073024000005
 21
659.7865999999999
 31
0.0
 11
463.2520360000017
 21
659.7865999999999
 31
0.0
 11
463.20273360000283
 21
659.7865999999999
 31
0.0
 11
463.1550215999996
 21
659.7865999999999
 31
0.0
 11
463.1120808000014
 21
659.7865999999999
 31
0.0
 11
463.0731159999996
 21
659.7865999999999
 31
0.0
 11
463.0373319999999
 21
659.7865999999999
 31
0.0
 11
463.00790960000086
 21
659.7865999999999
 31
0.0
 11
462.98087280000254
 21
659.7865999999999
 31
0.0
 11
462.96019760000127
 21
659.7865999999999
 31
0.0
 11
462.94310080000287
 21
659.7865999999999
 31
0.0
 11
462.93077520000224
 21
659.7865999999999
 31
0.0
 11
462.92401600000085
 21
659.7865999999999
 31
0.0
 11
462.9200400000009
 21
659.7865999999999
 31
0.0
  0
SPLINE
  5
3A1
330
17
100
AcDbEntity
  8
OUTLINE
100
AcDbSpline
 70
0
 71
3
 72
0
 73
0
 74
25
 11
465.1863599999997
 21
659.7865999999999
 31
0.0
 11
465.18238399999973
 21
659.7865999999999
 31
0.0
 11
465.17562480000197
 21
659.7865999999999
 31
0.0
 11
465.16329920000135
 21
659.7865999999999
 31
0.0
 11
465.14620240000295
 21
659.7865999999999
 31
0.0
 11
465.12552720000167
 21
659.7865999999999
 31
0.0
 11
465.0984903999997
 21
659.7865999999999
 31
0.0
 11
465.0690680000007
 21
659.7865999999999
 31
0.0
 11
465.033284000001
 21
659.7865999999999
 31
0.0
 11
464.9943192000028
 21
659.7865999999999
 31
0.0
 11
464.951378400001
 21
659.7865999999999
 31
0.0
 11
464.9036664000014
 21
659.7865999999999
 31
0.0
 11
464.85436400000253
 21
659.7865999999999
 31
0.0
 11
464.7990976000001
 21
659.7865999999999
 31
0.0
 11
464.74263840000276
 21
659.7865999999999
 31
0.0
 11
464.6818056000011
 21
659.7865999999999
 31
0.0
 11
464.61898479999945
 21
659.7865999999999
 31
0.0
 11
464.55417600000146
 21
659.7865999999999
 31
0.0
 11
464.4861864000013
 21
659.7865999999999
 31
0.0
 11
464.4174015999997
 21
659.7865999999999
 31
0.0
 11
464.34623120000106
 21
659.7865999999999
 31
0.0
 11
464.2738680000002
 21
659.7865999999999
 31
0.0
 11
464.2011072000023
 21
659.7865999999999
 31
0.0
 11
464.1271536000022
 21
659.7865999999999
 31
0.0
 11
464.0532000000021
 21
659.7865999999999
 31
0.0
  0
SPLINE
  5
3A2
330
17
100
AcDbEntity
  8
OUTLINE
100
AcDbSpline
 70
0
 71
3
 72
0
 73
0
 74
25
 11
464.64960000000065
 21
659.7865999999999
 31
0.0
 11
464.6408528000029
 21
659.7865999999999
 31
0.0
 11
464.6273344000001
 21
659.7865999999999
 31
0.0
 11
464.60149040000033
 21
659.7865999999999
 31
0.0
 11
464.5668992000028
 21
659.7865999999999
 31
0.0
 11
464.52554880000025
 21
659.7865999999999
 31
0.0
 11
464.47227040000143
 21
659.7865999999999
 31
0.0
 11
464.41581120000046
 21
659.7865999999999
 31
0.0
 11
464.3498096000003
 21
659.7865999999999
 31
0.0
 11
464.2806272000016
 21
659.7865999999999
 31
0.0
 11
464.20707120000225
 21
659.7865999999999
 31
0.0
 11
464.13073200000144
 21
659.7865999999999
 31
0.0
 11
464.0532000000021
 21
659.7865999999999
 31
0.0
 11
463.97566800000277
 21
659.7865999999999
 31
0.0
 11
463.89932880000197
 21
659.7865999999999
 31
0.0
 11
463.8257728000026
 21
659.7865999999999
 31
0.0
 11
463.7565904000003
 21
659.7865999999999
 31
0.0
 11
463.6905888000001
 21
659.7865999999999
 31
0.0
 11
463.6341296000028
 21
659.7865999999999
 31
0.0
 11
463.5808512000003
 21
659.7865999999999
 31
0.0
 11
463.5395008000014
 21
659.7865999999999
 31
0.0
 11
463.50490960000025
 21
659.7865999999999
 31
0.0
 11
463.47906560000047
 21
659.7865999999999
 31
0.0
 11
463.4655472000013
 21
659.7865999999999
 31
0.0
 11
463.45679999999993
 21
659.7865999999999
 31
0.0
  0
SPLINE
  5
3A3
330
17
100
AcDbEntity
  8
OUTLINE
100
AcDbSpline
 70
0
 71
3
 72
0
 73
0
 74
25
 11
463.45679999999993
 21
659.7865999999999
 31
0.0
 11
463.4655472000013
 21
659.7865999999999
 31
0.0
 11
463.47906560000047
 21
659.7865999999999
 31
0.0
 11
463.50490960000025
 21
659.7865999999999
 31
0.0
 11
463.5395008000014
 21
659.7865999999999
 31
0.0
 11
463.5808512000003
 21
659.7865999999999
 31
0.0
 11
463.6341296000028
 21
659.7865999999999
 31
0.0
 11
463.6905888000001
 21
659.7865999999999
 31
0.0
 11
463.7565904000003
 21
659.7865999999999
 31
0.0
 11
463.8257728000026
 21
659.7865999999999
 31
0.0
 11
463.89932880000197
 21
659.7865999999999
 31
0.0
 11
463.97566800000277
 21
659.7865999999999
 31
0.0
 11
464.0532000000021
 21
659.7865999999999
 31
0.0
 11
464.13073200000144
 21
659.7865999999999
 31
0.0
 11
464.20707120000225
 21
659.7865999999999
 31
0.0
 11
464.2806272000016
 21
659.7865999999999
 31
0.0
 11
464.3498096000003
 21
659.7865999999999
 31
0.0
 11
464.41581120000046
 21
659.7865999999999
 31
0.0
 11
464.47227040000143
 21
659.7865999999999
 31
0.0
 11
464.52554880000025
 21
659.7865999999999
 31
0.0
 11
464.5668992000028
 21
659.7865999999999
 31
0.0
 11
464.60149040000033
 21
659.7865999999999
 31
0.0
 11
464.6273344000001
 21
659.7865999999999
 31
0.0
 11
464.6408528000029
 21
659.7865999999999
 31
0.0
 11
464.64960000000065
 21
659.7865999999999
 31
0.0
  0
SPLINE
  5
3A4
330
17
100
AcDbEntity
  8
OUTLINE
100
AcDbSpline
 70
0
 71
3
 72
0
 73
0
 74
25
 11
465.3056400000023
 21
659.66732
 31
0.0
 11
465.3008688000009
 21
659.66732
 31
0.0
 11
465.2937120000024
 21
659.66732
 31
0.0
 11
465.2801935999996
 21
659.66732
 31
0.0
 11
465.26110880000124
 21
659.66732
 31
0.0
 11
465.2384456
 21
659.66732
 31
0.0
 11
465.20862560000023
 21
659.66732
 31
0.0
 11
465.1760224000027
 21
659.66732
 31
0.0
 11
465.1362623999994
 21
659.66732
 31
0.0
 11
465.0933216000012
 21
659.66732
 31
0.0
 11
465.04600720000235
 21
659.66732
 31
0.0
 11
464.99352400000134
 21
659.66732
 31
0.0
 11
464.93865519999963
 21
659.66732
 31
0.0
 11
464.8778224000016
 21
659.66732
 31
0.0
 11
464.81500159999996
 21
659.66732
 31
0.0
 11
464.748204800002
 21
659.66732
 31
0.0
 11
464.6786248000026
 21
659.66732
 31
0.0
 11
464.60665920000247
 21
659.66732
 31
0.0
 11
464.5319104000009
 21
659.66732
 31
0.0
 11
464.4555712000001
 21
659.66732
 31
0.0
 11
464.37684640000225
 21
659.66732
 31
0.0
 11
464.29732640000293
 21
659.66732
 31
0.0
 11
464.21661360000144
 21
659.66732
 31
0.0
 11
464.13510560000213
 21
659.66732
 31
0.0
 11
464.0532000000021
 21
659.66732
 31
0.0
  0
SPLINE
  5
3A5
330
17
100
AcDbEntity
  8
OUTLINE
100
AcDbSpline
 70
0
 71
3
 72
0
 73
0
 74
25
 11
464.0532000000021
 21
659.66732
 31
0.0
 11
463.9712944000021
 21
659.66732
 31
0.0
 11
463.8897864000028
 21
659.66732
 31
0.0
 11
463.8090736000013
 21
659.66732
 31
0.0
 11
463.72955360000196
 21
659.66732
 31
0.0
 11
463.65082880000045
 21
659.66732
 31
0.0
 11
463.57448959999965
 21
659.66732
 31
0.0
 11
463.49974080000175
 21
659.66732
 31
0.0
 11
463.42777520000163
 21
659.66732
 31
0.0
 11
463.3581952000022
 21
659.66732
 31
0.0
 11
463.2913984000006
 21
659.66732
 31
0.0
 11
463.2285776000026
 21
659.66732
 31
0.0
 11
463.16774480000095
 21
659.66732
 31
0.0
 11
463.11287600000287
 21
659.66732
 31
0.0
 11
463.06039280000186
 21
659.66732
 31
0.0
 11
463.01307839999936
 21
659.66732
 31
0.0
 11
462.9701376000012
 21
659.66732
 31
0.0
 11
462.9303776000015
 21
659.66732
 31
0.0
 11
462.89777440000034
 21
659.66732
 31
0.0
 11
462.8679544000006
 21
659.66732
 31
0.0
 11
462.84529119999934
 21
659.66732
 31
0.0
 11
462.82620640000096
 21
659.66732
 31
0.0
 11
462.8126880000018
 21
659.66732
 31
0.0
 11
462.8055311999997
 21
659.66732
 31
0.0
 11
462.8007600000019
 21
659.66732
 31
0.0
  0
CIRCLE
  5
3A6
330
17
100
AcDbEntity
  8
OUTLINE
100
AcDbCircle
 10
437.01640000000043
 20
668.9313999999999
 30
0.0
 40
1.3923952
  0
CIRCLE
  5
3A7
330
17
100
AcDbEntity
  8
OUTLINE
100
AcDbCircle
 10
414.3532000000014
 20
668.9313999999999
 30
0.0
 40
1.3923952
  0
CIRCLE
  5
3A8
330
17
100
AcDbEntity
  8
OUTLINE
100
AcDbCircle
 10
401.630000000001
 20
668.9313999999999
 30
0.0
 40
1.3923952
  0
CIRCLE
  5
3A9
330
17
100
AcDbEntity
  8
OUTLINE
100
AcDbCircle
 10
480.5536000000029
 20
668.9313999999999
 30
0.0
 40
1.3923952
  0
LINE
  5
3AA
330
17
100
AcDbEntity
  8
OUTLINE
100
AcDbLine
 10
442.9804000000004
 20
545.1986399999998
 30
0.0
 11
442.9804000000004
 21
547.1866399999999
 31
0.0
  0
LINE
  5
3AB
330
17
100
AcDbEntity
  8
OUTLINE
100
AcDbLine
 10
460.27600000000166
 20
552.35544
 30
0.0
 11
458.6856000000007
 21
552.35544
 31
0.0
  0
LINE
  5
3AC
330
17
100
AcDbEntity
  8
OUTLINE
100
AcDbLine
 10
469.4207999999999
 20
552.35544
 30
0.0
 11
467.83040000000256
 21
552.35544
 31
0.0
  0
LINE
  5
3AD
330
17
100
AcDbEntity
  8
OUTLINE
100
AcDbLine
 10
471.8064000000013
 20
553.34944
 30
0.0
 11
456.3000000000029
 21
553.34944
 31
0.0
  0
LINE
  5
3AE
330
17
100
AcDbEntity
  8
OUTLINE
100
AcDbLine
 10
455.1072000000022
 20
553.34944
 30
0.0
 11
437.41400000000067
 21
553.34944
 31
0.0
  0
LINE
  5
3AF
330
17
100
AcDbEntity
  8
OUTLINE
100
AcDbLine
 10
483.9331999999995
 20
553.34944
 30
0.0
 11
472.999200000002
 21
553.34944
 31
0.0
  0
LINE
  5
3B0
330
17
100
AcDbEntity
  8
OUTLINE
100
AcDbLine
 10
472.999200000002
 20
553.34944
 30
0.0
 11
472.999200000002
 21
552.95184
 31
0.0
  0
LINE
  5
3B1
330
17
100
AcDbEntity
  8
OUTLINE
100
AcDbLine
 10
469.4207999999999
 20
552.95184
 30
0.0
 11
467.83040000000256
 21
552.95184
 31
0.0
  0
LINE
  5
3B2
330
17
100
AcDbEntity
  8
OUTLINE
100
AcDbLine
 10
460.27600000000166
 20
552.95184
 30
0.0
 11
467.83040000000256
 21
552.95184
 31
0.0
  0
LINE
  5
3B3
330
17
100
AcDbEntity
  8
OUTLINE
100
AcDbLine
 10
460.27600000000166
 20
552.95184
 30
0.0
 11
458.6856000000007
 21
552.95184
 31
0.0
  0
LINE
  5
3B4
330
17
100
AcDbEntity
  8
OUTLINE
100
AcDbLine
 10
455.1072000000022
 20
552.95184
 30
0.0
 11
458.6856000000007
 21
552.95184
 31
0.0
  0
LINE
  5
3B5
330
17
100
AcDbEntity
  8
OUTLINE
100
AcDbLine
 10
469.4207999999999
 20
552.95184
 30
0.0
 11
472.999200000002
 21
552.95184
 31
0.0
  0
LINE
  5
3B6
330
17
100
AcDbEntity
  8
OUTLINE
100
AcDbLine
 10
469.4207999999999
 20
550.28792
 30
0.0
 11
469.4207999999999
 21
552.95184
 31
0.0
  0
LINE
  5
3B7
330
17
100
AcDbEntity
  8
OUTLINE
100
AcDbLine
 10
408.38920000000144
 20
540.6659999999999
 30
0.0
 11
483.9331999999995
 21
540.6659999999999
 31
0.0
  0
LINE
  5
3B8
330
17
100
AcDbEntity
  8
OUTLINE
100
AcDbLine
 10
408.38920000000144
 20
548.57824
 30
0.0
 11
437.41400000000067
 21
548.57824
 31
0.0
  0
LINE
  5
3B9
330
17
100
AcDbEntity
  8
OUTLINE
100
AcDbLine
 10
437.41400000000067
 20
553.34944
 30
0.0
 11
437.41400000000067
 21
548.57824
 31
0.0
  0
LINE
  5
3BA
330
17
100
AcDbEntity
  8
OUTLINE
100
AcDbLine
 10
455.1072000000022
 20
553.34944
 30
0.0
 11
455.1072000000022
 21
552.95184
 31
0.0
  0
LINE
  5
3BB
330
17
100
AcDbEntity
  8
OUTLINE
100
AcDbLine
 10
458.6856000000007
 20
552.95184
 30
0.0
 11
458.6856000000007
 21
550.28792
 31
0.0
  0
LINE
  5
3BC
330
17
100
AcDbEntity
  8
OUTLINE
100
AcDbLine
 10
460.27600000000166
 20
550.28792
 30
0.0
 11
460.27600000000166
 21
552.95184
 31
0.0
  0
LINE
  5
3BD
330
17
100
AcDbEntity
  8
OUTLINE
100
AcDbLine
 10
467.83040000000256
 20
552.95184
 30
0.0
 11
467.83040000000256
 21
550.28792
 31
0.0
  0
LINE
  5
3BE
330
17
100
AcDbEntity
  8
OUTLINE
100
AcDbLine
 10
439.7996000000021
 20
547.1866399999999
 30
0.0
 11
439.7996000000021
 21
545.1986399999998
 31
0.0
  0
LINE
  5
3BF
330
17
100
AcDbEntity
  8
OUTLINE
100
AcDbLine
 10
439.7996000000021
 20
545.1986399999998
 30
0.0
 11
443.3780000000006
 21
545.1986399999998
 31
0.0
  0
LINE
  5
3C0
330
17
100
AcDbEntity
  8
OUTLINE
100
AcDbLine
 10
443.3780000000006
 20
545.1986399999998
 30
0.0
 11
443.3780000000006
 21
547.1866399999999
 31
0.0
  0
LINE
  5
3C1
330
17
100
AcDbEntity
  8
OUTLINE
100
AcDbLine
 10
443.3780000000006
 20
547.1866399999999
 30
0.0
 11
439.7996000000021
 21
547.1866399999999
 31
0.0
  0
LINE
  5
3C2
330
17
100
AcDbEntity
  8
OUTLINE
100
AcDbLine
 10
448.3480000000018
 20
549.9300799999999
 30
0.0
 11
448.3480000000018
 21
545.15888
 31
0.0
  0
LINE
  5
3C3
330
17
100
AcDbEntity
  8
OUTLINE
100
AcDbLine
 10
448.3480000000018
 20
545.15888
 30
0.0
 11
453.51680000000124
 21
545.15888
 31
0.0
  0
LINE
  5
3C4
330
17
100
AcDbEntity
  8
OUTLINE
100
AcDbLine
 10
453.51680000000124
 20
545.15888
 30
0.0
 11
453.51680000000124
 21
549.9300799999999
 31
0.0
  0
LINE
  5
3C5
330
17
100
AcDbEntity
  8
OUTLINE
100
AcDbLine
 10
453.51680000000124
 20
549.9300799999999
 30
0.0
 11
448.3480000000018
 21
549.9300799999999
 31
0.0
  0
LINE
  5
3C6
330
17
100
AcDbEntity
  8
OUTLINE
100
AcDbLine
 10
479.3608000000022
 20
545.1986399999998
 30
0.0
 11
479.3608000000022
 21
547.1866399999999
 31
0.0
  0
LINE
  5
3C7
330
17
100
AcDbEntity
  8
OUTLINE
100
AcDbLine
 10
482.9392000000007
 20
545.1986399999998
 30
0.0
 11
479.3608000000022
 21
545.1986399999998
 31
0.0
  0
LINE
  5
3C8
330
17
100
AcDbEntity
  8
OUTLINE
100
AcDbLine
 10
482.9392000000007
 20
547.1866399999999
 30
0.0
 11
482.9392000000007
 21
545.1986399999998
 31
0.0
  0
LINE
  5
3C9
330
17
100
AcDbEntity
  8
OUTLINE
100
AcDbLine
 10
479.3608000000022
 20
547.1866399999999
 30
0.0
 11
482.9392000000007
 21
547.1866399999999
 31
0.0
  0
LINE
  5
3CA
330
17
100
AcDbEntity
  8
OUTLINE
100
AcDbLine
 10
462.70136000000275
 20
548.2203999999999
 30
0.0
 11
456.2602399999996
 21
548.2203999999999
 31
0.0
  0
LINE
  5
3CB
330
17
100
AcDbEntity
  8
OUTLINE
100
AcDbLine
 10
456.2602399999996
 20
548.2203999999999
 30
0.0
 11
456.2602399999996
 21
545.4053919999999
 31
0.0
  0
LINE
  5
3CC
330
17
100
AcDbEntity
  8
OUTLINE
100
AcDbLine
 10
456.2602399999996
 20
545.4053919999999
 30
0.0
 11
462.70136000000275
 21
545.4053919999999
 31
0.0
  0
LINE
  5
3CD
330
17
100
AcDbEntity
  8
OUTLINE
100
AcDbLine
 10
462.70136000000275
 20
545.4053919999999
 30
0.0
 11
462.70136000000275
 21
548.2203999999999
 31
0.0
  0
LINE
  5
3CE
330
17
100
AcDbEntity
  8
OUTLINE
100
AcDbLine
 10
471.84616000000096
 20
548.2203999999999
 30
0.0
 11
465.40504000000146
 21
548.2203999999999
 31
0.0
  0
LINE
  5
3CF
330
17
100
AcDbEntity
  8
OUTLINE
100
AcDbLine
 10
465.40504000000146
 20
548.2203999999999
 30
0.0
 11
465.40504000000146
 21
545.4053919999999
 31
0.0
  0
LINE
  5
3D0
330
17
100
AcDbEntity
  8
OUTLINE
100
AcDbLine
 10
465.40504000000146
 20
545.4053919999999
 30
0.0
 11
471.84616000000096
 21
545.4053919999999
 31
0.0
  0
LINE
  5
3D1
330
17
100
AcDbEntity
  8
OUTLINE
100
AcDbLine
 10
471.84616000000096
 20
545.4053919999999
 30
0.0
 11
471.84616000000096
 21
548.2203999999999
 31
0.0
  0
LINE
  5
3D2
330
17
100
AcDbEntity
  8
OUTLINE
100
AcDbLine
 10
485.9212000000007
 20
553.34944
 30
0.0
 11
485.9212000000007
 21
540.6659999999999
 31
0.0
  0
LINE
  5
3D3
330
17
100
AcDbEntity
  8
OUTLINE
100
AcDbLine
 10
391.6900000000023
 20
540.6659999999999
 30
0.0
 11
405.40720000000147
 21
540.6659999999999
 31
0.0
  0
LINE
  5
3D4
330
17
100
AcDbEntity
  8
OUTLINE
100
AcDbLine
 10
391.6900000000023
 20
548.57824
 30
0.0
 11
405.40720000000147
 21
548.57824
 31
0.0
  0
LINE
  5
3D5
330
17
100
AcDbEntity
  8
OUTLINE
100
AcDbLine
 10
406.40120000000024
 20
540.6659999999999
 30
0.0
 11
406.40120000000024
 21
548.57824
 31
0.0
  0
LINE
  5
3D6
330
17
100
AcDbEntity
  8
OUTLINE
100
AcDbLine
 10
389.70200000000114
 20
540.6659999999999
 30
0.0
 11
389.70200000000114
 21
548.57824
 31
0.0
  0
LINE
  5
3D7
330
17
100
AcDbEntity
  8
OUTLINE
100
AcDbLine
 10
397.6734824000014
 20
543.5649016
 30
0.0
 11
397.6734824000014
 21
542.0611784
 31
0.0
  0
LINE
  5
3D8
330
17
100
AcDbEntity
  8
OUTLINE
100
AcDbLine
 10
471.8064000000013
 20
552.95184
 30
0.0
 11
471.8064000000013
 21
553.34944
 31
0.0
  0
LINE
  5
3D9
330
17
100
AcDbEntity
  8
OUTLINE
100
AcDbLine
 10
483.9331999999995
 20
540.6659999999999
 30
0.0
 11
483.9331999999995
 21
553.34944
 31
0.0
  0
LINE
  5
3DA
330
17
100
AcDbEntity
  8
OUTLINE
100
AcDbLine
 10
408.38920000000144
 20
548.57824
 30
0.0
 11
408.38920000000144
 21
540.6659999999999
 31
0.0
  0
LINE
  5
3DB
330
17
100
AcDbEntity
  8
OUTLINE
100
AcDbLine
 10
405.40720000000147
 20
540.6659999999999
 30
0.0
 11
405.40720000000147
 21
548.57824
 31
0.0
  0
LINE
  5
3DC
330
17
100
AcDbEntity
  8
OUTLINE
100
AcDbLine
 10
391.6900000000023
 20
548.57824
 30
0.0
 11
391.6900000000023
 21
540.6659999999999
 31
0.0
  0
LINE
  5
3DD
330
17
100
AcDbEntity
  8
OUTLINE
100
AcDbLine
 10
456.3000000000029
 20
553.34944
 30
0.0
 11
456.3000000000029
 21
552.95184
 31
0.0
  0
SPLINE
  5
3DE
330
17
100
AcDbEntity
  8
OUTLINE
100
AcDbSpline
 70
0
 71
3
 72
0
 73
0
 74
25
 11
472.999200000002
 21
553.34944
 31
0.0
 11
472.99482640000133
 21
553.34944
 31
0.0
 11
472.98806719999993
 21
553.34944
 31
0.0
 11
472.9749464000015
 21
553.34944
 31
0.0
 11
472.95705440000165
 21
553.34944
 31
0.0
 11
472.93518640000184
 21
553.34944
 31
0.0
 11
472.90655920000063
 21
553.34944
 31
0.0
 11
472.87554640000235
 21
553.34944
 31
0.0
 11
472.8377744000027
 21
553.34944
 31
0.0
 11
472.79721920000156
 21
553.34944
 31
0.0
 11
472.7518928000027
 21
553.34944
 31
0.0
 11
472.7017952000024
 21
553.34944
 31
0.0
 11
472.6497096000021
 21
553.34944
 31
0.0
 11
472.59166000000187
 21
553.34944
 31
0.0
 11
472.5320200000024
 21
553.34944
 31
0.0
 11
472.4684040000029
 21
553.34944
 31
0.0
 11
472.40200480000203
 21
553.34944
 31
0.0
 11
472.33361760000116
 21
553.34944
 31
0.0
 11
472.2620496000018
 21
553.34944
 31
0.0
 11
472.18968640000094
 21
553.34944
 31
0.0
 11
472.1145400000023
 21
553.34944
 31
0.0
 11
472.0389959999993
 21
553.34944
 31
0.0
 11
471.9618616000007
 21
553.34944
 31
0.0
 11
471.88432960000137
 21
553.34944
 31
0.0
 11
471.8064000000013
 21
553.34944
 31
0.0
  0
SPLINE
  5
3DF
330
17
100
AcDbEntity
  8
OUTLINE
100
AcDbSpline
 70
0
 71
3
 72
0
 73
0
 74
25
 11
456.3000000000029
 21
553.34944
 31
0.0
 11
456.22207040000285
 21
553.34944
 31
0.0
 11
456.1445383999999
 21
553.34944
 31
0.0
 11
456.06740400000126
 21
553.34944
 31
0.0
 11
455.9918600000019
 21
553.34944
 31
0.0
 11
455.91671359999964
 21
553.34944
 31
0.0
 11
455.84435040000244
 21
553.34944
 31
0.0
 11
455.7727823999994
 21
553.34944
 31
0.0
 11
455.7043952000022
 21
553.34944
 31
0.0
 11
455.6379960000013
 21
553.34944
 31
0.0
 11
455.57438000000184
 21
553.34944
 31
0.0
 11
455.51474000000235
 21
553.34944
 31
0.0
 11
455.4566904000021
 21
553.34944
 31
0.0
 11
455.40460480000183
 21
553.34944
 31
0.0
 11
455.35450720000154
 21
553.34944
 31
0.0
 11
455.30918080000265
 21
553.34944
 31
0.0
 11
455.26862560000154
 21
553.34944
 31
0.0
 11
455.23085360000186
 21
553.34944
 31
0.0
 11
455.19984079999995
 21
553.34944
 31
0.0
 11
455.1712136000024
 21
553.34944
 31
0.0
 11
455.14934560000256
 21
553.34944
 31
0.0
 11
455.1314536000027
 21
553.34944
 31
0.0
 11
455.11833280000064
 21
553.34944
 31
0.0
 11
455.1115736000029
 21
553.34944
 31
0.0
 11
455.1072000000022
 21
553.34944
 31
0.0
  0
SPLINE
  5
3E0
330
17
100
AcDbEntity
  8
OUTLINE
100
AcDbSpline
 70
0
 71
3
 72
0
 73
0
 74
25
 11
485.9212000000007
 21
553.34944
 31
0.0
 11
485.9140432000022
 21
553.34944
 31
0.0
 11
485.9025127999994
 21
553.34944
 31
0.0
 11
485.8806447999996
 21
553.34944
 31
0.0
 11
485.8508247999998
 21
553.34944
 31
0.0
 11
485.8146431999994
 21
553.34944
 31
0.0
 11
485.7669311999998
 21
553.34944
 31
0.0
 11
485.71524320000026
 21
553.34944
 31
0.0
 11
485.65242240000225
 21
553.34944
 31
0.0
 11
485.5844328000021
 21
553.34944
 31
0.0
 11
485.50888880000275
 21
553.34944
 31
0.0
 11
485.4253927999998
 21
553.34944
 31
0.0
 11
485.33911360000275
 21
553.34944
 31
0.0
 11
485.24209920000067
 21
553.34944
 31
0.0
 11
485.1423016000008
 21
553.34944
 31
0.0
 11
485.03614240000024
 21
553.34944
 31
0.0
 11
484.92600719999973
 21
553.34944
 31
0.0
 11
484.8118960000029
 21
553.34944
 31
0.0
 11
484.69261600000027
 21
553.34944
 31
0.0
 11
484.57174560000203
 21
553.34944
 31
0.0
 11
484.4468992000002
 21
553.34944
 31
0.0
 11
484.3204624000027
 21
553.34944
 31
0.0
 11
484.19243520000236
 21
553.34944
 31
0.0
 11
484.06321519999983
 21
553.34944
 31
0.0
 11
483.9331999999995
 21
553.34944
 31
0.0
  0
SPLINE
  5
3E1
330
17
100
AcDbEntity
  8
OUTLINE
100
AcDbSpline
 70
0
 71
3
 72
0
 73
0
 74
25
 11
483.9331999999995
 21
540.6659999999999
 31
0.0
 11
484.06321519999983
 21
540.6659999999999
 31
0.0
 11
484.19243520000236
 21
540.6659999999999
 31
0.0
 11
484.3204624000027
 21
540.6659999999999
 31
0.0
 11
484.4468992000002
 21
540.6659999999999
 31
0.0
 11
484.57174560000203
 21
540.6659999999999
 31
0.0
 11
484.69261600000027
 21
540.6659999999999
 31
0.0
 11
484.8118960000029
 21
540.6659999999999
 31
0.0
 11
484.92600719999973
 21
540.6659999999999
 31
0.0
 11
485.03614240000024
 21
540.6659999999999
 31
0.0
 11
485.1423016000008
 21
540.6659999999999
 31
0.0
 11
485.24209920000067
 21
540.6659999999999
 31
0.0
 11
485.33911360000275
 21
540.6659999999999
 31
0.0
 11
485.4253927999998
 21
540.6659999999999
 31
0.0
 11
485.50888880000275
 21
540.6659999999999
 31
0.0
 11
485.5844328000021
 21
540.6659999999999
 31
0.0
 11
485.65242240000225
 21
540.6659999999999
 31
0.0
 11
485.71524320000026
 21
540.6659999999999
 31
0.0
 11
485.7669311999998
 21
540.6659999999999
 31
0.0
 11
485.8146431999994
 21
540.6659999999999
 31
0.0
 11
485.8508247999998
 21
540.6659999999999
 31
0.0
 11
485.8806447999996
 21
540.6659999999999
 31
0.0
 11
485.9025127999994
 21
540.6659999999999
 31
0.0
 11
485.9140432000022
 21
540.6659999999999
 31
0.0
 11
485.9212000000007
 21
540.6659999999999
 31
0.0
  0
SPLINE
  5
3E2
330
17
100
AcDbEntity
  8
OUTLINE
100
AcDbSpline
 70
0
 71
3
 72
0
 73
0
 74
25
 11
389.70200000000114
 21
540.6659999999999
 31
0.0
 11
389.7091567999996
 21
540.6659999999999
 31
0.0
 11
389.72068720000243
 21
540.6659999999999
 31
0.0
 11
389.74255520000224
 21
540.6659999999999
 31
0.0
 11
389.772375200002
 21
540.6659999999999
 31
0.0
 11
389.8085568000024
 21
540.6659999999999
 31
0.0
 11
389.856268800002
 21
540.6659999999999
 31
0.0
 11
389.90795680000156
 21
540.6659999999999
 31
0.0
 11
389.97077759999956
 21
540.6659999999999
 31
0.0
 11
390.0387671999997
 21
540.6659999999999
 31
0.0
 11
390.1143112000027
 21
540.6659999999999
 31
0.0
 11
390.197807200002
 21
540.6659999999999
 31
0.0
 11
390.2840864000027
 21
540.6659999999999
 31
0.0
 11
390.38110080000115
 21
540.6659999999999
 31
0.0
 11
390.480898400001
 21
540.6659999999999
 31
0.0
 11
390.5870576000016
 21
540.6659999999999
 31
0.0
 11
390.6971928000021
 21
540.6659999999999
 31
0.0
 11
390.81130400000256
 21
540.6659999999999
 31
0.0
 11
390.93058400000155
 21
540.6659999999999
 31
0.0
 11
391.0514543999998
 21
540.6659999999999
 31
0.0
 11
391.1763008000016
 21
540.6659999999999
 31
0.0
 11
391.30273760000273
 21
540.6659999999999
 31
0.0
 11
391.43076479999945
 21
540.6659999999999
 31
0.0
 11
391.559984800002
 21
540.6659999999999
 31
0.0
 11
391.6900000000023
 21
540.6659999999999
 31
0.0
  0
SPLINE
  5
3E3
330
17
100
AcDbEntity
  8
OUTLINE
100
AcDbSpline
 70
0
 71
3
 72
0
 73
0
 74
25
 11
405.40720000000147
 21
540.6659999999999
 31
0.0
 11
405.47200879999946
 21
540.6659999999999
 31
0.0
 11
405.5368176000011
 21
540.6659999999999
 31
0.0
 11
405.60083120000127
 21
540.6659999999999
 31
0.0
 11
405.6640496
 21
540.6659999999999
 31
0.0
 11
405.7264728000009
 21
540.6659999999999
 31
0.0
 11
405.78690800000186
 21
540.6659999999999
 31
0.0
 11
405.84654800000135
 21
540.6659999999999
 31
0.0
 11
405.9034047999994
 21
540.6659999999999
 31
0.0
 11
405.95867120000185
 21
540.6659999999999
 31
0.0
 11
406.01194960000066
 21
540.6659999999999
 31
0.0
 11
406.06164960000024
 21
540.6659999999999
 31
0.0
 11
406.1101568000013
 21
540.6659999999999
 31
0.0
 11
406.1534952000002
 21
540.6659999999999
 31
0.0
 11
406.1952431999998
 21
540.6659999999999
 31
0.0
 11
406.2326176000024
 21
540.6659999999999
 31
0.0
 11
406.26681120000285
 21
540.6659999999999
 31
0.0
 11
406.29822160000185
 21
540.6659999999999
 31
0.0
 11
406.32406560000163
 21
540.6659999999999
 31
0.0
 11
406.3479216000014
 21
540.6659999999999
 31
0.0
 11
406.3658136000013
 21
540.6659999999999
 31
0.0
 11
406.3809223999997
 21
540.6659999999999
 31
0.0
 11
406.39165760000105
 21
540.6659999999999
 31
0.0
 11
406.397621600001
 21
540.6659999999999
 31
0.0
 11
406.40120000000024
 21
540.6659999999999
 31
0.0
  0
SPLINE
  5
3E4
330
17
100
AcDbEntity
  8
OUTLINE
100
AcDbSpline
 70
0
 71
3
 72
0
 73
0
 74
25
 11
406.40120000000024
 21
540.6659999999999
 31
0.0
 11
406.40835680000237
 21
540.6659999999999
 31
0.0
 11
406.41988720000154
 21
540.6659999999999
 31
0.0
 11
406.44175520000135
 21
540.6659999999999
 31
0.0
 11
406.4715752000011
 21
540.6659999999999
 31
0.0
 11
406.5077568000015
 21
540.6659999999999
 31
0.0
 11
406.5554688000011
 21
540.6659999999999
 31
0.0
 11
406.60715680000067
 21
540.6659999999999
 31
0.0
 11
406.6699776000023
 21
540.6659999999999
 31
0.0
 11
406.73796720000246
 21
540.6659999999999
 31
0.0
 11
406.8135112000018
 21
540.6659999999999
 31
0.0
 11
406.8970072000011
 21
540.6659999999999
 31
0.0
 11
406.9832864000018
 21
540.6659999999999
 31
0.0
 11
407.08030080000026
 21
540.6659999999999
 31
0.0
 11
407.18009840000013
 21
540.6659999999999
 31
0.0
 11
407.2862576000007
 21
540.6659999999999
 31
0.0
 11
407.3963928000012
 21
540.6659999999999
 31
0.0
 11
407.5105040000017
 21
540.6659999999999
 31
0.0
 11
407.62978400000065
 21
540.6659999999999
 31
0.0
 11
407.75065440000253
 21
540.6659999999999
 31
0.0
 11
407.87550080000074
 21
540.6659999999999
 31
0.0
 11
408.00193760000184
 21
540.6659999999999
 31
0.0
 11
408.1299648000022
 21
540.6659999999999
 31
0.0
 11
408.2591848000011
 21
540.6659999999999
 31
0.0
 11
408.38920000000144
 21
540.6659999999999
 31
0.0
  0
SPLINE
  5
3E5
330
17
100
AcDbEntity
  8
OUTLINE
100
AcDbSpline
 70
0
 71
3
 72
0
 73
0
 74
25
 11
408.38920000000144
 21
548.57824
 31
0.0
 11
408.2591848000011
 21
548.57824
 31
0.0
 11
408.1299648000022
 21
548.57824
 31
0.0
 11
408.00193760000184
 21
548.57824
 31
0.0
 11
407.87550080000074
 21
548.57824
 31
0.0
 11
407.75065440000253
 21
548.57824
 31
0.0
 11
407.62978400000065
 21
548.57824
 31
0.0
 11
407.5105040000017
 21
548.57824
 31
0.0
 11
407.3963928000012
 21
548.57824
 31
0.0
 11
407.2862576000007
 21
548.57824
 31
0.0
 11
407.18009840000013
 21
548.57824
 31
0.0
 11
407.08030080000026
 21
548.57824
 31
0.0
 11
406.9832864000018
 21
548.57824
 31
0.0
 11
406.8970072000011
 21
548.57824
 31
0.0
 11
406.8135112000018
 21
548.57824
 31
0.0
 11
406.73796720000246
 21
548.57824
 31
0.0
 11
406.6699776000023
 21
548.57824
 31
0.0
 11
406.60715680000067
 21
548.57824
 31
0.0
 11
406.5554688000011
 21
548.57824
 31
0.0
 11
406.5077568000015
 21
548.57824
 31
0.0
 11
406.4715752000011
 21
548.57824
 31
0.0
 11
406.44175520000135
 21
548.57824
 31
0.0
 11
406.41988720000154
 21
548.57824
 31
0.0
 11
406.40835680000237
 21
548.57824
 31
0.0
 11
406.40120000000024
 21
548.57824
 31
0.0
  0
SPLINE
  5
3E6
330
17
100
AcDbEntity
  8
OUTLINE
100
AcDbSpline
 70
0
 71
3
 72
0
 73
0
 74
25
 11
406.40120000000024
 21
548.57824
 31
0.0
 11
406.397621600001
 21
548.57824
 31
0.0
 11
406.39165760000105
 21
548.57824
 31
0.0
 11
406.3809223999997
 21
548.57824
 31
0.0
 11
406.3658136000013
 21
548.57824
 31
0.0
 11
406.3479216000014
 21
548.57824
 31
0.0
 11
406.32406560000163
 21
548.57824
 31
0.0
 11
406.29822160000185
 21
548.57824
 31
0.0
 11
406.26681120000285
 21
548.57824
 31
0.0
 11
406.2326176000024
 21
548.57824
 31
0.0
 11
406.1952431999998
 21
548.57824
 31
0.0
 11
406.1534952000002
 21
548.57824
 31
0.0
 11
406.1101568000013
 21
548.57824
 31
0.0
 11
406.06164960000024
 21
548.57824
 31
0.0
 11
406.01194960000066
 21
548.57824
 31
0.0
 11
405.95867120000185
 21
548.57824
 31
0.0
 11
405.9034047999994
 21
548.57824
 31
0.0
 11
405.84654800000135
 21
548.57824
 31
0.0
 11
405.78690800000186
 21
548.57824
 31
0.0
 11
405.7264728000009
 21
548.57824
 31
0.0
 11
405.6640496
 21
548.57824
 31
0.0
 11
405.60083120000127
 21
548.57824
 31
0.0
 11
405.5368176000011
 21
548.57824
 31
0.0
 11
405.47200879999946
 21
548.57824
 31
0.0
 11
405.40720000000147
 21
548.57824
 31
0.0
  0
SPLINE
  5
3E7
330
17
100
AcDbEntity
  8
OUTLINE
100
AcDbSpline
 70
0
 71
3
 72
0
 73
0
 74
25
 11
391.6900000000023
 21
548.57824
 31
0.0
 11
391.559984800002
 21
548.57824
 31
0.0
 11
391.43076479999945
 21
548.57824
 31
0.0
 11
391.30273760000273
 21
548.57824
 31
0.0
 11
391.1763008000016
 21
548.57824
 31
0.0
 11
391.0514543999998
 21
548.57824
 31
0.0
 11
390.93058400000155
 21
548.57824
 31
0.0
 11
390.81130400000256
 21
548.57824
 31
0.0
 11
390.6971928000021
 21
548.57824
 31
0.0
 11
390.5870576000016
 21
548.57824
 31
0.0
 11
390.480898400001
 21
548.57824
 31
0.0
 11
390.38110080000115
 21
548.57824
 31
0.0
 11
390.2840864000027
 21
548.57824
 31
0.0
 11
390.197807200002
 21
548.57824
 31
0.0
 11
390.1143112000027
 21
548.57824
 31
0.0
 11
390.0387671999997
 21
548.57824
 31
0.0
 11
389.97077759999956
 21
548.57824
 31
0.0
 11
389.90795680000156
 21
548.57824
 31
0.0
 11
389.856268800002
 21
548.57824
 31
0.0
 11
389.8085568000024
 21
548.57824
 31
0.0
 11
389.772375200002
 21
548.57824
 31
0.0
 11
389.74255520000224
 21
548.57824
 31
0.0
 11
389.72068720000243
 21
548.57824
 31
0.0
 11
389.7091567999996
 21
548.57824
 31
0.0
 11
389.70200000000114
 21
548.57824
 31
0.0
  0
CIRCLE
  5
3E8
330
17
100
AcDbEntity
  8
OUTLINE
100
AcDbCircle
 10
479.93572960000165
 20
542.81304
 30
0.0
 40
1.3923952
  0
CIRCLE
  5
3E9
330
17
100
AcDbEntity
  8
OUTLINE
100
AcDbCircle
 10
437.01640000000043
 20
542.81304
 30
0.0
 40
1.3923952
  0
CIRCLE
  5
3EA
330
17
100
AcDbEntity
  8
OUTLINE
100
AcDbCircle
 10
414.15439999999944
 20
542.81304
 30
0.0
 40
1.3923952
  0
CIRCLE
  5
3EB
330
17
100
AcDbEntity
  8
OUTLINE
100
AcDbCircle
 10
397.9323199999999
 20
542.81304
 30
0.0
 40
1.3923952
  0
LINE
  5
3EC
330
17
100
AcDbEntity
  8
OUTLINE
100
AcDbLine
 10
359.1260000000002
 20
580.1870000000001
 30
0.0
 11
359.1260000000002
 21
631.55692
 31
0.0
  0
LINE
  5
3ED
330
17
100
AcDbEntity
  8
OUTLINE
100
AcDbLine
 10
371.8094400000009
 20
578.1990000000001
 30
0.0
 11
359.1260000000002
 21
578.1990000000001
 31
0.0
  0
LINE
  5
3EE
330
17
100
AcDbEntity
  8
OUTLINE
100
AcDbLine
 10
371.8094400000009
 20
631.55692
 30
0.0
 11
371.8094400000009
 21
580.1870000000001
 31
0.0
  0
LINE
  5
3EF
330
17
100
AcDbEntity
  8
OUTLINE
100
AcDbLine
 10
365.28879999999845
 20
604.08276
 30
0.0
 11
365.28879999999845
 21
607.6611600000001
 31
0.0
  0
LINE
  5
3F0
330
17
100
AcDbEntity
  8
OUTLINE
100
AcDbLine
 10
367.27679999999964
 20
604.08276
 30
0.0
 11
365.28879999999845
 21
604.08276
 31
0.0
  0
LINE
  5
3F1
330
17
100
AcDbEntity
  8
OUTLINE
100
AcDbLine
 10
367.27679999999964
 20
604.08276
 30
0.0
 11
367.27679999999964
 21
607.6611600000001
 31
0.0
  0
LINE
  5
3F2
330
17
100
AcDbEntity
  8
OUTLINE
100
AcDbLine
 10
365.28879999999845
 20
607.6611600000001
 30
0.0
 11
367.27679999999964
 21
607.6611600000001
 31
0.0
  0
LINE
  5
3F3
330
17
100
AcDbEntity
  8
OUTLINE
100
AcDbLine
 10
359.1260000000002
 20
633.54492
 30
0.0
 11
371.8094400000009
 21
633.54492
 31
0.0
  0
LINE
  5
3F4
330
17
100
AcDbEntity
  8
OUTLINE
100
AcDbLine
 10
369.43696080000154
 20
626.2759968
 30
0.0
 11
369.8878392000006
 21
626.2759968
 31
0.0
  0
LINE
  5
3F5
330
17
100
AcDbEntity
  8
OUTLINE
100
AcDbLine
 10
359.1260000000002
 20
580.1870000000001
 30
0.0
 11
371.8094400000009
 21
580.1870000000001
 31
0.0
  0
LINE
  5
3F6
330
17
100
AcDbEntity
  8
OUTLINE
100
AcDbLine
 10
370.45521440000084
 20
625.57304
 30
0.0
 11
368.8695856000013
 21
625.57304
 31
0.0
  0
LINE
  5
3F7
330
17
100
AcDbEntity
  8
OUTLINE
100
AcDbLine
 10
371.8094400000009
 20
631.55692
 30
0.0
 11
359.1260000000002
 21
631.55692
 31
0.0
  0
SPLINE
  5
3F8
330
17
100
AcDbEntity
  8
OUTLINE
100
AcDbSpline
 70
0
 71
3
 72
0
 73
0
 74
25
 11
359.1260000000002
 21
633.54492
 31
0.0
 11
359.1260000000002
 21
633.5373656000002
 31
0.0
 11
359.1260000000002
 21
633.5258352000001
 31
0.0
 11
359.1260000000002
 21
633.5043648000001
 31
0.0
 11
359.1260000000002
 21
633.4741472000001
 31
0.0
 11
359.1260000000002
 21
633.4383632000001
 31
0.0
 11
359.1260000000002
 21
633.3906512000001
 31
0.0
 11
359.1260000000002
 21
633.3389632000001
 31
0.0
 11
359.1260000000002
 21
633.2761424
 31
0.0
 11
359.1260000000002
 21
633.2077552000001
 31
0.0
 11
359.1260000000002
 21
633.1326088000001
 31
0.0
 11
359.1260000000002
 21
633.0491128000001
 31
0.0
 11
359.1260000000002
 21
632.962436
 31
0.0
 11
359.1260000000002
 21
632.8654216
 31
0.0
 11
359.1260000000002
 21
632.7660216000002
 31
0.0
 11
359.1260000000002
 21
632.6598624000001
 31
0.0
 11
359.1260000000002
 21
632.5493296
 31
0.0
 11
359.1260000000002
 21
632.435616
 31
0.0
 11
359.1260000000002
 21
632.3163360000001
 31
0.0
 11
359.1260000000002
 21
632.1954656
 31
0.0
 11
359.1260000000002
 21
632.0706192
 31
0.0
 11
359.1260000000002
 21
631.9441824
 31
0.0
 11
359.1260000000002
 21
631.8161552000001
 31
0.0
 11
359.1260000000002
 21
631.6865376000001
 31
0.0
 11
359.1260000000002
 21
631.55692
 31
0.0
  0
SPLINE
  5
3F9
330
17
100
AcDbEntity
  8
OUTLINE
100
AcDbSpline
 70
0
 71
3
 72
0
 73
0
 74
25
 11
359.1260000000002
 21
580.1870000000001
 31
0.0
 11
359.1260000000002
 21
580.0569848
 31
0.0
 11
359.1260000000002
 21
579.9277648
 31
0.0
 11
359.1260000000002
 21
579.7997376000001
 31
0.0
 11
359.1260000000002
 21
579.6733008000001
 31
0.0
 11
359.1260000000002
 21
579.5484544000001
 31
0.0
 11
359.1260000000002
 21
579.427584
 31
0.0
 11
359.1260000000002
 21
579.3083040000001
 31
0.0
 11
359.1260000000002
 21
579.1941928000001
 31
0.0
 11
359.1260000000002
 21
579.0840576
 31
0.0
 11
359.1260000000002
 21
578.9778984
 31
0.0
 11
359.1260000000002
 21
578.8781008000001
 31
0.0
 11
359.1260000000002
 21
578.7810864
 31
0.0
 11
359.1260000000002
 21
578.6948072
 31
0.0
 11
359.1260000000002
 21
578.6113112
 31
0.0
 11
359.1260000000002
 21
578.5357672
 31
0.0
 11
359.1260000000002
 21
578.4677776000001
 31
0.0
 11
359.1260000000002
 21
578.4049568
 31
0.0
 11
359.1260000000002
 21
578.3532688
 31
0.0
 11
359.1260000000002
 21
578.3055568
 31
0.0
 11
359.1260000000002
 21
578.2693752
 31
0.0
 11
359.1260000000002
 21
578.2395552
 31
0.0
 11
359.1260000000002
 21
578.2176872
 31
0.0
 11
359.1260000000002
 21
578.2061568000001
 31
0.0
 11
359.1260000000002
 21
578.1990000000001
 31
0.0
  0
SPLINE
  5
3FA
330
17
100
AcDbEntity
  8
OUTLINE
100
AcDbSpline
 70
0
 71
3
 72
0
 73
0
 74
25
 11
371.8094400000009
 21
578.1990000000001
 31
0.0
 11
371.8094400000009
 21
578.2061568000001
 31
0.0
 11
371.8094400000009
 21
578.2176872
 31
0.0
 11
371.8094400000009
 21
578.2395552
 31
0.0
 11
371.8094400000009
 21
578.2693752
 31
0.0
 11
371.8094400000009
 21
578.3055568
 31
0.0
 11
371.8094400000009
 21
578.3532688
 31
0.0
 11
371.8094400000009
 21
578.4049568
 31
0.0
 11
371.8094400000009
 21
578.4677776000001
 31
0.0
 11
371.8094400000009
 21
578.5357672
 31
0.0
 11
371.8094400000009
 21
578.6113112
 31
0.0
 11
371.8094400000009
 21
578.6948072
 31
0.0
 11
371.8094400000009
 21
578.7810864
 31
0.0
 11
371.8094400000009
 21
578.8781008000001
 31
0.0
 11
371.8094400000009
 21
578.9778984
 31
0.0
 11
371.8094400000009
 21
579.0840576
 31
0.0
 11
371.8094400000009
 21
579.1941928000001
 31
0.0
 11
371.8094400000009
 21
579.3083040000001
 31
0.0
 11
371.8094400000009
 21
579.427584
 31
0.0
 11
371.8094400000009
 21
579.5484544000001
 31
0.0
 11
371.8094400000009
 21
579.6733008000001
 31
0.0
 11
371.8094400000009
 21
579.7997376000001
 31
0.0
 11
371.8094400000009
 21
579.9277648
 31
0.0
 11
371.8094400000009
 21
580.0569848
 31
0.0
 11
371.8094400000009
 21
580.1870000000001
 31
0.0
  0
SPLINE
  5
3FB
330
17
100
AcDbEntity
  8
OUTLINE
100
AcDbSpline
 70
0
 71
3
 72
0
 73
0
 74
25
 11
371.8094400000009
 21
631.55692
 31
0.0
 11
371.8094400000009
 21
631.6865376000001
 31
0.0
 11
371.8094400000009
 21
631.8161552000001
 31
0.0
 11
371.8094400000009
 21
631.9441824
 31
0.0
 11
371.8094400000009
 21
632.0706192
 31
0.0
 11
371.8094400000009
 21
632.1954656
 31
0.0
 11
371.8094400000009
 21
632.3163360000001
 31
0.0
 11
371.8094400000009
 21
632.435616
 31
0.0
 11
371.8094400000009
 21
632.5493296
 31
0.0
 11
371.8094400000009
 21
632.6598624000001
 31
0.0
 11
371.8094400000009
 21
632.7660216000002
 31
0.0
 11
371.8094400000009
 21
632.8654216
 31
0.0
 11
371.8094400000009
 21
632.962436
 31
0.0
 11
371.8094400000009
 21
633.0491128000001
 31
0.0
 11
371.8094400000009
 21
633.1326088000001
 31
0.0
 11
371.8094400000009
 21
633.2077552000001
 31
0.0
 11
371.8094400000009
 21
633.2761424
 31
0.0
 11
371.8094400000009
 21
633.3389632000001
 31
0.0
 11
371.8094400000009
 21
633.3906512000001
 31
0.0
 11
371.8094400000009
 21
633.4383632000001
 31
0.0
 11
371.8094400000009
 21
633.4741472000001
 31
0.0
 11
371.8094400000009
 21
633.5043648000001
 31
0.0
 11
371.8094400000009
 21
633.5258352000001
 31
0.0
 11
371.8094400000009
 21
633.5373656000002
 31
0.0
 11
371.8094400000009
 21
633.54492
 31
0.0
  0
CIRCLE
  5
3FC
330
17
100
AcDbEntity
  8
OUTLINE
100
AcDbCircle
 10
369.66240000000107
 20
625.5134
 30
0.0
 40
1.3923952
  0
CIRCLE
  5
3FD
330
17
100
AcDbEntity
  8
OUTLINE
100
AcDbCircle
 10
369.66240000000107
 20
605.6334000000002
 30
0.0
 40
1.3923952
  0
CIRCLE
  5
3FE
330
17
100
AcDbEntity
  8
OUTLINE
100
AcDbCircle
 10
369.66240000000107
 20
585.7534
 30
0.0
 40
1.3923952
  0
LINE
  5
3FF
330
17
100
AcDbEntity
  8
OUTLINE
100
AcDbLine
 10
371.80944000030286
 20
607.93948
 30
0.0
 11
371.4118400003026
 21
607.93948
 31
0.0
  0
LINE
  5
400
330
17
100
AcDbEntity
  8
OUTLINE
100
AcDbLine
 10
371.80944000030286
 20
606.34908
 30
0.0
 11
371.4118400003026
 21
606.34908
 31
0.0
  0
LINE
  5
401
330
17
100
AcDbEntity
  8
OUTLINE
100
AcDbLine
 10
371.4118400003026
 20
607.93948
 30
0.0
 11
359.1260000000002
 21
607.93948
 31
0.0
  0
LINE
  5
402
330
17
100
AcDbEntity
  8
OUTLINE
100
AcDbLine
 10
371.4118400003026
 20
606.34908
 30
0.0
 11
359.1260000000002
 21
606.34908
 31
0.0
  0
LINE
  5
403
330
17
100
AcDbEntity
  8
OUTLINE
100
AcDbLine
 10
371.80944000030286
 20
587.6817600000002
 30
0.0
 11
370.3184400003047
 21
586.68776
 31
0.0
  0
LINE
  5
404
330
17
100
AcDbEntity
  8
OUTLINE
100
AcDbLine
 10
371.80944000030286
 20
583.70576
 30
0.0
 11
370.3184400003047
 21
584.69976
 31
0.0
  0
LINE
  5
405
330
17
100
AcDbEntity
  8
OUTLINE
100
AcDbLine
 10
370.3184400003047
 20
586.68776
 30
0.0
 11
359.1260000000002
 21
586.68776
 31
0.0
  0
LINE
  5
406
330
17
100
AcDbEntity
  8
OUTLINE
100
AcDbLine
 10
370.3184400003047
 20
584.69976
 30
0.0
 11
359.1260000000002
 21
584.69976
 31
0.0
  0
LINE
  5
407
330
17
100
AcDbEntity
  8
OUTLINE
100
AcDbLine
 10
371.80944000030286
 20
612.90948
 30
0.0
 11
370.3184400003047
 21
611.9154800000001
 31
0.0
  0
LINE
  5
408
330
17
100
AcDbEntity
  8
OUTLINE
100
AcDbLine
 10
371.80944000030286
 20
608.9334800000001
 30
0.0
 11
370.3184400003047
 21
609.9274800000001
 31
0.0
  0
LINE
  5
409
330
17
100
AcDbEntity
  8
OUTLINE
100
AcDbLine
 10
370.3184400003047
 20
611.9154800000001
 30
0.0
 11
359.1260000000002
 21
611.9154800000001
 31
0.0
  0
LINE
  5
40A
330
17
100
AcDbEntity
  8
OUTLINE
100
AcDbLine
 10
370.3184400003047
 20
609.9274800000001
 30
0.0
 11
359.1260000000002
 21
609.9274800000001
 31
0.0
  0
LINE
  5
40B
330
17
100
AcDbEntity
  8
OUTLINE
100
AcDbLine
 10
371.80944000030286
 20
581.6978800000002
 30
0.0
 11
370.3184400003047
 21
580.70388
 31
0.0
  0
LINE
  5
40C
330
17
100
AcDbEntity
  8
OUTLINE
100
AcDbLine
 10
371.80944000030286
 20
577.72188
 30
0.0
 11
370.3184400003047
 21
578.71588
 31
0.0
  0
LINE
  5
40D
330
17
100
AcDbEntity
  8
OUTLINE
100
AcDbLine
 10
370.3184400003047
 20
580.70388
 30
0.0
 11
359.1260000000002
 21
580.70388
 31
0.0
  0
LINE
  5
40E
330
17
100
AcDbEntity
  8
OUTLINE
100
AcDbLine
 10
370.3184400003047
 20
578.71588
 30
0.0
 11
359.1260000000002
 21
578.71588
 31
0.0
  0
LINE
  5
40F
330
17
100
AcDbEntity
  8
OUTLINE
100
AcDbLine
 10
371.80944000030286
 20
615.89148
 30
0.0
 11
370.3184400003047
 21
614.8974800000001
 31
0.0
  0
LINE
  5
410
330
17
100
AcDbEntity
  8
OUTLINE
100
AcDbLine
 10
371.80944000030286
 20
611.9154800000001
 30
0.0
 11
370.3184400003047
 21
612.90948
 31
0.0
  0
LINE
  5
411
330
17
100
AcDbEntity
  8
OUTLINE
100
AcDbLine
 10
370.3184400003047
 20
614.8974800000001
 30
0.0
 11
359.1260000000002
 21
614.8974800000001
 31
0.0
  0
LINE
  5
412
330
17
100
AcDbEntity
  8
OUTLINE
100
AcDbLine
 10
370.3184400003047
 20
612.90948
 30
0.0
 11
359.1260000000002
 21
612.90948
 31
0.0
  0
LINE
  5
413
330
17
100
AcDbEntity
  8
OUTLINE
100
AcDbLine
 10
371.80944000030286
 20
633.0678
 30
0.0
 11
370.3184400003047
 21
632.0738000000001
 31
0.0
  0
LINE
  5
414
330
17
100
AcDbEntity
  8
OUTLINE
100
AcDbLine
 10
371.80944000030286
 20
629.0918000000001
 30
0.0
 11
370.3184400003047
 21
630.0858000000001
 31
0.0
  0
LINE
  5
415
330
17
100
AcDbEntity
  8
OUTLINE
100
AcDbLine
 10
370.3184400003047
 20
632.0738000000001
 30
0.0
 11
359.1260000000002
 21
632.0738000000001
 31
0.0
  0
LINE
  5
416
330
17
100
AcDbEntity
  8
OUTLINE
100
AcDbLine
 10
370.3184400003047
 20
630.0858000000001
 30
0.0
 11
359.1260000000002
 21
630.0858000000001
 31
0.0
  0
LINE
  5
417
330
17
100
AcDbEntity
  8
OUTLINE
100
AcDbLine
 10
359.1260000000002
 20
581.34004
 30
0.0
 11
359.52360000000044
 21
581.34004
 31
0.0
  0
LINE
  5
418
330
17
100
AcDbEntity
  8
OUTLINE
100
AcDbLine
 10
359.1260000000002
 20
579.74964
 30
0.0
 11
359.52360000000044
 21
579.74964
 31
0.0
  0
LINE
  5
419
330
17
100
AcDbEntity
  8
OUTLINE
100
AcDbLine
 10
359.52360000000044
 20
581.34004
 30
0.0
 11
371.80944000030286
 21
581.34004
 31
0.0
  0
LINE
  5
41A
330
17
100
AcDbEntity
  8
OUTLINE
100
AcDbLine
 10
359.52360000000044
 20
579.74964
 30
0.0
 11
371.80944000030286
 21
579.74964
 31
0.0
  0
LINE
  5
41B
330
17
100
AcDbEntity
  8
OUTLINE
100
AcDbLine
 10
371.80944000030286
 20
592.115
 30
0.0
 11
371.2130400003043
 21
591.7174
 31
0.0
  0
LINE
  5
41C
330
17
100
AcDbEntity
  8
OUTLINE
100
AcDbLine
 10
371.80944000030286
 20
589.7294000000002
 30
0.0
 11
371.2130400003043
 21
590.1270000000002
 31
0.0
  0
LINE
  5
41D
330
17
100
AcDbEntity
  8
OUTLINE
100
AcDbLine
 10
371.2130400003043
 20
591.7174
 30
0.0
 11
359.1260000000002
 21
591.7174
 31
0.0
  0
LINE
  5
41E
330
17
100
AcDbEntity
  8
OUTLINE
100
AcDbLine
 10
371.2130400003043
 20
590.1270000000002
 30
0.0
 11
359.1260000000002
 21
590.1270000000002
 31
0.0
  0
LINE
  5
41F
330
17
100
AcDbEntity
  8
OUTLINE
100
AcDbLine
 10
371.80944000030286
 20
631.0798
 30
0.0
 11
371.2130400003043
 21
630.6822
 31
0.0
  0
LINE
  5
420
330
17
100
AcDbEntity
  8
OUTLINE
100
AcDbLine
 10
371.80944000030286
 20
628.6942000000001
 30
0.0
 11
371.2130400003043
 21
629.0918000000001
 31
0.0
  0
LINE
  5
421
330
17
100
AcDbEntity
  8
OUTLINE
100
AcDbLine
 10
371.2130400003043
 20
630.6822
 30
0.0
 11
359.1260000000002
 21
630.6822
 31
0.0
  0
LINE
  5
422
330
17
100
AcDbEntity
  8
OUTLINE
100
AcDbLine
 10
371.2130400003043
 20
629.0918000000001
 30
0.0
 11
359.1260000000002
 21
629.0918000000001
 31
0.0
  0
LINE
  5
423
330
17
100
AcDbEntity
  8
OUTLINE
100
AcDbLine
 10
359.1260000000002
 20
585.3760776000001
 30
0.0
 11
359.52360000000044
 21
585.3760776000001
 31
0.0
  0
LINE
  5
424
330
17
100
AcDbEntity
  8
OUTLINE
100
AcDbLine
 10
359.1260000000002
 20
583.7856776000001
 30
0.0
 11
359.52360000000044
 21
583.7856776000001
 31
0.0
  0
LINE
  5
425
330
17
100
AcDbEntity
  8
OUTLINE
100
AcDbLine
 10
359.52360000000044
 20
585.3760776000001
 30
0.0
 11
371.80944000030286
 21
585.3760776000001
 31
0.0
  0
LINE
  5
426
330
17
100
AcDbEntity
  8
OUTLINE
100
AcDbLine
 10
359.52360000000044
 20
583.7856776000001
 30
0.0
 11
371.80944000030286
 21
583.7856776000001
 31
0.0
  0
LINE
  5
427
330
17
100
AcDbEntity
  8
OUTLINE
100
AcDbLine
 10
359.1260000000002
 20
630.94064
 30
0.0
 11
360.11005999999907
 21
630.2846
 31
0.0
  0
LINE
  5
428
330
17
100
AcDbEntity
  8
OUTLINE
100
AcDbLine
 10
359.1260000000002
 20
628.4357600000001
 30
0.0
 11
360.11005999999907
 21
629.0918000000001
 31
0.0
  0
LINE
  5
429
330
17
100
AcDbEntity
  8
OUTLINE
100
AcDbLine
 10
360.11005999999907
 20
630.2846
 30
0.0
 11
371.80944000030286
 21
630.2846
 31
0.0
  0
LINE
  5
42A
330
17
100
AcDbEntity
  8
OUTLINE
100
AcDbLine
 10
360.11005999999907
 20
629.0918000000001
 30
0.0
 11
371.80944000030286
 21
629.0918000000001
 31
0.0
  0
LINE
  5
42B
330
17
100
AcDbEntity
  8
OUTLINE
100
AcDbLine
 10
371.80944000030286
 20
592.115
 30
0.0
 11
371.2130400003043
 21
591.7174
 31
0.0
  0
LINE
  5
42C
330
17
100
AcDbEntity
  8
OUTLINE
100
AcDbLine
 10
371.80944000030286
 20
589.7294000000002
 30
0.0
 11
371.2130400003043
 21
590.1270000000002
 31
0.0
  0
LINE
  5
42D
330
17
100
AcDbEntity
  8
OUTLINE
100
AcDbLine
 10
371.2130400003043
 20
591.7174
 30
0.0
 11
359.1260000000002
 21
591.7174
 31
0.0
  0
LINE
  5
42E
330
17
100
AcDbEntity
  8
OUTLINE
100
AcDbLine
 10
371.2130400003043
 20
590.1270000000002
 30
0.0
 11
359.1260000000002
 21
590.1270000000002
 31
0.0
  0
LINE
  5
42F
330
17
100
AcDbEntity
  8
OUTLINE
100
AcDbLine
 10
371.80944000030286
 20
631.0798
 30
0.0
 11
371.2130400003043
 21
630.6822
 31
0.0
  0
LINE
  5
430
330
17
100
AcDbEntity
  8
OUTLINE
100
AcDbLine
 10
371.80944000030286
 20
628.6942000000001
 30
0.0
 11
371.2130400003043
 21
629.0918000000001
 31
0.0
  0
LINE
  5
431
330
17
100
AcDbEntity
  8
OUTLINE
100
AcDbLine
 10
371.2130400003043
 20
630.6822
 30
0.0
 11
359.1260000000002
 21
630.6822
 31
0.0
  0
LINE
  5
432
330
17
100
AcDbEntity
  8
OUTLINE
100
AcDbLine
 10
371.2130400003043
 20
629.0918000000001
 30
0.0
 11
359.1260000000002
 21
629.0918000000001
 31
0.0
  0
LINE
  5
433
330
17
100
AcDbEntity
  8
OUTLINE
100
AcDbLine
 10
359.1260000000002
 20
581.34004
 30
0.0
 11
359.52360000000044
 21
581.34004
 31
0.0
  0
LINE
  5
434
330
17
100
AcDbEntity
  8
OUTLINE
100
AcDbLine
 10
359.1260000000002
 20
579.74964
 30
0.0
 11
359.52360000000044
 21
579.74964
 31
0.0
  0
LINE
  5
435
330
17
100
AcDbEntity
  8
OUTLINE
100
AcDbLine
 10
359.52360000000044
 20
581.34004
 30
0.0
 11
371.80944000030286
 21
581.34004
 31
0.0
  0
LINE
  5
436
330
17
100
AcDbEntity
  8
OUTLINE
100
AcDbLine
 10
359.52360000000044
 20
579.74964
 30
0.0
 11
371.80944000030286
 21
579.74964
 31
0.0
  0
LINE
  5
437
330
17
100
AcDbEntity
  8
OUTLINE
100
AcDbLine
 10
371.80944000030286
 20
581.6978800000002
 30
0.0
 11
370.3184400003047
 21
580.70388
 31
0.0
  0
LINE
  5
438
330
17
100
AcDbEntity
  8
OUTLINE
100
AcDbLine
 10
371.80944000030286
 20
577.72188
 30
0.0
 11
370.3184400003047
 21
578.71588
 31
0.0
  0
LINE
  5
439
330
17
100
AcDbEntity
  8
OUTLINE
100
AcDbLine
 10
370.3184400003047
 20
580.70388
 30
0.0
 11
359.1260000000002
 21
580.70388
 31
0.0
  0
LINE
  5
43A
330
17
100
AcDbEntity
  8
OUTLINE
100
AcDbLine
 10
370.3184400003047
 20
578.71588
 30
0.0
 11
359.1260000000002
 21
578.71588
 31
0.0
  0
LINE
  5
43B
330
17
100
AcDbEntity
  8
OUTLINE
100
AcDbLine
 10
371.80944000030286
 20
633.0678
 30
0.0
 11
370.3184400003047
 21
632.0738000000001
 31
0.0
  0
LINE
  5
43C
330
17
100
AcDbEntity
  8
OUTLINE
100
AcDbLine
 10
371.80944000030286
 20
629.0918000000001
 30
0.0
 11
370.3184400003047
 21
630.0858000000001
 31
0.0
  0
LINE
  5
43D
330
17
100
AcDbEntity
  8
OUTLINE
100
AcDbLine
 10
370.3184400003047
 20
632.0738000000001
 30
0.0
 11
359.1260000000002
 21
632.0738000000001
 31
0.0
  0
LINE
  5
43E
330
17
100
AcDbEntity
  8
OUTLINE
100
AcDbLine
 10
370.3184400003047
 20
630.0858000000001
 30
0.0
 11
359.1260000000002
 21
630.0858000000001
 31
0.0
  0
LINE
  5
43F
330
17
100
AcDbEntity
  8
OUTLINE
100
AcDbLine
 10
516.496439999999
 20
633.54492
 30
0.0
 11
516.496439999999
 21
578.1990000000001
 31
0.0
  0
LINE
  5
440
330
17
100
AcDbEntity
  8
OUTLINE
100
AcDbLine
 10
511.72523999999976
 20
578.1990000000001
 30
0.0
 11
503.8129999999983
 21
578.1990000000001
 31
0.0
  0
LINE
  5
441
330
17
100
AcDbEntity
  8
OUTLINE
100
AcDbLine
 10
516.496439999999
 20
578.1990000000001
 30
0.0
 11
511.72523999999976
 21
578.1990000000001
 31
0.0
  0
LINE
  5
442
330
17
100
AcDbEntity
  8
OUTLINE
100
AcDbLine
 10
503.8129999999983
 20
632.962436
 30
0.0
 11
503.8129999999983
 21
626.9789536000001
 31
0.0
  0
LINE
  5
443
330
17
100
AcDbEntity
  8
OUTLINE
100
AcDbLine
 10
503.8129999999983
 20
625.57304
 30
0.0
 11
503.8129999999983
 21
600.3453200000001
 31
0.0
  0
LINE
  5
444
330
17
100
AcDbEntity
  8
OUTLINE
100
AcDbLine
 10
503.8129999999983
 20
597.3633200000002
 30
0.0
 11
503.8129999999983
 21
580.1870000000001
 31
0.0
  0
LINE
  5
445
330
17
100
AcDbEntity
  8
OUTLINE
100
AcDbLine
 10
516.496439999999
 20
633.54492
 30
0.0
 11
511.72523999999976
 21
633.54492
 31
0.0
  0
LINE
  5
446
330
17
100
AcDbEntity
  8
OUTLINE
100
AcDbLine
 10
503.8129999999983
 20
633.54492
 30
0.0
 11
511.72523999999976
 21
633.54492
 31
0.0
  0
LINE
  5
447
330
17
100
AcDbEntity
  8
OUTLINE
100
AcDbLine
 10
511.72523999999976
 20
597.3633200000002
 30
0.0
 11
511.72523999999976
 21
580.1870000000001
 31
0.0
  0
LINE
  5
448
330
17
100
AcDbEntity
  8
OUTLINE
100
AcDbLine
 10
511.72523999999976
 20
625.57304
 30
0.0
 11
511.72523999999976
 21
600.3453200000001
 31
0.0
  0
LINE
  5
449
330
17
100
AcDbEntity
  8
OUTLINE
100
AcDbLine
 10
511.72523999999976
 20
626.9789536000001
 30
0.0
 11
511.72523999999976
 21
632.962436
 31
0.0
  0
LINE
  5
44A
330
17
100
AcDbEntity
  8
OUTLINE
100
AcDbLine
 10
510.3336399999971
 20
580.9822000000001
 30
0.0
 11
510.3336399999971
 21
584.5606
 31
0.0
  0
LINE
  5
44B
330
17
100
AcDbEntity
  8
OUTLINE
100
AcDbLine
 10
510.3336399999971
 20
584.5606
 30
0.0
 11
508.34563999999955
 21
584.5606
 31
0.0
  0
LINE
  5
44C
330
17
100
AcDbEntity
  8
OUTLINE
100
AcDbLine
 10
508.34563999999955
 20
584.5606
 30
0.0
 11
508.34563999999955
 21
580.9822000000001
 31
0.0
  0
LINE
  5
44D
330
17
100
AcDbEntity
  8
OUTLINE
100
AcDbLine
 10
508.34563999999955
 20
580.9822000000001
 30
0.0
 11
510.3336399999971
 21
580.9822000000001
 31
0.0
  0
LINE
  5
44E
330
17
100
AcDbEntity
  8
OUTLINE
100
AcDbLine
 10
511.72523999999976
 20
598.3573200000001
 30
0.0
 11
503.8129999999983
 21
598.3573200000001
 31
0.0
  0
LINE
  5
44F
330
17
100
AcDbEntity
  8
OUTLINE
100
AcDbLine
 10
510.3336399999971
 20
607.6611600000001
 30
0.0
 11
510.3336399999971
 21
604.08276
 31
0.0
  0
LINE
  5
450
330
17
100
AcDbEntity
  8
OUTLINE
100
AcDbLine
 10
508.34563999999955
 20
607.6611600000001
 30
0.0
 11
510.3336399999971
 21
607.6611600000001
 31
0.0
  0
LINE
  5
451
330
17
100
AcDbEntity
  8
OUTLINE
100
AcDbLine
 10
508.34563999999955
 20
604.08276
 30
0.0
 11
508.34563999999955
 21
607.6611600000001
 31
0.0
  0
LINE
  5
452
330
17
100
AcDbEntity
  8
OUTLINE
100
AcDbLine
 10
510.3336399999971
 20
604.08276
 30
0.0
 11
508.34563999999955
 21
604.08276
 31
0.0
  0
LINE
  5
453
330
17
100
AcDbEntity
  8
OUTLINE
100
AcDbLine
 10
510.3336399999971
 20
582.5726
 30
0.0
 11
508.54443999999785
 21
582.5726
 31
0.0
  0
LINE
  5
454
330
17
100
AcDbEntity
  8
OUTLINE
100
AcDbLine
 10
503.8129999999983
 20
580.1870000000001
 30
0.0
 11
511.72523999999976
 21
580.1870000000001
 31
0.0
  0
LINE
  5
455
330
17
100
AcDbEntity
  8
OUTLINE
100
AcDbLine
 10
511.72523999999976
 20
597.3633200000002
 30
0.0
 11
503.8129999999983
 21
597.3633200000002
 31
0.0
  0
LINE
  5
456
330
17
100
AcDbEntity
  8
OUTLINE
100
AcDbLine
 10
503.8129999999983
 20
600.3453200000001
 30
0.0
 11
511.72523999999976
 21
600.3453200000001
 31
0.0
  0
LINE
  5
457
330
17
100
AcDbEntity
  8
OUTLINE
100
AcDbLine
 10
511.72523999999976
 20
625.57304
 30
0.0
 11
503.8129999999983
 21
625.57304
 31
0.0
  0
LINE
  5
458
330
17
100
AcDbEntity
  8
OUTLINE
100
AcDbLine
 10
503.8129999999983
 20
626.9789536000001
 30
0.0
 11
511.72523999999976
 21
626.9789536000001
 31
0.0
  0
LINE
  5
459
330
17
100
AcDbEntity
  8
OUTLINE
100
AcDbLine
 10
511.72523999999976
 20
632.962436
 30
0.0
 11
503.8129999999983
 21
632.962436
 31
0.0
  0
SPLINE
  5
45A
330
17
100
AcDbEntity
  8
OUTLINE
100
AcDbSpline
 70
0
 71
3
 72
0
 73
0
 74
25
 11
503.8129999999983
 21
633.54492
 31
0.0
 11
503.8129999999983
 21
633.5429320000001
 31
0.0
 11
503.8129999999983
 21
633.5401488
 31
0.0
 11
503.8129999999983
 21
633.5345824000001
 31
0.0
 11
503.8129999999983
 21
633.527028
 31
0.0
 11
503.8129999999983
 21
633.5178832000001
 31
0.0
 11
503.8129999999983
 21
633.5059552
 31
0.0
 11
503.8129999999983
 21
633.4924368000002
 31
0.0
 11
503.8129999999983
 21
633.4765328000001
 31
0.0
 11
503.8129999999983
 21
633.4586408
 31
0.0
 11
503.8129999999983
 21
633.4387608000002
 31
0.0
 11
503.8129999999983
 21
633.4164952000001
 31
0.0
 11
503.8129999999983
 21
633.3934344000002
 31
0.0
 11
503.8129999999983
 21
633.3667952000001
 31
0.0
 11
503.8129999999983
 21
633.3393608000001
 31
0.0
 11
503.8129999999983
 21
633.3095408000001
 31
0.0
 11
503.8129999999983
 21
633.2777328000002
 31
0.0
 11
503.8129999999983
 21
633.2447320000001
 31
0.0
 11
503.8129999999983
 21
633.208948
 31
0.0
 11
503.8129999999983
 21
633.1723688000002
 31
0.0
 11
503.8129999999983
 21
633.1334040000002
 31
0.0
 11
503.8129999999983
 21
633.0932464
 31
0.0
 11
503.8129999999983
 21
633.0511008000001
 31
0.0
 11
503.8129999999983
 21
633.0073648
 31
0.0
 11
503.8129999999983
 21
632.962436
 31
0.0
  0
SPLINE
  5
45B
330
17
100
AcDbEntity
  8
OUTLINE
100
AcDbSpline
 70
0
 71
3
 72
0
 73
0
 74
25
 11
503.8129999999983
 21
626.9789536000001
 31
0.0
 11
503.8129999999983
 21
626.9316392000001
 31
0.0
 11
503.8129999999983
 21
626.8835296
 31
0.0
 11
503.8129999999983
 21
626.8338296000002
 31
0.0
 11
503.8129999999983
 21
626.7829368
 31
0.0
 11
503.8129999999983
 21
626.7308512
 31
0.0
 11
503.8129999999983
 21
626.6771752
 31
0.0
 11
503.8129999999983
 21
626.6227040000001
 31
0.0
 11
503.8129999999983
 21
626.5666424000001
 31
0.0
 11
503.8129999999983
 21
626.5097856
 31
0.0
 11
503.8129999999983
 21
626.4521336
 31
0.0
 11
503.8129999999983
 21
626.3932888000002
 31
0.0
 11
503.8129999999983
 21
626.3340464
 31
0.0
 11
503.8129999999983
 21
626.2732136
 31
0.0
 11
503.8129999999983
 21
626.2119832000001
 31
0.0
 11
503.8129999999983
 21
626.1499576000001
 31
0.0
 11
503.8129999999983
 21
626.0875344000001
 31
0.0
 11
503.8129999999983
 21
626.024316
 31
0.0
 11
503.8129999999983
 21
625.9607000000001
 31
0.0
 11
503.8129999999983
 21
625.8966864000001
 31
0.0
 11
503.8129999999983
 21
625.8322752000001
 31
0.0
 11
503.8129999999983
 21
625.7678640000001
 31
0.0
 11
503.8129999999983
 21
625.7030552000001
 31
0.0
 11
503.8129999999983
 21
625.6382464000001
 31
0.0
 11
503.8129999999983
 21
625.57304
 31
0.0
  0
SPLINE
  5
45C
330
17
100
AcDbEntity
  8
OUTLINE
100
AcDbSpline
 70
0
 71
3
 72
0
 73
0
 74
25
 11
503.8129999999983
 21
600.3453200000001
 31
0.0
 11
503.8129999999983
 21
600.2153048
 31
0.0
 11
503.8129999999983
 21
600.0860848
 31
0.0
 11
503.8129999999983
 21
599.9580576000001
 31
0.0
 11
503.8129999999983
 21
599.8316208000001
 31
0.0
 11
503.8129999999983
 21
599.7067744000001
 31
0.0
 11
503.8129999999983
 21
599.585904
 31
0.0
 11
503.8129999999983
 21
599.4666240000001
 31
0.0
 11
503.8129999999983
 21
599.3525128000001
 31
0.0
 11
503.8129999999983
 21
599.2423776
 31
0.0
 11
503.8129999999983
 21
599.1362184
 31
0.0
 11
503.8129999999983
 21
599.0364208000001
 31
0.0
 11
503.8129999999983
 21
598.9394064
 31
0.0
 11
503.8129999999983
 21
598.8531272
 31
0.0
 11
503.8129999999983
 21
598.7696312
 31
0.0
 11
503.8129999999983
 21
598.6940872
 31
0.0
 11
503.8129999999983
 21
598.6260976000001
 31
0.0
 11
503.8129999999983
 21
598.5632768
 31
0.0
 11
503.8129999999983
 21
598.5115888
 31
0.0
 11
503.8129999999983
 21
598.4638768
 31
0.0
 11
503.8129999999983
 21
598.4276952
 31
0.0
 11
503.8129999999983
 21
598.3978752
 31
0.0
 11
503.8129999999983
 21
598.3760072
 31
0.0
 11
503.8129999999983
 21
598.3644768000001
 31
0.0
 11
503.8129999999983
 21
598.3573200000001
 31
0.0
  0
SPLINE
  5
45D
330
17
100
AcDbEntity
  8
OUTLINE
100
AcDbSpline
 70
0
 71
3
 72
0
 73
0
 74
25
 11
503.8129999999983
 21
598.3573200000001
 31
0.0
 11
503.8129999999983
 21
598.3537416000001
 31
0.0
 11
503.8129999999983
 21
598.3477776
 31
0.0
 11
503.8129999999983
 21
598.3370424
 31
0.0
 11
503.8129999999983
 21
598.3219336
 31
0.0
 11
503.8129999999983
 21
598.3040416000001
 31
0.0
 11
503.8129999999983
 21
598.2801856000001
 31
0.0
 11
503.8129999999983
 21
598.2543416000001
 31
0.0
 11
503.8129999999983
 21
598.2229312000002
 31
0.0
 11
503.8129999999983
 21
598.1887376
 31
0.0
 11
503.8129999999983
 21
598.1513632000001
 31
0.0
 11
503.8129999999983
 21
598.1096152
 31
0.0
 11
503.8129999999983
 21
598.0662768
 31
0.0
 11
503.8129999999983
 21
598.0177696000001
 31
0.0
 11
503.8129999999983
 21
597.9680696
 31
0.0
 11
503.8129999999983
 21
597.9147912000001
 31
0.0
 11
503.8129999999983
 21
597.8595248000001
 31
0.0
 11
503.8129999999983
 21
597.802668
 31
0.0
 11
503.8129999999983
 21
597.7430280000001
 31
0.0
 11
503.8129999999983
 21
597.6825928000001
 31
0.0
 11
503.8129999999983
 21
597.6201696
 31
0.0
 11
503.8129999999983
 21
597.5569512
 31
0.0
 11
503.8129999999983
 21
597.4929376
 31
0.0
 11
503.8129999999983
 21
597.4281288
 31
0.0
 11
503.8129999999983
 21
597.3633200000002
 31
0.0
  0
SPLINE
  5
45E
330
17
100
AcDbEntity
  8
OUTLINE
100
AcDbSpline
 70
0
 71
3
 72
0
 73
0
 74
25
 11
503.8129999999983
 21
580.1870000000001
 31
0.0
 11
503.8129999999983
 21
580.0569848
 31
0.0
 11
503.8129999999983
 21
579.9277648
 31
0.0
 11
503.8129999999983
 21
579.7997376000001
 31
0.0
 11
503.8129999999983
 21
579.6733008000001
 31
0.0
 11
503.8129999999983
 21
579.5484544000001
 31
0.0
 11
503.8129999999983
 21
579.427584
 31
0.0
 11
503.8129999999983
 21
579.3083040000001
 31
0.0
 11
503.8129999999983
 21
579.1941928000001
 31
0.0
 11
503.8129999999983
 21
579.0840576
 31
0.0
 11
503.8129999999983
 21
578.9778984
 31
0.0
 11
503.8129999999983
 21
578.8781008000001
 31
0.0
 11
503.8129999999983
 21
578.7810864
 31
0.0
 11
503.8129999999983
 21
578.6948072
 31
0.0
 11
503.8129999999983
 21
578.6113112
 31
0.0
 11
503.8129999999983
 21
578.5357672
 31
0.0
 11
503.8129999999983
 21
578.4677776000001
 31
0.0
 11
503.8129999999983
 21
578.4049568
 31
0.0
 11
503.8129999999983
 21
578.3532688
 31
0.0
 11
503.8129999999983
 21
578.3055568
 31
0.0
 11
503.8129999999983
 21
578.2693752
 31
0.0
 11
503.8129999999983
 21
578.2395552
 31
0.0
 11
503.8129999999983
 21
578.2176872
 31
0.0
 11
503.8129999999983
 21
578.2061568000001
 31
0.0
 11
503.8129999999983
 21
578.1990000000001
 31
0.0
  0
SPLINE
  5
45F
330
17
100
AcDbEntity
  8
OUTLINE
100
AcDbSpline
 70
0
 71
3
 72
0
 73
0
 74
25
 11
511.72523999999976
 21
578.1990000000001
 31
0.0
 11
511.72523999999976
 21
578.2061568000001
 31
0.0
 11
511.72523999999976
 21
578.2176872
 31
0.0
 11
511.72523999999976
 21
578.2395552
 31
0.0
 11
511.72523999999976
 21
578.2693752
 31
0.0
 11
511.72523999999976
 21
578.3055568
 31
0.0
 11
511.72523999999976
 21
578.3532688
 31
0.0
 11
511.72523999999976
 21
578.4049568
 31
0.0
 11
511.72523999999976
 21
578.4677776000001
 31
0.0
 11
511.72523999999976
 21
578.5357672
 31
0.0
 11
511.72523999999976
 21
578.6113112
 31
0.0
 11
511.72523999999976
 21
578.6948072
 31
0.0
 11
511.72523999999976
 21
578.7810864
 31
0.0
 11
511.72523999999976
 21
578.8781008000001
 31
0.0
 11
511.72523999999976
 21
578.9778984
 31
0.0
 11
511.72523999999976
 21
579.0840576
 31
0.0
 11
511.72523999999976
 21
579.1941928000001
 31
0.0
 11
511.72523999999976
 21
579.3083040000001
 31
0.0
 11
511.72523999999976
 21
579.427584
 31
0.0
 11
511.72523999999976
 21
579.5484544000001
 31
0.0
 11
511.72523999999976
 21
579.6733008000001
 31
0.0
 11
511.72523999999976
 21
579.7997376000001
 31
0.0
 11
511.72523999999976
 21
579.9277648
 31
0.0
 11
511.72523999999976
 21
580.0569848
 31
0.0
 11
511.72523999999976
 21
580.1870000000001
 31
0.0
  0
SPLINE
  5
460
330
17
100
AcDbEntity
  8
OUTLINE
100
AcDbSpline
 70
0
 71
3
 72
0
 73
0
 74
25
 11
511.72523999999976
 21
597.3633200000002
 31
0.0
 11
511.72523999999976
 21
597.4281288
 31
0.0
 11
511.72523999999976
 21
597.4929376
 31
0.0
 11
511.72523999999976
 21
597.5569512
 31
0.0
 11
511.72523999999976
 21
597.6201696
 31
0.0
 11
511.72523999999976
 21
597.6825928000001
 31
0.0
 11
511.72523999999976
 21
597.7430280000001
 31
0.0
 11
511.72523999999976
 21
597.802668
 31
0.0
 11
511.72523999999976
 21
597.8595248000001
 31
0.0
 11
511.72523999999976
 21
597.9147912000001
 31
0.0
 11
511.72523999999976
 21
597.9680696
 31
0.0
 11
511.72523999999976
 21
598.0177696000001
 31
0.0
 11
511.72523999999976
 21
598.0662768
 31
0.0
 11
511.72523999999976
 21
598.1096152
 31
0.0
 11
511.72523999999976
 21
598.1513632000001
 31
0.0
 11
511.72523999999976
 21
598.1887376
 31
0.0
 11
511.72523999999976
 21
598.2229312000002
 31
0.0
 11
511.72523999999976
 21
598.2543416000001
 31
0.0
 11
511.72523999999976
 21
598.2801856000001
 31
0.0
 11
511.72523999999976
 21
598.3040416000001
 31
0.0
 11
511.72523999999976
 21
598.3219336
 31
0.0
 11
511.72523999999976
 21
598.3370424
 31
0.0
 11
511.72523999999976
 21
598.3477776
 31
0.0
 11
511.72523999999976
 21
598.3537416000001
 31
0.0
 11
511.72523999999976
 21
598.3573200000001
 31
0.0
  0
SPLINE
  5
461
330
17
100
AcDbEntity
  8
OUTLINE
100
AcDbSpline
 70
0
 71
3
 72
0
 73
0
 74
25
 11
511.72523999999976
 21
598.3573200000001
 31
0.0
 11
511.72523999999976
 21
598.3644768000001
 31
0.0
 11
511.72523999999976
 21
598.3760072
 31
0.0
 11
511.72523999999976
 21
598.3978752
 31
0.0
 11
511.72523999999976
 21
598.4276952
 31
0.0
 11
511.72523999999976
 21
598.4638768
 31
0.0
 11
511.72523999999976
 21
598.5115888
 31
0.0
 11
511.72523999999976
 21
598.5632768
 31
0.0
 11
511.72523999999976
 21
598.6260976000001
 31
0.0
 11
511.72523999999976
 21
598.6940872
 31
0.0
 11
511.72523999999976
 21
598.7696312
 31
0.0
 11
511.72523999999976
 21
598.8531272
 31
0.0
 11
511.72523999999976
 21
598.9394064
 31
0.0
 11
511.72523999999976
 21
599.0364208000001
 31
0.0
 11
511.72523999999976
 21
599.1362184
 31
0.0
 11
511.72523999999976
 21
599.2423776
 31
0.0
 11
511.72523999999976
 21
599.3525128000001
 31
0.0
 11
511.72523999999976
 21
599.4666240000001
 31
0.0
 11
511.72523999999976
 21
599.585904
 31
0.0
 11
511.72523999999976
 21
599.7067744000001
 31
0.0
 11
511.72523999999976
 21
599.8316208000001
 31
0.0
 11
511.72523999999976
 21
599.9580576000001
 31
0.0
 11
511.72523999999976
 21
600.0860848
 31
0.0
 11
511.72523999999976
 21
600.2153048
 31
0.0
 11
511.72523999999976
 21
600.3453200000001
 31
0.0
  0
SPLINE
  5
462
330
17
100
AcDbEntity
  8
OUTLINE
100
AcDbSpline
 70
0
 71
3
 72
0
 73
0
 74
25
 11
511.72523999999976
 21
625.57304
 31
0.0
 11
511.72523999999976
 21
625.6382464000001
 31
0.0
 11
511.72523999999976
 21
625.7030552000001
 31
0.0
 11
511.72523999999976
 21
625.7678640000001
 31
0.0
 11
511.72523999999976
 21
625.8322752000001
 31
0.0
 11
511.72523999999976
 21
625.8966864000001
 31
0.0
 11
511.72523999999976
 21
625.9607000000001
 31
0.0
 11
511.72523999999976
 21
626.024316
 31
0.0
 11
511.72523999999976
 21
626.0875344000001
 31
0.0
 11
511.72523999999976
 21
626.1499576000001
 31
0.0
 11
511.72523999999976
 21
626.2119832000001
 31
0.0
 11
511.72523999999976
 21
626.2732136
 31
0.0
 11
511.72523999999976
 21
626.3340464
 31
0.0
 11
511.72523999999976
 21
626.3932888000002
 31
0.0
 11
511.72523999999976
 21
626.4521336
 31
0.0
 11
511.72523999999976
 21
626.5097856
 31
0.0
 11
511.72523999999976
 21
626.5666424000001
 31
0.0
 11
511.72523999999976
 21
626.6227040000001
 31
0.0
 11
511.72523999999976
 21
626.6771752
 31
0.0
 11
511.72523999999976
 21
626.7308512
 31
0.0
 11
511.72523999999976
 21
626.7829368
 31
0.0
 11
511.72523999999976
 21
626.8338296000002
 31
0.0
 11
511.72523999999976
 21
626.8835296
 31
0.0
 11
511.72523999999976
 21
626.9316392000001
 31
0.0
 11
511.72523999999976
 21
626.9789536000001
 31
0.0
  0
SPLINE
  5
463
330
17
100
AcDbEntity
  8
OUTLINE
100
AcDbSpline
 70
0
 71
3
 72
0
 73
0
 74
25
 11
511.72523999999976
 21
632.962436
 31
0.0
 11
511.72523999999976
 21
633.0073648
 31
0.0
 11
511.72523999999976
 21
633.0511008000001
 31
0.0
 11
511.72523999999976
 21
633.0932464
 31
0.0
 11
511.72523999999976
 21
633.1334040000002
 31
0.0
 11
511.72523999999976
 21
633.1723688000002
 31
0.0
 11
511.72523999999976
 21
633.208948
 31
0.0
 11
511.72523999999976
 21
633.2447320000001
 31
0.0
 11
511.72523999999976
 21
633.2777328000002
 31
0.0
 11
511.72523999999976
 21
633.3095408000001
 31
0.0
 11
511.72523999999976
 21
633.3393608000001
 31
0.0
 11
511.72523999999976
 21
633.3667952000001
 31
0.0
 11
511.72523999999976
 21
633.3934344000002
 31
0.0
 11
511.72523999999976
 21
633.4164952000001
 31
0.0
 11
511.72523999999976
 21
633.4387608000002
 31
0.0
 11
511.72523999999976
 21
633.4586408
 31
0.0
 11
511.72523999999976
 21
633.4765328000001
 31
0.0
 11
511.72523999999976
 21
633.4924368000002
 31
0.0
 11
511.72523999999976
 21
633.5059552
 31
0.0
 11
511.72523999999976
 21
633.5178832000001
 31
0.0
 11
511.72523999999976
 21
633.527028
 31
0.0
 11
511.72523999999976
 21
633.5345824000001
 31
0.0
 11
511.72523999999976
 21
633.5401488
 31
0.0
 11
511.72523999999976
 21
633.5429320000001
 31
0.0
 11
511.72523999999976
 21
633.54492
 31
0.0
  0
SPLINE
  5
464
330
17
100
AcDbEntity
  8
OUTLINE
100
AcDbSpline
 70
0
 71
3
 72
0
 73
0
 74
25
 11
508.54443999999785
 21
582.5726
 31
0.0
 11
508.54443999999785
 21
582.5658408000002
 31
0.0
 11
508.54443999999785
 21
582.5559008
 31
0.0
 11
508.54443999999785
 21
582.5364184
 31
0.0
 11
508.54443999999785
 21
582.5101768000002
 31
0.0
 11
508.54443999999785
 21
582.4783688
 31
0.0
 11
508.54443999999785
 21
582.4366208000001
 31
0.0
 11
508.54443999999785
 21
582.3912944000001
 31
0.0
 11
508.54443999999785
 21
582.3364256
 31
0.0
 11
508.54443999999785
 21
582.2775808000001
 31
0.0
 11
508.54443999999785
 21
582.2127720000001
 31
0.0
 11
508.54443999999785
 21
582.1419992000001
 31
0.0
 11
508.54443999999785
 21
582.0684432
 31
0.0
 11
508.54443999999785
 21
581.9873328000001
 31
0.0
 11
508.54443999999785
 21
581.904632
 31
0.0
 11
508.54443999999785
 21
581.8175576000001
 31
0.0
 11
508.54443999999785
 21
581.7280976
 31
0.0
 11
508.54443999999785
 21
581.6370472000001
 31
0.0
 11
508.54443999999785
 21
581.5432136000002
 31
0.0
 11
508.54443999999785
 21
581.4489824
 31
0.0
 11
508.54443999999785
 21
581.3543536
 31
0.0
 11
508.54443999999785
 21
581.2597248
 31
0.0
 11
508.54443999999785
 21
581.1658912
 31
0.0
 11
508.54443999999785
 21
581.073648
 31
0.0
 11
508.54443999999785
 21
580.9822000000001
 31
0.0
  0
CIRCLE
  5
465
330
17
100
AcDbEntity
  8
OUTLINE
100
AcDbCircle
 10
505.9600399999981
 20
616.84572
 30
0.0
 40
1.3923952
  0
CIRCLE
  5
466
330
17
100
AcDbEntity
  8
OUTLINE
100
AcDbCircle
 10
505.9600399999981
 20
604.1225200000001
 30
0.0
 40
1.3923952
  0
LINE
  5
467
330
17
100
AcDbEntity
  8
OUTLINE
100
AcDbLine
 10
497.2128400003021
 20
607.93948
 30
0.0
 11
496.81524000030186
 21
607.93948
 31
0.0
  0
LINE
  5
468
330
17
100
AcDbEntity
  8
OUTLINE
100
AcDbLine
 10
497.2128400003021
 20
606.34908
 30
0.0
 11
496.81524000030186
 21
606.34908
 31
0.0
  0
LINE
  5
469
330
17
100
AcDbEntity
  8
OUTLINE
100
AcDbLine
 10
496.81524000030186
 20
607.93948
 30
0.0
 11
484.5293999999958
 21
607.93948
 31
0.0
  0
LINE
  5
46A
330
17
100
AcDbEntity
  8
OUTLINE
100
AcDbLine
 10
496.81524000030186
 20
606.34908
 30
0.0
 11
484.5293999999958
 21
606.34908
 31
0.0
  0
LINE
  5
46B
330
17
100
AcDbEntity
  8
OUTLINE
100
AcDbLine
 10
497.2128400003021
 20
587.6817600000002
 30
0.0
 11
495.7218400003039
 21
586.68776
 31
0.0
  0
LINE
  5
46C
330
17
100
AcDbEntity
  8
OUTLINE
100
AcDbLine
 10
497.2128400003021
 20
583.70576
 30
0.0
 11
495.7218400003039
 21
584.69976
 31
0.0
  0
LINE
  5
46D
330
17
100
AcDbEntity
  8
OUTLINE
100
AcDbLine
 10
495.7218400003039
 20
586.68776
 30
0.0
 11
484.5293999999958
 21
586.68776
 31
0.0
  0
LINE
  5
46E
330
17
100
AcDbEntity
  8
OUTLINE
100
AcDbLine
 10
495.7218400003039
 20
584.69976
 30
0.0
 11
484.5293999999958
 21
584.69976
 31
0.0
  0
LINE
  5
46F
330
17
100
AcDbEntity
  8
OUTLINE
100
AcDbLine
 10
497.2128400003021
 20
612.90948
 30
0.0
 11
495.7218400003039
 21
611.9154800000001
 31
0.0
  0
LINE
  5
470
330
17
100
AcDbEntity
  8
OUTLINE
100
AcDbLine
 10
497.2128400003021
 20
608.9334800000001
 30
0.0
 11
495.7218400003039
 21
609.9274800000001
 31
0.0
  0
LINE
  5
471
330
17
100
AcDbEntity
  8
OUTLINE
100
AcDbLine
 10
495.7218400003039
 20
611.9154800000001
 30
0.0
 11
484.5293999999958
 21
611.9154800000001
 31
0.0
  0
LINE
  5
472
330
17
100
AcDbEntity
  8
OUTLINE
100
AcDbLine
 10
495.7218400003039
 20
609.9274800000001
 30
0.0
 11
484.5293999999958
 21
609.9274800000001
 31
0.0
  0
LINE
  5
473
330
17
100
AcDbEntity
  8
OUTLINE
100
AcDbLine
 10
497.2128400003021
 20
581.6978800000002
 30
0.0
 11
495.7218400003039
 21
580.70388
 31
0.0
  0
LINE
  5
474
330
17
100
AcDbEntity
  8
OUTLINE
100
AcDbLine
 10
497.2128400003021
 20
577.72188
 30
0.0
 11
495.7218400003039
 21
578.71588
 31
0.0
  0
LINE
  5
475
330
17
100
AcDbEntity
  8
OUTLINE
100
AcDbLine
 10
495.7218400003039
 20
580.70388
 30
0.0
 11
484.5293999999958
 21
580.70388
 31
0.0
  0
LINE
  5
476
330
17
100
AcDbEntity
  8
OUTLINE
100
AcDbLine
 10
495.7218400003039
 20
578.71588
 30
0.0
 11
484.5293999999958
 21
578.71588
 31
0.0
  0
LINE
  5
477
330
17
100
AcDbEntity
  8
OUTLINE
100
AcDbLine
 10
497.2128400003021
 20
615.89148
 30
0.0
 11
495.7218400003039
 21
614.8974800000001
 31
0.0
  0
LINE
  5
478
330
17
100
AcDbEntity
  8
OUTLINE
100
AcDbLine
 10
497.2128400003021
 20
611.9154800000001
 30
0.0
 11
495.7218400003039
 21
612.90948
 31
0.0
  0
LINE
  5
479
330
17
100
AcDbEntity
  8
OUTLINE
100
AcDbLine
 10
495.7218400003039
 20
614.8974800000001
 30
0.0
 11
484.5293999999958
 21
614.8974800000001
 31
0.0
  0
LINE
  5
47A
330
17
100
AcDbEntity
  8
OUTLINE
100
AcDbLine
 10
495.7218400003039
 20
612.90948
 30
0.0
 11
484.5293999999958
 21
612.90948
 31
0.0
  0
LINE
  5
47B
330
17
100
AcDbEntity
  8
OUTLINE
100
AcDbLine
 10
497.2128400003021
 20
633.0678
 30
0.0
 11
495.7218400003039
 21
632.0738000000001
 31
0.0
  0
LINE
  5
47C
330
17
100
AcDbEntity
  8
OUTLINE
100
AcDbLine
 10
497.2128400003021
 20
629.0918000000001
 30
0.0
 11
495.7218400003039
 21
630.0858000000001
 31
0.0
  0
LINE
  5
47D
330
17
100
AcDbEntity
  8
OUTLINE
100
AcDbLine
 10
495.7218400003039
 20
632.0738000000001
 30
0.0
 11
484.5293999999958
 21
632.0738000000001
 31
0.0
  0
LINE
  5
47E
330
17
100
AcDbEntity
  8
OUTLINE
100
AcDbLine
 10
495.7218400003039
 20
630.0858000000001
 30
0.0
 11
484.5293999999958
 21
630.0858000000001
 31
0.0
  0
LINE
  5
47F
330
17
100
AcDbEntity
  8
OUTLINE
100
AcDbLine
 10
484.5293999999958
 20
581.34004
 30
0.0
 11
484.92699999999604
 21
581.34004
 31
0.0
  0
LINE
  5
480
330
17
100
AcDbEntity
  8
OUTLINE
100
AcDbLine
 10
484.5293999999958
 20
579.74964
 30
0.0
 11
484.92699999999604
 21
579.74964
 31
0.0
  0
LINE
  5
481
330
17
100
AcDbEntity
  8
OUTLINE
100
AcDbLine
 10
484.92699999999604
 20
581.34004
 30
0.0
 11
497.2128400003021
 21
581.34004
 31
0.0
  0
LINE
  5
482
330
17
100
AcDbEntity
  8
OUTLINE
100
AcDbLine
 10
484.92699999999604
 20
579.74964
 30
0.0
 11
497.2128400003021
 21
579.74964
 31
0.0
  0
LINE
  5
483
330
17
100
AcDbEntity
  8
OUTLINE
100
AcDbLine
 10
497.2128400003021
 20
592.115
 30
0.0
 11
496.61644000030356
 21
591.7174
 31
0.0
  0
LINE
  5
484
330
17
100
AcDbEntity
  8
OUTLINE
100
AcDbLine
 10
497.2128400003021
 20
589.7294000000002
 30
0.0
 11
496.61644000030356
 21
590.1270000000002
 31
0.0
  0
LINE
  5
485
330
17
100
AcDbEntity
  8
OUTLINE
100
AcDbLine
 10
496.61644000030356
 20
591.7174
 30
0.0
 11
484.5293999999958
 21
591.7174
 31
0.0
  0
LINE
  5
486
330
17
100
AcDbEntity
  8
OUTLINE
100
AcDbLine
 10
496.61644000030356
 20
590.1270000000002
 30
0.0
 11
484.5293999999958
 21
590.1270000000002
 31
0.0
  0
LINE
  5
487
330
17
100
AcDbEntity
  8
OUTLINE
100
AcDbLine
 10
497.2128400003021
 20
631.0798
 30
0.0
 11
496.61644000030356
 21
630.6822
 31
0.0
  0
LINE
  5
488
330
17
100
AcDbEntity
  8
OUTLINE
100
AcDbLine
 10
497.2128400003021
 20
628.6942000000001
 30
0.0
 11
496.61644000030356
 21
629.0918000000001
 31
0.0
  0
LINE
  5
489
330
17
100
AcDbEntity
  8
OUTLINE
100
AcDbLine
 10
496.61644000030356
 20
630.6822
 30
0.0
 11
484.5293999999958
 21
630.6822
 31
0.0
  0
LINE
  5
48A
330
17
100
AcDbEntity
  8
OUTLINE
100
AcDbLine
 10
496.61644000030356
 20
629.0918000000001
 30
0.0
 11
484.5293999999958
 21
629.0918000000001
 31
0.0
  0
LINE
  5
48B
330
17
100
AcDbEntity
  8
OUTLINE
100
AcDbLine
 10
484.5293999999958
 20
585.3760776000001
 30
0.0
 11
484.92699999999604
 21
585.3760776000001
 31
0.0
  0
LINE
  5
48C
330
17
100
AcDbEntity
  8
OUTLINE
100
AcDbLine
 10
484.5293999999958
 20
583.7856776000001
 30
0.0
 11
484.92699999999604
 21
583.7856776000001
 31
0.0
  0
LINE
  5
48D
330
17
100
AcDbEntity
  8
OUTLINE
100
AcDbLine
 10
484.92699999999604
 20
585.3760776000001
 30
0.0
 11
497.2128400003021
 21
585.3760776000001
 31
0.0
  0
LINE
  5
48E
330
17
100
AcDbEntity
  8
OUTLINE
100
AcDbLine
 10
484.92699999999604
 20
583.7856776000001
 30
0.0
 11
497.2128400003021
 21
583.7856776000001
 31
0.0
  0
LINE
  5
48F
330
17
100
AcDbEntity
  8
OUTLINE
100
AcDbLine
 10
484.5293999999958
 20
630.94064
 30
0.0
 11
485.5134599999983
 21
630.2846
 31
0.0
  0
LINE
  5
490
330
17
100
AcDbEntity
  8
OUTLINE
100
AcDbLine
 10
484.5293999999958
 20
628.4357600000001
 30
0.0
 11
485.5134599999983
 21
629.0918000000001
 31
0.0
  0
LINE
  5
491
330
17
100
AcDbEntity
  8
OUTLINE
100
AcDbLine
 10
485.5134599999983
 20
630.2846
 30
0.0
 11
497.2128400003021
 21
630.2846
 31
0.0
  0
LINE
  5
492
330
17
100
AcDbEntity
  8
OUTLINE
100
AcDbLine
 10
485.5134599999983
 20
629.0918000000001
 30
0.0
 11
497.2128400003021
 21
629.0918000000001
 31
0.0
  0
LINE
  5
493
330
17
100
AcDbEntity
  8
OUTLINE
100
AcDbLine
 10
497.2128400003021
 20
592.115
 30
0.0
 11
496.61644000030356
 21
591.7174
 31
0.0
  0
LINE
  5
494
330
17
100
AcDbEntity
  8
OUTLINE
100
AcDbLine
 10
497.2128400003021
 20
589.7294000000002
 30
0.0
 11
496.61644000030356
 21
590.1270000000002
 31
0.0
  0
LINE
  5
495
330
17
100
AcDbEntity
  8
OUTLINE
100
AcDbLine
 10
496.61644000030356
 20
591.7174
 30
0.0
 11
484.5293999999958
 21
591.7174
 31
0.0
  0
LINE
  5
496
330
17
100
AcDbEntity
  8
OUTLINE
100
AcDbLine
 10
496.61644000030356
 20
590.1270000000002
 30
0.0
 11
484.5293999999958
 21
590.1270000000002
 31
0.0
  0
LINE
  5
497
330
17
100
AcDbEntity
  8
OUTLINE
100
AcDbLine
 10
497.2128400003021
 20
631.0798
 30
0.0
 11
496.61644000030356
 21
630.6822
 31
0.0
  0
LINE
  5
498
330
17
100
AcDbEntity
  8
OUTLINE
100
AcDbLine
 10
497.2128400003021
 20
628.6942000000001
 30
0.0
 11
496.61644000030356
 21
629.0918000000001
 31
0.0
  0
LINE
  5
499
330
17
100
AcDbEntity
  8
OUTLINE
100
AcDbLine
 10
496.61644000030356
 20
630.6822
 30
0.0
 11
484.5293999999958
 21
630.6822
 31
0.0
  0
LINE
  5
49A
330
17
100
AcDbEntity
  8
OUTLINE
100
AcDbLine
 10
496.61644000030356
 20
629.0918000000001
 30
0.0
 11
484.5293999999958
 21
629.0918000000001
 31
0.0
  0
LINE
  5
49B
330
17
100
AcDbEntity
  8
OUTLINE
100
AcDbLine
 10
484.5293999999958
 20
581.34004
 30
0.0
 11
484.92699999999604
 21
581.34004
 31
0.0
  0
LINE
  5
49C
330
17
100
AcDbEntity
  8
OUTLINE
100
AcDbLine
 10
484.5293999999958
 20
579.74964
 30
0.0
 11
484.92699999999604
 21
579.74964
 31
0.0
  0
LINE
  5
49D
330
17
100
AcDbEntity
  8
OUTLINE
100
AcDbLine
 10
484.92699999999604
 20
581.34004
 30
0.0
 11
497.2128400003021
 21
581.34004
 31
0.0
  0
LINE
  5
49E
330
17
100
AcDbEntity
  8
OUTLINE
100
AcDbLine
 10
484.92699999999604
 20
579.74964
 30
0.0
 11
497.2128400003021
 21
579.74964
 31
0.0
  0
LINE
  5
49F
330
17
100
AcDbEntity
  8
OUTLINE
100
AcDbLine
 10
497.2128400003021
 20
581.6978800000002
 30
0.0
 11
495.7218400003039
 21
580.70388
 31
0.0
  0
LINE
  5
4A0
330
17
100
AcDbEntity
  8
OUTLINE
100
AcDbLine
 10
497.2128400003021
 20
577.72188
 30
0.0
 11
495.7218400003039
 21
578.71588
 31
0.0
  0
LINE
  5
4A1
330
17
100
AcDbEntity
  8
OUTLINE
100
AcDbLine
 10
495.7218400003039
 20
580.70388
 30
0.0
 11
484.5293999999958
 21
580.70388
 31
0.0
  0
LINE
  5
4A2
330
17
100
AcDbEntity
  8
OUTLINE
100
AcDbLine
 10
495.7218400003039
 20
578.71588
 30
0.0
 11
484.5293999999958
 21
578.71588
 31
0.0
  0
LINE
  5
4A3
330
17
100
AcDbEntity
  8
OUTLINE
100
AcDbLine
 10
497.2128400003021
 20
633.0678
 30
0.0
 11
495.7218400003039
 21
632.0738000000001
 31
0.0
  0
LINE
  5
4A4
330
17
100
AcDbEntity
  8
OUTLINE
100
AcDbLine
 10
497.2128400003021
 20
629.0918000000001
 30
0.0
 11
495.7218400003039
 21
630.0858000000001
 31
0.0
  0
LINE
  5
4A5
330
17
100
AcDbEntity
  8
OUTLINE
100
AcDbLine
 10
495.7218400003039
 20
632.0738000000001
 30
0.0
 11
484.5293999999958
 21
632.0738000000001
 31
0.0
  0
LINE
  5
4A6
330
17
100
AcDbEntity
  8
OUTLINE
100
AcDbLine
 10
495.7218400003039
 20
630.0858000000001
 30
0.0
 11
484.5293999999958
 21
630.0858000000001
 31
0.0
  0
DIMENSION
  5
4A7
330
17
100
AcDbEntity
  8
DIM
100
AcDbDimension
280
0
  2
*D1
  3
GB_DIM
 10
389.70200000000114
 20
564.2830000000001
 30
0.0
 11
437.8116000000009
 21
567.0330000000001
 31
0.0
 70
32
 71
5
  1
<>
100
AcDbAlignedDimension
 13
389.70200000000114
 23
578.1990000000001
 33
0.0
 14
485.9212000000007
 24
578.1990000000001
 34
0.0
 50
0.0
100
AcDbRotatedDimension
  0
DIMENSION
  5
4B6
330
17
100
AcDbEntity
  8
DIM
100
AcDbDimension
280
0
  2
*D2
  3
GB_DIM
 10
375.78600000000006
 20
578.1990000000001
 30
0.0
 11
373.03600000000006
 21
605.87196
 31
0.0
 70
32
 71
5
  1
<>
100
AcDbAlignedDimension
 13
389.70200000000114
 23
578.1990000000001
 33
0.0
 14
389.70200000000114
 24
633.54492
 34
0.0
 50
90.0
100
AcDbRotatedDimension
  0
TEXT
  5
4C5
330
17
100
AcDbEntity
  8
TEXT
100
AcDbText
 10
839.7334016759596
 20
646.7439246082392
 30
0.0
 40
3.0
  1
公差等级 GB/T1804
  7
SimSun
100
AcDbText
  0
TEXT
  5
4C6
330
17
100
AcDbEntity
  8
TEXT
100
AcDbText
 10
954.7334016759596
 20
646.7439246082392
 30
0.0
 40
3.0
  1
线性
  7
SimSun
100
AcDbText
  0
TEXT
  5
4C7
330
17
100
AcDbEntity
  8
TEXT
100
AcDbText
 10
999.7334016759596
 20
646.7439246082392
 30
0.0
 40
3.0
  1
角度
  7
SimSun
100
AcDbText
  0
TEXT
  5
4C8
330
17
100
AcDbEntity
  8
TEXT
100
AcDbText
 10
839.7334016759596
 20
640.7439246082392
 30
0.0
 40
3.0
  1
精密 F 级
  7
SimSun
100
AcDbText
  0
TEXT
  5
4C9
330
17
100
AcDbEntity
  8
TEXT
100
AcDbText
 10
954.7334016759596
 20
640.7439246082392
 30
0.0
 40
3.0
  1
±0.05
  7
SimSun
100
AcDbText
  0
TEXT
  5
4CA
330
17
100
AcDbEntity
  8
TEXT
100
AcDbText
 10
999.7334016759596
 20
640.7439246082392
 30
0.0
 40
3.0
  1
±0.5°
  7
SimSun
100
AcDbText
  0
TEXT
  5
4CB
330
17
100
AcDbEntity
  8
TEXT
100
AcDbText
 10
839.7334016759596
 20
634.7439246082392
 30
0.0
 40
3.0
  1
中等 M 级
  7
SimSun
100
AcDbText
  0
TEXT
  5
4CC
330
17
100
AcDbEntity
  8
TEXT
100
AcDbText
 10
954.7334016759596
 20
634.7439246082392
 30
0.0
 40
3.0
  1
±0.1
  7
SimSun
100
AcDbText
  0
TEXT
  5
4CD
330
17
100
AcDbEntity
  8
TEXT
100
AcDbText
 10
999.7334016759596
 20
634.7439246082392
 30
0.0
 40
3.0
  1
±0.5°
  7
SimSun
100
AcDbText
  0
LINE
  5
4CE
330
17
100
AcDbEntity
  8
CENTER
100
AcDbLine
 10
477.5914800000028
 20
699.82492
 30
0.0
 11
490.27491999999984
 21
699.82492
 31
0.0
  0
TEXT
  5
4CF
330
17
100
AcDbEntity
  8
DIM
100
AcDbText
 10
486.9332000000031
 20
702.82492
 30
0.0
 40
1.1928
  1
90° L32 R5.0
  7
SimSun
100
AcDbText
  0
LINE
  5
4D0
330
17
100
AcDbEntity
  8
CENTER
100
AcDbLine
 10
404.4330800000025
 20
699.82492
 30
0.0
 11
412.34532000000036
 21
699.82492
 31
0.0
  0
TEXT
  5
4D1
330
17
100
AcDbEntity
  8
DIM
100
AcDbText
 10
411.38920000000144
 20
702.82492
 30
0.0
 40
1.1928
  1
90° L20 R5.0
  7
SimSun
100
AcDbText
  0
LINE
  5
4D2
330
17
100
AcDbEntity
  8
CENTER
100
AcDbLine
 10
387.7338799999998
 20
679.6666
 30
0.0
 11
395.64612000000125
 21
679.6666
 31
0.0
  0
TEXT
  5
4D3
330
17
100
AcDbEntity
  8
DIM
100
AcDbText
 10
394.6899999999987
 20
682.6666
 30
0.0
 40
1.1928
  1
90° L20 R5.0
  7
SimSun
100
AcDbText
  0
LINE
  5
4D4
330
17
100
AcDbEntity
  8
CENTER
100
AcDbLine
 10
387.7338799999998
 20
654.4388799999999
 30
0.0
 11
395.64612000000125
 21
654.4388799999999
 31
0.0
  0
TEXT
  5
4D5
330
17
100
AcDbEntity
  8
DIM
100
AcDbText
 10
394.6899999999987
 20
657.4388799999999
 30
0.0
 40
1.1928
  1
90° L20 R5.0
  7
SimSun
100
AcDbText
  0
LINE
  5
4D6
330
17
100
AcDbEntity
  8
CENTER
100
AcDbLine
 10
393.71736240000246
 20
648.4549999999999
 30
0.0
 11
401.6296024000003
 21
648.4549999999999
 31
0.0
  0
TEXT
  5
4D7
330
17
100
AcDbEntity
  8
DIM
100
AcDbText
 10
400.6734824000014
 20
651.4549999999999
 30
0.0
 40
1.1928
  1
90° L20 R5.0
  7
SimSun
100
AcDbText
  0
LINE
  5
4D8
330
17
100
AcDbEntity
  8
CENTER
100
AcDbLine
 10
402.14688000000024
 20
682.6486
 30
0.0
 11
408.6675200000027
 21
682.6486
 31
0.0
  0
TEXT
  5
4D9
330
17
100
AcDbEntity
  8
DIM
100
AcDbText
 10
408.40720000000147
 20
685.6486
 30
0.0
 40
1.1928
  1
90° L16 R5.0
  7
SimSun
100
AcDbText
  0
LINE
  5
4DA
330
17
100
AcDbEntity
  8
CENTER
100
AcDbLine
 10
477.5914800000028
 20
648.4549999999999
 30
0.0
 11
490.27491999999984
 21
648.4549999999999
 31
0.0
  0
TEXT
  5
4DB
330
17
100
AcDbEntity
  8
DIM
100
AcDbText
 10
486.9332000000031
 20
651.4549999999999
 30
0.0
 40
1.1928
  1
90° L32 R5.0
  7
SimSun
100
AcDbText
  0
TEXT
  5
4DC
330
17
100
AcDbEntity
  8
TEXT
100
AcDbText
 10
500.9212000000007
 20
633.54492
 30
0.0
 40
5.0
  1
折弯标注
  7
SimSun
100
AcDbText
  0
TEXT
  5
4DD
330
17
100
AcDbEntity
  8
DIM
100
AcDbText
 10
500.9212000000007
 20
622.54492
 30
0.0
 40
1.1928
  1
折弯 90° R5.0 ↑
  7
SimSun
100
AcDbText
  0
LINE
  5
4DE
330
17
100
AcDbEntity
  8
CENTER
100
AcDbLine
 10
488.9212000000007
 20
624.04492
 30
0.0
 11
528.9212000000007
 21
624.04492
 31
0.0
  0
TEXT
  5
4DF
330
17
100
AcDbEntity
  8
DIM
100
AcDbText
 10
500.9212000000007
 20
616.54492
 30
0.0
 40
1.1928
  1
折弯 45° R5.0 ↑
  7
SimSun
100
AcDbText
  0
LINE
  5
4E0
330
17
100
AcDbEntity
  8
CENTER
100
AcDbLine
 10
488.9212000000007
 20
618.04492
 30
0.0
 11
528.9212000000007
 21
618.04492
 31
0.0
  0
DIMENSION
  5
4E1
330
17
100
AcDbEntity
  8
DIM
100
AcDbDimension
280
0
  2
*D3
  3
GB_DIM
 10
359.1260000000002
 20
567.7820452097194
 30
0.0
 11
365.4677200001497
 21
572.5320452097194
 31
0.0
 70
32
 71
5
  1
<>
100
AcDbAlignedDimension
 13
359.1260000000002
 23
577.7220452097195
 33
0.0
 14
371.80944000030286
 24
577.7220452097195
 34
0.0
 50
0.0
100
AcDbRotatedDimension
  0
DIMENSION
  5
4F0
330
17
100
AcDbEntity
  8
DIM
100
AcDbDimension
280
0
  2
*D4
  3
GB_DIM
 10
484.5293999999958
 20
567.7820452097194
 30
0.0
 11
490.87112000014895
 21
572.5320452097194
 31
0.0
 70
32
 71
5
  1
<>
100
AcDbAlignedDimension
 13
484.5293999999958
 23
577.7220452097195
 33
0.0
 14
497.2128400003021
 24
577.7220452097195
 34
0.0
 50
0.0
100
AcDbRotatedDimension
  0
DIMENSION
  5
4FF
330
17
100
AcDbEntity
  8
DIM
100
AcDbDimension
280
0
  2
*D5
  3
GB_DIM
 10
389.70200000000114
 20
636.527
 30
0.0
 11
437.8116000000009
 21
639.277
 31
0.0
 70
32
 71
5
  1
<>
100
AcDbAlignedDimension
 13
389.70200000000114
 23
646.4670000000001
 33
0.0
 14
485.9212000000007
 24
646.4670000000001
 34
0.0
 50
0.0
100
AcDbRotatedDimension
  0
DIMENSION
  5
50E
330
17
100
AcDbEntity
  8
DIM
100
AcDbDimension
280
0
  2
*D6
  3
GB_DIM
 10
379.76200000000244
 20
646.4670000000001
 30
0.0
 11
377.01200000000244
 21
674.13996
 31
0.0
 70
32
 71
5
  1
<>
100
AcDbAlignedDimension
 13
389.70200000000114
 23
646.4670000000001
 33
0.0
 14
389.70200000000114
 24
701.8129200000001
 34
0.0
 50
90.0
100
AcDbRotatedDimension
  0
DIMENSION
  5
51D
330
17
100
AcDbEntity
  8
DIM
100
AcDbDimension
280
0
  2
*D7
  3
GB_DIM
 10
389.70200000000114
 20
580.1870000000001
 30
0.0
 11
437.8116000000009
 21
582.9370000000001
 31
0.0
 70
32
 71
5
  1
<>
100
AcDbAlignedDimension
 13
389.70200000000114
 23
590.1270000000002
 33
0.0
 14
485.9212000000007
 24
590.1270000000002
 34
0.0
 50
0.0
100
AcDbRotatedDimension
  0
DIMENSION
  5
52C
330
17
100
AcDbEntity
  8
DIM
100
AcDbDimension
280
0
  2
*D8
  3
GB_DIM
 10
379.76200000000244
 20
590.1270000000002
 30
0.0
 11
375.01200000000244
 21
596.4687200000001
 31
0.0
 70
32
 71
5
  1
<>
100
AcDbAlignedDimension
 13
389.70200000000114
 23
590.1270000000002
 33
0.0
 14
389.70200000000114
 24
602.81044
 34
0.0
 50
90.0
100
AcDbRotatedDimension
  0
DIMENSION
  5
53B
330
17
100
AcDbEntity
  8
DIM
100
AcDbDimension
280
0
  2
*D9
  3
GB_DIM
 10
347.1980000000003
 20
579.7098800000001
 30
0.0
 11
374.8709600000002
 21
582.4598800000001
 31
0.0
 70
32
 71
5
  1
<>
100
AcDbAlignedDimension
 13
347.1980000000003
 23
589.6498800000002
 33
0.0
 14
402.54392000000007
 24
589.6498800000002
 34
0.0
 50
0.0
100
AcDbRotatedDimension
  0
DIMENSION
  5
54A
330
17
100
AcDbEntity
  8
DIM
100
AcDbDimension
280
0
  2
*D10
  3
GB_DIM
 10
337.25800000000163
 20
589.6498800000002
 30
0.0
 11
332.50800000000163
 21
595.9916000000001
 31
0.0
 70
32
 71
5
  1
<>
100
AcDbAlignedDimension
 13
347.1980000000003
 23
589.6498800000002
 33
0.0
 14
347.1980000000003
 24
602.33332
 34
0.0
 50
90.0
100
AcDbRotatedDimension
  0
DIMENSION
  5
559
330
17
100
AcDbEntity
  8
DIM
100
AcDbDimension
280
0
  2
*D11
  3
GB_DIM
 10
389.70200000000114
 20
629.3702000000001
 30
0.0
 11
390.6959999999999
 21
634.1202000000001
 31
0.0
 70
32
 71
5
  1
<>
100
AcDbAlignedDimension
 13
389.70200000000114
 23
646.4670000000001
 33
0.0
 14
391.6900000000023
 24
646.4670000000001
 34
0.0
 50
0.0
100
AcDbRotatedDimension
  0
DIMENSION
  5
568
330
17
100
AcDbEntity
  8
DIM
100
AcDbDimension
280
0
  2
*D12
  3
GB_DIM
 10
391.6900000000023
 20
629.3702000000001
 30
0.0
 11
393.28039999999964
 21
634.1202000000001
 31
0.0
 70
32
 71
5
  1
<>
100
AcDbAlignedDimension
 13
391.6900000000023
 23
646.4670000000001
 33
0.0
 14
394.8708000000006
 24
646.4670000000001
 34
0.0
 50
0.0
100
AcDbRotatedDimension
  0
DIMENSION
  5
577
330
17
100
AcDbEntity
  8
DIM
100
AcDbDimension
280
0
  2
*D13
  3
GB_DIM
 10
394.8708000000006
 20
629.3702000000001
 30
0.0
 11
396.26240000000325
 21
634.1202000000001
 31
0.0
 70
32
 71
5
  1
<>
100
AcDbAlignedDimension
 13
394.8708000000006
 23
646.4670000000001
 33
0.0
 14
397.65400000000227
 24
646.4670000000001
 34
0.0
 50
0.0
100
AcDbRotatedDimension
  0
DIMENSION
  5
586
330
17
100
AcDbEntity
  8
DIM
100
AcDbDimension
280
0
  2
*D14
  3
GB_DIM
 10
397.65400000000227
 20
629.3702000000001
 30
0.0
 11
401.53060000000187
 21
634.1202000000001
 31
0.0
 70
32
 71
5
  1
<>
100
AcDbAlignedDimension
 13
397.65400000000227
 23
646.4670000000001
 33
0.0
 14
405.40720000000147
 24
646.4670000000001
 34
0.0
 50
0.0
100
AcDbRotatedDimension
  0
DIMENSION
  5
595
330
17
100
AcDbEntity
  8
DIM
100
AcDbDimension
280
0
  2
*D15
  3
GB_DIM
 10
405.40720000000147
 20
629.3702000000001
 30
0.0
 11
406.89819999999963
 21
634.1202000000001
 31
0.0
 70
32
 71
5
  1
<>
100
AcDbAlignedDimension
 13
405.40720000000147
 23
646.4670000000001
 33
0.0
 14
408.38920000000144
 24
646.4670000000001
 34
0.0
 50
0.0
100
AcDbRotatedDimension
  0
DIMENSION
  5
5A4
330
17
100
AcDbEntity
  8
DIM
100
AcDbDimension
280
0
  2
*D16
  3
GB_DIM
 10
408.38920000000144
 20
629.3702000000001
 30
0.0
 11
424.59140000000116
 21
632.1202000000001
 31
0.0
 70
32
 71
5
  1
<>
100
AcDbAlignedDimension
 13
408.38920000000144
 23
646.4670000000001
 33
0.0
 14
440.7936000000009
 24
646.4670000000001
 34
0.0
 50
0.0
100
AcDbRotatedDimension
  0
DIMENSION
  5
5B3
330
17
100
AcDbEntity
  8
DIM
100
AcDbDimension
280
0
  2
*D17
  3
GB_DIM
 10
440.7936000000009
 20
629.3702000000001
 30
0.0
 11
442.9804000000004
 21
634.1202000000001
 31
0.0
 70
32
 71
5
  1
<>
100
AcDbAlignedDimension
 13
440.7936000000009
 23
646.4670000000001
 33
0.0
 14
445.16719999999987
 24
646.4670000000001
 34
0.0
 50
0.0
100
AcDbRotatedDimension
  0
DIMENSION
  5
5C2
330
17
100
AcDbEntity
  8
DIM
100
AcDbDimension
280
0
  2
*D18
  3
GB_DIM
 10
445.16719999999987
 20
629.3702000000001
 30
0.0
 11
450.7336000000032
 21
634.1202000000001
 31
0.0
 70
32
 71
5
  1
<>
100
AcDbAlignedDimension
 13
445.16719999999987
 23
646.4670000000001
 33
0.0
 14
456.3000000000029
 24
646.4670000000001
 34
0.0
 50
0.0
100
AcDbRotatedDimension
  0
DIMENSION
  5
5D1
330
17
100
AcDbEntity
  8
DIM
100
AcDbDimension
280
0
  2
*D19
  3
GB_DIM
 10
456.3000000000029
 20
629.3702000000001
 30
0.0
 11
457.8904000000002
 21
634.1202000000001
 31
0.0
 70
32
 71
5
  1
<>
100
AcDbAlignedDimension
 13
456.3000000000029
 23
646.4670000000001
 33
0.0
 14
459.4808000000012
 24
646.4670000000001
 34
0.0
 50
0.0
100
AcDbRotatedDimension
  0
DIMENSION
  5
5E0
330
17
100
AcDbEntity
  8
DIM
100
AcDbDimension
280
0
  2
*D20
  3
GB_DIM
 10
459.4808000000012
 20
629.3702000000001
 30
0.0
 11
461.76700000000346
 21
634.1202000000001
 31
0.0
 70
32
 71
5
  1
<>
100
AcDbAlignedDimension
 13
459.4808000000012
 23
646.4670000000001
 33
0.0
 14
464.0532000000021
 24
646.4670000000001
 34
0.0
 50
0.0
100
AcDbRotatedDimension
  0
DIMENSION
  5
5EF
330
17
100
AcDbEntity
  8
DIM
100
AcDbDimension
280
0
  2
*D21
  3
GB_DIM
 10
464.0532000000021
 20
629.3702000000001
 30
0.0
 11
467.9298000000017
 21
634.1202000000001
 31
0.0
 70
32
 71
5
  1
<>
100
AcDbAlignedDimension
 13
464.0532000000021
 23
646.4670000000001
 33
0.0
 14
471.8064000000013
 24
646.4670000000001
 34
0.0
 50
0.0
100
AcDbRotatedDimension
  0
DIMENSION
  5
5FE
330
17
100
AcDbEntity
  8
DIM
100
AcDbDimension
280
0
  2
*D22
  3
GB_DIM
 10
471.8064000000013
 20
629.3702000000001
 30
0.0
 11
473.3967999999986
 21
634.1202000000001
 31
0.0
 70
32
 71
5
  1
<>
100
AcDbAlignedDimension
 13
471.8064000000013
 23
646.4670000000001
 33
0.0
 14
474.9871999999996
 24
646.4670000000001
 34
0.0
 50
0.0
100
AcDbRotatedDimension
  0
DIMENSION
  5
60D
330
17
100
AcDbEntity
  8
DIM
100
AcDbDimension
280
0
  2
*D23
  3
GB_DIM
 10
474.9871999999996
 20
629.3702000000001
 30
0.0
 11
476.57760000000053
 21
634.1202000000001
 31
0.0
 70
32
 71
5
  1
<>
100
AcDbAlignedDimension
 13
474.9871999999996
 23
646.4670000000001
 33
0.0
 14
478.1680000000015
 24
646.4670000000001
 34
0.0
 50
0.0
100
AcDbRotatedDimension
  0
DIMENSION
  5
61C
330
17
100
AcDbEntity
  8
DIM
100
AcDbDimension
280
0
  2
*D24
  3
GB_DIM
 10
478.1680000000015
 20
629.3702000000001
 30
0.0
 11
479.5596000000005
 21
634.1202000000001
 31
0.0
 70
32
 71
5
  1
<>
100
AcDbAlignedDimension
 13
478.1680000000015
 23
646.4670000000001
 33
0.0
 14
480.9511999999995
 24
646.4670000000001
 34
0.0
 50
0.0
100
AcDbRotatedDimension
  0
DIMENSION
  5
62B
330
17
100
AcDbEntity
  8
DIM
100
AcDbDimension
280
0
  2
*D25
  3
GB_DIM
 10
480.9511999999995
 20
629.3702000000001
 30
0.0
 11
482.4422000000013
 21
634.1202000000001
 31
0.0
 70
32
 71
5
  1
<>
100
AcDbAlignedDimension
 13
480.9511999999995
 23
646.4670000000001
 33
0.0
 14
483.9331999999995
 24
646.4670000000001
 34
0.0
 50
0.0
100
AcDbRotatedDimension
  0
DIMENSION
  5
63A
330
17
100
AcDbEntity
  8
DIM
100
AcDbDimension
280
0
  2
*D26
  3
GB_DIM
 10
483.9331999999995
 20
629.3702000000001
 30
0.0
 11
484.9272000000019
 21
634.1202000000001
 31
0.0
 70
32
 71
5
  1
<>
100
AcDbAlignedDimension
 13
483.9331999999995
 23
646.4670000000001
 33
0.0
 14
485.9212000000007
 24
646.4670000000001
 34
0.0
 50
0.0
100
AcDbRotatedDimension
  0
DIMENSION
  5
649
330
17
100
AcDbEntity
  8
DIM
100
AcDbDimension
280
0
  2
*D27
  3
GB_DIM
 10
372.6052000000018
 20
646.4670000000001
 30
0.0
 11
367.8552000000018
 21
647.461
 31
0.0
 70
32
 71
5
  1
<>
100
AcDbAlignedDimension
 13
389.70200000000114
 23
646.4670000000001
 33
0.0
 14
389.70200000000114
 24
648.4549999999999
 34
0.0
 50
90.0
100
AcDbRotatedDimension
  0
DIMENSION
  5
658
330
17
100
AcDbEntity
  8
DIM
100
AcDbDimension
280
0
  2
*D28
  3
GB_DIM
 10
372.6052000000018
 20
648.4549999999999
 30
0.0
 11
367.8552000000018
 21
648.87248
 31
0.0
 70
32
 71
5
  1
<>
100
AcDbAlignedDimension
 13
389.70200000000114
 23
648.4549999999999
 33
0.0
 14
389.70200000000114
 24
649.2899600000001
 34
0.0
 50
90.0
100
AcDbRotatedDimension
  0
DIMENSION
  5
667
330
17
100
AcDbEntity
  8
DIM
100
AcDbDimension
280
0
  2
*D29
  3
GB_DIM
 10
372.6052000000018
 20
649.2899600000001
 30
0.0
 11
367.8552000000018
 21
651.31772
 31
0.0
 70
32
 71
5
  1
<>
100
AcDbAlignedDimension
 13
389.70200000000114
 23
649.2899600000001
 33
0.0
 14
389.70200000000114
 24
653.34548
 34
0.0
 50
90.0
100
AcDbRotatedDimension
  0
DIMENSION
  5
676
330
17
100
AcDbEntity
  8
DIM
100
AcDbDimension
280
0
  2
*D30
  3
GB_DIM
 10
372.6052000000018
 20
653.34548
 30
0.0
 11
367.8552000000018
 21
653.4846400000001
 31
0.0
 70
32
 71
5
  1
<>
100
AcDbAlignedDimension
 13
389.70200000000114
 23
653.34548
 33
0.0
 14
389.70200000000114
 24
653.6238000000001
 34
0.0
 50
90.0
100
AcDbRotatedDimension
  0
DIMENSION
  5
685
330
17
100
AcDbEntity
  8
DIM
100
AcDbDimension
280
0
  2
*D31
  3
GB_DIM
 10
372.6052000000018
 20
653.6238000000001
 30
0.0
 11
367.8552000000018
 21
654.0412799999999
 31
0.0
 70
32
 71
5
  1
<>
100
AcDbAlignedDimension
 13
389.70200000000114
 23
653.6238000000001
 33
0.0
 14
389.70200000000114
 24
654.45876
 34
0.0
 50
90.0
100
AcDbRotatedDimension
  0
DIMENSION
  5
694
330
17
100
AcDbEntity
  8
DIM
100
AcDbDimension
280
0
  2
*D32
  3
GB_DIM
 10
372.6052000000018
 20
654.45876
 30
0.0
 11
367.8552000000018
 21
657.06304
 31
0.0
 70
32
 71
5
  1
<>
100
AcDbAlignedDimension
 13
389.70200000000114
 23
654.45876
 33
0.0
 14
389.70200000000114
 24
659.66732
 34
0.0
 50
90.0
100
AcDbRotatedDimension
  0
DIMENSION
  5
6A3
330
17
100
AcDbEntity
  8
DIM
100
AcDbDimension
280
0
  2
*D33
  3
GB_DIM
 10
372.6052000000018
 20
659.66732
 30
0.0
 11
369.8552000000018
 21
669.66696
 31
0.0
 70
32
 71
5
  1
<>
100
AcDbAlignedDimension
 13
389.70200000000114
 23
659.66732
 33
0.0
 14
389.70200000000114
 24
679.6666
 34
0.0
 50
90.0
100
AcDbRotatedDimension
  0
DIMENSION
  5
6B2
330
17
100
AcDbEntity
  8
DIM
100
AcDbDimension
280
0
  2
*D34
  3
GB_DIM
 10
372.6052000000018
 20
679.6666
 30
0.0
 11
367.8552000000018
 21
681.1576
 31
0.0
 70
32
 71
5
  1
<>
100
AcDbAlignedDimension
 13
389.70200000000114
 23
679.6666
 33
0.0
 14
389.70200000000114
 24
682.6486
 34
0.0
 50
90.0
100
AcDbRotatedDimension
  0
DIMENSION
  5
6C1
330
17
100
AcDbEntity
  8
DIM
100
AcDbDimension
280
0
  2
*D35
  3
GB_DIM
 10
372.6052000000018
 20
682.6486
 30
0.0
 11
369.8552000000018
 21
689.8451599999999
 31
0.0
 70
32
 71
5
  1
<>
100
AcDbAlignedDimension
 13
389.70200000000114
 23
682.6486
 33
0.0
 14
389.70200000000114
 24
697.0417199999999
 34
0.0
 50
90.0
100
AcDbRotatedDimension
  0
DIMENSION
  5
6D0
330
17
100
AcDbEntity
  8
DIM
100
AcDbDimension
280
0
  2
*D36
  3
GB_DIM
 10
372.6052000000018
 20
697.0417199999999
 30
0.0
 11
367.8552000000018
 21
697.7375200000001
 31
0.0
 70
32
 71
5
  1
<>
100
AcDbAlignedDimension
 13
389.70200000000114
 23
697.0417199999999
 33
0.0
 14
389.70200000000114
 24
698.4333200000001
 34
0.0
 50
90.0
100
AcDbRotatedDimension
  0
DIMENSION
  5
6DF
330
17
100
AcDbEntity
  8
DIM
100
AcDbDimension
280
0
  2
*D37
  3
GB_DIM
 10
372.6052000000018
 20
698.4333200000001
 30
0.0
 11
367.8552000000018
 21
698.5327200000002
 31
0.0
 70
32
 71
5
  1
<>
100
AcDbAlignedDimension
 13
389.70200000000114
 23
698.4333200000001
 33
0.0
 14
389.70200000000114
 24
698.63212
 34
0.0
 50
90.0
100
AcDbRotatedDimension
  0
DIMENSION
  5
6EE
330
17
100
AcDbEntity
  8
DIM
100
AcDbDimension
280
0
  2
*D38
  3
GB_DIM
 10
372.6052000000018
 20
698.63212
 30
0.0
 11
367.8552000000018
 21
699.2285200000001
 31
0.0
 70
32
 71
5
  1
<>
100
AcDbAlignedDimension
 13
389.70200000000114
 23
698.63212
 33
0.0
 14
389.70200000000114
 24
699.82492
 34
0.0
 50
90.0
100
AcDbRotatedDimension
  0
DIMENSION
  5
6FD
330
17
100
AcDbEntity
  8
DIM
100
AcDbDimension
280
0
  2
*D39
  3
GB_DIM
 10
372.6052000000018
 20
699.82492
 30
0.0
 11
367.8552000000018
 21
700.8189200000002
 31
0.0
 70
32
 71
5
  1
<>
100
AcDbAlignedDimension
 13
389.70200000000114
 23
699.82492
 33
0.0
 14
389.70200000000114
 24
701.8129200000001
 34
0.0
 50
90.0
100
AcDbRotatedDimension
  0
DIMENSION
  5
70C
330
17
100
AcDbEntity
  8
DIM
100
AcDbDimension
280
0
  2
*D40
  3
GB_DIM
 10
483.9331999999995
 20
711.7529200000001
 30
0.0
 11
484.9272000000019
 21
716.5029200000001
 31
0.0
 70
32
 71
5
  1
<>
100
AcDbAlignedDimension
 13
483.9331999999995
 23
701.8129200000001
 33
0.0
 14
485.9212000000007
 24
701.8129200000001
 34
0.0
 50
0.0
100
AcDbRotatedDimension
  0
DIMENSION
  5
71B
330
17
100
AcDbEntity
  8
DIM
100
AcDbDimension
280
0
  2
*D41
  3
GB_DIM
 10
495.86119999999937
 20
648.4549999999999
 30
0.0
 11
493.11119999999937
 21
675.1339600000001
 31
0.0
 70
32
 71
5
  1
<>
100
AcDbAlignedDimension
 13
485.9212000000007
 23
648.4549999999999
 33
0.0
 14
485.9212000000007
 24
701.8129200000001
 34
0.0
 50
90.0
100
AcDbRotatedDimension
  0
DIMENSION
  5
72A
330
17
100
AcDbEntity
  8
DIM
100
AcDbDimension
280
0
  2
*D42
  3
GB_DIM
 10
483.9331999999995
 20
718.9097200000001
 30
0.0
 11
484.9272000000019
 21
723.6597200000001
 31
0.0
 70
32
 71
5
  1
<>
100
AcDbAlignedDimension
 13
483.9331999999995
 23
701.8129200000001
 33
0.0
 14
485.9212000000007
 24
701.8129200000001
 34
0.0
 50
0.0
100
AcDbRotatedDimension
  0
DIMENSION
  5
739
330
17
100
AcDbEntity
  8
DIM
100
AcDbDimension
280
0
  2
*D43
  3
GB_DIM
 10
503.01800000000003
 20
699.82492
 30
0.0
 11
498.26800000000003
 21
700.8189200000002
 31
0.0
 70
32
 71
5
  1
<>
100
AcDbAlignedDimension
 13
485.9212000000007
 23
699.82492
 33
0.0
 14
485.9212000000007
 24
701.8129200000001
 34
0.0
 50
90.0
100
AcDbRotatedDimension
  0
DIMENSION
  5
748
330
17
100
AcDbEntity
  8
DIM
100
AcDbDimension
280
0
  2
*D44
  3
GB_DIM
 10
397.6734824000014
 20
726.0665200000001
 30
0.0
 11
441.79734120000285
 21
728.8165200000001
 31
0.0
 70
32
 71
5
  1
<>
100
AcDbAlignedDimension
 13
397.6734824000014
 23
701.8129200000001
 33
0.0
 14
485.9212000000007
 24
701.8129200000001
 34
0.0
 50
0.0
100
AcDbRotatedDimension
  0
DIMENSION
  5
757
330
17
100
AcDbEntity
  8
DIM
100
AcDbDimension
280
0
  2
*D45
  3
GB_DIM
 10
510.1748000000007
 20
648.4549999999999
 30
0.0
 11
507.4248000000007
 21
675.1339600000001
 31
0.0
 70
32
 71
5
  1
<>
100
AcDbAlignedDimension
 13
485.9212000000007
 23
648.4549999999999
 33
0.0
 14
485.9212000000007
 24
701.8129200000001
 34
0.0
 50
90.0
100
AcDbRotatedDimension
  0
DIMENSION
  5
766
330
17
100
AcDbEntity
  8
DIM
100
AcDbDimension
280
0
  2
*D46
  3
GB_DIM
 10
391.6900000000023
 20
733.2233200000001
 30
0.0
 11
438.8056000000033
 21
735.9733200000001
 31
0.0
 70
32
 71
5
  1
<>
100
AcDbAlignedDimension
 13
391.6900000000023
 23
701.8129200000001
 33
0.0
 14
485.9212000000007
 24
701.8129200000001
 34
0.0
 50
0.0
100
AcDbRotatedDimension
  0
DIMENSION
  5
775
330
17
100
AcDbEntity
  8
DIM
100
AcDbDimension
280
0
  2
*D47
  3
GB_DIM
 10
517.3316000000013
 20
654.4388799999999
 30
0.0
 11
514.5816000000013
 21
678.1259
 31
0.0
 70
32
 71
5
  1
<>
100
AcDbAlignedDimension
 13
485.9212000000007
 23
654.4388799999999
 33
0.0
 14
485.9212000000007
 24
701.8129200000001
 34
0.0
 50
90.0
100
AcDbRotatedDimension
  0
DIMENSION
  5
784
330
17
100
AcDbEntity
  8
DIM
100
AcDbDimension
280
0
  2
*D48
  3
GB_DIM
 10
464.0532000000021
 20
698.4333200000001
 30
0.0
 11
468.71755917142946
 21
706.9867664679427
 31
0.0
 70
36
 71
5
  1
<>
100
AcDbRadialDimension
 15
464.4749184843022
 25
698.8550384842997
 35
0.0
  0
DIMENSION
  5
78F
330
17
100
AcDbEntity
  8
DIM
100
AcDbDimension
280
0
  2
*D49
  3
GB_DIM
 10
394.8708000000006
 20
653.6238000000001
 30
0.0
 11
399.67573199951585
 21
662.3178192960474
 31
0.0
 70
36
 71
5
  1
<>
100
AcDbRadialDimension
 15
395.4330913123995
 25
654.1860913123996
 35
0.0
  0
DIMENSION
  5
79A
330
17
100
AcDbEntity
  8
DIM
100
AcDbDimension
280
0
  2
*D50
  3
GB_DIM
 10
391.6900000000023
 20
654.4388799999999
 30
0.0
 11
395.39806796053745
 21
662.036035257072
 31
0.0
 70
36
 71
5
  1
<>
100
AcDbRadialDimension
 15
392.3928641405
 25
655.1417441404994
 35
0.0
  0
DIMENSION
  5
7A5
330
17
100
AcDbEntity
  8
DIM
100
AcDbDimension
280
0
  2
*D51
  3
GB_DIM
 10
456.3000000000029
 20
697.0417199999999
 30
0.0
 11
462.62351452280564
 21
707.254321819318
 31
0.0
 70
36
 71
5
  1
<>
100
AcDbRadialDimension
 15
457.14343696860305
 25
697.8851569685992
 35
0.0
  0
LEADER
  5
7B0
330
17
100
AcDbEntity
  8
LEADER
100
AcDbLeader
  3
EZDXF
 73
3
 76
3
 10
485.9212000000007
 20
596.4687200000001
 30
0.0
 10
491.8852000000006
 20
600.44472
 30
0.0
 10
499.0420000000013
 20
600.44472
 30
0.0
  0
TEXT
  5
7B1
330
17
100
AcDbEntity
  8
TEXT
100
AcDbText
 10
501.0420000000013
 20
602.44472
 30
0.0
 40
1.3916
  1
t=31.9
  7
SimSun
100
AcDbText
  0
LEADER
  5
7B2
330
17
100
AcDbEntity
  8
LEADER
100
AcDbLeader
  3
EZDXF
 73
3
 76
3
 10
434.2332000000024
 20
674.37852
 30
0.0
 10
444.5708000000013
 20
679.1497199999999
 30
0.0
 10
451.727600000002
 20
679.1497199999999
 30
0.0
  0
TEXT
  5
7B3
330
17
100
AcDbEntity
  8
TEXT
100
AcDbText
 10
453.727600000002
 20
681.1497199999999
 30
0.0
 40
1.3916
  1
%%C5 沉孔%%C10×90°
  7
SimSun
100
AcDbText
  0
LEADER
  5
7B4
330
17
100
AcDbEntity
  8
LEADER
100
AcDbLeader
  3
EZDXF
 73
3
 76
3
 10
434.2332000000024
 20
674.37852
 30
0.0
 10
454.90840000000026
 20
683.92092
 30
0.0
 10
462.0652000000009
 20
683.92092
 30
0.0
  0
TEXT
  5
7B5
330
17
100
AcDbEntity
  8
TEXT
100
AcDbText
 10
464.0652000000009
 20
685.92092
 30
0.0
 40
1.3916
  1
M4-6H 深10
  7
SimSun
100
AcDbText
  0
LEADER
  5
7B6
330
17
100
AcDbEntity
  8
LEADER
100
AcDbLeader
  3
EZDXF
 73
3
 76
3
 10
434.2332000000024
 20
606.1105200000002
 30
0.0
 10
444.5708000000013
 20
610.8817200000001
 30
0.0
 10
451.727600000002
 20
610.8817200000001
 30
0.0
  0
TEXT
  5
7B7
330
17
100
AcDbEntity
  8
TEXT
100
AcDbText
 10
453.727600000002
 20
612.8817200000001
 30
0.0
 40
1.3916
  1
%%C4 通
  7
SimSun
100
AcDbText
  0
LEADER
  5
7B8
330
17
100
AcDbEntity
  8
LEADER
100
AcDbLeader
  3
EZDXF
 73
3
 76
3
 10
375.1095200000018
 20
605.6334000000002
 30
0.0
 10
385.4471200000007
 20
610.4046000000001
 30
0.0
 10
392.6039200000014
 20
610.4046000000001
 30
0.0
  0
TEXT
  5
7B9
330
17
100
AcDbEntity
  8
TEXT
100
AcDbText
 10
394.6039200000014
 20
612.4046000000001
 30
0.0
 40
1.3916
  1
%%C4 通
  7
SimSun
100
AcDbText
  0
LEADER
  5
7BA
330
17
100
AcDbEntity
  8
LEADER
100
AcDbLeader
  3
EZDXF
 73
3
 76
3
 10
434.2332000000024
 20
606.1105200000002
 30
0.0
 10
454.90840000000026
 20
615.65292
 30
0.0
 10
462.0652000000009
 20
615.65292
 30
0.0
  0
TEXT
  5
7BB
330
17
100
AcDbEntity
  8
TEXT
100
AcDbText
 10
464.0652000000009
 20
617.65292
 30
0.0
 40
1.3916
  1
t2.5
  7
SimSun
100
AcDbText
  0
LEADER
  5
7BC
330
17
100
AcDbEntity
  8
LEADER
100
AcDbLeader
  3
EZDXF
 73
3
 76
3
 10
434.2332000000024
 20
606.1105200000002
 30
0.0
 10
454.90840000000026
 20
615.65292
 30
0.0
 10
462.0652000000009
 20
615.65292
 30
0.0
  0
TEXT
  5
7BD
330
17
100
AcDbEntity
  8
TEXT
100
AcDbText
 10
464.0652000000009
 20
617.65292
 30
0.0
 40
1.3916
  1
C0.5
  7
SimSun
100
AcDbText
  0
LEADER
  5
7BE
330
17
100
AcDbEntity
  8
LEADER
100
AcDbLeader
  3
EZDXF
 73
3
 76
3
 10
434.2332000000024
 20
606.1105200000002
 30
0.0
 10
454.90840000000026
 20
615.65292
 30
0.0
 10
462.0652000000009
 20
615.65292
 30
0.0
  0
TEXT
  5
7BF
330
17
100
AcDbEntity
  8
TEXT
100
AcDbText
 10
464.0652000000009
 20
617.65292
 30
0.0
 40
1.3916
  1
3-%%C4.0
  7
SimSun
100
AcDbText
  0
LEADER
  5
7C0
330
17
100
AcDbEntity
  8
LEADER
100
AcDbLeader
  3
EZDXF
 73
3
 76
3
 10
375.1095200000018
 20
605.6334000000002
 30
0.0
 10
395.78471999999965
 20
615.1758
 30
0.0
 10
402.9415200000003
 20
615.1758
 30
0.0
  0
TEXT
  5
7C1
330
17
100
AcDbEntity
  8
TEXT
100
AcDbText
 10
404.9415200000003
 20
617.1758
 30
0.0
 40
1.3916
  1
9-%%C4.0
  7
SimSun
100
AcDbText
  0
LEADER
  5
7C2
330
17
100
AcDbEntity
  8
LEADER
100
AcDbLeader
  3
EZDXF
 73
3
 76
3
 10
434.2332000000024
 20
674.37852
 30
0.0
 10
454.90840000000026
 20
683.92092
 30
0.0
 10
462.0652000000009
 20
683.92092
 30
0.0
  0
TEXT
  5
7C3
330
17
100
AcDbEntity
  8
TEXT
100
AcDbText
 10
464.0652000000009
 20
685.92092
 30
0.0
 40
1.3916
  1
6-%%C10.0x90%%D
  7
SimSun
100
AcDbText
  0
LEADER
  5
7C4
330
17
100
AcDbEntity
  8
LEADER
100
AcDbLeader
  3
EZDXF
 73
3
 76
3
 10
434.2332000000024
 20
674.37852
 30
0.0
 10
454.90840000000026
 20
683.92092
 30
0.0
 10
462.0652000000009
 20
683.92092
 30
0.0
  0
TEXT
  5
7C5
330
17
100
AcDbEntity
  8
TEXT
100
AcDbText
 10
464.0652000000009
 20
685.92092
 30
0.0
 40
1.3916
  1
3-%%C4.0x90%%D
  7
SimSun
100
AcDbText
  0
LEADER
  5
7C6
330
17
100
AcDbEntity
  8
LEADER
100
AcDbLeader
  3
EZDXF
 73
3
 76
3
 10
434.2332000000024
 20
674.37852
 30
0.0
 10
454.90840000000026
 20
683.92092
 30
0.0
 10
462.0652000000009
 20
683.92092
 30
0.0
  0
TEXT
  5
7C7
330
17
100
AcDbEntity
  8
TEXT
100
AcDbText
 10
464.0652000000009
 20
685.92092
 30
0.0
 40
1.3916
  1
4-%%C6.0x90%%D
  7
SimSun
100
AcDbText
  0
LEADER
  5
7C8
330
17
100
AcDbEntity
  8
LEADER
100
AcDbLeader
  3
EZDXF
 73
3
 76
3
 10
434.2332000000024
 20
674.37852
 30
0.0
 10
454.90840000000026
 20
683.92092
 30
0.0
 10
462.0652000000009
 20
683.92092
 30
0.0
  0
TEXT
  5
7C9
330
17
100
AcDbEntity
  8
TEXT
100
AcDbText
 10
464.0652000000009
 20
685.92092
 30
0.0
 40
1.3916
  1
2-%%C6.0
  7
SimSun
100
AcDbText
  0
LEADER
  5
7CA
330
17
100
AcDbEntity
  8
LEADER
100
AcDbLeader
  3
EZDXF
 73
3
 76
3
 10
434.2332000000024
 20
674.37852
 30
0.0
 10
454.90840000000026
 20
683.92092
 30
0.0
 10
462.0652000000009
 20
683.92092
 30
0.0
  0
TEXT
  5
7CB
330
17
100
AcDbEntity
  8
TEXT
100
AcDbText
 10
464.0652000000009
 20
685.92092
 30
0.0
 40
1.3916
  1
%%C6.3x90%%D
  7
SimSun
100
AcDbText
  0
LEADER
  5
7CC
330
17
100
AcDbEntity
  8
LEADER
100
AcDbLeader
  3
EZDXF
 73
3
 76
3
 10
434.2332000000024
 20
674.37852
 30
0.0
 10
454.90840000000026
 20
683.92092
 30
0.0
 10
462.0652000000009
 20
683.92092
 30
0.0
  0
TEXT
  5
7CD
330
17
100
AcDbEntity
  8
TEXT
100
AcDbText
 10
464.0652000000009
 20
685.92092
 30
0.0
 40
1.3916
  1
M4.0-6H
  7
SimSun
100
AcDbText
  0
TEXT
  5
7CE
330
17
100
AcDbEntity
  8
TECH
100
AcDbText
 10
120.0
 20
275.0
 30
0.0
 40
5.0
  1
技术要求
  7
SimSun
100
AcDbText
  0
MTEXT
  5
7CF
330
17
100
AcDbEntity
  8
TECH
100
AcDbMText
 10
120.0
 20
262.0
 30
0.0
 40
3.5
 71
1
  1
材料: AL5052, 板厚 t2.5\P未注尺寸公差按 GB/T 1804-m\P未注角度公差按 GB/T 1804-m\P折弯未注尺寸按 GB/T 1804-m\P焊缝按 GB/T 324\P去毛刺、锐边倒钝\P表面钝化处理\P展开尺寸含K因子补偿(K=0.35), 供参考, 以实际折弯调试为准
  7
SimSun
  0
TEXT
  5
7D0
330
17
100
AcDbEntity
  8
TEXT
100
AcDbText
 10
947.7334016759596
 20
690.7439246082392
 30
0.0
 40
5.0
  1
其余
  7
SimSun
100
AcDbText
  0
LINE
  5
7D1
330
17
100
AcDbEntity
  8
TEXT
100
AcDbLine
 10
969.7334016759596
 20
686.7439246082392
 30
0.0
 11
973.7334016759596
 21
689.1439246082393
 31
0.0
  0
LINE
  5
7D2
330
17
100
AcDbEntity
  8
TEXT
100
AcDbLine
 10
973.7334016759596
 20
689.1439246082393
 30
0.0
 11
964.9334016759603
 21
689.6239246082393
 31
0.0
  0
LINE
  5
7D3
330
17
100
AcDbEntity
  8
TEXT
100
AcDbLine
 10
972.7334016759596
 20
690.6439246082393
 30
0.0
 11
982.7334016759596
 21
690.6439246082393
 31
0.0
  0
TEXT
  5
7D4
330
17
100
AcDbEntity
  8
TEXT
100
AcDbText
 10
974.7334016759596
 20
691.6439246082393
 30
0.0
 40
3.0
  1
Ra3.2
  7
SimSun
100
AcDbText
  0
TEXT
  5
7D5
330
17
100
AcDbEntity
  8
TEXT
100
AcDbText
 10
985.7334016759596
 20
690.1439246082393
 30
0.0
 40
2.5
  1
折弯变形面
  7
SimSun
100
AcDbText
  0
TEXT
  5
7D6
330
17
100
AcDbEntity
  8
TEXT
100
AcDbText
 10
985.7334016759596
 20
686.6439246082393
 30
0.0
 40
2.0
  1
[Section-A 折弯区]
  7
SimSun
100
AcDbText
  0
LINE
  5
7D7
330
17
100
AcDbEntity
  8
TEXT
100
AcDbLine
 10
969.7334016759596
 20
672.7439246082392
 30
0.0
 11
973.7334016759596
 21
675.1439246082393
 31
0.0
  0
LINE
  5
7D8
330
17
100
AcDbEntity
  8
TEXT
100
AcDbLine
 10
973.7334016759596
 20
675.1439246082393
 30
0.0
 11
964.9334016759603
 21
675.6239246082393
 31
0.0
  0
LINE
  5
7D9
330
17
100
AcDbEntity
  8
TEXT
100
AcDbLine
 10
972.7334016759596
 20
676.6439246082393
 30
0.0
 11
982.7334016759596
 21
676.6439246082393
 31
0.0
  0
TEXT
  5
7DA
330
17
100
AcDbEntity
  8
TEXT
100
AcDbText
 10
974.7334016759596
 20
677.6439246082393
 30
0.0
 40
3.0
  1
Ra6.3
  7
SimSun
100
AcDbText
  0
TEXT
  5
7DB
330
17
100
AcDbEntity
  8
TEXT
100
AcDbText
 10
985.7334016759596
 20
676.1439246082393
 30
0.0
 40
2.5
  1
焊接面
  7
SimSun
100
AcDbText
  0
TEXT
  5
7DC
330
17
100
AcDbEntity
  8
TEXT
100
AcDbText
 10
985.7334016759596
 20
672.6439246082393
 30
0.0
 40
2.0
  1
[焊缝标注旁]
  7
SimSun
100
AcDbText
  0
LINE
  5
7DD
330
17
100
AcDbEntity
  8
TEXT
100
AcDbLine
 10
969.7334016759596
 20
658.7439246082392
 30
0.0
 11
973.7334016759596
 21
661.1439246082393
 31
0.0
  0
LINE
  5
7DE
330
17
100
AcDbEntity
  8
TEXT
100
AcDbLine
 10
973.7334016759596
 20
661.1439246082393
 30
0.0
 11
964.9334016759603
 21
661.6239246082393
 31
0.0
  0
LINE
  5
7DF
330
17
100
AcDbEntity
  8
TEXT
100
AcDbLine
 10
972.7334016759596
 20
662.6439246082393
 30
0.0
 11
982.7334016759596
 21
662.6439246082393
 31
0.0
  0
TEXT
  5
7E0
330
17
100
AcDbEntity
  8
TEXT
100
AcDbText
 10
974.7334016759596
 20
663.6439246082393
 30
0.0
 40
3.0
  1
Ra6.3
  7
SimSun
100
AcDbText
  0
TEXT
  5
7E1
330
17
100
AcDbEntity
  8
TEXT
100
AcDbText
 10
985.7334016759596
 20
662.1439246082393
 30
0.0
 40
2.5
  1
外形轮廓面
  7
SimSun
100
AcDbText
  0
TEXT
  5
7E2
330
17
100
AcDbEntity
  8
TEXT
100
AcDbText
 10
985.7334016759596
 20
658.6439246082393
 30
0.0
 40
2.0
  1
[Front 外形边缘]
  7
SimSun
100
AcDbText
  0
LINE
  5
7E3
330
17
100
AcDbEntity
  8
TEXT
100
AcDbLine
 10
969.7334016759596
 20
644.7439246082392
 30
0.0
 11
973.7334016759596
 21
647.1439246082393
 31
0.0
  0
LINE
  5
7E4
330
17
100
AcDbEntity
  8
TEXT
100
AcDbLine
 10
973.7334016759596
 20
647.1439246082393
 30
0.0
 11
964.9334016759603
 21
647.6239246082393
 31
0.0
  0
LINE
  5
7E5
330
17
100
AcDbEntity
  8
TEXT
100
AcDbLine
 10
972.7334016759596
 20
648.6439246082393
 30
0.0
 11
982.7334016759596
 21
648.6439246082393
 31
0.0
  0
TEXT
  5
7E6
330
17
100
AcDbEntity
  8
TEXT
100
AcDbText
 10
974.7334016759596
 20
649.6439246082393
 30
0.0
 40
3.0
  1
Ra6.3
  7
SimSun
100
AcDbText
  0
TEXT
  5
7E7
330
17
100
AcDbEntity
  8
TEXT
100
AcDbText
 10
985.7334016759596
 20
648.1439246082393
 30
0.0
 40
2.5
  1
孔壁(过孔/沉头孔)
  7
SimSun
100
AcDbText
  0
TEXT
  5
7E8
330
17
100
AcDbEntity
  8
TEXT
100
AcDbText
 10
985.7334016759596
 20
644.6439246082393
 30
0.0
 40
2.0
  1
[Top 孔旁]
  7
SimSun
100
AcDbText
  0
LINE
  5
7E9
330
17
100
AcDbEntity
  8
TEXT
100
AcDbLine
 10
969.7334016759596
 20
630.7439246082392
 30
0.0
 11
973.7334016759596
 21
633.1439246082393
 31
0.0
  0
LINE
  5
7EA
330
17
100
AcDbEntity
  8
TEXT
100
AcDbLine
 10
973.7334016759596
 20
633.1439246082393
 30
0.0
 11
964.9334016759603
 21
633.6239246082393
 31
0.0
  0
LINE
  5
7EB
330
17
100
AcDbEntity
  8
TEXT
100
AcDbLine
 10
972.7334016759596
 20
634.6439246082393
 30
0.0
 11
982.7334016759596
 21
634.6439246082393
 31
0.0
  0
TEXT
  5
7EC
330
17
100
AcDbEntity
  8
TEXT
100
AcDbText
 10
974.7334016759596
 20
635.6439246082393
 30
0.0
 40
3.0
  1
Ra3.2
  7
SimSun
100
AcDbText
  0
TEXT
  5
7ED
330
17
100
AcDbEntity
  8
TEXT
100
AcDbText
 10
985.7334016759596
 20
634.1439246082393
 30
0.0
 40
2.5
  1
螺纹孔
  7
SimSun
100
AcDbText
  0
TEXT
  5
7EE
330
17
100
AcDbEntity
  8
TEXT
100
AcDbText
 10
985.7334016759596
 20
630.6439246082393
 30
0.0
 40
2.0
  1
[Detail-B 螺纹孔旁]
  7
SimSun
100
AcDbText
  0
TEXT
  5
7EF
330
17
100
AcDbEntity
  8
TEXT
100
AcDbText
 10
739.7334016759596
 20
690.7439246082392
 30
0.0
 40
5.0
  1
形位公差 GB/T 1182
  7
SimSun
100
AcDbText
  0
TOLERANCE
  5
7F0
330
17
100
AcDbEntity
  8
DIM
100
AcDbFcf
  3
GB_DIM
 10
849.7334016759596
 20
686.7439246082392
 30
0.0
  1
{\Fgdt;i}0.1 A
 11
1.0
 21
0.0
 31
0.0
  0
TEXT
  5
7F1
330
17
100
AcDbEntity
  8
TEXT
100
AcDbText
 10
879.7334016759596
 20
682.7439246082392
 30
0.0
 40
2.5
  1
面: 折弯立面(相对底面)
  7
SimSun
100
AcDbText
  0
TEXT
  5
7F2
330
17
100
AcDbEntity
  8
TEXT
100
AcDbText
 10
879.7334016759596
 20
686.2439246082392
 30
0.0
 40
2.5
  1
(垂直度)
  7
SimSun
100
AcDbText
  0
LINE
  5
7F3
330
17
100
AcDbEntity
  8
DIM
100
AcDbLine
 10
834.7334016759596
 20
684.7439246082392
 30
0.0
 11
837.7334016759596
 21
684.7439246082392
 31
0.0
  0
LINE
  5
7F4
330
17
100
AcDbEntity
  8
DIM
100
AcDbLine
 10
834.7334016759596
 20
684.7439246082392
 30
0.0
 11
836.2334016759596
 21
681.7439246082392
 31
0.0
  0
LINE
  5
7F5
330
17
100
AcDbEntity
  8
DIM
100
AcDbLine
 10
837.7334016759596
 20
684.7439246082392
 30
0.0
 11
836.2334016759596
 21
681.7439246082392
 31
0.0
  0
TEXT
  5
7F6
330
17
100
AcDbEntity
  8
DIM
100
AcDbText
 10
838.7334016759596
 20
681.7439246082392
 30
0.0
 40
3.0
  1
A
  7
SimSun
100
AcDbText
  0
TOLERANCE
  5
7F7
330
17
100
AcDbEntity
  8
DIM
100
AcDbFcf
  3
GB_DIM
 10
849.7334016759596
 20
674.7439246082392
 30
0.0
  1
{\Fgdt;f}0.15 A
 11
1.0
 21
0.0
 31
0.0
  0
TEXT
  5
7F8
330
17
100
AcDbEntity
  8
TEXT
100
AcDbText
 10
879.7334016759596
 20
670.7439246082392
 30
0.0
 40
2.5
  1
面: 底面
  7
SimSun
100
AcDbText
  0
TEXT
  5
7F9
330
17
100
AcDbEntity
  8
TEXT
100
AcDbText
 10
879.7334016759596
 20
674.2439246082392
 30
0.0
 40
2.5
  1
(平行度)
  7
SimSun
100
AcDbText
  0
TOLERANCE
  5
7FA
330
17
100
AcDbEntity
  8
DIM
100
AcDbFcf
  3
GB_DIM
 10
849.7334016759596
 20
662.7439246082392
 30
0.0
  1
{\Fgdt;i}0.2 A|B
 11
1.0
 21
0.0
 31
0.0
  0
TEXT
  5
7FB
330
17
100
AcDbEntity
  8
TEXT
100
AcDbText
 10
879.7334016759596
 20
658.7439246082392
 30
0.0
 40
2.5
  1
面: 螺纹孔F0018
  7
SimSun
100
AcDbText
  0
TEXT
  5
7FC
330
17
100
AcDbEntity
  8
TEXT
100
AcDbText
 10
879.7334016759596
 20
662.2439246082392
 30
0.0
 40
2.5
  1
(位置度)
  7
SimSun
100
AcDbText
  0
LINE
  5
7FD
330
17
100
AcDbEntity
  8
DIM
100
AcDbLine
 10
834.7334016759596
 20
660.7439246082392
 30
0.0
 11
837.7334016759596
 21
660.7439246082392
 31
0.0
  0
LINE
  5
7FE
330
17
100
AcDbEntity
  8
DIM
100
AcDbLine
 10
834.7334016759596
 20
660.7439246082392
 30
0.0
 11
836.2334016759596
 21
657.7439246082392
 31
0.0
  0
LINE
  5
7FF
330
17
100
AcDbEntity
  8
DIM
100
AcDbLine
 10
837.7334016759596
 20
660.7439246082392
 30
0.0
 11
836.2334016759596
 21
657.7439246082392
 31
0.0
  0
TEXT
  5
800
330
17
100
AcDbEntity
  8
DIM
100
AcDbText
 10
838.7334016759596
 20
657.7439246082392
 30
0.0
 40
3.0
  1
A|B
  7
SimSun
100
AcDbText
  0
LINE
  5
801
330
17
100
AcDbEntity
  8
SECTION
100
AcDbLine
 10
389.7020000040902
 20
606.1105200000002
 30
0.0
 11
485.9212000041043
 21
606.1105200000002
 31
0.0
  0
LINE
  5
802
330
17
100
AcDbEntity
  8
SECTION
100
AcDbLine
 10
437.8116000040973
 20
606.1105200000002
 30
0.0
 11
435.8236000040961
 21
608.0985200000002
 31
0.0
  0
LINE
  5
803
330
17
100
AcDbEntity
  8
SECTION
100
AcDbLine
 10
437.8116000040973
 20
606.1105200000002
 30
0.0
 11
439.79960000409847
 21
608.0985200000002
 31
0.0
  0
TEXT
  5
804
330
17
100
AcDbEntity
  8
TEXT
100
AcDbText
 10
383.7020000040902
 20
608.1105200000002
 30
0.0
 40
1.988
  1
A
  7
SimSun
100
AcDbText
  0
TEXT
  5
805
330
17
100
AcDbEntity
  8
TEXT
100
AcDbText
 10
487.9212000041043
 20
608.1105200000002
 30
0.0
 40
1.988
  1
A
  7
SimSun
100
AcDbText
  0
HATCH
  5
806
330
17
100
AcDbEntity
  8
SECTION
 62
7
100
AcDbHatch
 10
0.0
 20
0.0
 30
0.0
210
0.0
220
0.0
230
1.0
  2
ANSI31
 70
0
 71
0
 91
1
 92
3
 72
0
 73
1
 93
4
 10
389.7020000040902
 20
604.1225200000001
 10
485.9212000041043
 20
604.1225200000001
 10
485.9212000041043
 20
608.0985200000002
 10
389.7020000040902
 20
608.0985200000002
 97
0
 75
1
 76
1
 52
0.0
 41
0.7952
 77
0
 78
1
 53
45.0
 43
0.0
 44
0.0
 45
-1.4196506139
 46
1.4196506139
 79
0
 98
0
  0
TEXT
  5
807
330
17
100
AcDbEntity
  8
TEXT
100
AcDbText
 10
389.70200000000114
 20
641.54492
 30
0.0
 40
5.0
  1
剖视图 A-A
  7
SimSun
100
AcDbText
  0
LINE
  5
808
330
17
100
AcDbEntity
  8
FRAME
100
AcDbLine
 10
135.0
 20
430.66599999999994
 30
0.0
 11
251.21919999999955
 21
430.66599999999994
 31
0.0
  0
LINE
  5
809
330
17
100
AcDbEntity
  8
FRAME
100
AcDbLine
 10
135.0
 20
506.0119199999999
 30
0.0
 11
251.21919999999955
 21
506.0119199999999
 31
0.0
  0
LINE
  5
80A
330
17
100
AcDbEntity
  8
FRAME
100
AcDbLine
 10
135.0
 20
430.66599999999994
 30
0.0
 11
135.0
 21
506.0119199999999
 31
0.0
  0
LINE
  5
80B
330
17
100
AcDbEntity
  8
FRAME
100
AcDbLine
 10
251.21919999999955
 20
430.66599999999994
 30
0.0
 11
251.21919999999955
 21
506.0119199999999
 31
0.0
  0
LINE
  5
80C
330
17
100
AcDbEntity
  8
OUTLINE
100
AcDbLine
 10
146.28504320000138
 20
447.93492319999996
 30
0.0
 11
152.26892320000115
 21
441.9514408
 31
0.0
  0
LINE
  5
80D
330
17
100
AcDbEntity
  8
OUTLINE
100
AcDbLine
 10
146.0039399999987
 20
447.65382
 30
0.0
 11
151.98781999999846
 21
441.67033760000004
 31
0.0
  0
LINE
  5
80E
330
17
100
AcDbEntity
  8
OUTLINE
100
AcDbLine
 10
193.7059999999983
 20
441.65999999999985
 30
0.0
 11
193.7059999999983
 21
495.01792
 31
0.0
  0
LINE
  5
80F
330
17
100
AcDbEntity
  8
OUTLINE
100
AcDbLine
 10
152.97148240000024
 20
441.65999999999985
 30
0.0
 11
198.27839999999924
 21
441.65999999999985
 31
0.0
  0
LINE
  5
810
330
17
100
AcDbEntity
  8
OUTLINE
100
AcDbLine
 10
198.27839999999924
 20
441.26239999999984
 30
0.0
 11
198.27839999999924
 21
441.65999999999985
 31
0.0
  0
LINE
  5
811
330
17
100
AcDbEntity
  8
OUTLINE
100
AcDbLine
 10
152.97148240000024
 20
441.26239999999984
 30
0.0
 11
198.27839999999924
 21
441.26239999999984
 31
0.0
  0
LINE
  5
812
330
17
100
AcDbEntity
  8
OUTLINE
100
AcDbLine
 10
198.27839999999924
 20
445.3580775999999
 30
0.0
 11
198.27839999999924
 21
441.65999999999985
 31
0.0
  0
LINE
  5
813
330
17
100
AcDbEntity
  8
OUTLINE
100
AcDbLine
 10
198.27839999999924
 20
440.66599999999994
 30
0.0
 11
198.27839999999924
 21
441.26239999999984
 31
0.0
  0
LINE
  5
814
330
17
100
AcDbEntity
  8
OUTLINE
100
AcDbLine
 10
231.27920000000086
 20
445.3580775999999
 30
0.0
 11
231.27920000000086
 21
441.65999999999985
 31
0.0
  0
LINE
  5
815
330
17
100
AcDbEntity
  8
OUTLINE
100
AcDbLine
 10
231.27920000000086
 20
445.3580775999999
 30
0.0
 11
198.27839999999924
 21
445.3580775999999
 31
0.0
  0
LINE
  5
816
330
17
100
AcDbEntity
  8
OUTLINE
100
AcDbLine
 10
213.98359999999957
 20
495.01792
 30
0.0
 11
213.98359999999957
 21
494.22272
 31
0.0
  0
LINE
  5
817
330
17
100
AcDbEntity
  8
OUTLINE
100
AcDbLine
 10
215.57400000000052
 20
494.22272
 30
0.0
 11
213.98359999999957
 21
494.22272
 31
0.0
  0
LINE
  5
818
330
17
100
AcDbEntity
  8
OUTLINE
100
AcDbLine
 10
215.57400000000052
 20
495.01792
 30
0.0
 11
215.57400000000052
 21
494.22272
 31
0.0
  0
LINE
  5
819
330
17
100
AcDbEntity
  8
OUTLINE
100
AcDbLine
 10
223.12840000000142
 20
495.01792
 30
0.0
 11
223.12840000000142
 21
494.22272
 31
0.0
  0
LINE
  5
81A
330
17
100
AcDbEntity
  8
OUTLINE
100
AcDbLine
 10
224.71879999999874
 20
494.22272
 30
0.0
 11
223.12840000000142
 21
494.22272
 31
0.0
  0
LINE
  5
81B
330
17
100
AcDbEntity
  8
OUTLINE
100
AcDbLine
 10
224.71879999999874
 20
495.01792
 30
0.0
 11
224.71879999999874
 21
494.22272
 31
0.0
  0
LINE
  5
81C
330
17
100
AcDbEntity
  8
OUTLINE
100
AcDbLine
 10
239.23119999999835
 20
495.01792
 30
0.0
 11
163.6872000000003
 21
495.01792
 31
0.0
  0
LINE
  5
81D
330
17
100
AcDbEntity
  8
OUTLINE
100
AcDbLine
 10
163.6872000000003
 20
496.0119199999999
 30
0.0
 11
239.23119999999835
 21
496.0119199999999
 31
0.0
  0
LINE
  5
81E
330
17
100
AcDbEntity
  8
OUTLINE
100
AcDbLine
 10
152.97148240000024
 20
440.66599999999994
 30
0.0
 11
198.27839999999924
 21
440.66599999999994
 31
0.0
  0
LINE
  5
81F
330
17
100
AcDbEntity
  8
OUTLINE
100
AcDbLine
 10
151.56596640000134
 20
441.24848399999996
 30
0.0
 11
145.58208640000157
 21
447.2319663999999
 31
0.0
  0
LINE
  5
820
330
17
100
AcDbEntity
  8
OUTLINE
100
AcDbLine
 10
145.0
 20
448.63788
 30
0.0
 11
145.0
 21
473.86559999999986
 31
0.0
  0
LINE
  5
821
330
17
100
AcDbEntity
  8
OUTLINE
100
AcDbLine
 10
146.9880000000012
 20
475.8535999999999
 30
0.0
 11
160.70520000000033
 21
475.8535999999999
 31
0.0
  0
LINE
  5
822
330
17
100
AcDbEntity
  8
OUTLINE
100
AcDbLine
 10
161.6991999999991
 20
476.84760000000006
 30
0.0
 11
161.6991999999991
 21
494.02391999999986
 31
0.0
  0
LINE
  5
823
330
17
100
AcDbEntity
  8
OUTLINE
100
AcDbLine
 10
241.21919999999955
 20
442.654
 30
0.0
 11
241.21919999999955
 21
494.02391999999986
 31
0.0
  0
LINE
  5
824
330
17
100
AcDbEntity
  8
OUTLINE
100
AcDbLine
 10
231.27920000000086
 20
440.66599999999994
 30
0.0
 11
239.23119999999835
 21
440.66599999999994
 31
0.0
  0
LINE
  5
825
330
17
100
AcDbEntity
  8
OUTLINE
100
AcDbLine
 10
231.27920000000086
 20
441.26239999999984
 30
0.0
 11
231.27920000000086
 21
440.66599999999994
 31
0.0
  0
LINE
  5
826
330
17
100
AcDbEntity
  8
OUTLINE
100
AcDbLine
 10
231.27920000000086
 20
441.26239999999984
 30
0.0
 11
239.23119999999835
 21
441.26239999999984
 31
0.0
  0
LINE
  5
827
330
17
100
AcDbEntity
  8
OUTLINE
100
AcDbLine
 10
240.622800000001
 20
442.654
 30
0.0
 11
240.622800000001
 21
494.02391999999986
 31
0.0
  0
LINE
  5
828
330
17
100
AcDbEntity
  8
OUTLINE
100
AcDbLine
 10
239.23119999999835
 20
495.41552
 30
0.0
 11
163.6872000000003
 21
495.41552
 31
0.0
  0
LINE
  5
829
330
17
100
AcDbEntity
  8
OUTLINE
100
AcDbLine
 10
162.2956000000013
 20
494.02391999999986
 30
0.0
 11
162.2956000000013
 21
476.84760000000006
 31
0.0
  0
LINE
  5
82A
330
17
100
AcDbEntity
  8
OUTLINE
100
AcDbLine
 10
160.70520000000033
 20
475.2572
 30
0.0
 11
146.9880000000012
 21
475.2572
 31
0.0
  0
LINE
  5
82B
330
17
100
AcDbEntity
  8
OUTLINE
100
AcDbLine
 10
145.59639999999854
 20
473.86559999999986
 30
0.0
 11
145.59639999999854
 21
448.63788
 31
0.0
  0
LINE
  5
82C
330
17
100
AcDbEntity
  8
OUTLINE
100
AcDbLine
 10
145.99399999999878
 20
473.86559999999986
 30
0.0
 11
145.99399999999878
 21
448.63788
 31
0.0
  0
LINE
  5
82D
330
17
100
AcDbEntity
  8
OUTLINE
100
AcDbLine
 10
160.70520000000033
 20
474.8596
 30
0.0
 11
146.9880000000012
 21
474.8596
 31
0.0
  0
LINE
  5
82E
330
17
100
AcDbEntity
  8
OUTLINE
100
AcDbLine
 10
162.69320000000153
 20
494.02391999999986
 30
0.0
 11
162.69320000000153
 21
476.84760000000006
 31
0.0
  0
LINE
  5
82F
330
17
100
AcDbEntity
  8
OUTLINE
100
AcDbLine
 10
240.22520000000077
 20
442.654
 30
0.0
 11
240.22520000000077
 21
494.02391999999986
 31
0.0
  0
LINE
  5
830
330
17
100
AcDbEntity
  8
OUTLINE
100
AcDbLine
 10
231.27920000000086
 20
441.65999999999985
 30
0.0
 11
239.23119999999835
 21
441.65999999999985
 31
0.0
  0
LINE
  5
831
330
17
100
AcDbEntity
  8
OUTLINE
100
AcDbLine
 10
231.27920000000086
 20
441.65999999999985
 30
0.0
 11
231.27920000000086
 21
441.26239999999984
 31
0.0
  0
LINE
  5
832
330
17
100
AcDbEntity
  8
OUTLINE
100
AcDbLine
 10
151.98781999999846
 20
441.67033760000004
 30
0.0
 11
152.26892320000115
 21
441.9514408
 31
0.0
  0
LINE
  5
833
330
17
100
AcDbEntity
  8
OUTLINE
100
AcDbLine
 10
146.28504320000138
 20
447.93492319999996
 30
0.0
 11
146.0039399999987
 21
447.65382
 31
0.0
  0
LINE
  5
834
330
17
100
AcDbEntity
  8
OUTLINE
100
AcDbLine
 10
152.97148240000024
 20
441.65999999999985
 30
0.0
 11
152.97148240000024
 21
441.26239999999984
 31
0.0
  0
LINE
  5
835
330
17
100
AcDbEntity
  8
OUTLINE
100
AcDbLine
 10
145.59639999999854
 20
448.63788
 30
0.0
 11
145.99399999999878
 21
448.63788
 31
0.0
  0
LINE
  5
836
330
17
100
AcDbEntity
  8
OUTLINE
100
AcDbLine
 10
145.99399999999878
 20
473.86559999999986
 30
0.0
 11
145.59639999999854
 21
473.86559999999986
 31
0.0
  0
LINE
  5
837
330
17
100
AcDbEntity
  8
OUTLINE
100
AcDbLine
 10
146.9880000000012
 20
475.2572
 30
0.0
 11
146.9880000000012
 21
474.8596
 31
0.0
  0
LINE
  5
838
330
17
100
AcDbEntity
  8
OUTLINE
100
AcDbLine
 10
160.70520000000033
 20
474.8596
 30
0.0
 11
160.70520000000033
 21
475.2572
 31
0.0
  0
LINE
  5
839
330
17
100
AcDbEntity
  8
OUTLINE
100
AcDbLine
 10
162.2956000000013
 20
476.84760000000006
 30
0.0
 11
162.69320000000153
 21
476.84760000000006
 31
0.0
  0
LINE
  5
83A
330
17
100
AcDbEntity
  8
OUTLINE
100
AcDbLine
 10
162.69320000000153
 20
494.02391999999986
 30
0.0
 11
162.2956000000013
 21
494.02391999999986
 31
0.0
  0
LINE
  5
83B
330
17
100
AcDbEntity
  8
OUTLINE
100
AcDbLine
 10
163.6872000000003
 20
495.41552
 30
0.0
 11
163.6872000000003
 21
495.01792
 31
0.0
  0
LINE
  5
83C
330
17
100
AcDbEntity
  8
OUTLINE
100
AcDbLine
 10
239.23119999999835
 20
495.01792
 30
0.0
 11
239.23119999999835
 21
495.41552
 31
0.0
  0
LINE
  5
83D
330
17
100
AcDbEntity
  8
OUTLINE
100
AcDbLine
 10
240.622800000001
 20
494.02391999999986
 30
0.0
 11
240.22520000000077
 21
494.02391999999986
 31
0.0
  0
LINE
  5
83E
330
17
100
AcDbEntity
  8
OUTLINE
100
AcDbLine
 10
240.22520000000077
 20
442.654
 30
0.0
 11
240.622800000001
 21
442.654
 31
0.0
  0
LINE
  5
83F
330
17
100
AcDbEntity
  8
OUTLINE
100
AcDbLine
 10
239.23119999999835
 20
441.26239999999984
 30
0.0
 11
239.23119999999835
 21
441.65999999999985
 31
0.0
  0
CIRCLE
  5
840
330
17
100
AcDbEntity
  8
HOLE
100
AcDbCircle
 10
146.9880000000012
 20
448.63788
 30
0.0
 40
0.994
  0
CIRCLE
  5
841
330
17
100
AcDbEntity
  8
HOLE
100
AcDbCircle
 10
196.09159999999974
 20
443.4889599999999
 30
0.0
 40
0.7952
  0
CIRCLE
  5
842
330
17
100
AcDbEntity
  8
HOLE
100
AcDbCircle
 10
214.77880000000005
 20
447.5249976
 30
0.0
 40
0.7952
  0
CIRCLE
  5
843
330
17
100
AcDbEntity
  8
HOLE
100
AcDbCircle
 10
233.46600000000035
 20
443.4889599999999
 30
0.0
 40
0.7952
  0
CIRCLE
  5
844
330
17
100
AcDbEntity
  8
HOLE
100
AcDbCircle
 10
200.46519999999873
 20
492.8311199999998
 30
0.0
 40
1.1928
  0
CIRCLE
  5
845
330
17
100
AcDbEntity
  8
HOLE
100
AcDbCircle
 10
200.46519999999873
 20
492.8311199999998
 30
0.0
 40
0.994
  0
CIRCLE
  5
846
330
17
100
AcDbEntity
  8
HOLE
100
AcDbCircle
 10
200.46519999999873
 20
492.8311199999998
 30
0.0
 40
0.7952
  0
CIRCLE
  5
847
330
17
100
AcDbEntity
  8
HOLE
100
AcDbCircle
 10
230.28519999999844
 20
492.8311199999998
 30
0.0
 40
1.1928
  0
CIRCLE
  5
848
330
17
100
AcDbEntity
  8
HOLE
100
AcDbCircle
 10
230.28519999999844
 20
492.8311199999998
 30
0.0
 40
0.994
  0
CIRCLE
  5
849
330
17
100
AcDbEntity
  8
HOLE
100
AcDbCircle
 10
230.28519999999844
 20
492.8311199999998
 30
0.0
 40
0.7952
  0
CIRCLE
  5
84A
330
17
100
AcDbEntity
  8
HOLE
100
AcDbCircle
 10
230.28519999999844
 20
453.86631999999986
 30
0.0
 40
1.1928
  0
CIRCLE
  5
84B
330
17
100
AcDbEntity
  8
HOLE
100
AcDbCircle
 10
230.28519999999844
 20
453.86631999999986
 30
0.0
 40
0.994
  0
CIRCLE
  5
84C
330
17
100
AcDbEntity
  8
HOLE
100
AcDbCircle
 10
230.28519999999844
 20
453.86631999999986
 30
0.0
 40
0.7952
  0
CIRCLE
  5
84D
330
17
100
AcDbEntity
  8
HOLE
100
AcDbCircle
 10
200.46519999999873
 20
453.86631999999986
 30
0.0
 40
1.1928
  0
CIRCLE
  5
84E
330
17
100
AcDbEntity
  8
HOLE
100
AcDbCircle
 10
200.46519999999873
 20
453.86631999999986
 30
0.0
 40
0.994
  0
CIRCLE
  5
84F
330
17
100
AcDbEntity
  8
HOLE
100
AcDbCircle
 10
200.46519999999873
 20
453.86631999999986
 30
0.0
 40
0.7952
  0
CIRCLE
  5
850
330
17
100
AcDbEntity
  8
HOLE
100
AcDbCircle
 10
236.24919999999838
 20
453.86631999999986
 30
0.0
 40
1.5904
  0
CIRCLE
  5
851
330
17
100
AcDbEntity
  8
HOLE
100
AcDbCircle
 10
236.24919999999838
 20
453.86631999999986
 30
0.0
 40
0.7952
  0
CIRCLE
  5
852
330
17
100
AcDbEntity
  8
HOLE
100
AcDbCircle
 10
219.35120000000097
 20
492.63231999999994
 30
0.0
 40
1.1331600000000002
  0
CIRCLE
  5
853
330
17
100
AcDbEntity
  8
HOLE
100
AcDbCircle
 10
219.35120000000097
 20
492.63231999999994
 30
0.0
 40
0.5964
  0
CIRCLE
  5
854
330
17
100
AcDbEntity
  8
HOLE
100
AcDbCircle
 10
219.35120000000097
 20
492.63231999999994
 30
0.0
 40
1.25244
  0
CIRCLE
  5
855
330
17
100
AcDbEntity
  8
HOLE
100
AcDbCircle
 10
150.16879999999946
 20
447.8227999999999
 30
0.0
 40
1.5904
  0
CIRCLE
  5
856
330
17
100
AcDbEntity
  8
HOLE
100
AcDbCircle
 10
150.16879999999946
 20
447.8227999999999
 30
0.0
 40
0.7952
  0
ARC
  5
857
330
17
100
AcDbEntity
  8
OUTLINE
100
AcDbCircle
 10
152.97148240000024
 20
442.654
 30
0.0
 40
0.994
100
AcDbArc
 50
-134.99974273092943
 51
-90.00021045914971
  0
ARC
  5
858
330
17
100
AcDbEntity
  8
OUTLINE
100
AcDbCircle
 10
152.97148240000024
 20
442.654
 30
0.0
 40
1.3916
100
AcDbArc
 50
-134.99974273092943
 51
-90.00021045914971
  0
ARC
  5
859
330
17
100
AcDbEntity
  8
OUTLINE
100
AcDbCircle
 10
239.23119999999835
 20
494.02391999999986
 30
0.0
 40
1.988
100
AcDbArc
 50
0.0
 51
90.00021045914971
  0
ARC
  5
85A
330
17
100
AcDbEntity
  8
OUTLINE
100
AcDbCircle
 10
152.97148240000024
 20
442.654
 30
0.0
 40
1.988
100
AcDbArc
 50
-134.99974273092943
 51
-90.00021045914971
  0
ARC
  5
85B
330
17
100
AcDbEntity
  8
OUTLINE
100
AcDbCircle
 10
146.9880000000012
 20
448.63788
 30
0.0
 40
1.988
100
AcDbArc
 50
179.9998479605043
 51
224.99995319007914
  0
ARC
  5
85C
330
17
100
AcDbEntity
  8
OUTLINE
100
AcDbCircle
 10
146.9880000000012
 20
473.86559999999986
 30
0.0
 40
1.988
100
AcDbArc
 50
90.00021045914971
 51
179.9998479605043
  0
ARC
  5
85D
330
17
100
AcDbEntity
  8
OUTLINE
100
AcDbCircle
 10
160.70520000000033
 20
476.84760000000006
 30
0.0
 40
0.994
100
AcDbArc
 50
-90.00021045914971
 51
0.0
  0
ARC
  5
85E
330
17
100
AcDbEntity
  8
OUTLINE
100
AcDbCircle
 10
163.6872000000003
 20
494.02391999999986
 30
0.0
 40
1.988
100
AcDbArc
 50
90.00021045914971
 51
179.9998479605043
  0
ARC
  5
85F
330
17
100
AcDbEntity
  8
OUTLINE
100
AcDbCircle
 10
239.23119999999835
 20
442.654
 30
0.0
 40
1.988
100
AcDbArc
 50
-90.00021045914971
 51
0.0
  0
ARC
  5
860
330
17
100
AcDbEntity
  8
OUTLINE
100
AcDbCircle
 10
239.23119999999835
 20
442.654
 30
0.0
 40
1.3916
100
AcDbArc
 50
-90.00021045914971
 51
-0.0
  0
ARC
  5
861
330
17
100
AcDbEntity
  8
OUTLINE
100
AcDbCircle
 10
239.23119999999835
 20
494.02391999999986
 30
0.0
 40
1.3916
100
AcDbArc
 50
0.0
 51
90.00021045914971
  0
ARC
  5
862
330
17
100
AcDbEntity
  8
OUTLINE
100
AcDbCircle
 10
163.6872000000003
 20
494.02391999999986
 30
0.0
 40
1.3916
100
AcDbArc
 50
90.00021045914971
 51
179.9998479605043
  0
ARC
  5
863
330
17
100
AcDbEntity
  8
OUTLINE
100
AcDbCircle
 10
160.70520000000033
 20
476.84760000000006
 30
0.0
 40
1.5904
100
AcDbArc
 50
-90.00021045914971
 51
-0.0
  0
ARC
  5
864
330
17
100
AcDbEntity
  8
OUTLINE
100
AcDbCircle
 10
146.9880000000012
 20
473.86559999999986
 30
0.0
 40
1.3916
100
AcDbArc
 50
90.00021045914971
 51
179.9998479605043
  0
ARC
  5
865
330
17
100
AcDbEntity
  8
OUTLINE
100
AcDbCircle
 10
146.9880000000012
 20
448.63788
 30
0.0
 40
1.3916
100
AcDbArc
 50
-179.9998479605043
 51
-134.99974273092943
  0
ARC
  5
866
330
17
100
AcDbEntity
  8
OUTLINE
100
AcDbCircle
 10
146.9880000000012
 20
448.63788
 30
0.0
 40
0.994
100
AcDbArc
 50
-179.9998479605043
 51
-134.99974273092943
  0
ARC
  5
867
330
17
100
AcDbEntity
  8
OUTLINE
100
AcDbCircle
 10
146.9880000000012
 20
473.86559999999986
 30
0.0
 40
0.994
100
AcDbArc
 50
90.00021045914971
 51
179.9998479605043
  0
ARC
  5
868
330
17
100
AcDbEntity
  8
OUTLINE
100
AcDbCircle
 10
160.70520000000033
 20
476.84760000000006
 30
0.0
 40
1.988
100
AcDbArc
 50
-90.00021045914971
 51
0.0
  0
ARC
  5
869
330
17
100
AcDbEntity
  8
OUTLINE
100
AcDbCircle
 10
163.6872000000003
 20
494.02391999999986
 30
0.0
 40
0.994
100
AcDbArc
 50
90.00021045914971
 51
179.9998479605043
  0
ARC
  5
86A
330
17
100
AcDbEntity
  8
OUTLINE
100
AcDbCircle
 10
239.23119999999835
 20
494.02391999999986
 30
0.0
 40
0.994
100
AcDbArc
 50
0.0
 51
90.00021045914971
  0
ARC
  5
86B
330
17
100
AcDbEntity
  8
OUTLINE
100
AcDbCircle
 10
239.23119999999835
 20
442.654
 30
0.0
 40
0.994
100
AcDbArc
 50
-90.00021045914971
 51
-0.0
  0
HATCH
  5
86C
330
17
100
AcDbEntity
  8
SECTION
 62
7
100
AcDbHatch
 10
0.0
 20
0.0
 30
0.0
210
0.0
220
0.0
230
1.0
  2
ANSI31
 70
0
 71
0
 91
1
 92
3
 72
0
 73
1
 93
4
 10
145.0
 20
440.66599999999994
 10
241.21919999999955
 20
440.66599999999994
 10
241.21919999999955
 20
468.33896000000004
 10
145.0
 20
468.33896000000004
 97
0
 75
1
 76
1
 52
0.0
 41
0.7952
 77
0
 78
1
 53
45.0
 43
0.0
 44
0.0
 45
-1.4196506139
 46
1.4196506139
 79
0
 98
0
  0
TEXT
  5
86D
330
17
100
AcDbEntity
  8
TEXT
100
AcDbText
 10
135.0
 20
428.66599999999994
 30
0.0
 40
7.0
  1
剖面 A-A
  7
SimSun
100
AcDbText
  0
TEXT
  5
86E
330
17
100
AcDbEntity
  8
TEXT
100
AcDbText
 10
165.0
 20
428.66599999999994
 30
0.0
 40
2.5
  1
(Front 剖切)
  7
SimSun
100
AcDbText
  0
LINE
  5
86F
330
17
100
AcDbEntity
  8
FRAME
100
AcDbLine
 10
245.0
 20
430.66599999999994
 30
0.0
 11
375.0
 21
430.66599999999994
 31
0.0
  0
LINE
  5
870
330
17
100
AcDbEntity
  8
FRAME
100
AcDbLine
 10
245.0
 20
520.6659999999999
 30
0.0
 11
375.0
 21
520.6659999999999
 31
0.0
  0
LINE
  5
871
330
17
100
AcDbEntity
  8
FRAME
100
AcDbLine
 10
245.0
 20
430.66599999999994
 30
0.0
 11
245.0
 21
520.6659999999999
 31
0.0
  0
LINE
  5
872
330
17
100
AcDbEntity
  8
FRAME
100
AcDbLine
 10
375.0
 20
430.66599999999994
 30
0.0
 11
375.0
 21
520.6659999999999
 31
0.0
  0
TEXT
  5
873
330
17
100
AcDbEntity
  8
TEXT
100
AcDbText
 10
250.0
 20
508.66599999999994
 30
0.0
 40
7.0
  1
展开图
  7
SimSun
100
AcDbText
  0
TEXT
  5
874
330
17
100
AcDbEntity
  8
TEXT
100
AcDbText
 10
250.0
 20
498.66599999999994
 30
0.0
 40
5.0
  1
用途: 标注展开长度 + 孔位展开坐标
  7
SimSun
100
AcDbText
  0
LWPOLYLINE
  5
875
330
17
100
AcDbEntity
  8
OUTLINE
100
AcDbPolyline
 90
4
 70
1
 10
275.04162163310684
 20
448.16599999999994
 10
344.9583783668895
 20
448.16599999999994
 10
344.9583783668895
 20
493.16599999999994
 10
275.04162163310684
 20
493.16599999999994
  0
LINE
  5
876
330
17
100
AcDbEntity
  8
CENTER
100
AcDbLine
 10
283.78121622483013
 20
448.16599999999994
 30
0.0
 11
283.78121622483013
 21
493.16599999999994
 31
0.0
  0
TEXT
  5
877
330
17
100
AcDbEntity
  8
DIM
100
AcDbText
 10
284.78121622483013
 20
495.16599999999994
 30
0.0
 40
2.5
  1
折弯 R5.0 90°
  7
SimSun
100
AcDbText
  0
LINE
  5
878
330
17
100
AcDbEntity
  8
CENTER
100
AcDbLine
 10
292.5208108165534
 20
448.16599999999994
 30
0.0
 11
292.5208108165534
 21
493.16599999999994
 31
0.0
  0
TEXT
  5
879
330
17
100
AcDbEntity
  8
DIM
100
AcDbText
 10
293.5208108165534
 20
495.16599999999994
 30
0.0
 40
2.5
  1
折弯 R5.0 90°
  7
SimSun
100
AcDbText
  0
LINE
  5
87A
330
17
100
AcDbEntity
  8
CENTER
100
AcDbLine
 10
301.2604054082767
 20
448.16599999999994
 30
0.0
 11
301.2604054082767
 21
493.16599999999994
 31
0.0
  0
TEXT
  5
87B
330
17
100
AcDbEntity
  8
DIM
100
AcDbText
 10
302.2604054082767
 20
495.16599999999994
 30
0.0
 40
2.5
  1
折弯 R5.0 90°
  7
SimSun
100
AcDbText
  0
LINE
  5
87C
330
17
100
AcDbEntity
  8
CENTER
100
AcDbLine
 10
310.0
 20
448.16599999999994
 30
0.0
 11
310.0
 21
493.16599999999994
 31
0.0
  0
TEXT
  5
87D
330
17
100
AcDbEntity
  8
DIM
100
AcDbText
 10
311.0
 20
495.16599999999994
 30
0.0
 40
2.5
  1
折弯 R5.0 45°
  7
SimSun
100
AcDbText
  0
LINE
  5
87E
330
17
100
AcDbEntity
  8
CENTER
100
AcDbLine
 10
318.7395945917233
 20
448.16599999999994
 30
0.0
 11
318.7395945917233
 21
493.16599999999994
 31
0.0
  0
TEXT
  5
87F
330
17
100
AcDbEntity
  8
DIM
100
AcDbText
 10
319.7395945917233
 20
495.16599999999994
 30
0.0
 40
2.5
  1
折弯 R5.0 45°
  7
SimSun
100
AcDbText
  0
LINE
  5
880
330
17
100
AcDbEntity
  8
CENTER
100
AcDbLine
 10
327.4791891834466
 20
448.16599999999994
 30
0.0
 11
327.4791891834466
 21
493.16599999999994
 31
0.0
  0
TEXT
  5
881
330
17
100
AcDbEntity
  8
DIM
100
AcDbText
 10
328.4791891834466
 20
495.16599999999994
 30
0.0
 40
2.5
  1
折弯 R5.0 90°
  7
SimSun
100
AcDbText
  0
LINE
  5
882
330
17
100
AcDbEntity
  8
CENTER
100
AcDbLine
 10
336.21878377516623
 20
448.16599999999994
 30
0.0
 11
336.21878377516623
 21
493.16599999999994
 31
0.0
  0
TEXT
  5
883
330
17
100
AcDbEntity
  8
DIM
100
AcDbText
 10
337.21878377516623
 20
495.16599999999994
 30
0.0
 40
2.5
  1
折弯 R5.0 90°
  7
SimSun
100
AcDbText
  0
TEXT
  5
884
330
17
100
AcDbEntity
  8
TEXT
100
AcDbText
 10
250.0
 20
435.66599999999994
 30
0.0
 40
5.0
  1
展开总长 L = 155.4mm (含 ΣBA=55.4)
  7
SimSun
100
AcDbText
  0
TEXT
  5
885
330
17
100
AcDbEntity
  8
TECH
100
AcDbText
 10
250.0
 20
488.66599999999994
 30
0.0
 40
2.5
  1
BA=(R+K·t)·α,  K=0.35,  t=2.5mm,  板宽=100.0mm
  7
SimSun
100
AcDbText
  0
CIRCLE
  5
886
330
17
100
AcDbEntity
  8
CENTER
100
AcDbCircle
 10
394.8708000000006
 20
653.6238000000001
 30
0.0
 40
5.964
  0
LINE
  5
887
330
17
100
AcDbEntity
  8
CENTER
100
AcDbLine
 10
399.0456000000013
 20
657.7986000000001
 30
0.0
 11
418.83480000000054
 21
664.5878
 31
0.0
  0
TEXT
  5
888
330
17
100
AcDbEntity
  8
TEXT
100
AcDbText
 10
419.83480000000054
 20
664.5878
 30
0.0
 40
5.0
  1
B(3:1)
  7
SimSun
100
AcDbText
  0
LINE
  5
889
330
17
100
AcDbEntity
  8
FRAME
100
AcDbLine
 10
395.0
 20
430.66599999999994
 30
0.0
 11
450.78399999999965
 21
430.66599999999994
 31
0.0
  0
LINE
  5
88A
330
17
100
AcDbEntity
  8
FRAME
100
AcDbLine
 10
395.0
 20
486.45000000000005
 30
0.0
 11
450.78399999999965
 21
486.45000000000005
 31
0.0
  0
LINE
  5
88B
330
17
100
AcDbEntity
  8
FRAME
100
AcDbLine
 10
395.0
 20
430.66599999999994
 30
0.0
 11
395.0
 21
486.45000000000005
 31
0.0
  0
LINE
  5
88C
330
17
100
AcDbEntity
  8
FRAME
100
AcDbLine
 10
450.78399999999965
 20
430.66599999999994
 30
0.0
 11
450.78399999999965
 21
486.45000000000005
 31
0.0
  0
TEXT
  5
88D
330
17
100
AcDbEntity
  8
TEXT
100
AcDbText
 10
395.0
 20
428.66599999999994
 30
0.0
 40
7.0
  1
局部放大 B(3:1)
  7
SimSun
100
AcDbText
  0
TEXT
  5
88E
330
17
100
AcDbEntity
  8
TEXT
100
AcDbText
 10
435.0
 20
428.66599999999994
 30
0.0
 40
5.0
  1
比例 3:1
  7
SimSun
100
AcDbText
  0
CIRCLE
  5
88F
330
17
100
AcDbEntity
  8
CENTER
100
AcDbCircle
 10
569.8667008379816
 20
648.8519246082392
 30
0.0
 40
17.892000000000003
  0
TEXT
  5
890
330
17
100
AcDbEntity
  8
TEXT
100
AcDbText
 10
559.8667008379816
 20
668.7439246082392
 30
0.0
 40
7.0
  1
B(3:1)
  7
SimSun
100
AcDbText
  0
TEXT
  5
891
330
17
100
AcDbEntity
  8
TEXT
100
AcDbText
 10
559.8667008379816
 20
658.7439246082392
 30
0.0
 40
5.0
  1
比例 3:1
  7
SimSun
100
AcDbText
  0
TEXT
  5
892
330
17
100
AcDbEntity
  8
TEXT
100
AcDbText
 10
120.0
 20
396.0
 30
0.0
 40
5.0
  1
焊缝符号 GB/T 324
  7
SimSun
100
AcDbText
  0
LINE
  5
893
330
17
100
AcDbEntity
  8
TEXT
100
AcDbLine
 10
120.0
 20
393.0
 30
0.0
 11
220.0
 21
393.0
 31
0.0
  0
LINE
  5
894
330
17
100
AcDbEntity
  8
LEADER
100
AcDbLine
 10
125.0
 20
390.0
 30
0.0
 11
140.0
 21
390.0
 31
0.0
  0
LINE
  5
895
330
17
100
AcDbEntity
  8
TEXT
100
AcDbLine
 10
140.0
 20
390.0
 30
0.0
 11
144.0
 21
390.0
 31
0.0
  0
LINE
  5
896
330
17
100
AcDbEntity
  8
TEXT
100
AcDbLine
 10
140.0
 20
390.0
 30
0.0
 11
140.0
 21
394.0
 31
0.0
  0
LINE
  5
897
330
17
100
AcDbEntity
  8
TEXT
100
AcDbLine
 10
144.0
 20
390.0
 30
0.0
 11
140.0
 21
394.0
 31
0.0
  0
TEXT
  5
898
330
17
100
AcDbEntity
  8
TEXT
100
AcDbText
 10
146.0
 20
391.0
 30
0.0
 40
3.0
  1
3♭
  7
SimSun
100
AcDbText
  0
TEXT
  5
899
330
17
100
AcDbEntity
  8
TEXT
100
AcDbText
 10
156.0
 20
391.0
 30
0.0
 40
2.5
  1
角焊缝 3♭
  7
SimSun
100
AcDbText
  0
ENDSEC
  0
SECTION
  2
OBJECTS
  0
DICTIONARY
  5
A
330
0
100
AcDbDictionary
281
1
  3
ACAD_COLOR
350
B
  3
ACAD_GROUP
350
C
  3
ACAD_LAYOUT
350
D
  3
ACAD_MATERIAL
350
E
  3
ACAD_MLEADERSTYLE
350
F
  3
ACAD_MLINESTYLE
350
10
  3
ACAD_PLOTSETTINGS
350
11
  3
ACAD_PLOTSTYLENAME
350
12
  3
ACAD_SCALELIST
350
14
  3
ACAD_TABLESTYLE
350
15
  3
ACAD_VISUALSTYLE
350
16
  3
EZDXF_META
350
2D
  0
DICTIONARY
  5
B
330
A
100
AcDbDictionary
281
1
  0
DICTIONARY
  5
C
330
A
100
AcDbDictionary
281
1
  0
DICTIONARY
  5
D
330
A
100
AcDbDictionary
281
1
  3
Model
350
1A
  3
Layout1
350
1E
  0
DICTIONARY
  5
E
330
A
100
AcDbDictionary
281
1
  3
ByBlock
350
1F
  3
ByLayer
350
20
  3
Global
350
21
  0
DICTIONARY
  5
F
330
A
100
AcDbDictionary
281
1
  3
Standard
350
2C
  0
DICTIONARY
  5
10
330
A
100
AcDbDictionary
281
1
  3
Standard
350
22
  0
DICTIONARY
  5
11
330
A
100
AcDbDictionary
281
1
  0
ACDBDICTIONARYWDFLT
  5
12
330
A
100
AcDbDictionary
281
1
  3
Normal
350
13
100
AcDbDictionaryWithDefault
340
13
  0
ACDBPLACEHOLDER
  5
13
330
12
  0
DICTIONARY
  5
14
330
A
100
AcDbDictionary
281
1
  0
DICTIONARY
  5
15
330
A
100
AcDbDictionary
281
1
  0
DICTIONARY
  5
16
330
A
100
AcDbDictionary
281
1
  3
2dWireframe
350
5A
  3
Basic
350
5B
  3
Brighten
350
5C
  3
ColorChange
350
5D
  3
Conceptual
350
5E
  3
Dim
350
5F
  3
EdgeColorOff
350
60
  3
Facepattern
350
61
  3
Flat
350
62
  3
FlatWithEdges
350
63
  3
Gouraud
350
64
  3
GouraudWithEdges
350
65
  3
Hidden
350
66
  3
JitterOff
350
67
  3
Linepattern
350
68
  3
Modeling
350
69
  3
OverhangOff
350
6A
  3
Realistic
350
6B
  3
Shaded
350
6C
  3
Shaded with edges
350
6D
  3
Shades of Gray
350
6E
  3
Sketchy
350
6F
  3
Thicken
350
70
  3
Wireframe
350
71
  3
X-Ray
350
72
  0
LAYOUT
  5
1A
330
D
100
AcDbPlotSettings
  1

  4
A3
  6

 40
7.5
 41
20.0
 42
7.5
 43
20.0
 44
420.0
 45
297.0
 46
0.0
 47
0.0
 48
0.0
 49
0.0
140
0.0
141
0.0
142
1.0
143
1.0
 70
1024
 72
1
 73
0
 74
5
  7

 75
16
 76
0
 77
2
 78
300
147
1.0
148
0.0
149
0.0
100
AcDbLayout
  1
Model
 70
1
 71
0
 10
0.0
 20
0.0
 11
420.0
 21
297.0
 12
0.0
 22
0.0
 32
0.0
 14
1e+20
 24
1e+20
 34
1e+20
 15
-1e+20
 25
-1e+20
 35
-1e+20
146
0.0
 13
0.0
 23
0.0
 33
0.0
 16
1.0
 26
0.0
 36
0.0
 17
0.0
 27
1.0
 37
0.0
 76
1
330
17
  0
LAYOUT
  5
1E
330
D
100
AcDbPlotSettings
  1

  4
A3
  6

 40
7.5
 41
20.0
 42
7.5
 43
20.0
 44
420.0
 45
297.0
 46
0.0
 47
0.0
 48
0.0
 49
0.0
140
0.0
141
0.0
142
1.0
143
1.0
 70
0
 72
1
 73
0
 74
5
  7

 75
16
 76
0
 77
2
 78
300
147
1.0
148
0.0
149
0.0
100
AcDbLayout
  1
Layout1
 70
1
 71
1
 10
0.0
 20
0.0
 11
420.0
 21
297.0
 12
0.0
 22
0.0
 32
0.0
 14
1e+20
 24
1e+20
 34
1e+20
 15
-1e+20
 25
-1e+20
 35
-1e+20
146
0.0
 13
0.0
 23
0.0
 33
0.0
 16
1.0
 26
0.0
 36
0.0
 17
0.0
 27
1.0
 37
0.0
 76
1
330
1B
  0
MATERIAL
  5
1F
102
{ACAD_REACTORS
330
E
102
}
330
E
100
AcDbMaterial
  1
ByBlock
  2

 70
0
 40
1.0
 71
1
 41
1.0
 91
-1023410177
 42
1.0
 72
1
  3

 73
1
 74
1
 75
1
 44
0.5
 73
0
 45
1.0
 46
1.0
 77
1
  4

 78
1
 79
1
170
1
 48
1.0
171
1
  6

172
1
173
1
174
1
140
1.0
141
1.0
175
1
  7

176
1
177
1
178
1
143
1.0
179
1
  8

270
1
271
1
272
1
145
1.0
146
1.0
273
1
  9

274
1
275
1
276
1
 42
1.0
 72
1
  3

 73
1
 74
1
 75
1
 94
63
  0
MATERIAL
  5
20
102
{ACAD_REACTORS
330
E
102
}
330
E
100
AcDbMaterial
  1
ByLayer
  2

 70
0
 40
1.0
 71
1
 41
1.0
 91
-1023410177
 42
1.0
 72
1
  3

 73
1
 74
1
 75
1
 44
0.5
 73
0
 45
1.0
 46
1.0
 77
1
  4

 78
1
 79
1
170
1
 48
1.0
171
1
  6

172
1
173
1
174
1
140
1.0
141
1.0
175
1
  7

176
1
177
1
178
1
143
1.0
179
1
  8

270
1
271
1
272
1
145
1.0
146
1.0
273
1
  9

274
1
275
1
276
1
 42
1.0
 72
1
  3

 73
1
 74
1
 75
1
 94
63
  0
MATERIAL
  5
21
102
{ACAD_REACTORS
330
E
102
}
330
E
100
AcDbMaterial
  1
Global
  2

 70
0
 40
1.0
 71
1
 41
1.0
 91
-1023410177
 42
1.0
 72
1
  3

 73
1
 74
1
 75
1
 44
0.5
 73
0
 45
1.0
 46
1.0
 77
1
  4

 78
1
 79
1
170
1
 48
1.0
171
1
  6

172
1
173
1
174
1
140
1.0
141
1.0
175
1
  7

176
1
177
1
178
1
143
1.0
179
1
  8

270
1
271
1
272
1
145
1.0
146
1.0
273
1
  9

274
1
275
1
276
1
 42
1.0
 72
1
  3

 73
1
 74
1
 75
1
 94
63
  0
MLINESTYLE
  5
22
102
{ACAD_REACTORS
330
10
102
}
330
10
100
AcDbMlineStyle
  2
Standard
 70
0
  3

 62
256
 51
90.0
 52
90.0
 71
2
 49
0.5
 62
256
  6
BYLAYER
 49
-0.5
 62
256
  6
BYLAYER
  0
MLEADERSTYLE
  5
2C
102
{ACAD_REACTORS
330
F
102
}
330
F
100
AcDbMLeaderStyle
179
2
170
2
171
1
172
0
 90
2
 40
0.0
 41
0.0
173
1
 91
-1056964608
 92
-2
290
1
 42
2.0
291
1
 43
8.0
  3
Standard
 44
4.0
300

342
29
174
1
175
1
176
0
178
1
 93
-1056964608
 45
4.0
292
0
297
0
 46
4.0
 94
-1056964608
 47
1.0
 49
1.0
140
1.0
294
1
141
0.0
177
0
142
1.0
295
0
296
0
143
3.75
271
0
272
9
273
9
  0
DICTIONARY
  5
2D
330
A
100
AcDbDictionary
280
1
281
1
  3
CREATED_BY_EZDXF
350
2E
  3
WRITTEN_BY_EZDXF
350
89C
  0
DICTIONARYVAR
  5
2E
330
2D
100
DictionaryVariables
280
0
  1
1.4.4 @ 2026-07-07T16:27:55.881533+00:00
  0
VISUALSTYLE
  5
5A
102
{ACAD_REACTORS
330
16
102
}
330
16
100
AcDbVisualStyle
  2
2dWireframe
 70
4
177
3
291
0
 70
58
 90
2
176
1
 90
2
176
1
 90
0
176
1
 90
0
176
1
 40
0.6
176
1
 40
30.0
176
1
 62
7
420
16777215
176
1
 90
1
176
1
 90
4
176
1
 62
7
176
1
 62
257
176
1
 90
1
176
1
 90
1
176
1
 40
1.0
176
1
 90
8
176
1
 62
7
176
1
 40
1.0
176
1
 90
1
176
1
 90
6
176
1
 90
2
176
1
 62
7
176
1
 90
5
176
1
 90
0
176
1
 90
0
176
1
290
0
176
1
 90
1
176
1
 40
0.0
176
1
 90
0
176
1
290
1
176
1
290
1
176
1
290
0
176
1
290
0
176
1
290
0
176
1
290
0
176
1
290
0
176
1
290
0
176
1
290
0
176
1
 90
50
176
1
 40
0.0
176
1
 40
1.0
176
1
 90
0
176
1
 62
18
420
0
176
1
 90
50
176
1
 90
3
176
1
 62
5
420
255
176
1
290
0
176
1
 90
50
176
1
 90
50
176
1
 90
50
176
1
290
0
176
1
 90
50
176
1
 62
256
176
0
 40
1.0
176
0
 90
2
176
1
  1
strokes_ogs.tif
176
1
290
0
176
1
 40
1.0
176
1
 40
1.0
176
1
  0
VISUALSTYLE
  5
5B
102
{ACAD_REACTORS
330
16
102
}
330
16
100
AcDbVisualStyle
  2
Basic
 70
7
177
3
291
1
 70
58
 90
2
176
1
 90
2
176
1
 90
0
176
1
 90
1
176
1
 40
0.6
176
1
 40
30.0
176
1
 62
7
420
16777215
176
1
 90
1
176
1
 90
4
176
1
 62
7
176
1
 62
257
176
1
 90
1
176
1
 90
1
176
1
 40
1.0
176
1
 90
8
176
1
 62
7
176
1
 40
1.0
176
1
 90
1
176
1
 90
6
176
1
 90
2
176
1
 62
7
176
1
 90
5
176
1
 90
0
176
1
 90
0
176
1
290
0
176
1
 90
1
176
1
 40
0.0
176
1
 90
0
176
1
290
0
176
1
290
1
176
1
290
1
176
1
290
0
176
1
290
0
176
1
290
0
176
1
290
0
176
1
290
0
176
1
290
0
176
1
 90
50
176
1
 40
0.0
176
1
 40
1.0
176
1
 90
0
176
1
 62
18
420
0
176
1
 90
50
176
1
 90
3
176
1
 62
5
420
255
176
1
290
0
176
1
 90
50
176
1
 90
50
176
1
 90
50
176
1
290
0
176
1
 90
50
176
1
 62
256
176
0
 40
1.0
176
0
 90
2
176
1
  1
strokes_ogs.tif
176
1
290
0
176
1
 40
1.0
176
1
 40
1.0
176
1
  0
VISUALSTYLE
  5
5C
102
{ACAD_REACTORS
330
16
102
}
330
16
100
AcDbVisualStyle
  2
Brighten
 70
12
177
3
291
1
 70
58
 90
2
176
1
 90
2
176
1
 90
0
176
1
 90
2
176
1
 40
0.6
176
1
 40
30.0
176
1
 62
7
420
16777215
176
1
 90
1
176
1
 90
4
176
1
 62
7
176
1
 62
257
176
1
 90
1
176
1
 90
1
176
1
 40
1.0
176
1
 90
8
176
1
 62
7
176
1
 40
1.0
176
1
 90
1
176
1
 90
6
176
1
 90
2
176
1
 62
7
176
1
 90
5
176
1
 90
0
176
1
 90
0
176
1
290
0
176
1
 90
1
176
1
 40
0.0
176
1
 90
0
176
1
290
0
176
1
290
1
176
1
290
1
176
1
290
0
176
1
290
0
176
1
290
0
176
1
290
0
176
1
290
0
176
1
290
0
176
1
 90
50
176
1
 40
0.0
176
1
 40
1.0
176
1
 90
0
176
1
 62
18
420
0
176
1
 90
50
176
1
 90
3
176
1
 62
5
420
255
176
1
290
0
176
1
 90
50
176
1
 90
50
176
1
 90
50
176
1
290
0
176
1
 90
50
176
1
 62
256
176
0
 40
1.0
176
0
 90
2
176
1
  1
strokes_ogs.tif
176
1
290
0
176
1
 40
1.0
176
1
 40
1.0
176
1
  0
VISUALSTYLE
  5
5D
102
{ACAD_REACTORS
330
16
102
}
330
16
100
AcDbVisualStyle
  2
ColorChange
 70
16
177
3
291
1
 70
58
 90
2
176
1
 90
2
176
1
 90
0
176
1
 90
2
176
1
 40
0.6
176
1
 40
30.0
176
1
 62
7
420
16777215
176
1
 90
1
176
1
 90
4
176
1
 62
7
176
1
 62
257
176
1
 90
1
176
1
 90
1
176
1
 40
1.0
176
1
 90
8
176
1
 62
7
176
1
 40
1.0
176
1
 90
1
176
1
 90
6
176
1
 90
2
176
1
 62
7
176
1
 90
5
176
1
 90
0
176
1
 90
0
176
1
290
0
176
1
 90
1
176
1
 40
0.0
176
1
 90
0
176
1
290
0
176
1
290
1
176
1
290
1
176
1
290
0
176
1
290
0
176
1
290
0
176
1
290
0
176
1
290
0
176
1
290
0
176
1
 90
50
176
1
 40
0.0
176
1
 40
1.0
176
1
 90
0
176
1
 62
18
420
0
176
1
 90
50
176
1
 90
3
176
1
 62
5
420
255
176
1
290
0
176
1
 90
50
176
1
 90
50
176
1
 90
50
176
1
290
0
176
1
 90
50
176
1
 62
256
176
0
 40
1.0
176
0
 90
2
176
1
  1
strokes_ogs.tif
176
1
290
0
176
1
 40
1.0
176
1
 40
1.0
176
1
  0
VISUALSTYLE
  5
5E
102
{ACAD_REACTORS
330
16
102
}
330
16
100
AcDbVisualStyle
  2
Conceptual
 70
9
177
3
291
0
 70
58
 90
2
176
1
 90
2
176
1
 90
0
176
1
 90
3
176
1
 40
0.6
176
1
 40
30.0
176
1
 62
7
420
16777215
176
1
 90
1
176
1
 90
4
176
1
 62
7
176
1
 62
257
176
1
 90
1
176
1
 90
1
176
1
 40
1.0
176
1
 90
8
176
1
 62
7
176
1
 40
1.0
176
1
 90
1
176
1
 90
6
176
1
 90
2
176
1
 62
7
176
1
 90
5
176
1
 90
0
176
1
 90
0
176
1
290
0
176
1
 90
1
176
1
 40
0.0
176
1
 90
0
176
1
290
0
176
1
290
1
176
1
290
1
176
1
290
0
176
1
290
0
176
1
290
0
176
1
290
0
176
1
290
0
176
1
290
0
176
1
 90
50
176
1
 40
0.0
176
1
 40
1.0
176
1
 90
0
176
1
 62
18
420
0
176
1
 90
50
176
1
 90
3
176
1
 62
5
420
255
176
1
290
0
176
1
 90
50
176
1
 90
50
176
1
 90
50
176
1
290
0
176
1
 90
50
176
1
 62
256
176
0
 40
1.0
176
0
 90
2
176
1
  1
strokes_ogs.tif
176
1
290
0
176
1
 40
1.0
176
1
 40
1.0
176
1
  0
VISUALSTYLE
  5
5F
102
{ACAD_REACTORS
330
16
102
}
330
16
100
AcDbVisualStyle
  2
Dim
 70
11
177
3
291
1
 70
58
 90
2
176
1
 90
2
176
1
 90
0
176
1
 90
2
176
1
 40
0.6
176
1
 40
30.0
176
1
 62
7
420
16777215
176
1
 90
1
176
1
 90
4
176
1
 62
7
176
1
 62
257
176
1
 90
1
176
1
 90
1
176
1
 40
1.0
176
1
 90
8
176
1
 62
7
176
1
 40
1.0
176
1
 90
1
176
1
 90
6
176
1
 90
2
176
1
 62
7
176
1
 90
5
176
1
 90
0
176
1
 90
0
176
1
290
0
176
1
 90
1
176
1
 40
0.0
176
1
 90
0
176
1
290
0
176
1
290
1
176
1
290
1
176
1
290
0
176
1
290
0
176
1
290
0
176
1
290
0
176
1
290
0
176
1
290
0
176
1
 90
50
176
1
 40
0.0
176
1
 40
1.0
176
1
 90
0
176
1
 62
18
420
0
176
1
 90
50
176
1
 90
3
176
1
 62
5
420
255
176
1
290
0
176
1
 90
50
176
1
 90
50
176
1
 90
50
176
1
290
0
176
1
 90
50
176
1
 62
256
176
0
 40
1.0
176
0
 90
2
176
1
  1
strokes_ogs.tif
176
1
290
0
176
1
 40
1.0
176
1
 40
1.0
176
1
  0
VISUALSTYLE
  5
60
102
{ACAD_REACTORS
330
16
102
}
330
16
100
AcDbVisualStyle
  2
EdgeColorOff
 70
22
177
3
291
1
 70
58
 90
2
176
1
 90
2
176
1
 90
0
176
1
 90
2
176
1
 40
0.6
176
1
 40
30.0
176
1
 62
7
420
16777215
176
1
 90
1
176
1
 90
4
176
1
 62
7
176
1
 62
257
176
1
 90
1
176
1
 90
1
176
1
 40
1.0
176
1
 90
8
176
1
 62
7
176
1
 40
1.0
176
1
 90
1
176
1
 90
6
176
1
 90
2
176
1
 62
7
176
1
 90
5
176
1
 90
0
176
1
 90
0
176
1
290
0
176
1
 90
1
176
1
 40
0.0
176
1
 90
0
176
1
290
0
176
1
290
1
176
1
290
1
176
1
290
0
176
1
290
0
176
1
290
0
176
1
290
0
176
1
290
0
176
1
290
0
176
1
 90
50
176
1
 40
0.0
176
1
 40
1.0
176
1
 90
0
176
1
 62
18
420
0
176
1
 90
50
176
1
 90
3
176
1
 62
5
420
255
176
1
290
0
176
1
 90
50
176
1
 90
50
176
1
 90
50
176
1
290
0
176
1
 90
50
176
1
 62
256
176
0
 40
1.0
176
0
 90
2
176
1
  1
strokes_ogs.tif
176
1
290
0
176
1
 40
1.0
176
1
 40
1.0
176
1
  0
VISUALSTYLE
  5
61
102
{ACAD_REACTORS
330
16
102
}
330
16
100
AcDbVisualStyle
  2
Facepattern
 70
15
177
3
291
1
 70
58
 90
2
176
1
 90
2
176
1
 90
0
176
1
 90
2
176
1
 40
0.6
176
1
 40
30.0
176
1
 62
7
420
16777215
176
1
 90
1
176
1
 90
4
176
1
 62
7
176
1
 62
257
176
1
 90
1
176
1
 90
1
176
1
 40
1.0
176
1
 90
8
176
1
 62
7
176
1
 40
1.0
176
1
 90
1
176
1
 90
6
176
1
 90
2
176
1
 62
7
176
1
 90
5
176
1
 90
0
176
1
 90
0
176
1
290
0
176
1
 90
1
176
1
 40
0.0
176
1
 90
0
176
1
290
0
176
1
290
1
176
1
290
1
176
1
290
0
176
1
290
0
176
1
290
0
176
1
290
0
176
1
290
0
176
1
290
0
176
1
 90
50
176
1
 40
0.0
176
1
 40
1.0
176
1
 90
0
176
1
 62
18
420
0
176
1
 90
50
176
1
 90
3
176
1
 62
5
420
255
176
1
290
0
176
1
 90
50
176
1
 90
50
176
1
 90
50
176
1
290
0
176
1
 90
50
176
1
 62
256
176
0
 40
1.0
176
0
 90
2
176
1
  1
strokes_ogs.tif
176
1
290
0
176
1
 40
1.0
176
1
 40
1.0
176
1
  0
VISUALSTYLE
  5
62
102
{ACAD_REACTORS
330
16
102
}
330
16
100
AcDbVisualStyle
  2
Flat
 70
0
177
3
291
1
 70
58
 90
2
176
1
 90
2
176
1
 90
0
176
1
 90
2
176
1
 40
0.6
176
1
 40
30.0
176
1
 62
7
420
16777215
176
1
 90
1
176
1
 90
4
176
1
 62
7
176
1
 62
257
176
1
 90
1
176
1
 90
1
176
1
 40
1.0
176
1
 90
8
176
1
 62
7
176
1
 40
1.0
176
1
 90
1
176
1
 90
6
176
1
 90
2
176
1
 62
7
176
1
 90
5
176
1
 90
0
176
1
 90
0
176
1
290
0
176
1
 90
1
176
1
 40
0.0
176
1
 90
0
176
1
290
0
176
1
290
1
176
1
290
1
176
1
290
0
176
1
290
0
176
1
290
0
176
1
290
0
176
1
290
0
176
1
290
0
176
1
 90
50
176
1
 40
0.0
176
1
 40
1.0
176
1
 90
0
176
1
 62
18
420
0
176
1
 90
50
176
1
 90
3
176
1
 62
5
420
255
176
1
290
0
176
1
 90
50
176
1
 90
50
176
1
 90
50
176
1
290
0
176
1
 90
50
176
1
 62
256
176
0
 40
1.0
176
0
 90
2
176
1
  1
strokes_ogs.tif
176
1
290
0
176
1
 40
1.0
176
1
 40
1.0
176
1
  0
VISUALSTYLE
  5
63
102
{ACAD_REACTORS
330
16
102
}
330
16
100
AcDbVisualStyle
  2
FlatWithEdges
 70
1
177
3
291
1
 70
58
 90
2
176
1
 90
2
176
1
 90
0
176
1
 90
2
176
1
 40
0.6
176
1
 40
30.0
176
1
 62
7
420
16777215
176
1
 90
1
176
1
 90
4
176
1
 62
7
176
1
 62
257
176
1
 90
1
176
1
 90
1
176
1
 40
1.0
176
1
 90
8
176
1
 62
7
176
1
 40
1.0
176
1
 90
1
176
1
 90
6
176
1
 90
2
176
1
 62
7
176
1
 90
5
176
1
 90
0
176
1
 90
0
176
1
290
0
176
1
 90
1
176
1
 40
0.0
176
1
 90
0
176
1
290
0
176
1
290
1
176
1
290
1
176
1
290
0
176
1
290
0
176
1
290
0
176
1
290
0
176
1
290
0
176
1
290
0
176
1
 90
50
176
1
 40
0.0
176
1
 40
1.0
176
1
 90
0
176
1
 62
18
420
0
176
1
 90
50
176
1
 90
3
176
1
 62
5
420
255
176
1
290
0
176
1
 90
50
176
1
 90
50
176
1
 90
50
176
1
290
0
176
1
 90
50
176
1
 62
256
176
0
 40
1.0
176
0
 90
2
176
1
  1
strokes_ogs.tif
176
1
290
0
176
1
 40
1.0
176
1
 40
1.0
176
1
  0
VISUALSTYLE
  5
64
102
{ACAD_REACTORS
330
16
102
}
330
16
100
AcDbVisualStyle
  2
Gouraud
 70
2
177
3
291
1
 70
58
 90
2
176
1
 90
2
176
1
 90
0
176
1
 90
2
176
1
 40
0.6
176
1
 40
30.0
176
1
 62
7
420
16777215
176
1
 90
1
176
1
 90
4
176
1
 62
7
176
1
 62
257
176
1
 90
1
176
1
 90
1
176
1
 40
1.0
176
1
 90
8
176
1
 62
7
176
1
 40
1.0
176
1
 90
1
176
1
 90
6
176
1
 90
2
176
1
 62
7
176
1
 90
5
176
1
 90
0
176
1
 90
0
176
1
290
0
176
1
 90
1
176
1
 40
0.0
176
1
 90
0
176
1
290
0
176
1
290
1
176
1
290
1
176
1
290
0
176
1
290
0
176
1
290
0
176
1
290
0
176
1
290
0
176
1
290
0
176
1
 90
50
176
1
 40
0.0
176
1
 40
1.0
176
1
 90
0
176
1
 62
18
420
0
176
1
 90
50
176
1
 90
3
176
1
 62
5
420
255
176
1
290
0
176
1
 90
50
176
1
 90
50
176
1
 90
50
176
1
290
0
176
1
 90
50
176
1
 62
256
176
0
 40
1.0
176
0
 90
2
176
1
  1
strokes_ogs.tif
176
1
290
0
176
1
 40
1.0
176
1
 40
1.0
176
1
  0
VISUALSTYLE
  5
65
102
{ACAD_REACTORS
330
16
102
}
330
16
100
AcDbVisualStyle
  2
GouraudWithEdges
 70
3
177
3
291
1
 70
58
 90
2
176
1
 90
2
176
1
 90
0
176
1
 90
2
176
1
 40
0.6
176
1
 40
30.0
176
1
 62
7
420
16777215
176
1
 90
1
176
1
 90
4
176
1
 62
7
176
1
 62
257
176
1
 90
1
176
1
 90
1
176
1
 40
1.0
176
1
 90
8
176
1
 62
7
176
1
 40
1.0
176
1
 90
1
176
1
 90
6
176
1
 90
2
176
1
 62
7
176
1
 90
5
176
1
 90
0
176
1
 90
0
176
1
290
0
176
1
 90
1
176
1
 40
0.0
176
1
 90
0
176
1
290
0
176
1
290
1
176
1
290
1
176
1
290
0
176
1
290
0
176
1
290
0
176
1
290
0
176
1
290
0
176
1
290
0
176
1
 90
50
176
1
 40
0.0
176
1
 40
1.0
176
1
 90
0
176
1
 62
18
420
0
176
1
 90
50
176
1
 90
3
176
1
 62
5
420
255
176
1
290
0
176
1
 90
50
176
1
 90
50
176
1
 90
50
176
1
290
0
176
1
 90
50
176
1
 62
256
176
0
 40
1.0
176
0
 90
2
176
1
  1
strokes_ogs.tif
176
1
290
0
176
1
 40
1.0
176
1
 40
1.0
176
1
  0
VISUALSTYLE
  5
66
102
{ACAD_REACTORS
330
16
102
}
330
16
100
AcDbVisualStyle
  2
Hidden
 70
6
177
3
291
0
 70
58
 90
2
176
1
 90
2
176
1
 90
0
176
1
 90
1
176
1
 40
0.6
176
1
 40
30.0
176
1
 62
7
420
16777215
176
1
 90
1
176
1
 90
4
176
1
 62
7
176
1
 62
257
176
1
 90
1
176
1
 90
1
176
1
 40
1.0
176
1
 90
8
176
1
 62
7
176
1
 40
1.0
176
1
 90
1
176
1
 90
6
176
1
 90
2
176
1
 62
7
176
1
 90
5
176
1
 90
0
176
1
 90
0
176
1
290
0
176
1
 90
1
176
1
 40
0.0
176
1
 90
0
176
1
290
0
176
1
290
1
176
1
290
1
176
1
290
0
176
1
290
0
176
1
290
0
176
1
290
0
176
1
290
0
176
1
290
0
176
1
 90
50
176
1
 40
0.0
176
1
 40
1.0
176
1
 90
0
176
1
 62
18
420
0
176
1
 90
50
176
1
 90
3
176
1
 62
5
420
255
176
1
290
0
176
1
 90
50
176
1
 90
50
176
1
 90
50
176
1
290
0
176
1
 90
50
176
1
 62
256
176
0
 40
1.0
176
0
 90
2
176
1
  1
strokes_ogs.tif
176
1
290
0
176
1
 40
1.0
176
1
 40
1.0
176
1
  0
VISUALSTYLE
  5
67
102
{ACAD_REACTORS
330
16
102
}
330
16
100
AcDbVisualStyle
  2
JitterOff
 70
20
177
3
291
1
 70
58
 90
2
176
1
 90
2
176
1
 90
0
176
1
 90
2
176
1
 40
0.6
176
1
 40
30.0
176
1
 62
7
420
16777215
176
1
 90
1
176
1
 90
4
176
1
 62
7
176
1
 62
257
176
1
 90
1
176
1
 90
1
176
1
 40
1.0
176
1
 90
8
176
1
 62
7
176
1
 40
1.0
176
1
 90
1
176
1
 90
6
176
1
 90
2
176
1
 62
7
176
1
 90
5
176
1
 90
0
176
1
 90
0
176
1
290
0
176
1
 90
1
176
1
 40
0.0
176
1
 90
0
176
1
290
0
176
1
290
1
176
1
290
1
176
1
290
0
176
1
290
0
176
1
290
0
176
1
290
0
176
1
290
0
176
1
290
0
176
1
 90
50
176
1
 40
0.0
176
1
 40
1.0
176
1
 90
0
176
1
 62
18
420
0
176
1
 90
50
176
1
 90
3
176
1
 62
5
420
255
176
1
290
0
176
1
 90
50
176
1
 90
50
176
1
 90
50
176
1
290
0
176
1
 90
50
176
1
 62
256
176
0
 40
1.0
176
0
 90
2
176
1
  1
strokes_ogs.tif
176
1
290
0
176
1
 40
1.0
176
1
 40
1.0
176
1
  0
VISUALSTYLE
  5
68
102
{ACAD_REACTORS
330
16
102
}
330
16
100
AcDbVisualStyle
  2
Linepattern
 70
14
177
3
291
1
 70
58
 90
2
176
1
 90
2
176
1
 90
0
176
1
 90
2
176
1
 40
0.6
176
1
 40
30.0
176
1
 62
7
420
16777215
176
1
 90
1
176
1
 90
4
176
1
 62
7
176
1
 62
257
176
1
 90
1
176
1
 90
1
176
1
 40
1.0
176
1
 90
8
176
1
 62
7
176
1
 40
1.0
176
1
 90
1
176
1
 90
6
176
1
 90
2
176
1
 62
7
176
1
 90
5
176
1
 90
0
176
1
 90
0
176
1
290
0
176
1
 90
1
176
1
 40
0.0
176
1
 90
0
176
1
290
0
176
1
290
1
176
1
290
1
176
1
290
0
176
1
290
0
176
1
290
0
176
1
290
0
176
1
290
0
176
1
290
0
176
1
 90
50
176
1
 40
0.0
176
1
 40
1.0
176
1
 90
0
176
1
 62
18
420
0
176
1
 90
50
176
1
 90
3
176
1
 62
5
420
255
176
1
290
0
176
1
 90
50
176
1
 90
50
176
1
 90
50
176
1
290
0
176
1
 90
50
176
1
 62
256
176
0
 40
1.0
176
0
 90
2
176
1
  1
strokes_ogs.tif
176
1
290
0
176
1
 40
1.0
176
1
 40
1.0
176
1
  0
VISUALSTYLE
  5
69
102
{ACAD_REACTORS
330
16
102
}
330
16
100
AcDbVisualStyle
  2
Modeling
 70
10
177
3
291
0
 70
58
 90
2
176
1
 90
2
176
1
 90
0
176
1
 90
2
176
1
 40
0.6
176
1
 40
30.0
176
1
 62
7
420
16777215
176
1
 90
1
176
1
 90
4
176
1
 62
7
176
1
 62
257
176
1
 90
1
176
1
 90
1
176
1
 40
1.0
176
1
 90
8
176
1
 62
7
176
1
 40
1.0
176
1
 90
1
176
1
 90
6
176
1
 90
2
176
1
 62
7
176
1
 90
5
176
1
 90
0
176
1
 90
0
176
1
290
0
176
1
 90
1
176
1
 40
0.0
176
1
 90
0
176
1
290
0
176
1
290
1
176
1
290
1
176
1
290
0
176
1
290
0
176
1
290
0
176
1
290
0
176
1
290
0
176
1
290
0
176
1
 90
50
176
1
 40
0.0
176
1
 40
1.0
176
1
 90
0
176
1
 62
18
420
0
176
1
 90
50
176
1
 90
3
176
1
 62
5
420
255
176
1
290
0
176
1
 90
50
176
1
 90
50
176
1
 90
50
176
1
290
0
176
1
 90
50
176
1
 62
256
176
0
 40
1.0
176
0
 90
2
176
1
  1
strokes_ogs.tif
176
1
290
0
176
1
 40
1.0
176
1
 40
1.0
176
1
  0
VISUALSTYLE
  5
6A
102
{ACAD_REACTORS
330
16
102
}
330
16
100
AcDbVisualStyle
  2
OverhangOff
 70
21
177
3
291
1
 70
58
 90
2
176
1
 90
2
176
1
 90
0
176
1
 90
2
176
1
 40
0.6
176
1
 40
30.0
176
1
 62
7
420
16777215
176
1
 90
1
176
1
 90
4
176
1
 62
7
176
1
 62
257
176
1
 90
1
176
1
 90
1
176
1
 40
1.0
176
1
 90
8
176
1
 62
7
176
1
 40
1.0
176
1
 90
1
176
1
 90
6
176
1
 90
2
176
1
 62
7
176
1
 90
5
176
1
 90
0
176
1
 90
0
176
1
290
0
176
1
 90
1
176
1
 40
0.0
176
1
 90
0
176
1
290
0
176
1
290
1
176
1
290
1
176
1
290
0
176
1
290
0
176
1
290
0
176
1
290
0
176
1
290
0
176
1
290
0
176
1
 90
50
176
1
 40
0.0
176
1
 40
1.0
176
1
 90
0
176
1
 62
18
420
0
176
1
 90
50
176
1
 90
3
176
1
 62
5
420
255
176
1
290
0
176
1
 90
50
176
1
 90
50
176
1
 90
50
176
1
290
0
176
1
 90
50
176
1
 62
256
176
0
 40
1.0
176
0
 90
2
176
1
  1
strokes_ogs.tif
176
1
290
0
176
1
 40
1.0
176
1
 40
1.0
176
1
  0
VISUALSTYLE
  5
6B
102
{ACAD_REACTORS
330
16
102
}
330
16
100
AcDbVisualStyle
  2
Realistic
 70
8
177
3
291
0
 70
58
 90
2
176
1
 90
2
176
1
 90
0
176
1
 90
2
176
1
 40
0.6
176
1
 40
30.0
176
1
 62
7
420
16777215
176
1
 90
1
176
1
 90
4
176
1
 62
7
176
1
 62
257
176
1
 90
1
176
1
 90
1
176
1
 40
1.0
176
1
 90
8
176
1
 62
7
176
1
 40
1.0
176
1
 90
1
176
1
 90
6
176
1
 90
2
176
1
 62
7
176
1
 90
5
176
1
 90
0
176
1
 90
0
176
1
290
0
176
1
 90
1
176
1
 40
0.0
176
1
 90
0
176
1
290
0
176
1
290
1
176
1
290
1
176
1
290
0
176
1
290
0
176
1
290
0
176
1
290
0
176
1
290
0
176
1
290
0
176
1
 90
50
176
1
 40
0.0
176
1
 40
1.0
176
1
 90
0
176
1
 62
18
420
0
176
1
 90
50
176
1
 90
3
176
1
 62
5
420
255
176
1
290
0
176
1
 90
50
176
1
 90
50
176
1
 90
50
176
1
290
0
176
1
 90
50
176
1
 62
256
176
0
 40
1.0
176
0
 90
2
176
1
  1
strokes_ogs.tif
176
1
290
0
176
1
 40
1.0
176
1
 40
1.0
176
1
  0
VISUALSTYLE
  5
6C
102
{ACAD_REACTORS
330
16
102
}
330
16
100
AcDbVisualStyle
  2
Shaded
 70
27
177
3
291
0
 70
58
 90
2
176
1
 90
2
176
1
 90
0
176
1
 90
2
176
1
 40
0.6
176
1
 40
30.0
176
1
 62
7
420
16777215
176
1
 90
1
176
1
 90
4
176
1
 62
7
176
1
 62
257
176
1
 90
1
176
1
 90
1
176
1
 40
1.0
176
1
 90
8
176
1
 62
7
176
1
 40
1.0
176
1
 90
1
176
1
 90
6
176
1
 90
2
176
1
 62
7
176
1
 90
5
176
1
 90
0
176
1
 90
0
176
1
290
0
176
1
 90
1
176
1
 40
0.0
176
1
 90
0
176
1
290
0
176
1
290
1
176
1
290
1
176
1
290
0
176
1
290
0
176
1
290
0
176
1
290
0
176
1
290
0
176
1
290
0
176
1
 90
50
176
1
 40
0.0
176
1
 40
1.0
176
1
 90
0
176
1
 62
18
420
0
176
1
 90
50
176
1
 90
3
176
1
 62
5
420
255
176
1
290
0
176
1
 90
50
176
1
 90
50
176
1
 90
50
176
1
290
0
176
1
 90
50
176
1
 62
256
176
0
 40
1.0
176
0
 90
2
176
1
  1
strokes_ogs.tif
176
1
290
0
176
1
 40
1.0
176
1
 40
1.0
176
1
  0
VISUALSTYLE
  5
6D
102
{ACAD_REACTORS
330
16
102
}
330
16
100
AcDbVisualStyle
  2
Shaded with edges
 70
26
177
3
291
0
 70
58
 90
2
176
1
 90
2
176
1
 90
0
176
1
 90
2
176
1
 40
0.6
176
1
 40
30.0
176
1
 62
7
420
16777215
176
1
 90
1
176
1
 90
4
176
1
 62
7
176
1
 62
257
176
1
 90
1
176
1
 90
1
176
1
 40
1.0
176
1
 90
8
176
1
 62
7
176
1
 40
1.0
176
1
 90
1
176
1
 90
6
176
1
 90
2
176
1
 62
7
176
1
 90
5
176
1
 90
0
176
1
 90
0
176
1
290
0
176
1
 90
1
176
1
 40
0.0
176
1
 90
0
176
1
290
0
176
1
290
1
176
1
290
1
176
1
290
0
176
1
290
0
176
1
290
0
176
1
290
0
176
1
290
0
176
1
290
0
176
1
 90
50
176
1
 40
0.0
176
1
 40
1.0
176
1
 90
0
176
1
 62
18
420
0
176
1
 90
50
176
1
 90
3
176
1
 62
5
420
255
176
1
290
0
176
1
 90
50
176
1
 90
50
176
1
 90
50
176
1
290
0
176
1
 90
50
176
1
 62
256
176
0
 40
1.0
176
0
 90
2
176
1
  1
strokes_ogs.tif
176
1
290
0
176
1
 40
1.0
176
1
 40
1.0
176
1
  0
VISUALSTYLE
  5
6E
102
{ACAD_REACTORS
330
16
102
}
330
16
100
AcDbVisualStyle
  2
Shades of Gray
 70
23
177
3
291
0
 70
58
 90
2
176
1
 90
2
176
1
 90
0
176
1
 90
2
176
1
 40
0.6
176
1
 40
30.0
176
1
 62
7
420
16777215
176
1
 90
1
176
1
 90
4
176
1
 62
7
176
1
 62
257
176
1
 90
1
176
1
 90
1
176
1
 40
1.0
176
1
 90
8
176
1
 62
7
176
1
 40
1.0
176
1
 90
1
176
1
 90
6
176
1
 90
2
176
1
 62
7
176
1
 90
5
176
1
 90
0
176
1
 90
0
176
1
290
0
176
1
 90
1
176
1
 40
0.0
176
1
 90
0
176
1
290
0
176
1
290
1
176
1
290
1
176
1
290
0
176
1
290
0
176
1
290
0
176
1
290
0
176
1
290
0
176
1
290
0
176
1
 90
50
176
1
 40
0.0
176
1
 40
1.0
176
1
 90
0
176
1
 62
18
420
0
176
1
 90
50
176
1
 90
3
176
1
 62
5
420
255
176
1
290
0
176
1
 90
50
176
1
 90
50
176
1
 90
50
176
1
290
0
176
1
 90
50
176
1
 62
256
176
0
 40
1.0
176
0
 90
2
176
1
  1
strokes_ogs.tif
176
1
290
0
176
1
 40
1.0
176
1
 40
1.0
176
1
  0
VISUALSTYLE
  5
6F
102
{ACAD_REACTORS
330
16
102
}
330
16
100
AcDbVisualStyle
  2
Sketchy
 70
24
177
3
291
0
 70
58
 90
2
176
1
 90
2
176
1
 90
0
176
1
 90
1
176
1
 40
0.6
176
1
 40
30.0
176
1
 62
7
420
16777215
176
1
 90
1
176
1
 90
4
176
1
 62
7
176
1
 62
257
176
1
 90
1
176
1
 90
1
176
1
 40
1.0
176
1
 90
8
176
1
 62
7
176
1
 40
1.0
176
1
 90
1
176
1
 90
6
176
1
 90
2
176
1
 62
7
176
1
 90
5
176
1
 90
0
176
1
 90
0
176
1
290
0
176
1
 90
1
176
1
 40
0.0
176
1
 90
0
176
1
290
0
176
1
290
1
176
1
290
1
176
1
290
0
176
1
290
0
176
1
290
0
176
1
290
0
176
1
290
0
176
1
290
0
176
1
 90
50
176
1
 40
0.0
176
1
 40
1.0
176
1
 90
0
176
1
 62
18
420
0
176
1
 90
50
176
1
 90
3
176
1
 62
5
420
255
176
1
290
0
176
1
 90
50
176
1
 90
50
176
1
 90
50
176
1
290
0
176
1
 90
50
176
1
 62
256
176
0
 40
1.0
176
0
 90
2
176
1
  1
strokes_ogs.tif
176
1
290
0
176
1
 40
1.0
176
1
 40
1.0
176
1
  0
VISUALSTYLE
  5
70
102
{ACAD_REACTORS
330
16
102
}
330
16
100
AcDbVisualStyle
  2
Thicken
 70
13
177
3
291
1
 70
58
 90
2
176
1
 90
2
176
1
 90
0
176
1
 90
2
176
1
 40
0.6
176
1
 40
30.0
176
1
 62
7
420
16777215
176
1
 90
1
176
1
 90
4
176
1
 62
7
176
1
 62
257
176
1
 90
1
176
1
 90
1
176
1
 40
1.0
176
1
 90
8
176
1
 62
7
176
1
 40
1.0
176
1
 90
1
176
1
 90
6
176
1
 90
2
176
1
 62
7
176
1
 90
5
176
1
 90
0
176
1
 90
0
176
1
290
0
176
1
 90
1
176
1
 40
0.0
176
1
 90
0
176
1
290
0
176
1
290
1
176
1
290
1
176
1
290
0
176
1
290
0
176
1
290
0
176
1
290
0
176
1
290
0
176
1
290
0
176
1
 90
50
176
1
 40
0.0
176
1
 40
1.0
176
1
 90
0
176
1
 62
18
420
0
176
1
 90
50
176
1
 90
3
176
1
 62
5
420
255
176
1
290
0
176
1
 90
50
176
1
 90
50
176
1
 90
50
176
1
290
0
176
1
 90
50
176
1
 62
256
176
0
 40
1.0
176
0
 90
2
176
1
  1
strokes_ogs.tif
176
1
290
0
176
1
 40
1.0
176
1
 40
1.0
176
1
  0
VISUALSTYLE
  5
71
102
{ACAD_REACTORS
330
16
102
}
330
16
100
AcDbVisualStyle
  2
Wireframe
 70
5
177
3
291
0
 70
58
 90
2
176
1
 90
2
176
1
 90
0
176
1
 90
0
176
1
 40
0.6
176
1
 40
30.0
176
1
 62
7
420
16777215
176
1
 90
1
176
1
 90
4
176
1
 62
7
176
1
 62
257
176
1
 90
1
176
1
 90
1
176
1
 40
1.0
176
1
 90
8
176
1
 62
7
176
1
 40
1.0
176
1
 90
1
176
1
 90
6
176
1
 90
2
176
1
 62
7
176
1
 90
5
176
1
 90
0
176
1
 90
0
176
1
290
0
176
1
 90
1
176
1
 40
0.0
176
1
 90
0
176
1
290
0
176
1
290
1
176
1
290
1
176
1
290
0
176
1
290
0
176
1
290
0
176
1
290
0
176
1
290
0
176
1
290
0
176
1
 90
50
176
1
 40
0.0
176
1
 40
1.0
176
1
 90
0
176
1
 62
18
420
0
176
1
 90
50
176
1
 90
3
176
1
 62
5
420
255
176
1
290
0
176
1
 90
50
176
1
 90
50
176
1
 90
50
176
1
290
0
176
1
 90
50
176
1
 62
256
176
0
 40
1.0
176
0
 90
2
176
1
  1
strokes_ogs.tif
176
1
290
0
176
1
 40
1.0
176
1
 40
1.0
176
1
  0
VISUALSTYLE
  5
72
102
{ACAD_REACTORS
330
16
102
}
330
16
100
AcDbVisualStyle
  2
X-Ray
 70
25
177
3
291
0
 70
58
 90
2
176
1
 90
2
176
1
 90
0
176
1
 90
2
176
1
 40
0.5
176
1
 40
30.0
176
1
 62
7
420
16777215
176
1
 90
1
176
1
 90
4
176
1
 62
7
176
1
 62
257
176
1
 90
1
176
1
 90
1
176
1
 40
1.0
176
1
 90
8
176
1
 62
7
176
1
 40
1.0
176
1
 90
1
176
1
 90
6
176
1
 90
2
176
1
 62
7
176
1
 90
5
176
1
 90
0
176
1
 90
0
176
1
290
0
176
1
 90
1
176
1
 40
0.0
176
1
 90
0
176
1
290
0
176
1
290
1
176
1
290
1
176
1
290
0
176
1
290
0
176
1
290
0
176
1
290
0
176
1
290
0
176
1
290
0
176
1
 90
50
176
1
 40
0.0
176
1
 40
1.0
176
1
 90
0
176
1
 62
18
420
0
176
1
 90
50
176
1
 90
3
176
1
 62
5
420
255
176
1
290
0
176
1
 90
50
176
1
 90
50
176
1
 90
50
176
1
290
0
176
1
 90
50
176
1
 62
256
176
0
 40
1.0
176
0
 90
2
176
1
  1
strokes_ogs.tif
176
1
290
0
176
1
 40
1.0
176
1
 40
1.0
176
1
  0
DICTIONARYVAR
  5
89C
330
2D
100
DictionaryVariables
280
0
  1
1.4.4 @ 2026-07-07T16:27:57.705565+00:00
  0
ENDSEC
  0
EOF
